feature,category,count,positive_count,target_rate,target_lift,rare_lt_100,chi_square_pvalue,cramers_v,mutual_information,chi_square_fdr_bh
기준_년분기_코드,20214,20412,4317,0.21149323927101704,0.9667503977482415,False,1.962343353150036e-87,0.057951122293830634,0.0016612801644148856,1.0465831216800192e-86
기준_년분기_코드,20221,20336,4301,0.21149685287175451,0.9667669157701049,False,1.962343353150036e-87,0.057951122293830634,0.0016612801644148856,1.0465831216800192e-86
기준_년분기_코드,20222,20338,4686,0.23040613629658765,1.0532025736431498,False,1.962343353150036e-87,0.057951122293830634,0.0016612801644148856,1.0465831216800192e-86
기준_년분기_코드,20223,20336,3944,0.1939417781274587,0.8865214405480805,False,1.962343353150036e-87,0.057951122293830634,0.0016612801644148856,1.0465831216800192e-86
기준_년분기_코드,20224,20321,4048,0.19920279513803454,0.910569917487889,False,1.962343353150036e-87,0.057951122293830634,0.0016612801644148856,1.0465831216800192e-86
기준_년분기_코드,20231,20268,5396,0.26623248470495364,1.2169673194716057,False,1.962343353150036e-87,0.057951122293830634,0.0016612801644148856,1.0465831216800192e-86
상권_구분_코드,A,60438,13842,0.2290280949071776,1.0469034500119754,False,1.471967397220043e-16,0.024598237051611856,0.0003152532023373636,1.471967397220043e-16
상권_구분_코드,D,41802,8641,0.206712597483374,0.9448977495708057,False,1.471967397220043e-16,0.024598237051611856,0.0003152532023373636,1.471967397220043e-16
상권_구분_코드,R,18341,3908,0.21307453246824054,0.9739785996172073,False,1.471967397220043e-16,0.024598237051611856,0.0003152532023373636,1.471967397220043e-16
상권_구분_코드,U,1430,301,0.21048951048951048,0.9621622832435061,False,1.471967397220043e-16,0.024598237051611856,0.0003152532023373636,1.471967397220043e-16
상권_구분_코드_명,골목상권,60438,13842,0.2290280949071776,1.0469034500119754,False,1.471967397220043e-16,0.024598237051611856,0.0003152532023373636,1.471967397220043e-16
상권_구분_코드_명,관광특구,1430,301,0.21048951048951048,0.9621622832435061,False,1.471967397220043e-16,0.024598237051611856,0.0003152532023373636,1.471967397220043e-16
상권_구분_코드_명,발달상권,41802,8641,0.206712597483374,0.9448977495708057,False,1.471967397220043e-16,0.024598237051611856,0.0003152532023373636,1.471967397220043e-16
상권_구분_코드_명,전통시장,18341,3908,0.21307453246824054,0.9739785996172073,False,1.471967397220043e-16,0.024598237051611856,0.0003152532023373636,1.471967397220043e-16
상권_코드,3001491,212,65,0.30660377358490565,1.401507306266594,False,6.057454788355709e-21,0.03985026997919498,0.01798260455114001,9.691927661369135e-21
상권_코드,3001492,316,51,0.16139240506329114,0.7377359783522109,False,6.057454788355709e-21,0.03985026997919498,0.01798260455114001,9.691927661369135e-21
상권_코드,3001493,217,32,0.14746543778801843,0.674074836278807,False,6.057454788355709e-21,0.03985026997919498,0.01798260455114001,9.691927661369135e-21
상권_코드,3001494,306,50,0.16339869281045752,0.7469068600515785,False,6.057454788355709e-21,0.03985026997919498,0.01798260455114001,9.691927661369135e-21
상권_코드,3001495,211,66,0.3127962085308057,1.429813359772671,False,6.057454788355709e-21,0.03985026997919498,0.01798260455114001,9.691927661369135e-21
상권_코드,3001496,168,37,0.22023809523809523,1.0067237463695204,False,6.057454788355709e-21,0.03985026997919498,0.01798260455114001,9.691927661369135e-21
상권_코드,3110001,27,4,0.14814814814814814,0.677195553113431,True,6.057454788355709e-21,0.03985026997919498,0.01798260455114001,9.691927661369135e-21
상권_코드,3110002,45,4,0.08888888888888889,0.4063173318680587,True,6.057454788355709e-21,0.03985026997919498,0.01798260455114001,9.691927661369135e-21
상권_코드,3110003,62,12,0.1935483870967742,0.8847232226159342,True,6.057454788355709e-21,0.03985026997919498,0.01798260455114001,9.691927661369135e-21
상권_코드,3110004,12,1,0.08333333333333333,0.380922498626305,True,6.057454788355709e-21,0.03985026997919498,0.01798260455114001,9.691927661369135e-21
상권_코드,3110005,33,7,0.21212121212121213,0.969620905594231,True,6.057454788355709e-21,0.03985026997919498,0.01798260455114001,9.691927661369135e-21
상권_코드,3110006,6,0,0.0,0.0,True,6.057454788355709e-21,0.03985026997919498,0.01798260455114001,9.691927661369135e-21
상권_코드,3110007,8,3,0.375,1.7141512438183726,True,6.057454788355709e-21,0.03985026997919498,0.01798260455114001,9.691927661369135e-21
상권_코드,3110008,78,18,0.23076923076923078,1.0548623038882294,True,6.057454788355709e-21,0.03985026997919498,0.01798260455114001,9.691927661369135e-21
상권_코드,3110009,28,6,0.21428571428571427,0.9795149964676414,True,6.057454788355709e-21,0.03985026997919498,0.01798260455114001,9.691927661369135e-21
상권_코드,3110010,60,22,0.36666666666666664,1.676058993955742,True,6.057454788355709e-21,0.03985026997919498,0.01798260455114001,9.691927661369135e-21
상권_코드,3110012,24,3,0.125,0.5713837479394576,True,6.057454788355709e-21,0.03985026997919498,0.01798260455114001,9.691927661369135e-21
상권_코드,3110013,6,1,0.16666666666666666,0.76184499725261,True,6.057454788355709e-21,0.03985026997919498,0.01798260455114001,9.691927661369135e-21
상권_코드,3110014,14,2,0.14285714285714285,0.6530099976450943,True,6.057454788355709e-21,0.03985026997919498,0.01798260455114001,9.691927661369135e-21
상권_코드,3110015,12,2,0.16666666666666666,0.76184499725261,True,6.057454788355709e-21,0.03985026997919498,0.01798260455114001,9.691927661369135e-21
상권_코드,3110016,24,8,0.3333333333333333,1.52368999450522,True,6.057454788355709e-21,0.03985026997919498,0.01798260455114001,9.691927661369135e-21
상권_코드,3110017,12,4,0.3333333333333333,1.52368999450522,True,6.057454788355709e-21,0.03985026997919498,0.01798260455114001,9.691927661369135e-21
상권_코드,3110018,50,16,0.32,1.4627423947250113,True,6.057454788355709e-21,0.03985026997919498,0.01798260455114001,9.691927661369135e-21
상권_코드,3110019,28,16,0.5714285714285714,2.612039990580377,True,6.057454788355709e-21,0.03985026997919498,0.01798260455114001,9.691927661369135e-21
상권_코드,3110020,65,4,0.06153846153846154,0.2812966143701945,True,6.057454788355709e-21,0.03985026997919498,0.01798260455114001,9.691927661369135e-21
상권_코드,3110021,55,12,0.21818181818181817,0.9973243600397803,True,6.057454788355709e-21,0.03985026997919498,0.01798260455114001,9.691927661369135e-21
상권_코드,3110022,39,5,0.1282051282051282,0.5860346132712384,True,6.057454788355709e-21,0.03985026997919498,0.01798260455114001,9.691927661369135e-21
상권_코드,3110023,18,3,0.16666666666666666,0.76184499725261,True,6.057454788355709e-21,0.03985026997919498,0.01798260455114001,9.691927661369135e-21
상권_코드,3110024,48,10,0.20833333333333334,0.9523062465657626,True,6.057454788355709e-21,0.03985026997919498,0.01798260455114001,9.691927661369135e-21
상권_코드,3110025,6,6,1.0,4.5710699835156605,True,6.057454788355709e-21,0.03985026997919498,0.01798260455114001,9.691927661369135e-21
상권_코드,3110026,12,1,0.08333333333333333,0.380922498626305,True,6.057454788355709e-21,0.03985026997919498,0.01798260455114001,9.691927661369135e-21
상권_코드,3110027,32,4,0.125,0.5713837479394576,True,6.057454788355709e-21,0.03985026997919498,0.01798260455114001,9.691927661369135e-21
상권_코드,3110028,59,7,0.11864406779661017,0.5423303370272817,True,6.057454788355709e-21,0.03985026997919498,0.01798260455114001,9.691927661369135e-21
상권_코드,3110029,53,17,0.32075471698113206,1.4661922588635137,True,6.057454788355709e-21,0.03985026997919498,0.01798260455114001,9.691927661369135e-21
상권_코드,3110030,17,1,0.058823529411764705,0.26888646961856827,True,6.057454788355709e-21,0.03985026997919498,0.01798260455114001,9.691927661369135e-21
상권_코드,3110031,6,1,0.16666666666666666,0.76184499725261,True,6.057454788355709e-21,0.03985026997919498,0.01798260455114001,9.691927661369135e-21
상권_코드,3110032,12,6,0.5,2.2855349917578303,True,6.057454788355709e-21,0.03985026997919498,0.01798260455114001,9.691927661369135e-21
상권_코드,3110033,28,11,0.39285714285714285,1.7957774935240094,True,6.057454788355709e-21,0.03985026997919498,0.01798260455114001,9.691927661369135e-21
상권_코드,3110034,18,4,0.2222222222222222,1.0157933296701467,True,6.057454788355709e-21,0.03985026997919498,0.01798260455114001,9.691927661369135e-21
상권_코드,3110035,63,14,0.2222222222222222,1.0157933296701467,True,6.057454788355709e-21,0.03985026997919498,0.01798260455114001,9.691927661369135e-21
상권_코드,3110036,12,4,0.3333333333333333,1.52368999450522,True,6.057454788355709e-21,0.03985026997919498,0.01798260455114001,9.691927661369135e-21
상권_코드,3110037,32,9,0.28125,1.2856134328637794,True,6.057454788355709e-21,0.03985026997919498,0.01798260455114001,9.691927661369135e-21
상권_코드,3110038,34,0,0.0,0.0,True,6.057454788355709e-21,0.03985026997919498,0.01798260455114001,9.691927661369135e-21
상권_코드,3110039,6,0,0.0,0.0,True,6.057454788355709e-21,0.03985026997919498,0.01798260455114001,9.691927661369135e-21
상권_코드,3110040,22,1,0.045454545454545456,0.20777590834162094,True,6.057454788355709e-21,0.03985026997919498,0.01798260455114001,9.691927661369135e-21
상권_코드,3110041,34,4,0.11764705882352941,0.5377729392371365,True,6.057454788355709e-21,0.03985026997919498,0.01798260455114001,9.691927661369135e-21
상권_코드,3110042,12,1,0.08333333333333333,0.380922498626305,True,6.057454788355709e-21,0.03985026997919498,0.01798260455114001,9.691927661369135e-21
상권_코드,3110043,51,10,0.19607843137254902,0.8962882320618941,True,6.057454788355709e-21,0.03985026997919498,0.01798260455114001,9.691927661369135e-21
상권_코드,3110044,6,0,0.0,0.0,True,6.057454788355709e-21,0.03985026997919498,0.01798260455114001,9.691927661369135e-21
상권_코드,3110045,52,7,0.1346153846153846,0.6153363439348004,True,6.057454788355709e-21,0.03985026997919498,0.01798260455114001,9.691927661369135e-21
상권_코드,3110048,21,5,0.23809523809523808,1.088349996075157,True,6.057454788355709e-21,0.03985026997919498,0.01798260455114001,9.691927661369135e-21
상권_코드,3110049,39,14,0.358974358974359,1.6408969171594678,True,6.057454788355709e-21,0.03985026997919498,0.01798260455114001,9.691927661369135e-21
상권_코드,3110050,12,0,0.0,0.0,True,6.057454788355709e-21,0.03985026997919498,0.01798260455114001,9.691927661369135e-21
상권_코드,3110051,17,5,0.29411764705882354,1.3444323480928413,True,6.057454788355709e-21,0.03985026997919498,0.01798260455114001,9.691927661369135e-21
상권_코드,3110052,54,11,0.2037037037037037,0.9311438855309677,True,6.057454788355709e-21,0.03985026997919498,0.01798260455114001,9.691927661369135e-21
상권_코드,3110053,48,7,0.14583333333333334,0.6666143725960338,True,6.057454788355709e-21,0.03985026997919498,0.01798260455114001,9.691927661369135e-21
상권_코드,3110054,66,15,0.22727272727272727,1.0388795417081045,True,6.057454788355709e-21,0.03985026997919498,0.01798260455114001,9.691927661369135e-21
상권_코드,3110055,25,13,0.52,2.3769563914281435,True,6.057454788355709e-21,0.03985026997919498,0.01798260455114001,9.691927661369135e-21
상권_코드,3110056,82,25,0.3048780487804878,1.393618897413311,True,6.057454788355709e-21,0.03985026997919498,0.01798260455114001,9.691927661369135e-21
상권_코드,3110057,52,10,0.19230769230769232,0.8790519199068578,True,6.057454788355709e-21,0.03985026997919498,0.01798260455114001,9.691927661369135e-21
상권_코드,3110058,72,16,0.2222222222222222,1.0157933296701467,True,6.057454788355709e-21,0.03985026997919498,0.01798260455114001,9.691927661369135e-21
상권_코드,3110059,82,18,0.21951219512195122,1.003405606137584,True,6.057454788355709e-21,0.03985026997919498,0.01798260455114001,9.691927661369135e-21
상권_코드,3110060,60,17,0.2833333333333333,1.295136495329437,True,6.057454788355709e-21,0.03985026997919498,0.01798260455114001,9.691927661369135e-21
상권_코드,3110061,38,14,0.3684210526315789,1.6840784149794537,True,6.057454788355709e-21,0.03985026997919498,0.01798260455114001,9.691927661369135e-21
상권_코드,3110062,65,11,0.16923076923076924,0.7735656895180348,True,6.057454788355709e-21,0.03985026997919498,0.01798260455114001,9.691927661369135e-21
상권_코드,3110063,75,22,0.29333333333333333,1.3408471951645937,True,6.057454788355709e-21,0.03985026997919498,0.01798260455114001,9.691927661369135e-21
상권_코드,3110064,77,15,0.19480519480519481,0.8904681786069468,True,6.057454788355709e-21,0.03985026997919498,0.01798260455114001,9.691927661369135e-21
상권_코드,3110065,6,1,0.16666666666666666,0.76184499725261,True,6.057454788355709e-21,0.03985026997919498,0.01798260455114001,9.691927661369135e-21
상권_코드,3110066,48,13,0.2708333333333333,1.2379981205354913,True,6.057454788355709e-21,0.03985026997919498,0.01798260455114001,9.691927661369135e-21
상권_코드,3110067,68,10,0.14705882352941177,0.6722161740464206,True,6.057454788355709e-21,0.03985026997919498,0.01798260455114001,9.691927661369135e-21
상권_코드,3110068,89,22,0.24719101123595505,1.1299274116555564,True,6.057454788355709e-21,0.03985026997919498,0.01798260455114001,9.691927661369135e-21
상권_코드,3110069,162,18,0.1111111111111111,0.5078966648350733,False,6.057454788355709e-21,0.03985026997919498,0.01798260455114001,9.691927661369135e-21
상권_코드,3110070,5,0,0.0,0.0,True,6.057454788355709e-21,0.03985026997919498,0.01798260455114001,9.691927661369135e-21
상권_코드,3110071,12,0,0.0,0.0,True,6.057454788355709e-21,0.03985026997919498,0.01798260455114001,9.691927661369135e-21
상권_코드,3110072,21,1,0.047619047619047616,0.2176699992150314,True,6.057454788355709e-21,0.03985026997919498,0.01798260455114001,9.691927661369135e-21
상권_코드,3110073,6,1,0.16666666666666666,0.76184499725261,True,6.057454788355709e-21,0.03985026997919498,0.01798260455114001,9.691927661369135e-21
상권_코드,3110074,95,14,0.14736842105263157,0.6736313659917814,True,6.057454788355709e-21,0.03985026997919498,0.01798260455114001,9.691927661369135e-21
상권_코드,3110075,55,13,0.23636363636363636,1.0804347233764287,True,6.057454788355709e-21,0.03985026997919498,0.01798260455114001,9.691927661369135e-21
상권_코드,3110076,15,2,0.13333333333333333,0.609475997802088,True,6.057454788355709e-21,0.03985026997919498,0.01798260455114001,9.691927661369135e-21
상권_코드,3110077,32,5,0.15625,0.7142296849243219,True,6.057454788355709e-21,0.03985026997919498,0.01798260455114001,9.691927661369135e-21
상권_코드,3110078,52,9,0.17307692307692307,0.7911467279161719,True,6.057454788355709e-21,0.03985026997919498,0.01798260455114001,9.691927661369135e-21
상권_코드,3110079,111,20,0.18018018018018017,0.8236162132460648,False,6.057454788355709e-21,0.03985026997919498,0.01798260455114001,9.691927661369135e-21
상권_코드,3110080,45,9,0.2,0.9142139967031321,True,6.057454788355709e-21,0.03985026997919498,0.01798260455114001,9.691927661369135e-21
상권_코드,3110081,103,35,0.33980582524271846,1.5532762079907583,False,6.057454788355709e-21,0.03985026997919498,0.01798260455114001,9.691927661369135e-21
상권_코드,3110082,42,10,0.23809523809523808,1.088349996075157,True,6.057454788355709e-21,0.03985026997919498,0.01798260455114001,9.691927661369135e-21
상권_코드,3110083,12,4,0.3333333333333333,1.52368999450522,True,6.057454788355709e-21,0.03985026997919498,0.01798260455114001,9.691927661369135e-21
상권_코드,3110084,112,41,0.36607142857142855,1.673338118965554,False,6.057454788355709e-21,0.03985026997919498,0.01798260455114001,9.691927661369135e-21
상권_코드,3110085,89,18,0.20224719101123595,0.9244860640818189,True,6.057454788355709e-21,0.03985026997919498,0.01798260455114001,9.691927661369135e-21
상권_코드,3110087,26,13,0.5,2.2855349917578303,True,6.057454788355709e-21,0.03985026997919498,0.01798260455114001,9.691927661369135e-21
상권_코드,3110088,54,23,0.42592592592592593,1.9469372152011146,True,6.057454788355709e-21,0.03985026997919498,0.01798260455114001,9.691927661369135e-21
상권_코드,3110089,18,3,0.16666666666666666,0.76184499725261,True,6.057454788355709e-21,0.03985026997919498,0.01798260455114001,9.691927661369135e-21
상권_코드,3110090,59,16,0.2711864406779661,1.239612198919501,True,6.057454788355709e-21,0.03985026997919498,0.01798260455114001,9.691927661369135e-21
상권_코드,3110091,27,11,0.4074074074074074,1.8622877710619354,True,6.057454788355709e-21,0.03985026997919498,0.01798260455114001,9.691927661369135e-21
상권_코드,3110092,83,28,0.3373493975903614,1.5420477052823913,True,6.057454788355709e-21,0.03985026997919498,0.01798260455114001,9.691927661369135e-21
상권_코드,3110093,76,25,0.32894736842105265,1.503641441945941,True,6.057454788355709e-21,0.03985026997919498,0.01798260455114001,9.691927661369135e-21
상권_코드,3110094,13,0,0.0,0.0,True,6.057454788355709e-21,0.03985026997919498,0.01798260455114001,9.691927661369135e-21
상권_코드,3110095,77,13,0.16883116883116883,0.7717390881260205,True,6.057454788355709e-21,0.03985026997919498,0.01798260455114001,9.691927661369135e-21
상권_코드,3110096,30,11,0.36666666666666664,1.676058993955742,True,6.057454788355709e-21,0.03985026997919498,0.01798260455114001,9.691927661369135e-21
상권_코드,3110098,30,10,0.3333333333333333,1.52368999450522,True,6.057454788355709e-21,0.03985026997919498,0.01798260455114001,9.691927661369135e-21
상권_코드,3110099,14,4,0.2857142857142857,1.3060199952901885,True,6.057454788355709e-21,0.03985026997919498,0.01798260455114001,9.691927661369135e-21
상권_코드,3110102,82,23,0.2804878048780488,1.2821293856202463,True,6.057454788355709e-21,0.03985026997919498,0.01798260455114001,9.691927661369135e-21
상권_코드,3110103,2,0,0.0,0.0,True,6.057454788355709e-21,0.03985026997919498,0.01798260455114001,9.691927661369135e-21
상권_코드,3110104,33,2,0.06060606060606061,0.2770345444554946,True,6.057454788355709e-21,0.03985026997919498,0.01798260455114001,9.691927661369135e-21
상권_코드,3110105,46,6,0.13043478260869565,0.5962265195889991,True,6.057454788355709e-21,0.03985026997919498,0.01798260455114001,9.691927661369135e-21
상권_코드,3110106,21,0,0.0,0.0,True,6.057454788355709e-21,0.03985026997919498,0.01798260455114001,9.691927661369135e-21
상권_코드,3110107,33,6,0.18181818181818182,0.8311036333664837,True,6.057454788355709e-21,0.03985026997919498,0.01798260455114001,9.691927661369135e-21
상권_코드,3110109,45,12,0.26666666666666666,1.218951995604176,True,6.057454788355709e-21,0.03985026997919498,0.01798260455114001,9.691927661369135e-21
상권_코드,3110110,36,5,0.1388888888888889,0.6348708310438417,True,6.057454788355709e-21,0.03985026997919498,0.01798260455114001,9.691927661369135e-21
상권_코드,3110112,62,7,0.11290322580645161,0.5160885465259616,True,6.057454788355709e-21,0.03985026997919498,0.01798260455114001,9.691927661369135e-21
상권_코드,3110113,28,7,0.25,1.1427674958789151,True,6.057454788355709e-21,0.03985026997919498,0.01798260455114001,9.691927661369135e-21
상권_코드,3110114,12,1,0.08333333333333333,0.380922498626305,True,6.057454788355709e-21,0.03985026997919498,0.01798260455114001,9.691927661369135e-21
상권_코드,3110115,64,10,0.15625,0.7142296849243219,True,6.057454788355709e-21,0.03985026997919498,0.01798260455114001,9.691927661369135e-21
상권_코드,3110116,18,5,0.2777777777777778,1.2697416620876834,True,6.057454788355709e-21,0.03985026997919498,0.01798260455114001,9.691927661369135e-21
상권_코드,3110117,28,8,0.2857142857142857,1.3060199952901885,True,6.057454788355709e-21,0.03985026997919498,0.01798260455114001,9.691927661369135e-21
상권_코드,3110118,80,17,0.2125,0.9713523714970778,True,6.057454788355709e-21,0.03985026997919498,0.01798260455114001,9.691927661369135e-21
상권_코드,3110120,12,0,0.0,0.0,True,6.057454788355709e-21,0.03985026997919498,0.01798260455114001,9.691927661369135e-21
상권_코드,3110121,18,0,0.0,0.0,True,6.057454788355709e-21,0.03985026997919498,0.01798260455114001,9.691927661369135e-21
상권_코드,3110122,84,17,0.20238095238095238,0.9250974966638836,True,6.057454788355709e-21,0.03985026997919498,0.01798260455114001,9.691927661369135e-21
상권_코드,3110123,44,4,0.09090909090909091,0.41555181668324187,True,6.057454788355709e-21,0.03985026997919498,0.01798260455114001,9.691927661369135e-21
상권_코드,3110124,28,4,0.14285714285714285,0.6530099976450943,True,6.057454788355709e-21,0.03985026997919498,0.01798260455114001,9.691927661369135e-21
상권_코드,3110125,67,16,0.23880597014925373,1.0915988020335905,True,6.057454788355709e-21,0.03985026997919498,0.01798260455114001,9.691927661369135e-21
상권_코드,3110126,6,0,0.0,0.0,True,6.057454788355709e-21,0.03985026997919498,0.01798260455114001,9.691927661369135e-21
상권_코드,3110127,22,3,0.13636363636363635,0.6233277250248627,True,6.057454788355709e-21,0.03985026997919498,0.01798260455114001,9.691927661369135e-21
상권_코드,3110128,205,56,0.2731707317073171,1.2486825320823267,False,6.057454788355709e-21,0.03985026997919498,0.01798260455114001,9.691927661369135e-21
상권_코드,3110129,29,0,0.0,0.0,True,6.057454788355709e-21,0.03985026997919498,0.01798260455114001,9.691927661369135e-21
상권_코드,3110130,18,6,0.3333333333333333,1.52368999450522,True,6.057454788355709e-21,0.03985026997919498,0.01798260455114001,9.691927661369135e-21
상권_코드,3110131,110,20,0.18181818181818182,0.8311036333664837,False,6.057454788355709e-21,0.03985026997919498,0.01798260455114001,9.691927661369135e-21
상권_코드,3110132,27,8,0.2962962962962963,1.354391106226862,True,6.057454788355709e-21,0.03985026997919498,0.01798260455114001,9.691927661369135e-21
상권_코드,3110133,18,4,0.2222222222222222,1.0157933296701467,True,6.057454788355709e-21,0.03985026997919498,0.01798260455114001,9.691927661369135e-21
상권_코드,3110134,112,25,0.22321428571428573,1.02032812132046,False,6.057454788355709e-21,0.03985026997919498,0.01798260455114001,9.691927661369135e-21
상권_코드,3110135,25,3,0.12,0.5485283980218792,True,6.057454788355709e-21,0.03985026997919498,0.01798260455114001,9.691927661369135e-21
상권_코드,3110136,84,10,0.11904761904761904,0.5441749980375785,True,6.057454788355709e-21,0.03985026997919498,0.01798260455114001,9.691927661369135e-21
상권_코드,3110137,125,37,0.296,1.3530367151206353,False,6.057454788355709e-21,0.03985026997919498,0.01798260455114001,9.691927661369135e-21
상권_코드,3110138,82,17,0.2073170731707317,0.9476608502410514,True,6.057454788355709e-21,0.03985026997919498,0.01798260455114001,9.691927661369135e-21
상권_코드,3110139,94,16,0.1702127659574468,0.7780544652792613,True,6.057454788355709e-21,0.03985026997919498,0.01798260455114001,9.691927661369135e-21
상권_코드,3110140,109,27,0.24770642201834864,1.132283390412136,False,6.057454788355709e-21,0.03985026997919498,0.01798260455114001,9.691927661369135e-21
상권_코드,3110141,63,8,0.12698412698412698,0.5804533312400838,True,6.057454788355709e-21,0.03985026997919498,0.01798260455114001,9.691927661369135e-21
상권_코드,3110142,105,29,0.2761904761904762,1.2624859954471823,False,6.057454788355709e-21,0.03985026997919498,0.01798260455114001,9.691927661369135e-21
상권_코드,3110143,18,7,0.3888888888888889,1.7776383269227567,True,6.057454788355709e-21,0.03985026997919498,0.01798260455114001,9.691927661369135e-21
상권_코드,3110144,36,10,0.2777777777777778,1.2697416620876834,True,6.057454788355709e-21,0.03985026997919498,0.01798260455114001,9.691927661369135e-21
상권_코드,3110146,93,27,0.2903225806451613,1.3270848339239014,True,6.057454788355709e-21,0.03985026997919498,0.01798260455114001,9.691927661369135e-21
상권_코드,3110147,94,20,0.2127659574468085,0.9725680815990766,True,6.057454788355709e-21,0.03985026997919498,0.01798260455114001,9.691927661369135e-21
상권_코드,3110148,48,4,0.08333333333333333,0.380922498626305,True,6.057454788355709e-21,0.03985026997919498,0.01798260455114001,9.691927661369135e-21
상권_코드,3110149,8,1,0.125,0.5713837479394576,True,6.057454788355709e-21,0.03985026997919498,0.01798260455114001,9.691927661369135e-21
상권_코드,3110150,53,15,0.2830188679245283,1.2936990519383944,True,6.057454788355709e-21,0.03985026997919498,0.01798260455114001,9.691927661369135e-21
상권_코드,3110151,106,26,0.24528301886792453,1.1212058450132751,False,6.057454788355709e-21,0.03985026997919498,0.01798260455114001,9.691927661369135e-21
상권_코드,3110152,42,11,0.2619047619047619,1.197184995682673,True,6.057454788355709e-21,0.03985026997919498,0.01798260455114001,9.691927661369135e-21
상권_코드,3110153,12,1,0.08333333333333333,0.380922498626305,True,6.057454788355709e-21,0.03985026997919498,0.01798260455114001,9.691927661369135e-21
상권_코드,3110154,149,27,0.18120805369127516,0.828314694999482,False,6.057454788355709e-21,0.03985026997919498,0.01798260455114001,9.691927661369135e-21
상권_코드,3110155,38,7,0.18421052631578946,0.8420392074897268,True,6.057454788355709e-21,0.03985026997919498,0.01798260455114001,9.691927661369135e-21
상권_코드,3110156,64,19,0.296875,1.3570364013562115,True,6.057454788355709e-21,0.03985026997919498,0.01798260455114001,9.691927661369135e-21
상권_코드,3110157,91,19,0.2087912087912088,0.9543992273274455,True,6.057454788355709e-21,0.03985026997919498,0.01798260455114001,9.691927661369135e-21
상권_코드,3110158,118,27,0.2288135593220339,1.045922792838329,False,6.057454788355709e-21,0.03985026997919498,0.01798260455114001,9.691927661369135e-21
상권_코드,3110159,198,53,0.2676767676767677,1.2235692380117675,False,6.057454788355709e-21,0.03985026997919498,0.01798260455114001,9.691927661369135e-21
상권_코드,3110160,4,1,0.25,1.1427674958789151,True,6.057454788355709e-21,0.03985026997919498,0.01798260455114001,9.691927661369135e-21
상권_코드,3110161,116,43,0.3706896551724138,1.6944483559583914,False,6.057454788355709e-21,0.03985026997919498,0.01798260455114001,9.691927661369135e-21
상권_코드,3110162,61,9,0.14754098360655737,0.6744201615023105,True,6.057454788355709e-21,0.03985026997919498,0.01798260455114001,9.691927661369135e-21
상권_코드,3110163,102,27,0.2647058823529412,1.2099891132835572,False,6.057454788355709e-21,0.03985026997919498,0.01798260455114001,9.691927661369135e-21
상권_코드,3110164,6,1,0.16666666666666666,0.76184499725261,True,6.057454788355709e-21,0.03985026997919498,0.01798260455114001,9.691927661369135e-21
상권_코드,3110165,74,14,0.1891891891891892,0.8647970239083682,True,6.057454788355709e-21,0.03985026997919498,0.01798260455114001,9.691927661369135e-21
상권_코드,3110166,147,34,0.23129251700680273,1.0572542819015813,False,6.057454788355709e-21,0.03985026997919498,0.01798260455114001,9.691927661369135e-21
상권_코드,3110167,126,36,0.2857142857142857,1.3060199952901885,False,6.057454788355709e-21,0.03985026997919498,0.01798260455114001,9.691927661369135e-21
상권_코드,3110168,39,12,0.3076923076923077,1.4064830718509724,True,6.057454788355709e-21,0.03985026997919498,0.01798260455114001,9.691927661369135e-21
상권_코드,3110169,44,14,0.3181818181818182,1.4544313583913464,True,6.057454788355709e-21,0.03985026997919498,0.01798260455114001,9.691927661369135e-21
상권_코드,3110170,96,21,0.21875,0.9999215588940507,True,6.057454788355709e-21,0.03985026997919498,0.01798260455114001,9.691927661369135e-21
상권_코드,3110171,6,1,0.16666666666666666,0.76184499725261,True,6.057454788355709e-21,0.03985026997919498,0.01798260455114001,9.691927661369135e-21
상권_코드,3110172,52,20,0.38461538461538464,1.7581038398137157,True,6.057454788355709e-21,0.03985026997919498,0.01798260455114001,9.691927661369135e-21
상권_코드,3110173,30,2,0.06666666666666667,0.304737998901044,True,6.057454788355709e-21,0.03985026997919498,0.01798260455114001,9.691927661369135e-21
상권_코드,3110174,94,26,0.2765957446808511,1.2643385060787997,True,6.057454788355709e-21,0.03985026997919498,0.01798260455114001,9.691927661369135e-21
상권_코드,3110175,46,6,0.13043478260869565,0.5962265195889991,True,6.057454788355709e-21,0.03985026997919498,0.01798260455114001,9.691927661369135e-21
상권_코드,3110176,96,17,0.17708333333333334,0.8094603095808982,True,6.057454788355709e-21,0.03985026997919498,0.01798260455114001,9.691927661369135e-21
상권_코드,3110177,11,1,0.09090909090909091,0.41555181668324187,True,6.057454788355709e-21,0.03985026997919498,0.01798260455114001,9.691927661369135e-21
상권_코드,3110178,30,5,0.16666666666666666,0.76184499725261,True,6.057454788355709e-21,0.03985026997919498,0.01798260455114001,9.691927661369135e-21
상권_코드,3110179,36,0,0.0,0.0,True,6.057454788355709e-21,0.03985026997919498,0.01798260455114001,9.691927661369135e-21
상권_코드,3110180,82,19,0.23170731707317074,1.0591503620341165,True,6.057454788355709e-21,0.03985026997919498,0.01798260455114001,9.691927661369135e-21
상권_코드,3110181,38,9,0.23684210526315788,1.0826218382010773,True,6.057454788355709e-21,0.03985026997919498,0.01798260455114001,9.691927661369135e-21
상권_코드,3110182,20,11,0.55,2.5140884909336134,True,6.057454788355709e-21,0.03985026997919498,0.01798260455114001,9.691927661369135e-21
상권_코드,3110183,18,1,0.05555555555555555,0.25394833241753667,True,6.057454788355709e-21,0.03985026997919498,0.01798260455114001,9.691927661369135e-21
상권_코드,3110184,12,1,0.08333333333333333,0.380922498626305,True,6.057454788355709e-21,0.03985026997919498,0.01798260455114001,9.691927661369135e-21
상권_코드,3110185,18,6,0.3333333333333333,1.52368999450522,True,6.057454788355709e-21,0.03985026997919498,0.01798260455114001,9.691927661369135e-21
상권_코드,3110186,25,7,0.28,1.279899595384385,True,6.057454788355709e-21,0.03985026997919498,0.01798260455114001,9.691927661369135e-21
상권_코드,3110187,98,26,0.2653061224489796,1.212732852769461,True,6.057454788355709e-21,0.03985026997919498,0.01798260455114001,9.691927661369135e-21
상권_코드,3110188,85,19,0.2235294117647059,1.0217685845505593,True,6.057454788355709e-21,0.03985026997919498,0.01798260455114001,9.691927661369135e-21
상권_코드,3110189,16,3,0.1875,0.8570756219091863,True,6.057454788355709e-21,0.03985026997919498,0.01798260455114001,9.691927661369135e-21
상권_코드,3110190,32,6,0.1875,0.8570756219091863,True,6.057454788355709e-21,0.03985026997919498,0.01798260455114001,9.691927661369135e-21
상권_코드,3110191,63,17,0.2698412698412698,1.2334633288851782,True,6.057454788355709e-21,0.03985026997919498,0.01798260455114001,9.691927661369135e-21
상권_코드,3110192,59,7,0.11864406779661017,0.5423303370272817,True,6.057454788355709e-21,0.03985026997919498,0.01798260455114001,9.691927661369135e-21
상권_코드,3110193,12,5,0.4166666666666667,1.9046124931315251,True,6.057454788355709e-21,0.03985026997919498,0.01798260455114001,9.691927661369135e-21
상권_코드,3110194,42,5,0.11904761904761904,0.5441749980375785,True,6.057454788355709e-21,0.03985026997919498,0.01798260455114001,9.691927661369135e-21
상권_코드,3110195,78,11,0.14102564102564102,0.6446380745983623,True,6.057454788355709e-21,0.03985026997919498,0.01798260455114001,9.691927661369135e-21
상권_코드,3110196,3,0,0.0,0.0,True,6.057454788355709e-21,0.03985026997919498,0.01798260455114001,9.691927661369135e-21
상권_코드,3110197,17,2,0.11764705882352941,0.5377729392371365,True,6.057454788355709e-21,0.03985026997919498,0.01798260455114001,9.691927661369135e-21
상권_코드,3110198,18,7,0.3888888888888889,1.7776383269227567,True,6.057454788355709e-21,0.03985026997919498,0.01798260455114001,9.691927661369135e-21
상권_코드,3110199,67,16,0.23880597014925373,1.0915988020335905,True,6.057454788355709e-21,0.03985026997919498,0.01798260455114001,9.691927661369135e-21
상권_코드,3110200,6,0,0.0,0.0,True,6.057454788355709e-21,0.03985026997919498,0.01798260455114001,9.691927661369135e-21
상권_코드,3110201,6,0,0.0,0.0,True,6.057454788355709e-21,0.03985026997919498,0.01798260455114001,9.691927661369135e-21
상권_코드,3110202,12,4,0.3333333333333333,1.52368999450522,True,6.057454788355709e-21,0.03985026997919498,0.01798260455114001,9.691927661369135e-21
상권_코드,3110203,26,9,0.34615384615384615,1.5822934558323438,True,6.057454788355709e-21,0.03985026997919498,0.01798260455114001,9.691927661369135e-21
상권_코드,3110204,88,27,0.3068181818181818,1.4024873813059413,True,6.057454788355709e-21,0.03985026997919498,0.01798260455114001,9.691927661369135e-21
상권_코드,3110205,102,34,0.3333333333333333,1.52368999450522,False,6.057454788355709e-21,0.03985026997919498,0.01798260455114001,9.691927661369135e-21
상권_코드,3110206,64,13,0.203125,0.9284985904016184,True,6.057454788355709e-21,0.03985026997919498,0.01798260455114001,9.691927661369135e-21
상권_코드,3110207,30,4,0.13333333333333333,0.609475997802088,True,6.057454788355709e-21,0.03985026997919498,0.01798260455114001,9.691927661369135e-21
상권_코드,3110208,11,3,0.2727272727272727,1.2466554500497253,True,6.057454788355709e-21,0.03985026997919498,0.01798260455114001,9.691927661369135e-21
상권_코드,3110209,6,4,0.6666666666666666,3.04737998901044,True,6.057454788355709e-21,0.03985026997919498,0.01798260455114001,9.691927661369135e-21
상권_코드,3110210,58,6,0.10344827586206896,0.47286930863955107,True,6.057454788355709e-21,0.03985026997919498,0.01798260455114001,9.691927661369135e-21
상권_코드,3110211,76,16,0.21052631578947367,0.9623305228454021,True,6.057454788355709e-21,0.03985026997919498,0.01798260455114001,9.691927661369135e-21
상권_코드,3110212,91,14,0.15384615384615385,0.7032415359254862,True,6.057454788355709e-21,0.03985026997919498,0.01798260455114001,9.691927661369135e-21
상권_코드,3110213,18,3,0.16666666666666666,0.76184499725261,True,6.057454788355709e-21,0.03985026997919498,0.01798260455114001,9.691927661369135e-21
상권_코드,3110214,44,5,0.11363636363636363,0.5194397708540522,True,6.057454788355709e-21,0.03985026997919498,0.01798260455114001,9.691927661369135e-21
상권_코드,3110215,24,6,0.25,1.1427674958789151,True,6.057454788355709e-21,0.03985026997919498,0.01798260455114001,9.691927661369135e-21
상권_코드,3110216,69,11,0.15942028985507245,0.7287213017198878,True,6.057454788355709e-21,0.03985026997919498,0.01798260455114001,9.691927661369135e-21
상권_코드,3110217,12,4,0.3333333333333333,1.52368999450522,True,6.057454788355709e-21,0.03985026997919498,0.01798260455114001,9.691927661369135e-21
상권_코드,3110218,78,14,0.1794871794871795,0.8204484585797339,True,6.057454788355709e-21,0.03985026997919498,0.01798260455114001,9.691927661369135e-21
상권_코드,3110219,123,24,0.1951219512195122,0.8919160943445191,False,6.057454788355709e-21,0.03985026997919498,0.01798260455114001,9.691927661369135e-21
상권_코드,3110220,136,31,0.22794117647058823,1.0419350697719518,False,6.057454788355709e-21,0.03985026997919498,0.01798260455114001,9.691927661369135e-21
상권_코드,3110221,18,0,0.0,0.0,True,6.057454788355709e-21,0.03985026997919498,0.01798260455114001,9.691927661369135e-21
상권_코드,3110222,6,0,0.0,0.0,True,6.057454788355709e-21,0.03985026997919498,0.01798260455114001,9.691927661369135e-21
상권_코드,3110223,11,2,0.18181818181818182,0.8311036333664837,True,6.057454788355709e-21,0.03985026997919498,0.01798260455114001,9.691927661369135e-21
상권_코드,3110224,22,6,0.2727272727272727,1.2466554500497253,True,6.057454788355709e-21,0.03985026997919498,0.01798260455114001,9.691927661369135e-21
상권_코드,3110225,38,14,0.3684210526315789,1.6840784149794537,True,6.057454788355709e-21,0.03985026997919498,0.01798260455114001,9.691927661369135e-21
상권_코드,3110226,196,39,0.1989795918367347,0.9095496395770957,False,6.057454788355709e-21,0.03985026997919498,0.01798260455114001,9.691927661369135e-21
상권_코드,3110227,56,13,0.23214285714285715,1.0611412461732783,True,6.057454788355709e-21,0.03985026997919498,0.01798260455114001,9.691927661369135e-21
상권_코드,3110228,111,33,0.2972972972972973,1.3589667518560071,False,6.057454788355709e-21,0.03985026997919498,0.01798260455114001,9.691927661369135e-21
상권_코드,3110229,108,26,0.24074074074074073,1.1004427738093254,False,6.057454788355709e-21,0.03985026997919498,0.01798260455114001,9.691927661369135e-21
상권_코드,3110230,68,11,0.16176470588235295,0.7394377914510627,True,6.057454788355709e-21,0.03985026997919498,0.01798260455114001,9.691927661369135e-21
상권_코드,3110232,119,25,0.21008403361344538,0.9603088200663151,False,6.057454788355709e-21,0.03985026997919498,0.01798260455114001,9.691927661369135e-21
상권_코드,3110233,42,8,0.19047619047619047,0.8706799968601256,True,6.057454788355709e-21,0.03985026997919498,0.01798260455114001,9.691927661369135e-21
상권_코드,3110234,32,2,0.0625,0.2856918739697288,True,6.057454788355709e-21,0.03985026997919498,0.01798260455114001,9.691927661369135e-21
상권_코드,3110235,3,2,0.6666666666666666,3.04737998901044,True,6.057454788355709e-21,0.03985026997919498,0.01798260455114001,9.691927661369135e-21
상권_코드,3110236,101,33,0.32673267326732675,1.493517915406107,False,6.057454788355709e-21,0.03985026997919498,0.01798260455114001,9.691927661369135e-21
상권_코드,3110237,105,22,0.20952380952380953,0.9577479965461383,False,6.057454788355709e-21,0.03985026997919498,0.01798260455114001,9.691927661369135e-21
상권_코드,3110239,12,0,0.0,0.0,True,6.057454788355709e-21,0.03985026997919498,0.01798260455114001,9.691927661369135e-21
상권_코드,3110240,77,12,0.15584415584415584,0.7123745428855575,True,6.057454788355709e-21,0.03985026997919498,0.01798260455114001,9.691927661369135e-21
상권_코드,3110241,123,24,0.1951219512195122,0.8919160943445191,False,6.057454788355709e-21,0.03985026997919498,0.01798260455114001,9.691927661369135e-21
상권_코드,3110242,67,14,0.208955223880597,0.9551489517793916,True,6.057454788355709e-21,0.03985026997919498,0.01798260455114001,9.691927661369135e-21
상권_코드,3110243,133,35,0.2631578947368421,1.2029131535567525,False,6.057454788355709e-21,0.03985026997919498,0.01798260455114001,9.691927661369135e-21
상권_코드,3110244,72,19,0.2638888888888889,1.2062545789832992,True,6.057454788355709e-21,0.03985026997919498,0.01798260455114001,9.691927661369135e-21
상권_코드,3110245,30,8,0.26666666666666666,1.218951995604176,True,6.057454788355709e-21,0.03985026997919498,0.01798260455114001,9.691927661369135e-21
상권_코드,3110246,43,6,0.13953488372093023,0.6378237186300921,True,6.057454788355709e-21,0.03985026997919498,0.01798260455114001,9.691927661369135e-21
상권_코드,3110247,134,27,0.20149253731343283,0.921036489215842,False,6.057454788355709e-21,0.03985026997919498,0.01798260455114001,9.691927661369135e-21
상권_코드,3110248,18,6,0.3333333333333333,1.52368999450522,True,6.057454788355709e-21,0.03985026997919498,0.01798260455114001,9.691927661369135e-21
상권_코드,3110249,144,28,0.19444444444444445,0.8888191634613783,False,6.057454788355709e-21,0.03985026997919498,0.01798260455114001,9.691927661369135e-21
상권_코드,3110250,25,6,0.24,1.0970567960437585,True,6.057454788355709e-21,0.03985026997919498,0.01798260455114001,9.691927661369135e-21
상권_코드,3110251,83,19,0.2289156626506024,1.0463895142987656,True,6.057454788355709e-21,0.03985026997919498,0.01798260455114001,9.691927661369135e-21
상권_코드,3110252,67,17,0.2537313432835821,1.15982372716069,True,6.057454788355709e-21,0.03985026997919498,0.01798260455114001,9.691927661369135e-21
상권_코드,3110253,75,18,0.24,1.0970567960437585,True,6.057454788355709e-21,0.03985026997919498,0.01798260455114001,9.691927661369135e-21
상권_코드,3110254,137,34,0.24817518248175183,1.1344261272958573,False,6.057454788355709e-21,0.03985026997919498,0.01798260455114001,9.691927661369135e-21
상권_코드,3110255,150,38,0.25333333333333335,1.1580043958239674,False,6.057454788355709e-21,0.03985026997919498,0.01798260455114001,9.691927661369135e-21
상권_코드,3110256,102,25,0.24509803921568626,1.1203602900773677,False,6.057454788355709e-21,0.03985026997919498,0.01798260455114001,9.691927661369135e-21
상권_코드,3110257,39,4,0.10256410256410256,0.46882769061699076,True,6.057454788355709e-21,0.03985026997919498,0.01798260455114001,9.691927661369135e-21
상권_코드,3110258,64,15,0.234375,1.0713445273864828,True,6.057454788355709e-21,0.03985026997919498,0.01798260455114001,9.691927661369135e-21
상권_코드,3110259,81,15,0.18518518518518517,0.8464944413917889,True,6.057454788355709e-21,0.03985026997919498,0.01798260455114001,9.691927661369135e-21
상권_코드,3110260,90,16,0.17777777777777778,0.8126346637361174,True,6.057454788355709e-21,0.03985026997919498,0.01798260455114001,9.691927661369135e-21
상권_코드,3110261,85,13,0.15294117647058825,0.6991048210082775,True,6.057454788355709e-21,0.03985026997919498,0.01798260455114001,9.691927661369135e-21
상권_코드,3110262,117,41,0.3504273504273504,1.601827942941385,False,6.057454788355709e-21,0.03985026997919498,0.01798260455114001,9.691927661369135e-21
상권_코드,3110263,44,6,0.13636363636363635,0.6233277250248627,True,6.057454788355709e-21,0.03985026997919498,0.01798260455114001,9.691927661369135e-21
상권_코드,3110264,138,46,0.3333333333333333,1.52368999450522,False,6.057454788355709e-21,0.03985026997919498,0.01798260455114001,9.691927661369135e-21
상권_코드,3110265,63,9,0.14285714285714285,0.6530099976450943,True,6.057454788355709e-21,0.03985026997919498,0.01798260455114001,9.691927661369135e-21
상권_코드,3110266,90,25,0.2777777777777778,1.2697416620876834,True,6.057454788355709e-21,0.03985026997919498,0.01798260455114001,9.691927661369135e-21
상권_코드,3110267,95,19,0.2,0.9142139967031321,True,6.057454788355709e-21,0.03985026997919498,0.01798260455114001,9.691927661369135e-21
상권_코드,3110268,29,2,0.06896551724137931,0.3152462057597007,True,6.057454788355709e-21,0.03985026997919498,0.01798260455114001,9.691927661369135e-21
상권_코드,3110269,40,9,0.225,1.0284907462910235,True,6.057454788355709e-21,0.03985026997919498,0.01798260455114001,9.691927661369135e-21
상권_코드,3110270,33,10,0.30303030303030304,1.3851727222774728,True,6.057454788355709e-21,0.03985026997919498,0.01798260455114001,9.691927661369135e-21
상권_코드,3110271,6,0,0.0,0.0,True,6.057454788355709e-21,0.03985026997919498,0.01798260455114001,9.691927661369135e-21
상권_코드,3110272,176,48,0.2727272727272727,1.2466554500497253,False,6.057454788355709e-21,0.03985026997919498,0.01798260455114001,9.691927661369135e-21
상권_코드,3110273,61,16,0.26229508196721313,1.1989691760041077,True,6.057454788355709e-21,0.03985026997919498,0.01798260455114001,9.691927661369135e-21
상권_코드,3110274,153,36,0.23529411764705882,1.075545878474273,False,6.057454788355709e-21,0.03985026997919498,0.01798260455114001,9.691927661369135e-21
상권_코드,3110275,26,1,0.038461538461538464,0.17581038398137155,True,6.057454788355709e-21,0.03985026997919498,0.01798260455114001,9.691927661369135e-21
상권_코드,3110276,1,0,0.0,0.0,True,6.057454788355709e-21,0.03985026997919498,0.01798260455114001,9.691927661369135e-21
상권_코드,3110277,62,20,0.3225806451612903,1.4745387043598903,True,6.057454788355709e-21,0.03985026997919498,0.01798260455114001,9.691927661369135e-21
상권_코드,3110278,129,37,0.2868217054263566,1.3110820882951895,False,6.057454788355709e-21,0.03985026997919498,0.01798260455114001,9.691927661369135e-21
상권_코드,3110279,1,0,0.0,0.0,True,6.057454788355709e-21,0.03985026997919498,0.01798260455114001,9.691927661369135e-21
상권_코드,3110280,6,1,0.16666666666666666,0.76184499725261,True,6.057454788355709e-21,0.03985026997919498,0.01798260455114001,9.691927661369135e-21
상권_코드,3110281,5,1,0.2,0.9142139967031321,True,6.057454788355709e-21,0.03985026997919498,0.01798260455114001,9.691927661369135e-21
상권_코드,3110282,15,1,0.06666666666666667,0.304737998901044,True,6.057454788355709e-21,0.03985026997919498,0.01798260455114001,9.691927661369135e-21
상권_코드,3110283,24,4,0.16666666666666666,0.76184499725261,True,6.057454788355709e-21,0.03985026997919498,0.01798260455114001,9.691927661369135e-21
상권_코드,3110284,1,0,0.0,0.0,True,6.057454788355709e-21,0.03985026997919498,0.01798260455114001,9.691927661369135e-21
상권_코드,3110285,41,7,0.17073170731707318,0.7804265825514543,True,6.057454788355709e-21,0.03985026997919498,0.01798260455114001,9.691927661369135e-21
상권_코드,3110286,42,11,0.2619047619047619,1.197184995682673,True,6.057454788355709e-21,0.03985026997919498,0.01798260455114001,9.691927661369135e-21
상권_코드,3110287,12,1,0.08333333333333333,0.380922498626305,True,6.057454788355709e-21,0.03985026997919498,0.01798260455114001,9.691927661369135e-21
상권_코드,3110288,24,11,0.4583333333333333,2.0950737424446775,True,6.057454788355709e-21,0.03985026997919498,0.01798260455114001,9.691927661369135e-21
상권_코드,3110289,27,9,0.3333333333333333,1.52368999450522,True,6.057454788355709e-21,0.03985026997919498,0.01798260455114001,9.691927661369135e-21
상권_코드,3110290,6,1,0.16666666666666666,0.76184499725261,True,6.057454788355709e-21,0.03985026997919498,0.01798260455114001,9.691927661369135e-21
상권_코드,3110291,88,35,0.3977272727272727,1.818039197989183,True,6.057454788355709e-21,0.03985026997919498,0.01798260455114001,9.691927661369135e-21
상권_코드,3110292,12,2,0.16666666666666666,0.76184499725261,True,6.057454788355709e-21,0.03985026997919498,0.01798260455114001,9.691927661369135e-21
상권_코드,3110293,75,14,0.18666666666666668,0.8532663969229233,True,6.057454788355709e-21,0.03985026997919498,0.01798260455114001,9.691927661369135e-21
상권_코드,3110294,79,8,0.10126582278481013,0.4628931628876618,True,6.057454788355709e-21,0.03985026997919498,0.01798260455114001,9.691927661369135e-21
상권_코드,3110295,97,33,0.3402061855670103,1.5551062830517195,True,6.057454788355709e-21,0.03985026997919498,0.01798260455114001,9.691927661369135e-21
상권_코드,3110296,48,10,0.20833333333333334,0.9523062465657626,True,6.057454788355709e-21,0.03985026997919498,0.01798260455114001,9.691927661369135e-21
상권_코드,3110297,91,31,0.34065934065934067,1.557177686692148,True,6.057454788355709e-21,0.03985026997919498,0.01798260455114001,9.691927661369135e-21
상권_코드,3110298,15,3,0.2,0.9142139967031321,True,6.057454788355709e-21,0.03985026997919498,0.01798260455114001,9.691927661369135e-21
상권_코드,3110299,148,32,0.21621621621621623,0.9883394558952779,False,6.057454788355709e-21,0.03985026997919498,0.01798260455114001,9.691927661369135e-21
상권_코드,3110300,67,12,0.1791044776119403,0.8186991015251929,True,6.057454788355709e-21,0.03985026997919498,0.01798260455114001,9.691927661369135e-21
상권_코드,3110301,32,3,0.09375,0.42853781095459315,True,6.057454788355709e-21,0.03985026997919498,0.01798260455114001,9.691927661369135e-21
상권_코드,3110302,87,19,0.21839080459770116,0.9982796515723856,True,6.057454788355709e-21,0.03985026997919498,0.01798260455114001,9.691927661369135e-21
상권_코드,3110303,56,10,0.17857142857142858,0.8162624970563679,True,6.057454788355709e-21,0.03985026997919498,0.01798260455114001,9.691927661369135e-21
상권_코드,3110304,43,2,0.046511627906976744,0.2126079062100307,True,6.057454788355709e-21,0.03985026997919498,0.01798260455114001,9.691927661369135e-21
상권_코드,3110305,45,6,0.13333333333333333,0.609475997802088,True,6.057454788355709e-21,0.03985026997919498,0.01798260455114001,9.691927661369135e-21
상권_코드,3110306,25,8,0.32,1.4627423947250113,True,6.057454788355709e-21,0.03985026997919498,0.01798260455114001,9.691927661369135e-21
상권_코드,3110307,24,5,0.20833333333333334,0.9523062465657626,True,6.057454788355709e-21,0.03985026997919498,0.01798260455114001,9.691927661369135e-21
상권_코드,3110308,78,18,0.23076923076923078,1.0548623038882294,True,6.057454788355709e-21,0.03985026997919498,0.01798260455114001,9.691927661369135e-21
상권_코드,3110309,24,11,0.4583333333333333,2.0950737424446775,True,6.057454788355709e-21,0.03985026997919498,0.01798260455114001,9.691927661369135e-21
상권_코드,3110310,6,0,0.0,0.0,True,6.057454788355709e-21,0.03985026997919498,0.01798260455114001,9.691927661369135e-21
상권_코드,3110312,60,6,0.1,0.45710699835156604,True,6.057454788355709e-21,0.03985026997919498,0.01798260455114001,9.691927661369135e-21
상권_코드,3110313,119,26,0.2184873949579832,0.9987211728689678,False,6.057454788355709e-21,0.03985026997919498,0.01798260455114001,9.691927661369135e-21
상권_코드,3110314,142,22,0.15492957746478872,0.70819394110806,False,6.057454788355709e-21,0.03985026997919498,0.01798260455114001,9.691927661369135e-21
상권_코드,3110315,113,32,0.2831858407079646,1.2944622962168242,False,6.057454788355709e-21,0.03985026997919498,0.01798260455114001,9.691927661369135e-21
상권_코드,3110316,177,44,0.24858757062146894,1.136311182342876,False,6.057454788355709e-21,0.03985026997919498,0.01798260455114001,9.691927661369135e-21
상권_코드,3110317,37,4,0.10810810810810811,0.49416972794763897,True,6.057454788355709e-21,0.03985026997919498,0.01798260455114001,9.691927661369135e-21
상권_코드,3110318,24,7,0.2916666666666667,1.3332287451920677,True,6.057454788355709e-21,0.03985026997919498,0.01798260455114001,9.691927661369135e-21
상권_코드,3110319,118,19,0.16101694915254236,0.7360197431084538,False,6.057454788355709e-21,0.03985026997919498,0.01798260455114001,9.691927661369135e-21
상권_코드,3110320,12,0,0.0,0.0,True,6.057454788355709e-21,0.03985026997919498,0.01798260455114001,9.691927661369135e-21
상권_코드,3110322,24,6,0.25,1.1427674958789151,True,6.057454788355709e-21,0.03985026997919498,0.01798260455114001,9.691927661369135e-21
상권_코드,3110323,83,17,0.20481927710843373,0.9362432496357376,True,6.057454788355709e-21,0.03985026997919498,0.01798260455114001,9.691927661369135e-21
상권_코드,3110325,83,19,0.2289156626506024,1.0463895142987656,True,6.057454788355709e-21,0.03985026997919498,0.01798260455114001,9.691927661369135e-21
상권_코드,3110326,6,1,0.16666666666666666,0.76184499725261,True,6.057454788355709e-21,0.03985026997919498,0.01798260455114001,9.691927661369135e-21
상권_코드,3110327,55,9,0.16363636363636364,0.7479932700298353,True,6.057454788355709e-21,0.03985026997919498,0.01798260455114001,9.691927661369135e-21
상권_코드,3110328,27,3,0.1111111111111111,0.5078966648350733,True,6.057454788355709e-21,0.03985026997919498,0.01798260455114001,9.691927661369135e-21
상권_코드,3110329,26,5,0.19230769230769232,0.8790519199068578,True,6.057454788355709e-21,0.03985026997919498,0.01798260455114001,9.691927661369135e-21
상권_코드,3110330,36,2,0.05555555555555555,0.25394833241753667,True,6.057454788355709e-21,0.03985026997919498,0.01798260455114001,9.691927661369135e-21
상권_코드,3110331,97,27,0.27835051546391754,1.2723596861332251,True,6.057454788355709e-21,0.03985026997919498,0.01798260455114001,9.691927661369135e-21
상권_코드,3110332,17,5,0.29411764705882354,1.3444323480928413,True,6.057454788355709e-21,0.03985026997919498,0.01798260455114001,9.691927661369135e-21
상권_코드,3110333,101,12,0.1188118811881188,0.5430974237840388,False,6.057454788355709e-21,0.03985026997919498,0.01798260455114001,9.691927661369135e-21
상권_코드,3110334,52,15,0.28846153846153844,1.3185778798602865,True,6.057454788355709e-21,0.03985026997919498,0.01798260455114001,9.691927661369135e-21
상권_코드,3110335,128,32,0.25,1.1427674958789151,False,6.057454788355709e-21,0.03985026997919498,0.01798260455114001,9.691927661369135e-21
상권_코드,3110336,18,5,0.2777777777777778,1.2697416620876834,True,6.057454788355709e-21,0.03985026997919498,0.01798260455114001,9.691927661369135e-21
상권_코드,3110337,18,3,0.16666666666666666,0.76184499725261,True,6.057454788355709e-21,0.03985026997919498,0.01798260455114001,9.691927661369135e-21
상권_코드,3110339,6,0,0.0,0.0,True,6.057454788355709e-21,0.03985026997919498,0.01798260455114001,9.691927661369135e-21
상권_코드,3110340,18,7,0.3888888888888889,1.7776383269227567,True,6.057454788355709e-21,0.03985026997919498,0.01798260455114001,9.691927661369135e-21
상권_코드,3110341,43,3,0.06976744186046512,0.31891185931504606,True,6.057454788355709e-21,0.03985026997919498,0.01798260455114001,9.691927661369135e-21
상권_코드,3110342,13,5,0.38461538461538464,1.7581038398137157,True,6.057454788355709e-21,0.03985026997919498,0.01798260455114001,9.691927661369135e-21
상권_코드,3110343,51,14,0.27450980392156865,1.2548035248866518,True,6.057454788355709e-21,0.03985026997919498,0.01798260455114001,9.691927661369135e-21
상권_코드,3110344,11,0,0.0,0.0,True,6.057454788355709e-21,0.03985026997919498,0.01798260455114001,9.691927661369135e-21
상권_코드,3110345,72,20,0.2777777777777778,1.2697416620876834,True,6.057454788355709e-21,0.03985026997919498,0.01798260455114001,9.691927661369135e-21
상권_코드,3110346,47,11,0.23404255319148937,1.0698248897589844,True,6.057454788355709e-21,0.03985026997919498,0.01798260455114001,9.691927661369135e-21
상권_코드,3110348,60,19,0.31666666666666665,1.447505494779959,True,6.057454788355709e-21,0.03985026997919498,0.01798260455114001,9.691927661369135e-21
상권_코드,3110349,10,0,0.0,0.0,True,6.057454788355709e-21,0.03985026997919498,0.01798260455114001,9.691927661369135e-21
상권_코드,3110350,41,2,0.04878048780487805,0.22297902358612978,True,6.057454788355709e-21,0.03985026997919498,0.01798260455114001,9.691927661369135e-21
상권_코드,3110351,61,12,0.19672131147540983,0.8992268820030807,True,6.057454788355709e-21,0.03985026997919498,0.01798260455114001,9.691927661369135e-21
상권_코드,3110352,86,30,0.3488372093023256,1.5945592965752304,True,6.057454788355709e-21,0.03985026997919498,0.01798260455114001,9.691927661369135e-21
상권_코드,3110353,34,8,0.23529411764705882,1.075545878474273,True,6.057454788355709e-21,0.03985026997919498,0.01798260455114001,9.691927661369135e-21
상권_코드,3110354,29,4,0.13793103448275862,0.6304924115194014,True,6.057454788355709e-21,0.03985026997919498,0.01798260455114001,9.691927661369135e-21
상권_코드,3110355,70,15,0.21428571428571427,0.9795149964676414,True,6.057454788355709e-21,0.03985026997919498,0.01798260455114001,9.691927661369135e-21
상권_코드,3110356,24,2,0.08333333333333333,0.380922498626305,True,6.057454788355709e-21,0.03985026997919498,0.01798260455114001,9.691927661369135e-21
상권_코드,3110357,47,13,0.2765957446808511,1.2643385060787997,True,6.057454788355709e-21,0.03985026997919498,0.01798260455114001,9.691927661369135e-21
상권_코드,3110358,37,19,0.5135135135135135,2.3473062077512847,True,6.057454788355709e-21,0.03985026997919498,0.01798260455114001,9.691927661369135e-21
상권_코드,3110359,52,22,0.4230769230769231,1.933914223795087,True,6.057454788355709e-21,0.03985026997919498,0.01798260455114001,9.691927661369135e-21
상권_코드,3110360,76,28,0.3684210526315789,1.6840784149794537,True,6.057454788355709e-21,0.03985026997919498,0.01798260455114001,9.691927661369135e-21
상권_코드,3110361,31,7,0.22580645161290322,1.0321770930519232,True,6.057454788355709e-21,0.03985026997919498,0.01798260455114001,9.691927661369135e-21
상권_코드,3110362,77,16,0.2077922077922078,0.94983272384741,True,6.057454788355709e-21,0.03985026997919498,0.01798260455114001,9.691927661369135e-21
상권_코드,3110363,18,8,0.4444444444444444,2.0315866593402934,True,6.057454788355709e-21,0.03985026997919498,0.01798260455114001,9.691927661369135e-21
상권_코드,3110364,62,8,0.12903225806451613,0.5898154817439561,True,6.057454788355709e-21,0.03985026997919498,0.01798260455114001,9.691927661369135e-21
상권_코드,3110365,48,12,0.25,1.1427674958789151,True,6.057454788355709e-21,0.03985026997919498,0.01798260455114001,9.691927661369135e-21
상권_코드,3110366,43,5,0.11627906976744186,0.5315197655250767,True,6.057454788355709e-21,0.03985026997919498,0.01798260455114001,9.691927661369135e-21
상권_코드,3110367,54,11,0.2037037037037037,0.9311438855309677,True,6.057454788355709e-21,0.03985026997919498,0.01798260455114001,9.691927661369135e-21
상권_코드,3110368,65,21,0.3230769230769231,1.4768072254435212,True,6.057454788355709e-21,0.03985026997919498,0.01798260455114001,9.691927661369135e-21
상권_코드,3110369,120,36,0.3,1.371320995054698,False,6.057454788355709e-21,0.03985026997919498,0.01798260455114001,9.691927661369135e-21
상권_코드,3110370,62,14,0.22580645161290322,1.0321770930519232,True,6.057454788355709e-21,0.03985026997919498,0.01798260455114001,9.691927661369135e-21
상권_코드,3110371,72,27,0.375,1.7141512438183726,True,6.057454788355709e-21,0.03985026997919498,0.01798260455114001,9.691927661369135e-21
상권_코드,3110372,74,10,0.13513513513513514,0.6177121599345488,True,6.057454788355709e-21,0.03985026997919498,0.01798260455114001,9.691927661369135e-21
상권_코드,3110373,52,14,0.2692307692307692,1.2306726878696008,True,6.057454788355709e-21,0.03985026997919498,0.01798260455114001,9.691927661369135e-21
상권_코드,3110374,109,36,0.3302752293577982,1.5097111872161815,False,6.057454788355709e-21,0.03985026997919498,0.01798260455114001,9.691927661369135e-21
상권_코드,3110375,23,4,0.17391304347826086,0.7949686927853322,True,6.057454788355709e-21,0.03985026997919498,0.01798260455114001,9.691927661369135e-21
상권_코드,3110376,133,36,0.2706766917293233,1.2372821008012314,False,6.057454788355709e-21,0.03985026997919498,0.01798260455114001,9.691927661369135e-21
상권_코드,3110377,48,11,0.22916666666666666,1.0475368712223387,True,6.057454788355709e-21,0.03985026997919498,0.01798260455114001,9.691927661369135e-21
상권_코드,3110378,60,11,0.18333333333333332,0.838029496977871,True,6.057454788355709e-21,0.03985026997919498,0.01798260455114001,9.691927661369135e-21
상권_코드,3110379,18,7,0.3888888888888889,1.7776383269227567,True,6.057454788355709e-21,0.03985026997919498,0.01798260455114001,9.691927661369135e-21
상권_코드,3110380,6,2,0.3333333333333333,1.52368999450522,True,6.057454788355709e-21,0.03985026997919498,0.01798260455114001,9.691927661369135e-21
상권_코드,3110381,18,1,0.05555555555555555,0.25394833241753667,True,6.057454788355709e-21,0.03985026997919498,0.01798260455114001,9.691927661369135e-21
상권_코드,3110382,30,8,0.26666666666666666,1.218951995604176,True,6.057454788355709e-21,0.03985026997919498,0.01798260455114001,9.691927661369135e-21
상권_코드,3110383,64,22,0.34375,1.571305306833508,True,6.057454788355709e-21,0.03985026997919498,0.01798260455114001,9.691927661369135e-21
상권_코드,3110386,6,3,0.5,2.2855349917578303,True,6.057454788355709e-21,0.03985026997919498,0.01798260455114001,9.691927661369135e-21
상권_코드,3110387,93,22,0.23655913978494625,1.081328383197253,True,6.057454788355709e-21,0.03985026997919498,0.01798260455114001,9.691927661369135e-21
상권_코드,3110388,48,14,0.2916666666666667,1.3332287451920677,True,6.057454788355709e-21,0.03985026997919498,0.01798260455114001,9.691927661369135e-21
상권_코드,3110389,29,3,0.10344827586206896,0.47286930863955107,True,6.057454788355709e-21,0.03985026997919498,0.01798260455114001,9.691927661369135e-21
상권_코드,3110390,98,25,0.25510204081632654,1.166089281509097,True,6.057454788355709e-21,0.03985026997919498,0.01798260455114001,9.691927661369135e-21
상권_코드,3110391,31,5,0.16129032258064516,0.7372693521799452,True,6.057454788355709e-21,0.03985026997919498,0.01798260455114001,9.691927661369135e-21
상권_코드,3110392,39,9,0.23076923076923078,1.0548623038882294,True,6.057454788355709e-21,0.03985026997919498,0.01798260455114001,9.691927661369135e-21
상권_코드,3110393,38,12,0.3157894736842105,1.443495784268103,True,6.057454788355709e-21,0.03985026997919498,0.01798260455114001,9.691927661369135e-21
상권_코드,3110394,96,25,0.2604166666666667,1.1903828082072032,True,6.057454788355709e-21,0.03985026997919498,0.01798260455114001,9.691927661369135e-21
상권_코드,3110395,52,16,0.3076923076923077,1.4064830718509724,True,6.057454788355709e-21,0.03985026997919498,0.01798260455114001,9.691927661369135e-21
상권_코드,3110396,121,25,0.2066115702479339,0.9444359470073679,False,6.057454788355709e-21,0.03985026997919498,0.01798260455114001,9.691927661369135e-21
상권_코드,3110397,155,40,0.25806451612903225,1.1796309634879123,False,6.057454788355709e-21,0.03985026997919498,0.01798260455114001,9.691927661369135e-21
상권_코드,3110398,96,19,0.19791666666666666,0.9046909342374744,True,6.057454788355709e-21,0.03985026997919498,0.01798260455114001,9.691927661369135e-21
상권_코드,3110399,97,34,0.35051546391752575,1.6022307158714684,True,6.057454788355709e-21,0.03985026997919498,0.01798260455114001,9.691927661369135e-21
상권_코드,3110400,83,26,0.3132530120481928,1.4319014406193635,True,6.057454788355709e-21,0.03985026997919498,0.01798260455114001,9.691927661369135e-21
상권_코드,3110401,17,0,0.0,0.0,True,6.057454788355709e-21,0.03985026997919498,0.01798260455114001,9.691927661369135e-21
상권_코드,3110402,58,16,0.27586206896551724,1.2609848230388028,True,6.057454788355709e-21,0.03985026997919498,0.01798260455114001,9.691927661369135e-21
상권_코드,3110403,124,47,0.3790322580645161,1.7325829776228712,False,6.057454788355709e-21,0.03985026997919498,0.01798260455114001,9.691927661369135e-21
상권_코드,3110404,180,32,0.17777777777777778,0.8126346637361174,False,6.057454788355709e-21,0.03985026997919498,0.01798260455114001,9.691927661369135e-21
상권_코드,3110405,185,56,0.3027027027027027,1.383675238253389,False,6.057454788355709e-21,0.03985026997919498,0.01798260455114001,9.691927661369135e-21
상권_코드,3110406,42,5,0.11904761904761904,0.5441749980375785,True,6.057454788355709e-21,0.03985026997919498,0.01798260455114001,9.691927661369135e-21
상권_코드,3110407,100,29,0.29,1.3256102952195414,False,6.057454788355709e-21,0.03985026997919498,0.01798260455114001,9.691927661369135e-21
상권_코드,3110408,52,10,0.19230769230769232,0.8790519199068578,True,6.057454788355709e-21,0.03985026997919498,0.01798260455114001,9.691927661369135e-21
상권_코드,3110409,110,22,0.2,0.9142139967031321,False,6.057454788355709e-21,0.03985026997919498,0.01798260455114001,9.691927661369135e-21
상권_코드,3110410,132,24,0.18181818181818182,0.8311036333664837,False,6.057454788355709e-21,0.03985026997919498,0.01798260455114001,9.691927661369135e-21
상권_코드,3110411,18,1,0.05555555555555555,0.25394833241753667,True,6.057454788355709e-21,0.03985026997919498,0.01798260455114001,9.691927661369135e-21
상권_코드,3110412,6,0,0.0,0.0,True,6.057454788355709e-21,0.03985026997919498,0.01798260455114001,9.691927661369135e-21
상권_코드,3110413,15,4,0.26666666666666666,1.218951995604176,True,6.057454788355709e-21,0.03985026997919498,0.01798260455114001,9.691927661369135e-21
상권_코드,3110415,209,35,0.1674641148325359,0.7654901886270244,False,6.057454788355709e-21,0.03985026997919498,0.01798260455114001,9.691927661369135e-21
상권_코드,3110416,117,31,0.26495726495726496,1.2111382007605596,False,6.057454788355709e-21,0.03985026997919498,0.01798260455114001,9.691927661369135e-21
상권_코드,3110417,36,12,0.3333333333333333,1.52368999450522,True,6.057454788355709e-21,0.03985026997919498,0.01798260455114001,9.691927661369135e-21
상권_코드,3110418,36,4,0.1111111111111111,0.5078966648350733,True,6.057454788355709e-21,0.03985026997919498,0.01798260455114001,9.691927661369135e-21
상권_코드,3110419,135,27,0.2,0.9142139967031321,False,6.057454788355709e-21,0.03985026997919498,0.01798260455114001,9.691927661369135e-21
상권_코드,3110420,78,17,0.21794871794871795,0.9962588425611054,True,6.057454788355709e-21,0.03985026997919498,0.01798260455114001,9.691927661369135e-21
상권_코드,3110421,102,20,0.19607843137254902,0.8962882320618941,False,6.057454788355709e-21,0.03985026997919498,0.01798260455114001,9.691927661369135e-21
상권_코드,3110422,35,11,0.3142857142857143,1.4366219948192074,True,6.057454788355709e-21,0.03985026997919498,0.01798260455114001,9.691927661369135e-21
상권_코드,3110423,49,7,0.14285714285714285,0.6530099976450943,True,6.057454788355709e-21,0.03985026997919498,0.01798260455114001,9.691927661369135e-21
상권_코드,3110424,99,32,0.32323232323232326,1.4775175704293044,True,6.057454788355709e-21,0.03985026997919498,0.01798260455114001,9.691927661369135e-21
상권_코드,3110425,117,29,0.24786324786324787,1.1330002523243945,False,6.057454788355709e-21,0.03985026997919498,0.01798260455114001,9.691927661369135e-21
상권_코드,3110426,83,33,0.39759036144578314,1.8174133669399613,True,6.057454788355709e-21,0.03985026997919498,0.01798260455114001,9.691927661369135e-21
상권_코드,3110427,1,0,0.0,0.0,True,6.057454788355709e-21,0.03985026997919498,0.01798260455114001,9.691927661369135e-21
상권_코드,3110428,120,36,0.3,1.371320995054698,False,6.057454788355709e-21,0.03985026997919498,0.01798260455114001,9.691927661369135e-21
상권_코드,3110429,154,54,0.35064935064935066,1.6028427214925043,False,6.057454788355709e-21,0.03985026997919498,0.01798260455114001,9.691927661369135e-21
상권_코드,3110430,42,8,0.19047619047619047,0.8706799968601256,True,6.057454788355709e-21,0.03985026997919498,0.01798260455114001,9.691927661369135e-21
상권_코드,3110431,162,27,0.16666666666666666,0.76184499725261,False,6.057454788355709e-21,0.03985026997919498,0.01798260455114001,9.691927661369135e-21
상권_코드,3110432,55,17,0.3090909090909091,1.4128761767230222,True,6.057454788355709e-21,0.03985026997919498,0.01798260455114001,9.691927661369135e-21
상권_코드,3110433,66,23,0.3484848484848485,1.5929486306190939,True,6.057454788355709e-21,0.03985026997919498,0.01798260455114001,9.691927661369135e-21
상권_코드,3110434,20,2,0.1,0.45710699835156604,True,6.057454788355709e-21,0.03985026997919498,0.01798260455114001,9.691927661369135e-21
상권_코드,3110435,48,6,0.125,0.5713837479394576,True,6.057454788355709e-21,0.03985026997919498,0.01798260455114001,9.691927661369135e-21
상권_코드,3110436,35,7,0.2,0.9142139967031321,True,6.057454788355709e-21,0.03985026997919498,0.01798260455114001,9.691927661369135e-21
상권_코드,3110437,51,6,0.11764705882352941,0.5377729392371365,True,6.057454788355709e-21,0.03985026997919498,0.01798260455114001,9.691927661369135e-21
상권_코드,3110438,154,23,0.14935064935064934,0.6826922702653259,False,6.057454788355709e-21,0.03985026997919498,0.01798260455114001,9.691927661369135e-21
상권_코드,3110439,54,19,0.35185185185185186,1.608339438644399,True,6.057454788355709e-21,0.03985026997919498,0.01798260455114001,9.691927661369135e-21
상권_코드,3110440,2,0,0.0,0.0,True,6.057454788355709e-21,0.03985026997919498,0.01798260455114001,9.691927661369135e-21
상권_코드,3110441,84,17,0.20238095238095238,0.9250974966638836,True,6.057454788355709e-21,0.03985026997919498,0.01798260455114001,9.691927661369135e-21
상권_코드,3110442,37,16,0.43243243243243246,1.9766789117905559,True,6.057454788355709e-21,0.03985026997919498,0.01798260455114001,9.691927661369135e-21
상권_코드,3110444,6,0,0.0,0.0,True,6.057454788355709e-21,0.03985026997919498,0.01798260455114001,9.691927661369135e-21
상권_코드,3110446,29,10,0.3448275862068966,1.5762310287985035,True,6.057454788355709e-21,0.03985026997919498,0.01798260455114001,9.691927661369135e-21
상권_코드,3110447,12,2,0.16666666666666666,0.76184499725261,True,6.057454788355709e-21,0.03985026997919498,0.01798260455114001,9.691927661369135e-21
상권_코드,3110448,10,3,0.3,1.371320995054698,True,6.057454788355709e-21,0.03985026997919498,0.01798260455114001,9.691927661369135e-21
상권_코드,3110449,107,20,0.18691588785046728,0.8544056043954504,False,6.057454788355709e-21,0.03985026997919498,0.01798260455114001,9.691927661369135e-21
상권_코드,3110450,133,39,0.2932330827067669,1.3403889425346671,False,6.057454788355709e-21,0.03985026997919498,0.01798260455114001,9.691927661369135e-21
상권_코드,3110451,106,34,0.32075471698113206,1.4661922588635137,False,6.057454788355709e-21,0.03985026997919498,0.01798260455114001,9.691927661369135e-21
상권_코드,3110452,76,13,0.17105263157894737,0.7818935498118893,True,6.057454788355709e-21,0.03985026997919498,0.01798260455114001,9.691927661369135e-21
상권_코드,3110453,102,20,0.19607843137254902,0.8962882320618941,False,6.057454788355709e-21,0.03985026997919498,0.01798260455114001,9.691927661369135e-21
상권_코드,3110454,51,9,0.17647058823529413,0.8066594088557048,True,6.057454788355709e-21,0.03985026997919498,0.01798260455114001,9.691927661369135e-21
상권_코드,3110455,126,26,0.20634920634920634,0.9432366632651362,False,6.057454788355709e-21,0.03985026997919498,0.01798260455114001,9.691927661369135e-21
상권_코드,3110456,99,29,0.29292929292929293,1.339000298201557,True,6.057454788355709e-21,0.03985026997919498,0.01798260455114001,9.691927661369135e-21
상권_코드,3110457,49,14,0.2857142857142857,1.3060199952901885,True,6.057454788355709e-21,0.03985026997919498,0.01798260455114001,9.691927661369135e-21
상권_코드,3110458,138,54,0.391304347826087,1.7886795587669975,False,6.057454788355709e-21,0.03985026997919498,0.01798260455114001,9.691927661369135e-21
상권_코드,3110459,72,23,0.3194444444444444,1.4602029114008357,True,6.057454788355709e-21,0.03985026997919498,0.01798260455114001,9.691927661369135e-21
상권_코드,3110460,135,26,0.1925925925925926,0.8803542190474605,False,6.057454788355709e-21,0.03985026997919498,0.01798260455114001,9.691927661369135e-21
상권_코드,3110461,27,4,0.14814814814814814,0.677195553113431,True,6.057454788355709e-21,0.03985026997919498,0.01798260455114001,9.691927661369135e-21
상권_코드,3110462,30,13,0.43333333333333335,1.9807969928567861,True,6.057454788355709e-21,0.03985026997919498,0.01798260455114001,9.691927661369135e-21
상권_코드,3110463,42,13,0.30952380952380953,1.4148549948977043,True,6.057454788355709e-21,0.03985026997919498,0.01798260455114001,9.691927661369135e-21
상권_코드,3110464,69,20,0.2898550724637681,1.324947821308887,True,6.057454788355709e-21,0.03985026997919498,0.01798260455114001,9.691927661369135e-21
상권_코드,3110465,99,29,0.29292929292929293,1.339000298201557,True,6.057454788355709e-21,0.03985026997919498,0.01798260455114001,9.691927661369135e-21
상권_코드,3110466,27,14,0.5185185185185185,2.370184435897009,True,6.057454788355709e-21,0.03985026997919498,0.01798260455114001,9.691927661369135e-21
상권_코드,3110467,86,21,0.2441860465116279,1.1161915076026612,True,6.057454788355709e-21,0.03985026997919498,0.01798260455114001,9.691927661369135e-21
상권_코드,3110468,143,31,0.21678321678321677,0.9909312551677305,False,6.057454788355709e-21,0.03985026997919498,0.01798260455114001,9.691927661369135e-21
상권_코드,3110469,200,71,0.355,1.6227298441480593,False,6.057454788355709e-21,0.03985026997919498,0.01798260455114001,9.691927661369135e-21
상권_코드,3110470,43,6,0.13953488372093023,0.6378237186300921,True,6.057454788355709e-21,0.03985026997919498,0.01798260455114001,9.691927661369135e-21
상권_코드,3110471,57,15,0.2631578947368421,1.2029131535567525,True,6.057454788355709e-21,0.03985026997919498,0.01798260455114001,9.691927661369135e-21
상권_코드,3110472,104,33,0.3173076923076923,1.4504356678463153,False,6.057454788355709e-21,0.03985026997919498,0.01798260455114001,9.691927661369135e-21
상권_코드,3110473,135,34,0.2518518518518518,1.151232440292833,False,6.057454788355709e-21,0.03985026997919498,0.01798260455114001,9.691927661369135e-21
상권_코드,3110474,37,6,0.16216216216216217,0.7412545919214585,True,6.057454788355709e-21,0.03985026997919498,0.01798260455114001,9.691927661369135e-21
상권_코드,3110475,57,14,0.24561403508771928,1.1227189433196358,True,6.057454788355709e-21,0.03985026997919498,0.01798260455114001,9.691927661369135e-21
상권_코드,3110476,12,1,0.08333333333333333,0.380922498626305,True,6.057454788355709e-21,0.03985026997919498,0.01798260455114001,9.691927661369135e-21
상권_코드,3110477,63,6,0.09523809523809523,0.4353399984300628,True,6.057454788355709e-21,0.03985026997919498,0.01798260455114001,9.691927661369135e-21
상권_코드,3110478,43,13,0.3023255813953488,1.3819513903651994,True,6.057454788355709e-21,0.03985026997919498,0.01798260455114001,9.691927661369135e-21
상권_코드,3110479,60,21,0.35,1.599874494230481,True,6.057454788355709e-21,0.03985026997919498,0.01798260455114001,9.691927661369135e-21
상권_코드,3110480,42,9,0.21428571428571427,0.9795149964676414,True,6.057454788355709e-21,0.03985026997919498,0.01798260455114001,9.691927661369135e-21
상권_코드,3110481,75,32,0.4266666666666667,1.9503231929666818,True,6.057454788355709e-21,0.03985026997919498,0.01798260455114001,9.691927661369135e-21
상권_코드,3110482,45,14,0.3111111111111111,1.4221106615382053,True,6.057454788355709e-21,0.03985026997919498,0.01798260455114001,9.691927661369135e-21
상권_코드,3110483,26,6,0.23076923076923078,1.0548623038882294,True,6.057454788355709e-21,0.03985026997919498,0.01798260455114001,9.691927661369135e-21
상권_코드,3110484,55,13,0.23636363636363636,1.0804347233764287,True,6.057454788355709e-21,0.03985026997919498,0.01798260455114001,9.691927661369135e-21
상권_코드,3110485,35,3,0.08571428571428572,0.3918059985870566,True,6.057454788355709e-21,0.03985026997919498,0.01798260455114001,9.691927661369135e-21
상권_코드,3110486,74,10,0.13513513513513514,0.6177121599345488,True,6.057454788355709e-21,0.03985026997919498,0.01798260455114001,9.691927661369135e-21
상권_코드,3110487,30,10,0.3333333333333333,1.52368999450522,True,6.057454788355709e-21,0.03985026997919498,0.01798260455114001,9.691927661369135e-21
상권_코드,3110488,71,17,0.23943661971830985,1.09448154534882,True,6.057454788355709e-21,0.03985026997919498,0.01798260455114001,9.691927661369135e-21
상권_코드,3110489,26,4,0.15384615384615385,0.7032415359254862,True,6.057454788355709e-21,0.03985026997919498,0.01798260455114001,9.691927661369135e-21
상권_코드,3110490,25,8,0.32,1.4627423947250113,True,6.057454788355709e-21,0.03985026997919498,0.01798260455114001,9.691927661369135e-21
상권_코드,3110491,6,1,0.16666666666666666,0.76184499725261,True,6.057454788355709e-21,0.03985026997919498,0.01798260455114001,9.691927661369135e-21
상권_코드,3110492,6,5,0.8333333333333334,3.8092249862630503,True,6.057454788355709e-21,0.03985026997919498,0.01798260455114001,9.691927661369135e-21
상권_코드,3110493,24,5,0.20833333333333334,0.9523062465657626,True,6.057454788355709e-21,0.03985026997919498,0.01798260455114001,9.691927661369135e-21
상권_코드,3110494,6,0,0.0,0.0,True,6.057454788355709e-21,0.03985026997919498,0.01798260455114001,9.691927661369135e-21
상권_코드,3110495,126,33,0.2619047619047619,1.197184995682673,False,6.057454788355709e-21,0.03985026997919498,0.01798260455114001,9.691927661369135e-21
상권_코드,3110496,106,12,0.11320754716981132,0.5174796207753578,False,6.057454788355709e-21,0.03985026997919498,0.01798260455114001,9.691927661369135e-21
상권_코드,3110497,24,1,0.041666666666666664,0.1904612493131525,True,6.057454788355709e-21,0.03985026997919498,0.01798260455114001,9.691927661369135e-21
상권_코드,3110498,46,7,0.15217391304347827,0.6955976061871657,True,6.057454788355709e-21,0.03985026997919498,0.01798260455114001,9.691927661369135e-21
상권_코드,3110499,54,19,0.35185185185185186,1.608339438644399,True,6.057454788355709e-21,0.03985026997919498,0.01798260455114001,9.691927661369135e-21
상권_코드,3110500,25,8,0.32,1.4627423947250113,True,6.057454788355709e-21,0.03985026997919498,0.01798260455114001,9.691927661369135e-21
상권_코드,3110501,12,6,0.5,2.2855349917578303,True,6.057454788355709e-21,0.03985026997919498,0.01798260455114001,9.691927661369135e-21
상권_코드,3110502,153,35,0.22875816993464052,1.0456696040722098,False,6.057454788355709e-21,0.03985026997919498,0.01798260455114001,9.691927661369135e-21
상권_코드,3110503,131,21,0.16030534351145037,0.7327669439223576,False,6.057454788355709e-21,0.03985026997919498,0.01798260455114001,9.691927661369135e-21
상권_코드,3110505,12,0,0.0,0.0,True,6.057454788355709e-21,0.03985026997919498,0.01798260455114001,9.691927661369135e-21
상권_코드,3110506,10,2,0.2,0.9142139967031321,True,6.057454788355709e-21,0.03985026997919498,0.01798260455114001,9.691927661369135e-21
상권_코드,3110507,203,51,0.2512315270935961,1.1483968924103385,False,6.057454788355709e-21,0.03985026997919498,0.01798260455114001,9.691927661369135e-21
상권_코드,3110508,40,8,0.2,0.9142139967031321,True,6.057454788355709e-21,0.03985026997919498,0.01798260455114001,9.691927661369135e-21
상권_코드,3110509,54,16,0.2962962962962963,1.354391106226862,True,6.057454788355709e-21,0.03985026997919498,0.01798260455114001,9.691927661369135e-21
상권_코드,3110510,38,4,0.10526315789473684,0.48116526142270105,True,6.057454788355709e-21,0.03985026997919498,0.01798260455114001,9.691927661369135e-21
상권_코드,3110511,49,6,0.12244897959183673,0.5597228551243666,True,6.057454788355709e-21,0.03985026997919498,0.01798260455114001,9.691927661369135e-21
상권_코드,3110512,11,2,0.18181818181818182,0.8311036333664837,True,6.057454788355709e-21,0.03985026997919498,0.01798260455114001,9.691927661369135e-21
상권_코드,3110513,42,5,0.11904761904761904,0.5441749980375785,True,6.057454788355709e-21,0.03985026997919498,0.01798260455114001,9.691927661369135e-21
상권_코드,3110514,29,9,0.3103448275862069,1.4186079259186533,True,6.057454788355709e-21,0.03985026997919498,0.01798260455114001,9.691927661369135e-21
상권_코드,3110515,12,3,0.25,1.1427674958789151,True,6.057454788355709e-21,0.03985026997919498,0.01798260455114001,9.691927661369135e-21
상권_코드,3110517,42,11,0.2619047619047619,1.197184995682673,True,6.057454788355709e-21,0.03985026997919498,0.01798260455114001,9.691927661369135e-21
상권_코드,3110519,41,6,0.14634146341463414,0.6689370707583893,True,6.057454788355709e-21,0.03985026997919498,0.01798260455114001,9.691927661369135e-21
상권_코드,3110520,44,11,0.25,1.1427674958789151,True,6.057454788355709e-21,0.03985026997919498,0.01798260455114001,9.691927661369135e-21
상권_코드,3110521,26,11,0.4230769230769231,1.933914223795087,True,6.057454788355709e-21,0.03985026997919498,0.01798260455114001,9.691927661369135e-21
상권_코드,3110522,17,4,0.23529411764705882,1.075545878474273,True,6.057454788355709e-21,0.03985026997919498,0.01798260455114001,9.691927661369135e-21
상권_코드,3110523,12,3,0.25,1.1427674958789151,True,6.057454788355709e-21,0.03985026997919498,0.01798260455114001,9.691927661369135e-21
상권_코드,3110524,29,2,0.06896551724137931,0.3152462057597007,True,6.057454788355709e-21,0.03985026997919498,0.01798260455114001,9.691927661369135e-21
상권_코드,3110525,43,9,0.20930232558139536,0.9567355779451382,True,6.057454788355709e-21,0.03985026997919498,0.01798260455114001,9.691927661369135e-21
상권_코드,3110526,24,6,0.25,1.1427674958789151,True,6.057454788355709e-21,0.03985026997919498,0.01798260455114001,9.691927661369135e-21
상권_코드,3110527,39,1,0.02564102564102564,0.11720692265424769,True,6.057454788355709e-21,0.03985026997919498,0.01798260455114001,9.691927661369135e-21
상권_코드,3110528,56,11,0.19642857142857142,0.8978887467620047,True,6.057454788355709e-21,0.03985026997919498,0.01798260455114001,9.691927661369135e-21
상권_코드,3110529,105,21,0.2,0.9142139967031321,False,6.057454788355709e-21,0.03985026997919498,0.01798260455114001,9.691927661369135e-21
상권_코드,3110530,12,1,0.08333333333333333,0.380922498626305,True,6.057454788355709e-21,0.03985026997919498,0.01798260455114001,9.691927661369135e-21
상권_코드,3110532,78,6,0.07692307692307693,0.3516207679627431,True,6.057454788355709e-21,0.03985026997919498,0.01798260455114001,9.691927661369135e-21
상권_코드,3110533,6,5,0.8333333333333334,3.8092249862630503,True,6.057454788355709e-21,0.03985026997919498,0.01798260455114001,9.691927661369135e-21
상권_코드,3110534,12,1,0.08333333333333333,0.380922498626305,True,6.057454788355709e-21,0.03985026997919498,0.01798260455114001,9.691927661369135e-21
상권_코드,3110535,36,16,0.4444444444444444,2.0315866593402934,True,6.057454788355709e-21,0.03985026997919498,0.01798260455114001,9.691927661369135e-21
상권_코드,3110536,26,5,0.19230769230769232,0.8790519199068578,True,6.057454788355709e-21,0.03985026997919498,0.01798260455114001,9.691927661369135e-21
상권_코드,3110537,18,0,0.0,0.0,True,6.057454788355709e-21,0.03985026997919498,0.01798260455114001,9.691927661369135e-21
상권_코드,3110538,24,0,0.0,0.0,True,6.057454788355709e-21,0.03985026997919498,0.01798260455114001,9.691927661369135e-21
상권_코드,3110539,30,5,0.16666666666666666,0.76184499725261,True,6.057454788355709e-21,0.03985026997919498,0.01798260455114001,9.691927661369135e-21
상권_코드,3110540,18,5,0.2777777777777778,1.2697416620876834,True,6.057454788355709e-21,0.03985026997919498,0.01798260455114001,9.691927661369135e-21
상권_코드,3110541,115,35,0.30434782608695654,1.3911952123743314,False,6.057454788355709e-21,0.03985026997919498,0.01798260455114001,9.691927661369135e-21
상권_코드,3110542,108,21,0.19444444444444445,0.8888191634613783,False,6.057454788355709e-21,0.03985026997919498,0.01798260455114001,9.691927661369135e-21
상권_코드,3110543,6,3,0.5,2.2855349917578303,True,6.057454788355709e-21,0.03985026997919498,0.01798260455114001,9.691927661369135e-21
상권_코드,3110544,236,42,0.17796610169491525,0.8134955055409225,False,6.057454788355709e-21,0.03985026997919498,0.01798260455114001,9.691927661369135e-21
상권_코드,3110545,76,20,0.2631578947368421,1.2029131535567525,True,6.057454788355709e-21,0.03985026997919498,0.01798260455114001,9.691927661369135e-21
상권_코드,3110546,19,5,0.2631578947368421,1.2029131535567525,True,6.057454788355709e-21,0.03985026997919498,0.01798260455114001,9.691927661369135e-21
상권_코드,3110547,85,20,0.23529411764705882,1.075545878474273,True,6.057454788355709e-21,0.03985026997919498,0.01798260455114001,9.691927661369135e-21
상권_코드,3110548,49,9,0.1836734693877551,0.8395842826865498,True,6.057454788355709e-21,0.03985026997919498,0.01798260455114001,9.691927661369135e-21
상권_코드,3110549,27,5,0.18518518518518517,0.8464944413917889,True,6.057454788355709e-21,0.03985026997919498,0.01798260455114001,9.691927661369135e-21
상권_코드,3110550,120,36,0.3,1.371320995054698,False,6.057454788355709e-21,0.03985026997919498,0.01798260455114001,9.691927661369135e-21
상권_코드,3110551,78,31,0.3974358974358974,1.8167073011408392,True,6.057454788355709e-21,0.03985026997919498,0.01798260455114001,9.691927661369135e-21
상권_코드,3110552,39,12,0.3076923076923077,1.4064830718509724,True,6.057454788355709e-21,0.03985026997919498,0.01798260455114001,9.691927661369135e-21
상권_코드,3110553,67,19,0.2835820895522388,1.2962735774148886,True,6.057454788355709e-21,0.03985026997919498,0.01798260455114001,9.691927661369135e-21
상권_코드,3110554,58,18,0.3103448275862069,1.4186079259186533,True,6.057454788355709e-21,0.03985026997919498,0.01798260455114001,9.691927661369135e-21
상권_코드,3110555,8,0,0.0,0.0,True,6.057454788355709e-21,0.03985026997919498,0.01798260455114001,9.691927661369135e-21
상권_코드,3110556,6,5,0.8333333333333334,3.8092249862630503,True,6.057454788355709e-21,0.03985026997919498,0.01798260455114001,9.691927661369135e-21
상권_코드,3110557,107,24,0.22429906542056074,1.0252867252745406,False,6.057454788355709e-21,0.03985026997919498,0.01798260455114001,9.691927661369135e-21
상권_코드,3110558,103,27,0.2621359223300971,1.1982416461642993,False,6.057454788355709e-21,0.03985026997919498,0.01798260455114001,9.691927661369135e-21
상권_코드,3110559,72,13,0.18055555555555555,0.8253320803569942,True,6.057454788355709e-21,0.03985026997919498,0.01798260455114001,9.691927661369135e-21
상권_코드,3110560,33,7,0.21212121212121213,0.969620905594231,True,6.057454788355709e-21,0.03985026997919498,0.01798260455114001,9.691927661369135e-21
상권_코드,3110561,46,4,0.08695652173913043,0.3974843463926661,True,6.057454788355709e-21,0.03985026997919498,0.01798260455114001,9.691927661369135e-21
상권_코드,3110562,66,14,0.21212121212121213,0.969620905594231,True,6.057454788355709e-21,0.03985026997919498,0.01798260455114001,9.691927661369135e-21
상권_코드,3110563,6,3,0.5,2.2855349917578303,True,6.057454788355709e-21,0.03985026997919498,0.01798260455114001,9.691927661369135e-21
상권_코드,3110564,85,11,0.12941176470588237,0.5915502331608502,True,6.057454788355709e-21,0.03985026997919498,0.01798260455114001,9.691927661369135e-21
상권_코드,3110565,30,1,0.03333333333333333,0.152368999450522,True,6.057454788355709e-21,0.03985026997919498,0.01798260455114001,9.691927661369135e-21
상권_코드,3110566,124,20,0.16129032258064516,0.7372693521799452,False,6.057454788355709e-21,0.03985026997919498,0.01798260455114001,9.691927661369135e-21
상권_코드,3110567,25,5,0.2,0.9142139967031321,True,6.057454788355709e-21,0.03985026997919498,0.01798260455114001,9.691927661369135e-21
상권_코드,3110568,54,15,0.2777777777777778,1.2697416620876834,True,6.057454788355709e-21,0.03985026997919498,0.01798260455114001,9.691927661369135e-21
상권_코드,3110569,106,30,0.2830188679245283,1.2936990519383944,False,6.057454788355709e-21,0.03985026997919498,0.01798260455114001,9.691927661369135e-21
상권_코드,3110570,30,4,0.13333333333333333,0.609475997802088,True,6.057454788355709e-21,0.03985026997919498,0.01798260455114001,9.691927661369135e-21
상권_코드,3110571,38,10,0.2631578947368421,1.2029131535567525,True,6.057454788355709e-21,0.03985026997919498,0.01798260455114001,9.691927661369135e-21
상권_코드,3110572,101,27,0.26732673267326734,1.2219692035140874,False,6.057454788355709e-21,0.03985026997919498,0.01798260455114001,9.691927661369135e-21
상권_코드,3110573,18,3,0.16666666666666666,0.76184499725261,True,6.057454788355709e-21,0.03985026997919498,0.01798260455114001,9.691927661369135e-21
상권_코드,3110575,18,1,0.05555555555555555,0.25394833241753667,True,6.057454788355709e-21,0.03985026997919498,0.01798260455114001,9.691927661369135e-21
상권_코드,3110576,100,9,0.09,0.4113962985164094,False,6.057454788355709e-21,0.03985026997919498,0.01798260455114001,9.691927661369135e-21
상권_코드,3110577,72,11,0.1527777777777778,0.6983579141482259,True,6.057454788355709e-21,0.03985026997919498,0.01798260455114001,9.691927661369135e-21
상권_코드,3110578,146,31,0.21232876712328766,0.970569654034147,False,6.057454788355709e-21,0.03985026997919498,0.01798260455114001,9.691927661369135e-21
상권_코드,3110579,18,0,0.0,0.0,True,6.057454788355709e-21,0.03985026997919498,0.01798260455114001,9.691927661369135e-21
상권_코드,3110580,22,7,0.3181818181818182,1.4544313583913464,True,6.057454788355709e-21,0.03985026997919498,0.01798260455114001,9.691927661369135e-21
상권_코드,3110582,89,14,0.15730337078651685,0.7190447165080813,True,6.057454788355709e-21,0.03985026997919498,0.01798260455114001,9.691927661369135e-21
상권_코드,3110583,34,6,0.17647058823529413,0.8066594088557048,True,6.057454788355709e-21,0.03985026997919498,0.01798260455114001,9.691927661369135e-21
상권_코드,3110584,18,3,0.16666666666666666,0.76184499725261,True,6.057454788355709e-21,0.03985026997919498,0.01798260455114001,9.691927661369135e-21
상권_코드,3110585,6,2,0.3333333333333333,1.52368999450522,True,6.057454788355709e-21,0.03985026997919498,0.01798260455114001,9.691927661369135e-21
상권_코드,3110586,95,14,0.14736842105263157,0.6736313659917814,True,6.057454788355709e-21,0.03985026997919498,0.01798260455114001,9.691927661369135e-21
상권_코드,3110587,34,6,0.17647058823529413,0.8066594088557048,True,6.057454788355709e-21,0.03985026997919498,0.01798260455114001,9.691927661369135e-21
상권_코드,3110588,36,6,0.16666666666666666,0.76184499725261,True,6.057454788355709e-21,0.03985026997919498,0.01798260455114001,9.691927661369135e-21
상권_코드,3110589,16,0,0.0,0.0,True,6.057454788355709e-21,0.03985026997919498,0.01798260455114001,9.691927661369135e-21
상권_코드,3110590,54,14,0.25925925925925924,1.1850922179485044,True,6.057454788355709e-21,0.03985026997919498,0.01798260455114001,9.691927661369135e-21
상권_코드,3110591,39,10,0.2564102564102564,1.1720692265424768,True,6.057454788355709e-21,0.03985026997919498,0.01798260455114001,9.691927661369135e-21
상권_코드,3110592,14,1,0.07142857142857142,0.32650499882254713,True,6.057454788355709e-21,0.03985026997919498,0.01798260455114001,9.691927661369135e-21
상권_코드,3110593,110,26,0.23636363636363636,1.0804347233764287,False,6.057454788355709e-21,0.03985026997919498,0.01798260455114001,9.691927661369135e-21
상권_코드,3110594,49,13,0.2653061224489796,1.212732852769461,True,6.057454788355709e-21,0.03985026997919498,0.01798260455114001,9.691927661369135e-21
상권_코드,3110595,108,22,0.2037037037037037,0.9311438855309677,False,6.057454788355709e-21,0.03985026997919498,0.01798260455114001,9.691927661369135e-21
상권_코드,3110596,42,11,0.2619047619047619,1.197184995682673,True,6.057454788355709e-21,0.03985026997919498,0.01798260455114001,9.691927661369135e-21
상권_코드,3110597,80,12,0.15,0.685660497527349,True,6.057454788355709e-21,0.03985026997919498,0.01798260455114001,9.691927661369135e-21
상권_코드,3110598,135,39,0.28888888888888886,1.3205313285711906,False,6.057454788355709e-21,0.03985026997919498,0.01798260455114001,9.691927661369135e-21
상권_코드,3110599,82,18,0.21951219512195122,1.003405606137584,True,6.057454788355709e-21,0.03985026997919498,0.01798260455114001,9.691927661369135e-21
상권_코드,3110600,90,18,0.2,0.9142139967031321,True,6.057454788355709e-21,0.03985026997919498,0.01798260455114001,9.691927661369135e-21
상권_코드,3110601,85,16,0.18823529411764706,0.8604367027794184,True,6.057454788355709e-21,0.03985026997919498,0.01798260455114001,9.691927661369135e-21
상권_코드,3110602,24,13,0.5416666666666666,2.4759962410709826,True,6.057454788355709e-21,0.03985026997919498,0.01798260455114001,9.691927661369135e-21
상권_코드,3110603,34,8,0.23529411764705882,1.075545878474273,True,6.057454788355709e-21,0.03985026997919498,0.01798260455114001,9.691927661369135e-21
상권_코드,3110604,82,11,0.13414634146341464,0.6131923148618569,True,6.057454788355709e-21,0.03985026997919498,0.01798260455114001,9.691927661369135e-21
상권_코드,3110605,29,1,0.034482758620689655,0.15762310287985035,True,6.057454788355709e-21,0.03985026997919498,0.01798260455114001,9.691927661369135e-21
상권_코드,3110606,124,19,0.1532258064516129,0.700405884570948,False,6.057454788355709e-21,0.03985026997919498,0.01798260455114001,9.691927661369135e-21
상권_코드,3110607,12,1,0.08333333333333333,0.380922498626305,True,6.057454788355709e-21,0.03985026997919498,0.01798260455114001,9.691927661369135e-21
상권_코드,3110608,64,13,0.203125,0.9284985904016184,True,6.057454788355709e-21,0.03985026997919498,0.01798260455114001,9.691927661369135e-21
상권_코드,3110609,18,5,0.2777777777777778,1.2697416620876834,True,6.057454788355709e-21,0.03985026997919498,0.01798260455114001,9.691927661369135e-21
상권_코드,3110610,19,5,0.2631578947368421,1.2029131535567525,True,6.057454788355709e-21,0.03985026997919498,0.01798260455114001,9.691927661369135e-21
상권_코드,3110611,25,8,0.32,1.4627423947250113,True,6.057454788355709e-21,0.03985026997919498,0.01798260455114001,9.691927661369135e-21
상권_코드,3110612,100,26,0.26,1.1884781957140718,False,6.057454788355709e-21,0.03985026997919498,0.01798260455114001,9.691927661369135e-21
상권_코드,3110613,26,3,0.11538461538461539,0.5274311519441147,True,6.057454788355709e-21,0.03985026997919498,0.01798260455114001,9.691927661369135e-21
상권_코드,3110614,48,18,0.375,1.7141512438183726,True,6.057454788355709e-21,0.03985026997919498,0.01798260455114001,9.691927661369135e-21
상권_코드,3110615,63,15,0.23809523809523808,1.088349996075157,True,6.057454788355709e-21,0.03985026997919498,0.01798260455114001,9.691927661369135e-21
상권_코드,3110616,12,2,0.16666666666666666,0.76184499725261,True,6.057454788355709e-21,0.03985026997919498,0.01798260455114001,9.691927661369135e-21
상권_코드,3110617,16,4,0.25,1.1427674958789151,True,6.057454788355709e-21,0.03985026997919498,0.01798260455114001,9.691927661369135e-21
상권_코드,3110618,53,12,0.22641509433962265,1.0349592415507156,True,6.057454788355709e-21,0.03985026997919498,0.01798260455114001,9.691927661369135e-21
상권_코드,3110619,24,3,0.125,0.5713837479394576,True,6.057454788355709e-21,0.03985026997919498,0.01798260455114001,9.691927661369135e-21
상권_코드,3110620,174,25,0.14367816091954022,0.6567629286660431,False,6.057454788355709e-21,0.03985026997919498,0.01798260455114001,9.691927661369135e-21
상권_코드,3110621,39,3,0.07692307692307693,0.3516207679627431,True,6.057454788355709e-21,0.03985026997919498,0.01798260455114001,9.691927661369135e-21
상권_코드,3110622,54,12,0.2222222222222222,1.0157933296701467,True,6.057454788355709e-21,0.03985026997919498,0.01798260455114001,9.691927661369135e-21
상권_코드,3110623,12,0,0.0,0.0,True,6.057454788355709e-21,0.03985026997919498,0.01798260455114001,9.691927661369135e-21
상권_코드,3110624,15,5,0.3333333333333333,1.52368999450522,True,6.057454788355709e-21,0.03985026997919498,0.01798260455114001,9.691927661369135e-21
상권_코드,3110625,168,34,0.20238095238095238,0.9250974966638836,False,6.057454788355709e-21,0.03985026997919498,0.01798260455114001,9.691927661369135e-21
상권_코드,3110626,52,18,0.34615384615384615,1.5822934558323438,True,6.057454788355709e-21,0.03985026997919498,0.01798260455114001,9.691927661369135e-21
상권_코드,3110627,117,16,0.13675213675213677,0.6251035874893212,False,6.057454788355709e-21,0.03985026997919498,0.01798260455114001,9.691927661369135e-21
상권_코드,3110628,5,0,0.0,0.0,True,6.057454788355709e-21,0.03985026997919498,0.01798260455114001,9.691927661369135e-21
상권_코드,3110630,79,17,0.21518987341772153,0.9836479711362813,True,6.057454788355709e-21,0.03985026997919498,0.01798260455114001,9.691927661369135e-21
상권_코드,3110631,42,11,0.2619047619047619,1.197184995682673,True,6.057454788355709e-21,0.03985026997919498,0.01798260455114001,9.691927661369135e-21
상권_코드,3110632,67,21,0.31343283582089554,1.4327234276690877,True,6.057454788355709e-21,0.03985026997919498,0.01798260455114001,9.691927661369135e-21
상권_코드,3110633,30,4,0.13333333333333333,0.609475997802088,True,6.057454788355709e-21,0.03985026997919498,0.01798260455114001,9.691927661369135e-21
상권_코드,3110634,164,52,0.3170731707317073,1.4493636533098435,False,6.057454788355709e-21,0.03985026997919498,0.01798260455114001,9.691927661369135e-21
상권_코드,3110635,40,7,0.175,0.7999372471152405,True,6.057454788355709e-21,0.03985026997919498,0.01798260455114001,9.691927661369135e-21
상권_코드,3110636,53,6,0.11320754716981132,0.5174796207753578,True,6.057454788355709e-21,0.03985026997919498,0.01798260455114001,9.691927661369135e-21
상권_코드,3110637,12,3,0.25,1.1427674958789151,True,6.057454788355709e-21,0.03985026997919498,0.01798260455114001,9.691927661369135e-21
상권_코드,3110638,219,50,0.228310502283105,1.0436232839076849,False,6.057454788355709e-21,0.03985026997919498,0.01798260455114001,9.691927661369135e-21
상권_코드,3110639,41,13,0.3170731707317073,1.4493636533098435,True,6.057454788355709e-21,0.03985026997919498,0.01798260455114001,9.691927661369135e-21
상권_코드,3110640,65,17,0.26153846153846155,1.1955106110733267,True,6.057454788355709e-21,0.03985026997919498,0.01798260455114001,9.691927661369135e-21
상권_코드,3110641,46,12,0.2608695652173913,1.1924530391779982,True,6.057454788355709e-21,0.03985026997919498,0.01798260455114001,9.691927661369135e-21
상권_코드,3110642,6,0,0.0,0.0,True,6.057454788355709e-21,0.03985026997919498,0.01798260455114001,9.691927661369135e-21
상권_코드,3110643,71,11,0.15492957746478872,0.70819394110806,True,6.057454788355709e-21,0.03985026997919498,0.01798260455114001,9.691927661369135e-21
상권_코드,3110644,12,0,0.0,0.0,True,6.057454788355709e-21,0.03985026997919498,0.01798260455114001,9.691927661369135e-21
상권_코드,3110645,147,49,0.3333333333333333,1.52368999450522,False,6.057454788355709e-21,0.03985026997919498,0.01798260455114001,9.691927661369135e-21
상권_코드,3110646,157,36,0.22929936305732485,1.0481434357105972,False,6.057454788355709e-21,0.03985026997919498,0.01798260455114001,9.691927661369135e-21
상권_코드,3110647,114,36,0.3157894736842105,1.443495784268103,False,6.057454788355709e-21,0.03985026997919498,0.01798260455114001,9.691927661369135e-21
상권_코드,3110648,77,9,0.11688311688311688,0.5342809071641681,True,6.057454788355709e-21,0.03985026997919498,0.01798260455114001,9.691927661369135e-21
상권_코드,3110649,81,12,0.14814814814814814,0.677195553113431,True,6.057454788355709e-21,0.03985026997919498,0.01798260455114001,9.691927661369135e-21
상권_코드,3110650,24,1,0.041666666666666664,0.1904612493131525,True,6.057454788355709e-21,0.03985026997919498,0.01798260455114001,9.691927661369135e-21
상권_코드,3110651,94,17,0.18085106382978725,0.8266828693592152,True,6.057454788355709e-21,0.03985026997919498,0.01798260455114001,9.691927661369135e-21
상권_코드,3110652,36,12,0.3333333333333333,1.52368999450522,True,6.057454788355709e-21,0.03985026997919498,0.01798260455114001,9.691927661369135e-21
상권_코드,3110653,72,19,0.2638888888888889,1.2062545789832992,True,6.057454788355709e-21,0.03985026997919498,0.01798260455114001,9.691927661369135e-21
상권_코드,3110654,199,48,0.24120603015075376,1.1025696442650839,False,6.057454788355709e-21,0.03985026997919498,0.01798260455114001,9.691927661369135e-21
상권_코드,3110655,82,17,0.2073170731707317,0.9476608502410514,True,6.057454788355709e-21,0.03985026997919498,0.01798260455114001,9.691927661369135e-21
상권_코드,3110656,116,17,0.14655172413793102,0.6698981872393639,False,6.057454788355709e-21,0.03985026997919498,0.01798260455114001,9.691927661369135e-21
상권_코드,3110657,98,8,0.08163265306122448,0.373148570082911,True,6.057454788355709e-21,0.03985026997919498,0.01798260455114001,9.691927661369135e-21
상권_코드,3110658,58,11,0.1896551724137931,0.8669270658391769,True,6.057454788355709e-21,0.03985026997919498,0.01798260455114001,9.691927661369135e-21
상권_코드,3110659,162,45,0.2777777777777778,1.2697416620876834,False,6.057454788355709e-21,0.03985026997919498,0.01798260455114001,9.691927661369135e-21
상권_코드,3110660,211,48,0.22748815165876776,1.0398642616528515,False,6.057454788355709e-21,0.03985026997919498,0.01798260455114001,9.691927661369135e-21
상권_코드,3110661,24,6,0.25,1.1427674958789151,True,6.057454788355709e-21,0.03985026997919498,0.01798260455114001,9.691927661369135e-21
상권_코드,3110662,129,23,0.17829457364341086,0.8149969738051177,False,6.057454788355709e-21,0.03985026997919498,0.01798260455114001,9.691927661369135e-21
상권_코드,3110663,35,14,0.4,1.8284279934062642,True,6.057454788355709e-21,0.03985026997919498,0.01798260455114001,9.691927661369135e-21
상권_코드,3110664,18,3,0.16666666666666666,0.76184499725261,True,6.057454788355709e-21,0.03985026997919498,0.01798260455114001,9.691927661369135e-21
상권_코드,3110665,96,29,0.3020833333333333,1.3808440575203556,True,6.057454788355709e-21,0.03985026997919498,0.01798260455114001,9.691927661369135e-21
상권_코드,3110666,12,1,0.08333333333333333,0.380922498626305,True,6.057454788355709e-21,0.03985026997919498,0.01798260455114001,9.691927661369135e-21
상권_코드,3110667,111,20,0.18018018018018017,0.8236162132460648,False,6.057454788355709e-21,0.03985026997919498,0.01798260455114001,9.691927661369135e-21
상권_코드,3110668,136,34,0.25,1.1427674958789151,False,6.057454788355709e-21,0.03985026997919498,0.01798260455114001,9.691927661369135e-21
상권_코드,3110669,10,2,0.2,0.9142139967031321,True,6.057454788355709e-21,0.03985026997919498,0.01798260455114001,9.691927661369135e-21
상권_코드,3110670,60,17,0.2833333333333333,1.295136495329437,True,6.057454788355709e-21,0.03985026997919498,0.01798260455114001,9.691927661369135e-21
상권_코드,3110671,129,48,0.37209302325581395,1.7008632496802456,False,6.057454788355709e-21,0.03985026997919498,0.01798260455114001,9.691927661369135e-21
상권_코드,3110672,15,1,0.06666666666666667,0.304737998901044,True,6.057454788355709e-21,0.03985026997919498,0.01798260455114001,9.691927661369135e-21
상권_코드,3110673,85,26,0.3058823529411765,1.398209642016555,True,6.057454788355709e-21,0.03985026997919498,0.01798260455114001,9.691927661369135e-21
상권_코드,3110674,34,8,0.23529411764705882,1.075545878474273,True,6.057454788355709e-21,0.03985026997919498,0.01798260455114001,9.691927661369135e-21
상권_코드,3110675,63,12,0.19047619047619047,0.8706799968601256,True,6.057454788355709e-21,0.03985026997919498,0.01798260455114001,9.691927661369135e-21
상권_코드,3110676,19,5,0.2631578947368421,1.2029131535567525,True,6.057454788355709e-21,0.03985026997919498,0.01798260455114001,9.691927661369135e-21
상권_코드,3110677,9,0,0.0,0.0,True,6.057454788355709e-21,0.03985026997919498,0.01798260455114001,9.691927661369135e-21
상권_코드,3110678,1,0,0.0,0.0,True,6.057454788355709e-21,0.03985026997919498,0.01798260455114001,9.691927661369135e-21
상권_코드,3110679,24,3,0.125,0.5713837479394576,True,6.057454788355709e-21,0.03985026997919498,0.01798260455114001,9.691927661369135e-21
상권_코드,3110680,42,9,0.21428571428571427,0.9795149964676414,True,6.057454788355709e-21,0.03985026997919498,0.01798260455114001,9.691927661369135e-21
상권_코드,3110681,12,1,0.08333333333333333,0.380922498626305,True,6.057454788355709e-21,0.03985026997919498,0.01798260455114001,9.691927661369135e-21
상권_코드,3110683,8,5,0.625,2.8569187396972877,True,6.057454788355709e-21,0.03985026997919498,0.01798260455114001,9.691927661369135e-21
상권_코드,3110684,41,8,0.1951219512195122,0.8919160943445191,True,6.057454788355709e-21,0.03985026997919498,0.01798260455114001,9.691927661369135e-21
상권_코드,3110685,15,6,0.4,1.8284279934062642,True,6.057454788355709e-21,0.03985026997919498,0.01798260455114001,9.691927661369135e-21
상권_코드,3110686,98,23,0.23469387755102042,1.0728021389883693,True,6.057454788355709e-21,0.03985026997919498,0.01798260455114001,9.691927661369135e-21
상권_코드,3110687,6,1,0.16666666666666666,0.76184499725261,True,6.057454788355709e-21,0.03985026997919498,0.01798260455114001,9.691927661369135e-21
상권_코드,3110688,23,4,0.17391304347826086,0.7949686927853322,True,6.057454788355709e-21,0.03985026997919498,0.01798260455114001,9.691927661369135e-21
상권_코드,3110689,54,12,0.2222222222222222,1.0157933296701467,True,6.057454788355709e-21,0.03985026997919498,0.01798260455114001,9.691927661369135e-21
상권_코드,3110690,169,35,0.20710059171597633,0.9466712983612314,False,6.057454788355709e-21,0.03985026997919498,0.01798260455114001,9.691927661369135e-21
상권_코드,3110691,78,27,0.34615384615384615,1.5822934558323438,True,6.057454788355709e-21,0.03985026997919498,0.01798260455114001,9.691927661369135e-21
상권_코드,3110692,18,9,0.5,2.2855349917578303,True,6.057454788355709e-21,0.03985026997919498,0.01798260455114001,9.691927661369135e-21
상권_코드,3110693,6,1,0.16666666666666666,0.76184499725261,True,6.057454788355709e-21,0.03985026997919498,0.01798260455114001,9.691927661369135e-21
상권_코드,3110694,114,39,0.34210526315789475,1.5637870996237786,False,6.057454788355709e-21,0.03985026997919498,0.01798260455114001,9.691927661369135e-21
상권_코드,3110695,165,46,0.2787878787878788,1.274358904495275,False,6.057454788355709e-21,0.03985026997919498,0.01798260455114001,9.691927661369135e-21
상권_코드,3110696,24,4,0.16666666666666666,0.76184499725261,True,6.057454788355709e-21,0.03985026997919498,0.01798260455114001,9.691927661369135e-21
상권_코드,3110697,36,13,0.3611111111111111,1.6506641607139885,True,6.057454788355709e-21,0.03985026997919498,0.01798260455114001,9.691927661369135e-21
상권_코드,3110698,48,18,0.375,1.7141512438183726,True,6.057454788355709e-21,0.03985026997919498,0.01798260455114001,9.691927661369135e-21
상권_코드,3110699,86,26,0.3023255813953488,1.3819513903651994,True,6.057454788355709e-21,0.03985026997919498,0.01798260455114001,9.691927661369135e-21
상권_코드,3110700,42,20,0.47619047619047616,2.176699992150314,True,6.057454788355709e-21,0.03985026997919498,0.01798260455114001,9.691927661369135e-21
상권_코드,3110701,49,9,0.1836734693877551,0.8395842826865498,True,6.057454788355709e-21,0.03985026997919498,0.01798260455114001,9.691927661369135e-21
상권_코드,3110702,36,9,0.25,1.1427674958789151,True,6.057454788355709e-21,0.03985026997919498,0.01798260455114001,9.691927661369135e-21
상권_코드,3110703,114,24,0.21052631578947367,0.9623305228454021,False,6.057454788355709e-21,0.03985026997919498,0.01798260455114001,9.691927661369135e-21
상권_코드,3110704,6,1,0.16666666666666666,0.76184499725261,True,6.057454788355709e-21,0.03985026997919498,0.01798260455114001,9.691927661369135e-21
상권_코드,3110706,117,14,0.11965811965811966,0.546965639053156,False,6.057454788355709e-21,0.03985026997919498,0.01798260455114001,9.691927661369135e-21
상권_코드,3110707,59,12,0.2033898305084746,0.9297091491896259,True,6.057454788355709e-21,0.03985026997919498,0.01798260455114001,9.691927661369135e-21
상권_코드,3110708,19,2,0.10526315789473684,0.48116526142270105,True,6.057454788355709e-21,0.03985026997919498,0.01798260455114001,9.691927661369135e-21
상권_코드,3110709,37,15,0.40540540540540543,1.853136479803646,True,6.057454788355709e-21,0.03985026997919498,0.01798260455114001,9.691927661369135e-21
상권_코드,3110710,124,24,0.1935483870967742,0.8847232226159342,False,6.057454788355709e-21,0.03985026997919498,0.01798260455114001,9.691927661369135e-21
상권_코드,3110711,120,31,0.25833333333333336,1.1808597457415457,False,6.057454788355709e-21,0.03985026997919498,0.01798260455114001,9.691927661369135e-21
상권_코드,3110712,95,9,0.09473684210526316,0.433048735280431,True,6.057454788355709e-21,0.03985026997919498,0.01798260455114001,9.691927661369135e-21
상권_코드,3110713,159,50,0.31446540880503143,1.4374433910426603,False,6.057454788355709e-21,0.03985026997919498,0.01798260455114001,9.691927661369135e-21
상권_코드,3110714,170,41,0.2411764705882353,1.1024345254361299,False,6.057454788355709e-21,0.03985026997919498,0.01798260455114001,9.691927661369135e-21
상권_코드,3110715,15,5,0.3333333333333333,1.52368999450522,True,6.057454788355709e-21,0.03985026997919498,0.01798260455114001,9.691927661369135e-21
상권_코드,3110716,49,9,0.1836734693877551,0.8395842826865498,True,6.057454788355709e-21,0.03985026997919498,0.01798260455114001,9.691927661369135e-21
상권_코드,3110717,171,44,0.2573099415204678,1.1761817501443803,False,6.057454788355709e-21,0.03985026997919498,0.01798260455114001,9.691927661369135e-21
상권_코드,3110718,68,3,0.04411764705882353,0.2016648522139262,True,6.057454788355709e-21,0.03985026997919498,0.01798260455114001,9.691927661369135e-21
상권_코드,3110719,6,4,0.6666666666666666,3.04737998901044,True,6.057454788355709e-21,0.03985026997919498,0.01798260455114001,9.691927661369135e-21
상권_코드,3110720,77,19,0.24675324675324675,1.1279263595687992,True,6.057454788355709e-21,0.03985026997919498,0.01798260455114001,9.691927661369135e-21
상권_코드,3110721,35,3,0.08571428571428572,0.3918059985870566,True,6.057454788355709e-21,0.03985026997919498,0.01798260455114001,9.691927661369135e-21
상권_코드,3110722,44,4,0.09090909090909091,0.41555181668324187,True,6.057454788355709e-21,0.03985026997919498,0.01798260455114001,9.691927661369135e-21
상권_코드,3110723,24,5,0.20833333333333334,0.9523062465657626,True,6.057454788355709e-21,0.03985026997919498,0.01798260455114001,9.691927661369135e-21
상권_코드,3110724,24,2,0.08333333333333333,0.380922498626305,True,6.057454788355709e-21,0.03985026997919498,0.01798260455114001,9.691927661369135e-21
상권_코드,3110725,60,13,0.21666666666666667,0.9903984964283931,True,6.057454788355709e-21,0.03985026997919498,0.01798260455114001,9.691927661369135e-21
상권_코드,3110726,49,11,0.22448979591836735,1.0261585677280054,True,6.057454788355709e-21,0.03985026997919498,0.01798260455114001,9.691927661369135e-21
상권_코드,3110727,21,4,0.19047619047619047,0.8706799968601256,True,6.057454788355709e-21,0.03985026997919498,0.01798260455114001,9.691927661369135e-21
상권_코드,3110728,13,4,0.3076923076923077,1.4064830718509724,True,6.057454788355709e-21,0.03985026997919498,0.01798260455114001,9.691927661369135e-21
상권_코드,3110729,88,14,0.1590909090909091,0.7272156791956732,True,6.057454788355709e-21,0.03985026997919498,0.01798260455114001,9.691927661369135e-21
상권_코드,3110730,53,14,0.2641509433962264,1.2074524484758347,True,6.057454788355709e-21,0.03985026997919498,0.01798260455114001,9.691927661369135e-21
상권_코드,3110731,81,18,0.2222222222222222,1.0157933296701467,True,6.057454788355709e-21,0.03985026997919498,0.01798260455114001,9.691927661369135e-21
상권_코드,3110732,89,27,0.30337078651685395,1.3867290961227285,True,6.057454788355709e-21,0.03985026997919498,0.01798260455114001,9.691927661369135e-21
상권_코드,3110733,6,0,0.0,0.0,True,6.057454788355709e-21,0.03985026997919498,0.01798260455114001,9.691927661369135e-21
상권_코드,3110734,6,0,0.0,0.0,True,6.057454788355709e-21,0.03985026997919498,0.01798260455114001,9.691927661369135e-21
상권_코드,3110735,83,24,0.2891566265060241,1.3217551759563355,True,6.057454788355709e-21,0.03985026997919498,0.01798260455114001,9.691927661369135e-21
상권_코드,3110736,66,12,0.18181818181818182,0.8311036333664837,True,6.057454788355709e-21,0.03985026997919498,0.01798260455114001,9.691927661369135e-21
상권_코드,3110737,30,11,0.36666666666666664,1.676058993955742,True,6.057454788355709e-21,0.03985026997919498,0.01798260455114001,9.691927661369135e-21
상권_코드,3110738,122,27,0.22131147540983606,1.0116302422534658,False,6.057454788355709e-21,0.03985026997919498,0.01798260455114001,9.691927661369135e-21
상권_코드,3110739,6,1,0.16666666666666666,0.76184499725261,True,6.057454788355709e-21,0.03985026997919498,0.01798260455114001,9.691927661369135e-21
상권_코드,3110740,61,12,0.19672131147540983,0.8992268820030807,True,6.057454788355709e-21,0.03985026997919498,0.01798260455114001,9.691927661369135e-21
상권_코드,3110741,105,34,0.3238095238095238,1.4801559946622138,False,6.057454788355709e-21,0.03985026997919498,0.01798260455114001,9.691927661369135e-21
상권_코드,3110742,62,24,0.3870967741935484,1.7694464452318683,True,6.057454788355709e-21,0.03985026997919498,0.01798260455114001,9.691927661369135e-21
상권_코드,3110743,112,19,0.16964285714285715,0.7754493722035495,False,6.057454788355709e-21,0.03985026997919498,0.01798260455114001,9.691927661369135e-21
상권_코드,3110744,139,21,0.1510791366906475,0.6905933068620782,False,6.057454788355709e-21,0.03985026997919498,0.01798260455114001,9.691927661369135e-21
상권_코드,3110745,108,40,0.37037037037037035,1.6929888827835777,False,6.057454788355709e-21,0.03985026997919498,0.01798260455114001,9.691927661369135e-21
상권_코드,3110746,36,8,0.2222222222222222,1.0157933296701467,True,6.057454788355709e-21,0.03985026997919498,0.01798260455114001,9.691927661369135e-21
상권_코드,3110747,34,7,0.20588235294117646,0.9411026436649889,True,6.057454788355709e-21,0.03985026997919498,0.01798260455114001,9.691927661369135e-21
상권_코드,3110748,60,24,0.4,1.8284279934062642,True,6.057454788355709e-21,0.03985026997919498,0.01798260455114001,9.691927661369135e-21
상권_코드,3110749,95,17,0.17894736842105263,0.8179809444185918,True,6.057454788355709e-21,0.03985026997919498,0.01798260455114001,9.691927661369135e-21
상권_코드,3110750,89,17,0.19101123595505617,0.8731257271883845,True,6.057454788355709e-21,0.03985026997919498,0.01798260455114001,9.691927661369135e-21
상권_코드,3110751,52,21,0.40384615384615385,1.8460090318044013,True,6.057454788355709e-21,0.03985026997919498,0.01798260455114001,9.691927661369135e-21
상권_코드,3110752,137,47,0.34306569343065696,1.5681772936148617,False,6.057454788355709e-21,0.03985026997919498,0.01798260455114001,9.691927661369135e-21
상권_코드,3110753,113,23,0.20353982300884957,0.9303947754058424,False,6.057454788355709e-21,0.03985026997919498,0.01798260455114001,9.691927661369135e-21
상권_코드,3110754,89,19,0.21348314606741572,0.9758464009752532,True,6.057454788355709e-21,0.03985026997919498,0.01798260455114001,9.691927661369135e-21
상권_코드,3110755,66,10,0.15151515151515152,0.6925863611387364,True,6.057454788355709e-21,0.03985026997919498,0.01798260455114001,9.691927661369135e-21
상권_코드,3110756,24,16,0.6666666666666666,3.04737998901044,True,6.057454788355709e-21,0.03985026997919498,0.01798260455114001,9.691927661369135e-21
상권_코드,3110757,97,21,0.21649484536082475,0.9896130892147306,True,6.057454788355709e-21,0.03985026997919498,0.01798260455114001,9.691927661369135e-21
상권_코드,3110758,12,3,0.25,1.1427674958789151,True,6.057454788355709e-21,0.03985026997919498,0.01798260455114001,9.691927661369135e-21
상권_코드,3110759,124,16,0.12903225806451613,0.5898154817439561,False,6.057454788355709e-21,0.03985026997919498,0.01798260455114001,9.691927661369135e-21
상권_코드,3110760,42,13,0.30952380952380953,1.4148549948977043,True,6.057454788355709e-21,0.03985026997919498,0.01798260455114001,9.691927661369135e-21
상권_코드,3110762,191,29,0.1518324607329843,0.6940368037798647,False,6.057454788355709e-21,0.03985026997919498,0.01798260455114001,9.691927661369135e-21
상권_코드,3110763,45,8,0.17777777777777778,0.8126346637361174,True,6.057454788355709e-21,0.03985026997919498,0.01798260455114001,9.691927661369135e-21
상권_코드,3110765,14,0,0.0,0.0,True,6.057454788355709e-21,0.03985026997919498,0.01798260455114001,9.691927661369135e-21
상권_코드,3110766,68,16,0.23529411764705882,1.075545878474273,True,6.057454788355709e-21,0.03985026997919498,0.01798260455114001,9.691927661369135e-21
상권_코드,3110767,6,3,0.5,2.2855349917578303,True,6.057454788355709e-21,0.03985026997919498,0.01798260455114001,9.691927661369135e-21
상권_코드,3110768,18,4,0.2222222222222222,1.0157933296701467,True,6.057454788355709e-21,0.03985026997919498,0.01798260455114001,9.691927661369135e-21
상권_코드,3110769,31,5,0.16129032258064516,0.7372693521799452,True,6.057454788355709e-21,0.03985026997919498,0.01798260455114001,9.691927661369135e-21
상권_코드,3110770,36,6,0.16666666666666666,0.76184499725261,True,6.057454788355709e-21,0.03985026997919498,0.01798260455114001,9.691927661369135e-21
상권_코드,3110771,6,0,0.0,0.0,True,6.057454788355709e-21,0.03985026997919498,0.01798260455114001,9.691927661369135e-21
상권_코드,3110772,19,3,0.15789473684210525,0.7217478921340515,True,6.057454788355709e-21,0.03985026997919498,0.01798260455114001,9.691927661369135e-21
상권_코드,3110773,4,2,0.5,2.2855349917578303,True,6.057454788355709e-21,0.03985026997919498,0.01798260455114001,9.691927661369135e-21
상권_코드,3110774,53,8,0.1509433962264151,0.689972827700477,True,6.057454788355709e-21,0.03985026997919498,0.01798260455114001,9.691927661369135e-21
상권_코드,3110775,42,9,0.21428571428571427,0.9795149964676414,True,6.057454788355709e-21,0.03985026997919498,0.01798260455114001,9.691927661369135e-21
상권_코드,3110776,75,20,0.26666666666666666,1.218951995604176,True,6.057454788355709e-21,0.03985026997919498,0.01798260455114001,9.691927661369135e-21
상권_코드,3110777,7,1,0.14285714285714285,0.6530099976450943,True,6.057454788355709e-21,0.03985026997919498,0.01798260455114001,9.691927661369135e-21
상권_코드,3110778,88,12,0.13636363636363635,0.6233277250248627,True,6.057454788355709e-21,0.03985026997919498,0.01798260455114001,9.691927661369135e-21
상권_코드,3110779,6,0,0.0,0.0,True,6.057454788355709e-21,0.03985026997919498,0.01798260455114001,9.691927661369135e-21
상권_코드,3110780,30,4,0.13333333333333333,0.609475997802088,True,6.057454788355709e-21,0.03985026997919498,0.01798260455114001,9.691927661369135e-21
상권_코드,3110781,76,17,0.2236842105263158,1.0224761805232399,True,6.057454788355709e-21,0.03985026997919498,0.01798260455114001,9.691927661369135e-21
상권_코드,3110782,12,1,0.08333333333333333,0.380922498626305,True,6.057454788355709e-21,0.03985026997919498,0.01798260455114001,9.691927661369135e-21
상권_코드,3110783,42,5,0.11904761904761904,0.5441749980375785,True,6.057454788355709e-21,0.03985026997919498,0.01798260455114001,9.691927661369135e-21
상권_코드,3110784,23,10,0.43478260869565216,1.9874217319633305,True,6.057454788355709e-21,0.03985026997919498,0.01798260455114001,9.691927661369135e-21
상권_코드,3110785,76,17,0.2236842105263158,1.0224761805232399,True,6.057454788355709e-21,0.03985026997919498,0.01798260455114001,9.691927661369135e-21
상권_코드,3110786,9,0,0.0,0.0,True,6.057454788355709e-21,0.03985026997919498,0.01798260455114001,9.691927661369135e-21
상권_코드,3110787,121,31,0.256198347107438,1.171100574289136,False,6.057454788355709e-21,0.03985026997919498,0.01798260455114001,9.691927661369135e-21
상권_코드,3110788,12,0,0.0,0.0,True,6.057454788355709e-21,0.03985026997919498,0.01798260455114001,9.691927661369135e-21
상권_코드,3110789,105,17,0.1619047619047619,0.7400779973311069,False,6.057454788355709e-21,0.03985026997919498,0.01798260455114001,9.691927661369135e-21
상권_코드,3110790,83,25,0.30120481927710846,1.3768283082878496,True,6.057454788355709e-21,0.03985026997919498,0.01798260455114001,9.691927661369135e-21
상권_코드,3110791,28,3,0.10714285714285714,0.4897574982338207,True,6.057454788355709e-21,0.03985026997919498,0.01798260455114001,9.691927661369135e-21
상권_코드,3110792,101,22,0.21782178217821782,0.9956786102707379,False,6.057454788355709e-21,0.03985026997919498,0.01798260455114001,9.691927661369135e-21
상권_코드,3110793,12,1,0.08333333333333333,0.380922498626305,True,6.057454788355709e-21,0.03985026997919498,0.01798260455114001,9.691927661369135e-21
상권_코드,3110794,54,10,0.18518518518518517,0.8464944413917889,True,6.057454788355709e-21,0.03985026997919498,0.01798260455114001,9.691927661369135e-21
상권_코드,3110795,6,1,0.16666666666666666,0.76184499725261,True,6.057454788355709e-21,0.03985026997919498,0.01798260455114001,9.691927661369135e-21
상권_코드,3110796,10,0,0.0,0.0,True,6.057454788355709e-21,0.03985026997919498,0.01798260455114001,9.691927661369135e-21
상권_코드,3110797,30,10,0.3333333333333333,1.52368999450522,True,6.057454788355709e-21,0.03985026997919498,0.01798260455114001,9.691927661369135e-21
상권_코드,3110798,6,0,0.0,0.0,True,6.057454788355709e-21,0.03985026997919498,0.01798260455114001,9.691927661369135e-21
상권_코드,3110799,6,4,0.6666666666666666,3.04737998901044,True,6.057454788355709e-21,0.03985026997919498,0.01798260455114001,9.691927661369135e-21
상권_코드,3110800,21,5,0.23809523809523808,1.088349996075157,True,6.057454788355709e-21,0.03985026997919498,0.01798260455114001,9.691927661369135e-21
상권_코드,3110801,6,5,0.8333333333333334,3.8092249862630503,True,6.057454788355709e-21,0.03985026997919498,0.01798260455114001,9.691927661369135e-21
상권_코드,3110802,29,4,0.13793103448275862,0.6304924115194014,True,6.057454788355709e-21,0.03985026997919498,0.01798260455114001,9.691927661369135e-21
상권_코드,3110803,48,6,0.125,0.5713837479394576,True,6.057454788355709e-21,0.03985026997919498,0.01798260455114001,9.691927661369135e-21
상권_코드,3110804,83,26,0.3132530120481928,1.4319014406193635,True,6.057454788355709e-21,0.03985026997919498,0.01798260455114001,9.691927661369135e-21
상권_코드,3110805,23,12,0.5217391304347826,2.3849060783559963,True,6.057454788355709e-21,0.03985026997919498,0.01798260455114001,9.691927661369135e-21
상권_코드,3110807,12,2,0.16666666666666666,0.76184499725261,True,6.057454788355709e-21,0.03985026997919498,0.01798260455114001,9.691927661369135e-21
상권_코드,3110808,6,3,0.5,2.2855349917578303,True,6.057454788355709e-21,0.03985026997919498,0.01798260455114001,9.691927661369135e-21
상권_코드,3110809,36,0,0.0,0.0,True,6.057454788355709e-21,0.03985026997919498,0.01798260455114001,9.691927661369135e-21
상권_코드,3110810,167,23,0.1377245508982036,0.6295485606039533,False,6.057454788355709e-21,0.03985026997919498,0.01798260455114001,9.691927661369135e-21
상권_코드,3110811,24,3,0.125,0.5713837479394576,True,6.057454788355709e-21,0.03985026997919498,0.01798260455114001,9.691927661369135e-21
상권_코드,3110812,54,9,0.16666666666666666,0.76184499725261,True,6.057454788355709e-21,0.03985026997919498,0.01798260455114001,9.691927661369135e-21
상권_코드,3110813,71,18,0.2535211267605634,1.15886281272228,True,6.057454788355709e-21,0.03985026997919498,0.01798260455114001,9.691927661369135e-21
상권_코드,3110814,72,12,0.16666666666666666,0.76184499725261,True,6.057454788355709e-21,0.03985026997919498,0.01798260455114001,9.691927661369135e-21
상권_코드,3110815,107,25,0.2336448598130841,1.0680070054943132,False,6.057454788355709e-21,0.03985026997919498,0.01798260455114001,9.691927661369135e-21
상권_코드,3110816,15,14,0.9333333333333333,4.266331984614617,True,6.057454788355709e-21,0.03985026997919498,0.01798260455114001,9.691927661369135e-21
상권_코드,3110817,24,5,0.20833333333333334,0.9523062465657626,True,6.057454788355709e-21,0.03985026997919498,0.01798260455114001,9.691927661369135e-21
상권_코드,3110818,11,8,0.7272727272727273,3.324414533465935,True,6.057454788355709e-21,0.03985026997919498,0.01798260455114001,9.691927661369135e-21
상권_코드,3110819,129,30,0.23255813953488372,1.0630395310501535,False,6.057454788355709e-21,0.03985026997919498,0.01798260455114001,9.691927661369135e-21
상권_코드,3110820,102,21,0.20588235294117646,0.9411026436649889,False,6.057454788355709e-21,0.03985026997919498,0.01798260455114001,9.691927661369135e-21
상권_코드,3110821,56,10,0.17857142857142858,0.8162624970563679,True,6.057454788355709e-21,0.03985026997919498,0.01798260455114001,9.691927661369135e-21
상권_코드,3110822,16,10,0.625,2.8569187396972877,True,6.057454788355709e-21,0.03985026997919498,0.01798260455114001,9.691927661369135e-21
상권_코드,3110823,31,6,0.1935483870967742,0.8847232226159342,True,6.057454788355709e-21,0.03985026997919498,0.01798260455114001,9.691927661369135e-21
상권_코드,3110824,47,7,0.14893617021276595,0.6807976571193536,True,6.057454788355709e-21,0.03985026997919498,0.01798260455114001,9.691927661369135e-21
상권_코드,3110825,68,22,0.3235294117647059,1.4788755829021254,True,6.057454788355709e-21,0.03985026997919498,0.01798260455114001,9.691927661369135e-21
상권_코드,3110826,79,22,0.27848101265822783,1.27295619794107,True,6.057454788355709e-21,0.03985026997919498,0.01798260455114001,9.691927661369135e-21
상권_코드,3110827,75,15,0.2,0.9142139967031321,True,6.057454788355709e-21,0.03985026997919498,0.01798260455114001,9.691927661369135e-21
상권_코드,3110828,107,32,0.29906542056074764,1.3670489670327206,False,6.057454788355709e-21,0.03985026997919498,0.01798260455114001,9.691927661369135e-21
상권_코드,3110829,9,1,0.1111111111111111,0.5078966648350733,True,6.057454788355709e-21,0.03985026997919498,0.01798260455114001,9.691927661369135e-21
상권_코드,3110830,42,17,0.40476190476190477,1.8501949933277673,True,6.057454788355709e-21,0.03985026997919498,0.01798260455114001,9.691927661369135e-21
상권_코드,3110831,39,7,0.1794871794871795,0.8204484585797339,True,6.057454788355709e-21,0.03985026997919498,0.01798260455114001,9.691927661369135e-21
상권_코드,3110832,27,13,0.48148148148148145,2.200885547618651,True,6.057454788355709e-21,0.03985026997919498,0.01798260455114001,9.691927661369135e-21
상권_코드,3110833,42,12,0.2857142857142857,1.3060199952901885,True,6.057454788355709e-21,0.03985026997919498,0.01798260455114001,9.691927661369135e-21
상권_코드,3110834,9,1,0.1111111111111111,0.5078966648350733,True,6.057454788355709e-21,0.03985026997919498,0.01798260455114001,9.691927661369135e-21
상권_코드,3110835,28,6,0.21428571428571427,0.9795149964676414,True,6.057454788355709e-21,0.03985026997919498,0.01798260455114001,9.691927661369135e-21
상권_코드,3110836,170,39,0.22941176470588234,1.048657231512416,False,6.057454788355709e-21,0.03985026997919498,0.01798260455114001,9.691927661369135e-21
상권_코드,3110837,143,33,0.23076923076923078,1.0548623038882294,False,6.057454788355709e-21,0.03985026997919498,0.01798260455114001,9.691927661369135e-21
상권_코드,3110838,21,3,0.14285714285714285,0.6530099976450943,True,6.057454788355709e-21,0.03985026997919498,0.01798260455114001,9.691927661369135e-21
상권_코드,3110839,102,10,0.09803921568627451,0.44814411603094706,False,6.057454788355709e-21,0.03985026997919498,0.01798260455114001,9.691927661369135e-21
상권_코드,3110840,90,7,0.07777777777777778,0.35552766538455133,True,6.057454788355709e-21,0.03985026997919498,0.01798260455114001,9.691927661369135e-21
상권_코드,3110841,2,0,0.0,0.0,True,6.057454788355709e-21,0.03985026997919498,0.01798260455114001,9.691927661369135e-21
상권_코드,3110842,72,13,0.18055555555555555,0.8253320803569942,True,6.057454788355709e-21,0.03985026997919498,0.01798260455114001,9.691927661369135e-21
상권_코드,3110843,22,1,0.045454545454545456,0.20777590834162094,True,6.057454788355709e-21,0.03985026997919498,0.01798260455114001,9.691927661369135e-21
상권_코드,3110845,17,4,0.23529411764705882,1.075545878474273,True,6.057454788355709e-21,0.03985026997919498,0.01798260455114001,9.691927661369135e-21
상권_코드,3110846,141,30,0.2127659574468085,0.9725680815990766,False,6.057454788355709e-21,0.03985026997919498,0.01798260455114001,9.691927661369135e-21
상권_코드,3110847,24,11,0.4583333333333333,2.0950737424446775,True,6.057454788355709e-21,0.03985026997919498,0.01798260455114001,9.691927661369135e-21
상권_코드,3110848,81,27,0.3333333333333333,1.52368999450522,True,6.057454788355709e-21,0.03985026997919498,0.01798260455114001,9.691927661369135e-21
상권_코드,3110849,37,6,0.16216216216216217,0.7412545919214585,True,6.057454788355709e-21,0.03985026997919498,0.01798260455114001,9.691927661369135e-21
상권_코드,3110850,178,36,0.20224719101123595,0.9244860640818189,False,6.057454788355709e-21,0.03985026997919498,0.01798260455114001,9.691927661369135e-21
상권_코드,3110851,24,8,0.3333333333333333,1.52368999450522,True,6.057454788355709e-21,0.03985026997919498,0.01798260455114001,9.691927661369135e-21
상권_코드,3110852,54,11,0.2037037037037037,0.9311438855309677,True,6.057454788355709e-21,0.03985026997919498,0.01798260455114001,9.691927661369135e-21
상권_코드,3110853,35,5,0.14285714285714285,0.6530099976450943,True,6.057454788355709e-21,0.03985026997919498,0.01798260455114001,9.691927661369135e-21
상권_코드,3110854,25,5,0.2,0.9142139967031321,True,6.057454788355709e-21,0.03985026997919498,0.01798260455114001,9.691927661369135e-21
상권_코드,3110855,138,32,0.2318840579710145,1.0599582570471096,False,6.057454788355709e-21,0.03985026997919498,0.01798260455114001,9.691927661369135e-21
상권_코드,3110856,140,30,0.21428571428571427,0.9795149964676414,False,6.057454788355709e-21,0.03985026997919498,0.01798260455114001,9.691927661369135e-21
상권_코드,3110857,64,7,0.109375,0.4999607794470253,True,6.057454788355709e-21,0.03985026997919498,0.01798260455114001,9.691927661369135e-21
상권_코드,3110858,55,8,0.14545454545454545,0.664882906693187,True,6.057454788355709e-21,0.03985026997919498,0.01798260455114001,9.691927661369135e-21
상권_코드,3110859,29,6,0.20689655172413793,0.9457386172791021,True,6.057454788355709e-21,0.03985026997919498,0.01798260455114001,9.691927661369135e-21
상권_코드,3110860,42,9,0.21428571428571427,0.9795149964676414,True,6.057454788355709e-21,0.03985026997919498,0.01798260455114001,9.691927661369135e-21
상권_코드,3110861,150,34,0.22666666666666666,1.0361091962635496,False,6.057454788355709e-21,0.03985026997919498,0.01798260455114001,9.691927661369135e-21
상권_코드,3110862,36,5,0.1388888888888889,0.6348708310438417,True,6.057454788355709e-21,0.03985026997919498,0.01798260455114001,9.691927661369135e-21
상권_코드,3110863,103,27,0.2621359223300971,1.1982416461642993,False,6.057454788355709e-21,0.03985026997919498,0.01798260455114001,9.691927661369135e-21
상권_코드,3110864,32,9,0.28125,1.2856134328637794,True,6.057454788355709e-21,0.03985026997919498,0.01798260455114001,9.691927661369135e-21
상권_코드,3110865,176,46,0.26136363636363635,1.1947114729643202,False,6.057454788355709e-21,0.03985026997919498,0.01798260455114001,9.691927661369135e-21
상권_코드,3110866,47,15,0.3191489361702128,1.458852122398615,True,6.057454788355709e-21,0.03985026997919498,0.01798260455114001,9.691927661369135e-21
상권_코드,3110867,43,11,0.2558139534883721,1.1693434841551689,True,6.057454788355709e-21,0.03985026997919498,0.01798260455114001,9.691927661369135e-21
상권_코드,3110868,33,6,0.18181818181818182,0.8311036333664837,True,6.057454788355709e-21,0.03985026997919498,0.01798260455114001,9.691927661369135e-21
상권_코드,3110869,107,21,0.19626168224299065,0.897125884615223,False,6.057454788355709e-21,0.03985026997919498,0.01798260455114001,9.691927661369135e-21
상권_코드,3110870,2,1,0.5,2.2855349917578303,True,6.057454788355709e-21,0.03985026997919498,0.01798260455114001,9.691927661369135e-21
상권_코드,3110871,84,15,0.17857142857142858,0.8162624970563679,True,6.057454788355709e-21,0.03985026997919498,0.01798260455114001,9.691927661369135e-21
상권_코드,3110872,16,3,0.1875,0.8570756219091863,True,6.057454788355709e-21,0.03985026997919498,0.01798260455114001,9.691927661369135e-21
상권_코드,3110873,157,46,0.2929936305732484,1.339294390074652,False,6.057454788355709e-21,0.03985026997919498,0.01798260455114001,9.691927661369135e-21
상권_코드,3110874,31,6,0.1935483870967742,0.8847232226159342,True,6.057454788355709e-21,0.03985026997919498,0.01798260455114001,9.691927661369135e-21
상권_코드,3110875,31,4,0.12903225806451613,0.5898154817439561,True,6.057454788355709e-21,0.03985026997919498,0.01798260455114001,9.691927661369135e-21
상권_코드,3110876,27,4,0.14814814814814814,0.677195553113431,True,6.057454788355709e-21,0.03985026997919498,0.01798260455114001,9.691927661369135e-21
상권_코드,3110877,87,18,0.20689655172413793,0.9457386172791021,True,6.057454788355709e-21,0.03985026997919498,0.01798260455114001,9.691927661369135e-21
상권_코드,3110878,6,2,0.3333333333333333,1.52368999450522,True,6.057454788355709e-21,0.03985026997919498,0.01798260455114001,9.691927661369135e-21
상권_코드,3110879,24,6,0.25,1.1427674958789151,True,6.057454788355709e-21,0.03985026997919498,0.01798260455114001,9.691927661369135e-21
상권_코드,3110880,12,0,0.0,0.0,True,6.057454788355709e-21,0.03985026997919498,0.01798260455114001,9.691927661369135e-21
상권_코드,3110881,129,41,0.3178294573643411,1.4528206924352098,False,6.057454788355709e-21,0.03985026997919498,0.01798260455114001,9.691927661369135e-21
상권_코드,3110882,85,13,0.15294117647058825,0.6991048210082775,True,6.057454788355709e-21,0.03985026997919498,0.01798260455114001,9.691927661369135e-21
상권_코드,3110883,134,38,0.2835820895522388,1.2962735774148886,False,6.057454788355709e-21,0.03985026997919498,0.01798260455114001,9.691927661369135e-21
상권_코드,3110884,44,14,0.3181818181818182,1.4544313583913464,True,6.057454788355709e-21,0.03985026997919498,0.01798260455114001,9.691927661369135e-21
상권_코드,3110885,96,23,0.23958333333333334,1.095152183550627,True,6.057454788355709e-21,0.03985026997919498,0.01798260455114001,9.691927661369135e-21
상권_코드,3110886,52,15,0.28846153846153844,1.3185778798602865,True,6.057454788355709e-21,0.03985026997919498,0.01798260455114001,9.691927661369135e-21
상권_코드,3110887,11,1,0.09090909090909091,0.41555181668324187,True,6.057454788355709e-21,0.03985026997919498,0.01798260455114001,9.691927661369135e-21
상권_코드,3110888,72,22,0.3055555555555556,1.3967158282964518,True,6.057454788355709e-21,0.03985026997919498,0.01798260455114001,9.691927661369135e-21
상권_코드,3110889,13,5,0.38461538461538464,1.7581038398137157,True,6.057454788355709e-21,0.03985026997919498,0.01798260455114001,9.691927661369135e-21
상권_코드,3110890,60,8,0.13333333333333333,0.609475997802088,True,6.057454788355709e-21,0.03985026997919498,0.01798260455114001,9.691927661369135e-21
상권_코드,3110891,42,10,0.23809523809523808,1.088349996075157,True,6.057454788355709e-21,0.03985026997919498,0.01798260455114001,9.691927661369135e-21
상권_코드,3110892,165,52,0.3151515151515151,1.4405796311685717,False,6.057454788355709e-21,0.03985026997919498,0.01798260455114001,9.691927661369135e-21
상권_코드,3110893,6,0,0.0,0.0,True,6.057454788355709e-21,0.03985026997919498,0.01798260455114001,9.691927661369135e-21
상권_코드,3110895,134,29,0.21641791044776118,0.9892614143429413,False,6.057454788355709e-21,0.03985026997919498,0.01798260455114001,9.691927661369135e-21
상권_코드,3110896,44,10,0.22727272727272727,1.0388795417081045,True,6.057454788355709e-21,0.03985026997919498,0.01798260455114001,9.691927661369135e-21
상권_코드,3110897,75,17,0.22666666666666666,1.0361091962635496,True,6.057454788355709e-21,0.03985026997919498,0.01798260455114001,9.691927661369135e-21
상권_코드,3110898,6,1,0.16666666666666666,0.76184499725261,True,6.057454788355709e-21,0.03985026997919498,0.01798260455114001,9.691927661369135e-21
상권_코드,3110899,16,5,0.3125,1.4284593698486439,True,6.057454788355709e-21,0.03985026997919498,0.01798260455114001,9.691927661369135e-21
상권_코드,3110900,86,15,0.1744186046511628,0.7972796482876152,True,6.057454788355709e-21,0.03985026997919498,0.01798260455114001,9.691927661369135e-21
상권_코드,3110901,56,17,0.30357142857142855,1.3876462449958253,True,6.057454788355709e-21,0.03985026997919498,0.01798260455114001,9.691927661369135e-21
상권_코드,3110902,154,34,0.22077922077922077,1.009197269087873,False,6.057454788355709e-21,0.03985026997919498,0.01798260455114001,9.691927661369135e-21
상권_코드,3110903,73,22,0.3013698630136986,1.3775827347581442,True,6.057454788355709e-21,0.03985026997919498,0.01798260455114001,9.691927661369135e-21
상권_코드,3110904,42,17,0.40476190476190477,1.8501949933277673,True,6.057454788355709e-21,0.03985026997919498,0.01798260455114001,9.691927661369135e-21
상권_코드,3110905,50,18,0.36,1.6455851940656376,True,6.057454788355709e-21,0.03985026997919498,0.01798260455114001,9.691927661369135e-21
상권_코드,3110906,4,4,1.0,4.5710699835156605,True,6.057454788355709e-21,0.03985026997919498,0.01798260455114001,9.691927661369135e-21
상권_코드,3110907,82,11,0.13414634146341464,0.6131923148618569,True,6.057454788355709e-21,0.03985026997919498,0.01798260455114001,9.691927661369135e-21
상권_코드,3110908,59,25,0.423728813559322,1.9368940608117202,True,6.057454788355709e-21,0.03985026997919498,0.01798260455114001,9.691927661369135e-21
상권_코드,3110910,12,4,0.3333333333333333,1.52368999450522,True,6.057454788355709e-21,0.03985026997919498,0.01798260455114001,9.691927661369135e-21
상권_코드,3110912,72,8,0.1111111111111111,0.5078966648350733,True,6.057454788355709e-21,0.03985026997919498,0.01798260455114001,9.691927661369135e-21
상권_코드,3110913,45,15,0.3333333333333333,1.52368999450522,True,6.057454788355709e-21,0.03985026997919498,0.01798260455114001,9.691927661369135e-21
상권_코드,3110915,24,8,0.3333333333333333,1.52368999450522,True,6.057454788355709e-21,0.03985026997919498,0.01798260455114001,9.691927661369135e-21
상권_코드,3110916,54,11,0.2037037037037037,0.9311438855309677,True,6.057454788355709e-21,0.03985026997919498,0.01798260455114001,9.691927661369135e-21
상권_코드,3110917,7,0,0.0,0.0,True,6.057454788355709e-21,0.03985026997919498,0.01798260455114001,9.691927661369135e-21
상권_코드,3110918,30,1,0.03333333333333333,0.152368999450522,True,6.057454788355709e-21,0.03985026997919498,0.01798260455114001,9.691927661369135e-21
상권_코드,3110919,10,2,0.2,0.9142139967031321,True,6.057454788355709e-21,0.03985026997919498,0.01798260455114001,9.691927661369135e-21
상권_코드,3110921,25,6,0.24,1.0970567960437585,True,6.057454788355709e-21,0.03985026997919498,0.01798260455114001,9.691927661369135e-21
상권_코드,3110922,15,2,0.13333333333333333,0.609475997802088,True,6.057454788355709e-21,0.03985026997919498,0.01798260455114001,9.691927661369135e-21
상권_코드,3110924,22,4,0.18181818181818182,0.8311036333664837,True,6.057454788355709e-21,0.03985026997919498,0.01798260455114001,9.691927661369135e-21
상권_코드,3110925,51,5,0.09803921568627451,0.44814411603094706,True,6.057454788355709e-21,0.03985026997919498,0.01798260455114001,9.691927661369135e-21
상권_코드,3110926,38,10,0.2631578947368421,1.2029131535567525,True,6.057454788355709e-21,0.03985026997919498,0.01798260455114001,9.691927661369135e-21
상권_코드,3110927,8,3,0.375,1.7141512438183726,True,6.057454788355709e-21,0.03985026997919498,0.01798260455114001,9.691927661369135e-21
상권_코드,3110929,43,16,0.37209302325581395,1.7008632496802456,True,6.057454788355709e-21,0.03985026997919498,0.01798260455114001,9.691927661369135e-21
상권_코드,3110930,34,7,0.20588235294117646,0.9411026436649889,True,6.057454788355709e-21,0.03985026997919498,0.01798260455114001,9.691927661369135e-21
상권_코드,3110931,6,5,0.8333333333333334,3.8092249862630503,True,6.057454788355709e-21,0.03985026997919498,0.01798260455114001,9.691927661369135e-21
상권_코드,3110932,6,0,0.0,0.0,True,6.057454788355709e-21,0.03985026997919498,0.01798260455114001,9.691927661369135e-21
상권_코드,3110933,2,0,0.0,0.0,True,6.057454788355709e-21,0.03985026997919498,0.01798260455114001,9.691927661369135e-21
상권_코드,3110934,72,20,0.2777777777777778,1.2697416620876834,True,6.057454788355709e-21,0.03985026997919498,0.01798260455114001,9.691927661369135e-21
상권_코드,3110936,24,8,0.3333333333333333,1.52368999450522,True,6.057454788355709e-21,0.03985026997919498,0.01798260455114001,9.691927661369135e-21
상권_코드,3110937,22,1,0.045454545454545456,0.20777590834162094,True,6.057454788355709e-21,0.03985026997919498,0.01798260455114001,9.691927661369135e-21
상권_코드,3110938,28,1,0.03571428571428571,0.16325249941127357,True,6.057454788355709e-21,0.03985026997919498,0.01798260455114001,9.691927661369135e-21
상권_코드,3110939,163,31,0.1901840490797546,0.8693445980919354,False,6.057454788355709e-21,0.03985026997919498,0.01798260455114001,9.691927661369135e-21
상권_코드,3110940,17,0,0.0,0.0,True,6.057454788355709e-21,0.03985026997919498,0.01798260455114001,9.691927661369135e-21
상권_코드,3110941,11,2,0.18181818181818182,0.8311036333664837,True,6.057454788355709e-21,0.03985026997919498,0.01798260455114001,9.691927661369135e-21
상권_코드,3110942,108,20,0.18518518518518517,0.8464944413917889,False,6.057454788355709e-21,0.03985026997919498,0.01798260455114001,9.691927661369135e-21
상권_코드,3110943,51,12,0.23529411764705882,1.075545878474273,True,6.057454788355709e-21,0.03985026997919498,0.01798260455114001,9.691927661369135e-21
상권_코드,3110945,2,1,0.5,2.2855349917578303,True,6.057454788355709e-21,0.03985026997919498,0.01798260455114001,9.691927661369135e-21
상권_코드,3110946,24,6,0.25,1.1427674958789151,True,6.057454788355709e-21,0.03985026997919498,0.01798260455114001,9.691927661369135e-21
상권_코드,3110947,6,0,0.0,0.0,True,6.057454788355709e-21,0.03985026997919498,0.01798260455114001,9.691927661369135e-21
상권_코드,3110948,6,3,0.5,2.2855349917578303,True,6.057454788355709e-21,0.03985026997919498,0.01798260455114001,9.691927661369135e-21
상권_코드,3110949,27,2,0.07407407407407407,0.3385977765567155,True,6.057454788355709e-21,0.03985026997919498,0.01798260455114001,9.691927661369135e-21
상권_코드,3110951,29,4,0.13793103448275862,0.6304924115194014,True,6.057454788355709e-21,0.03985026997919498,0.01798260455114001,9.691927661369135e-21
상권_코드,3110953,1,0,0.0,0.0,True,6.057454788355709e-21,0.03985026997919498,0.01798260455114001,9.691927661369135e-21
상권_코드,3110954,9,4,0.4444444444444444,2.0315866593402934,True,6.057454788355709e-21,0.03985026997919498,0.01798260455114001,9.691927661369135e-21
상권_코드,3110955,92,19,0.20652173913043478,0.944025322682582,True,6.057454788355709e-21,0.03985026997919498,0.01798260455114001,9.691927661369135e-21
상권_코드,3110956,12,6,0.5,2.2855349917578303,True,6.057454788355709e-21,0.03985026997919498,0.01798260455114001,9.691927661369135e-21
상권_코드,3110957,55,14,0.2545454545454545,1.163545086713077,True,6.057454788355709e-21,0.03985026997919498,0.01798260455114001,9.691927661369135e-21
상권_코드,3110958,10,7,0.7,3.199748988460962,True,6.057454788355709e-21,0.03985026997919498,0.01798260455114001,9.691927661369135e-21
상권_코드,3110959,12,1,0.08333333333333333,0.380922498626305,True,6.057454788355709e-21,0.03985026997919498,0.01798260455114001,9.691927661369135e-21
상권_코드,3110960,6,0,0.0,0.0,True,6.057454788355709e-21,0.03985026997919498,0.01798260455114001,9.691927661369135e-21
상권_코드,3110961,49,9,0.1836734693877551,0.8395842826865498,True,6.057454788355709e-21,0.03985026997919498,0.01798260455114001,9.691927661369135e-21
상권_코드,3110962,24,5,0.20833333333333334,0.9523062465657626,True,6.057454788355709e-21,0.03985026997919498,0.01798260455114001,9.691927661369135e-21
상권_코드,3110963,18,0,0.0,0.0,True,6.057454788355709e-21,0.03985026997919498,0.01798260455114001,9.691927661369135e-21
상권_코드,3110965,40,10,0.25,1.1427674958789151,True,6.057454788355709e-21,0.03985026997919498,0.01798260455114001,9.691927661369135e-21
상권_코드,3110966,84,22,0.2619047619047619,1.197184995682673,True,6.057454788355709e-21,0.03985026997919498,0.01798260455114001,9.691927661369135e-21
상권_코드,3110967,54,11,0.2037037037037037,0.9311438855309677,True,6.057454788355709e-21,0.03985026997919498,0.01798260455114001,9.691927661369135e-21
상권_코드,3110968,18,7,0.3888888888888889,1.7776383269227567,True,6.057454788355709e-21,0.03985026997919498,0.01798260455114001,9.691927661369135e-21
상권_코드,3110969,18,4,0.2222222222222222,1.0157933296701467,True,6.057454788355709e-21,0.03985026997919498,0.01798260455114001,9.691927661369135e-21
상권_코드,3110970,6,1,0.16666666666666666,0.76184499725261,True,6.057454788355709e-21,0.03985026997919498,0.01798260455114001,9.691927661369135e-21
상권_코드,3110971,42,8,0.19047619047619047,0.8706799968601256,True,6.057454788355709e-21,0.03985026997919498,0.01798260455114001,9.691927661369135e-21
상권_코드,3110972,19,6,0.3157894736842105,1.443495784268103,True,6.057454788355709e-21,0.03985026997919498,0.01798260455114001,9.691927661369135e-21
상권_코드,3110973,43,5,0.11627906976744186,0.5315197655250767,True,6.057454788355709e-21,0.03985026997919498,0.01798260455114001,9.691927661369135e-21
상권_코드,3110974,9,4,0.4444444444444444,2.0315866593402934,True,6.057454788355709e-21,0.03985026997919498,0.01798260455114001,9.691927661369135e-21
상권_코드,3110975,12,2,0.16666666666666666,0.76184499725261,True,6.057454788355709e-21,0.03985026997919498,0.01798260455114001,9.691927661369135e-21
상권_코드,3110976,45,9,0.2,0.9142139967031321,True,6.057454788355709e-21,0.03985026997919498,0.01798260455114001,9.691927661369135e-21
상권_코드,3110977,12,3,0.25,1.1427674958789151,True,6.057454788355709e-21,0.03985026997919498,0.01798260455114001,9.691927661369135e-21
상권_코드,3110978,1,0,0.0,0.0,True,6.057454788355709e-21,0.03985026997919498,0.01798260455114001,9.691927661369135e-21
상권_코드,3110979,16,3,0.1875,0.8570756219091863,True,6.057454788355709e-21,0.03985026997919498,0.01798260455114001,9.691927661369135e-21
상권_코드,3110980,23,7,0.30434782608695654,1.3911952123743314,True,6.057454788355709e-21,0.03985026997919498,0.01798260455114001,9.691927661369135e-21
상권_코드,3110981,73,19,0.2602739726027397,1.1897305436547607,True,6.057454788355709e-21,0.03985026997919498,0.01798260455114001,9.691927661369135e-21
상권_코드,3110982,37,4,0.10810810810810811,0.49416972794763897,True,6.057454788355709e-21,0.03985026997919498,0.01798260455114001,9.691927661369135e-21
상권_코드,3110983,42,8,0.19047619047619047,0.8706799968601256,True,6.057454788355709e-21,0.03985026997919498,0.01798260455114001,9.691927661369135e-21
상권_코드,3110984,94,21,0.22340425531914893,1.0211964856790303,True,6.057454788355709e-21,0.03985026997919498,0.01798260455114001,9.691927661369135e-21
상권_코드,3110985,6,3,0.5,2.2855349917578303,True,6.057454788355709e-21,0.03985026997919498,0.01798260455114001,9.691927661369135e-21
상권_코드,3110986,6,1,0.16666666666666666,0.76184499725261,True,6.057454788355709e-21,0.03985026997919498,0.01798260455114001,9.691927661369135e-21
상권_코드,3110988,10,4,0.4,1.8284279934062642,True,6.057454788355709e-21,0.03985026997919498,0.01798260455114001,9.691927661369135e-21
상권_코드,3110989,39,11,0.28205128205128205,1.2892761491967246,True,6.057454788355709e-21,0.03985026997919498,0.01798260455114001,9.691927661369135e-21
상권_코드,3110990,5,1,0.2,0.9142139967031321,True,6.057454788355709e-21,0.03985026997919498,0.01798260455114001,9.691927661369135e-21
상권_코드,3110991,18,2,0.1111111111111111,0.5078966648350733,True,6.057454788355709e-21,0.03985026997919498,0.01798260455114001,9.691927661369135e-21
상권_코드,3110992,109,17,0.1559633027522936,0.7129191717409745,False,6.057454788355709e-21,0.03985026997919498,0.01798260455114001,9.691927661369135e-21
상권_코드,3110994,98,11,0.11224489795918367,0.5130792838640027,True,6.057454788355709e-21,0.03985026997919498,0.01798260455114001,9.691927661369135e-21
상권_코드,3110995,32,7,0.21875,0.9999215588940507,True,6.057454788355709e-21,0.03985026997919498,0.01798260455114001,9.691927661369135e-21
상권_코드,3110996,30,4,0.13333333333333333,0.609475997802088,True,6.057454788355709e-21,0.03985026997919498,0.01798260455114001,9.691927661369135e-21
상권_코드,3110997,235,42,0.17872340425531916,0.8169571885432244,False,6.057454788355709e-21,0.03985026997919498,0.01798260455114001,9.691927661369135e-21
상권_코드,3110998,15,4,0.26666666666666666,1.218951995604176,True,6.057454788355709e-21,0.03985026997919498,0.01798260455114001,9.691927661369135e-21
상권_코드,3110999,54,13,0.24074074074074073,1.1004427738093254,True,6.057454788355709e-21,0.03985026997919498,0.01798260455114001,9.691927661369135e-21
상권_코드,3111000,17,6,0.35294117647058826,1.6133188177114095,True,6.057454788355709e-21,0.03985026997919498,0.01798260455114001,9.691927661369135e-21
상권_코드,3111001,22,2,0.09090909090909091,0.41555181668324187,True,6.057454788355709e-21,0.03985026997919498,0.01798260455114001,9.691927661369135e-21
상권_코드,3111002,18,4,0.2222222222222222,1.0157933296701467,True,6.057454788355709e-21,0.03985026997919498,0.01798260455114001,9.691927661369135e-21
상권_코드,3111003,209,53,0.2535885167464115,1.1591708570637798,False,6.057454788355709e-21,0.03985026997919498,0.01798260455114001,9.691927661369135e-21
상권_코드,3111004,216,40,0.18518518518518517,0.8464944413917889,False,6.057454788355709e-21,0.03985026997919498,0.01798260455114001,9.691927661369135e-21
상권_코드,3111005,151,38,0.25165562913907286,1.1503354925403648,False,6.057454788355709e-21,0.03985026997919498,0.01798260455114001,9.691927661369135e-21
상권_코드,3111006,171,41,0.23976608187134502,1.0959875399072634,False,6.057454788355709e-21,0.03985026997919498,0.01798260455114001,9.691927661369135e-21
상권_코드,3111007,93,30,0.3225806451612903,1.4745387043598903,True,6.057454788355709e-21,0.03985026997919498,0.01798260455114001,9.691927661369135e-21
상권_코드,3111008,94,44,0.46808510638297873,2.1396497795179688,True,6.057454788355709e-21,0.03985026997919498,0.01798260455114001,9.691927661369135e-21
상권_코드,3111009,28,6,0.21428571428571427,0.9795149964676414,True,6.057454788355709e-21,0.03985026997919498,0.01798260455114001,9.691927661369135e-21
상권_코드,3111010,132,35,0.26515151515151514,1.2120261319927885,False,6.057454788355709e-21,0.03985026997919498,0.01798260455114001,9.691927661369135e-21
상권_코드,3111011,72,13,0.18055555555555555,0.8253320803569942,True,6.057454788355709e-21,0.03985026997919498,0.01798260455114001,9.691927661369135e-21
상권_코드,3111012,91,24,0.26373626373626374,1.2055569187294048,True,6.057454788355709e-21,0.03985026997919498,0.01798260455114001,9.691927661369135e-21
상권_코드,3111013,147,41,0.2789115646258503,1.2749242811166126,False,6.057454788355709e-21,0.03985026997919498,0.01798260455114001,9.691927661369135e-21
상권_코드,3111014,49,18,0.3673469387755102,1.6791685653730997,True,6.057454788355709e-21,0.03985026997919498,0.01798260455114001,9.691927661369135e-21
상권_코드,3111015,150,24,0.16,0.7313711973625057,False,6.057454788355709e-21,0.03985026997919498,0.01798260455114001,9.691927661369135e-21
상권_코드,3111016,41,8,0.1951219512195122,0.8919160943445191,True,6.057454788355709e-21,0.03985026997919498,0.01798260455114001,9.691927661369135e-21
상권_코드,3111017,12,0,0.0,0.0,True,6.057454788355709e-21,0.03985026997919498,0.01798260455114001,9.691927661369135e-21
상권_코드,3111019,108,16,0.14814814814814814,0.677195553113431,False,6.057454788355709e-21,0.03985026997919498,0.01798260455114001,9.691927661369135e-21
상권_코드,3111020,84,20,0.23809523809523808,1.088349996075157,True,6.057454788355709e-21,0.03985026997919498,0.01798260455114001,9.691927661369135e-21
상권_코드,3111021,179,36,0.2011173184357542,0.9193213374668368,False,6.057454788355709e-21,0.03985026997919498,0.01798260455114001,9.691927661369135e-21
상권_코드,3111022,36,9,0.25,1.1427674958789151,True,6.057454788355709e-21,0.03985026997919498,0.01798260455114001,9.691927661369135e-21
상권_코드,3111023,60,6,0.1,0.45710699835156604,True,6.057454788355709e-21,0.03985026997919498,0.01798260455114001,9.691927661369135e-21
상권_코드,3111024,20,0,0.0,0.0,True,6.057454788355709e-21,0.03985026997919498,0.01798260455114001,9.691927661369135e-21
상권_코드,3111025,31,10,0.3225806451612903,1.4745387043598903,True,6.057454788355709e-21,0.03985026997919498,0.01798260455114001,9.691927661369135e-21
상권_코드,3111026,112,15,0.13392857142857142,0.6121968727922759,False,6.057454788355709e-21,0.03985026997919498,0.01798260455114001,9.691927661369135e-21
상권_코드,3111027,132,40,0.30303030303030304,1.3851727222774728,False,6.057454788355709e-21,0.03985026997919498,0.01798260455114001,9.691927661369135e-21
상권_코드,3111028,90,13,0.14444444444444443,0.6602656642855953,True,6.057454788355709e-21,0.03985026997919498,0.01798260455114001,9.691927661369135e-21
상권_코드,3111029,26,4,0.15384615384615385,0.7032415359254862,True,6.057454788355709e-21,0.03985026997919498,0.01798260455114001,9.691927661369135e-21
상권_코드,3111030,90,23,0.25555555555555554,1.1681623291206686,True,6.057454788355709e-21,0.03985026997919498,0.01798260455114001,9.691927661369135e-21
상권_코드,3111031,62,18,0.2903225806451613,1.3270848339239014,True,6.057454788355709e-21,0.03985026997919498,0.01798260455114001,9.691927661369135e-21
상권_코드,3111032,114,24,0.21052631578947367,0.9623305228454021,False,6.057454788355709e-21,0.03985026997919498,0.01798260455114001,9.691927661369135e-21
상권_코드,3111033,19,2,0.10526315789473684,0.48116526142270105,True,6.057454788355709e-21,0.03985026997919498,0.01798260455114001,9.691927661369135e-21
상권_코드,3111034,106,11,0.10377358490566038,0.474356319044078,False,6.057454788355709e-21,0.03985026997919498,0.01798260455114001,9.691927661369135e-21
상권_코드,3111035,48,6,0.125,0.5713837479394576,True,6.057454788355709e-21,0.03985026997919498,0.01798260455114001,9.691927661369135e-21
상권_코드,3111036,19,1,0.05263157894736842,0.24058263071135053,True,6.057454788355709e-21,0.03985026997919498,0.01798260455114001,9.691927661369135e-21
상권_코드,3111037,13,4,0.3076923076923077,1.4064830718509724,True,6.057454788355709e-21,0.03985026997919498,0.01798260455114001,9.691927661369135e-21
상권_코드,3111038,86,18,0.20930232558139536,0.9567355779451382,True,6.057454788355709e-21,0.03985026997919498,0.01798260455114001,9.691927661369135e-21
상권_코드,3111039,54,14,0.25925925925925924,1.1850922179485044,True,6.057454788355709e-21,0.03985026997919498,0.01798260455114001,9.691927661369135e-21
상권_코드,3111040,19,2,0.10526315789473684,0.48116526142270105,True,6.057454788355709e-21,0.03985026997919498,0.01798260455114001,9.691927661369135e-21
상권_코드,3111042,104,19,0.18269230769230768,0.8350993239115148,False,6.057454788355709e-21,0.03985026997919498,0.01798260455114001,9.691927661369135e-21
상권_코드,3111043,12,0,0.0,0.0,True,6.057454788355709e-21,0.03985026997919498,0.01798260455114001,9.691927661369135e-21
상권_코드,3111044,140,24,0.17142857142857143,0.7836119971741132,False,6.057454788355709e-21,0.03985026997919498,0.01798260455114001,9.691927661369135e-21
상권_코드,3111045,11,0,0.0,0.0,True,6.057454788355709e-21,0.03985026997919498,0.01798260455114001,9.691927661369135e-21
상권_코드,3111046,195,61,0.3128205128205128,1.4299244563818219,False,6.057454788355709e-21,0.03985026997919498,0.01798260455114001,9.691927661369135e-21
상권_코드,3111047,29,4,0.13793103448275862,0.6304924115194014,True,6.057454788355709e-21,0.03985026997919498,0.01798260455114001,9.691927661369135e-21
상권_코드,3111048,42,12,0.2857142857142857,1.3060199952901885,True,6.057454788355709e-21,0.03985026997919498,0.01798260455114001,9.691927661369135e-21
상권_코드,3111049,69,13,0.18840579710144928,0.8612160838507765,True,6.057454788355709e-21,0.03985026997919498,0.01798260455114001,9.691927661369135e-21
상권_코드,3111050,18,4,0.2222222222222222,1.0157933296701467,True,6.057454788355709e-21,0.03985026997919498,0.01798260455114001,9.691927661369135e-21
상권_코드,3111051,104,16,0.15384615384615385,0.7032415359254862,False,6.057454788355709e-21,0.03985026997919498,0.01798260455114001,9.691927661369135e-21
상권_코드,3111052,116,37,0.31896551724137934,1.4580137016386159,False,6.057454788355709e-21,0.03985026997919498,0.01798260455114001,9.691927661369135e-21
상권_코드,3111053,78,20,0.2564102564102564,1.1720692265424768,True,6.057454788355709e-21,0.03985026997919498,0.01798260455114001,9.691927661369135e-21
상권_코드,3111054,15,3,0.2,0.9142139967031321,True,6.057454788355709e-21,0.03985026997919498,0.01798260455114001,9.691927661369135e-21
상권_코드,3111055,6,1,0.16666666666666666,0.76184499725261,True,6.057454788355709e-21,0.03985026997919498,0.01798260455114001,9.691927661369135e-21
상권_코드,3111056,14,2,0.14285714285714285,0.6530099976450943,True,6.057454788355709e-21,0.03985026997919498,0.01798260455114001,9.691927661369135e-21
상권_코드,3111057,91,26,0.2857142857142857,1.3060199952901885,True,6.057454788355709e-21,0.03985026997919498,0.01798260455114001,9.691927661369135e-21
상권_코드,3111058,19,7,0.3684210526315789,1.6840784149794537,True,6.057454788355709e-21,0.03985026997919498,0.01798260455114001,9.691927661369135e-21
상권_코드,3111059,164,31,0.18902439024390244,0.8640437163962529,False,6.057454788355709e-21,0.03985026997919498,0.01798260455114001,9.691927661369135e-21
상권_코드,3111060,179,49,0.2737430167597765,1.2512984871076387,False,6.057454788355709e-21,0.03985026997919498,0.01798260455114001,9.691927661369135e-21
상권_코드,3111061,142,41,0.2887323943661972,1.31981598115593,False,6.057454788355709e-21,0.03985026997919498,0.01798260455114001,9.691927661369135e-21
상권_코드,3111062,74,13,0.17567567567567569,0.8030258079149133,True,6.057454788355709e-21,0.03985026997919498,0.01798260455114001,9.691927661369135e-21
상권_코드,3111063,56,20,0.35714285714285715,1.6325249941127358,True,6.057454788355709e-21,0.03985026997919498,0.01798260455114001,9.691927661369135e-21
상권_코드,3111064,75,20,0.26666666666666666,1.218951995604176,True,6.057454788355709e-21,0.03985026997919498,0.01798260455114001,9.691927661369135e-21
상권_코드,3111065,24,7,0.2916666666666667,1.3332287451920677,True,6.057454788355709e-21,0.03985026997919498,0.01798260455114001,9.691927661369135e-21
상권_코드,3111066,63,19,0.30158730158730157,1.378576661695199,True,6.057454788355709e-21,0.03985026997919498,0.01798260455114001,9.691927661369135e-21
상권_코드,3111067,105,26,0.24761904761904763,1.1318839959181635,False,6.057454788355709e-21,0.03985026997919498,0.01798260455114001,9.691927661369135e-21
상권_코드,3111068,22,2,0.09090909090909091,0.41555181668324187,True,6.057454788355709e-21,0.03985026997919498,0.01798260455114001,9.691927661369135e-21
상권_코드,3111069,57,17,0.2982456140350877,1.3633015740309864,True,6.057454788355709e-21,0.03985026997919498,0.01798260455114001,9.691927661369135e-21
상권_코드,3111070,25,4,0.16,0.7313711973625057,True,6.057454788355709e-21,0.03985026997919498,0.01798260455114001,9.691927661369135e-21
상권_코드,3111071,24,4,0.16666666666666666,0.76184499725261,True,6.057454788355709e-21,0.03985026997919498,0.01798260455114001,9.691927661369135e-21
상권_코드,3111072,102,24,0.23529411764705882,1.075545878474273,False,6.057454788355709e-21,0.03985026997919498,0.01798260455114001,9.691927661369135e-21
상권_코드,3111073,156,36,0.23076923076923078,1.0548623038882294,False,6.057454788355709e-21,0.03985026997919498,0.01798260455114001,9.691927661369135e-21
상권_코드,3111074,42,3,0.07142857142857142,0.32650499882254713,True,6.057454788355709e-21,0.03985026997919498,0.01798260455114001,9.691927661369135e-21
상권_코드,3111075,63,12,0.19047619047619047,0.8706799968601256,True,6.057454788355709e-21,0.03985026997919498,0.01798260455114001,9.691927661369135e-21
상권_코드,3111076,70,29,0.4142857142857143,1.8937289931707737,True,6.057454788355709e-21,0.03985026997919498,0.01798260455114001,9.691927661369135e-21
상권_코드,3111077,196,39,0.1989795918367347,0.9095496395770957,False,6.057454788355709e-21,0.03985026997919498,0.01798260455114001,9.691927661369135e-21
상권_코드,3111078,206,52,0.2524271844660194,1.153862325935992,False,6.057454788355709e-21,0.03985026997919498,0.01798260455114001,9.691927661369135e-21
상권_코드,3111079,37,8,0.21621621621621623,0.9883394558952779,True,6.057454788355709e-21,0.03985026997919498,0.01798260455114001,9.691927661369135e-21
상권_코드,3111080,67,25,0.373134328358209,1.7056231281774852,True,6.057454788355709e-21,0.03985026997919498,0.01798260455114001,9.691927661369135e-21
상권_코드,3111082,12,0,0.0,0.0,True,6.057454788355709e-21,0.03985026997919498,0.01798260455114001,9.691927661369135e-21
상권_코드,3111083,86,12,0.13953488372093023,0.6378237186300921,True,6.057454788355709e-21,0.03985026997919498,0.01798260455114001,9.691927661369135e-21
상권_코드,3111084,12,6,0.5,2.2855349917578303,True,6.057454788355709e-21,0.03985026997919498,0.01798260455114001,9.691927661369135e-21
상권_코드,3111085,131,30,0.22900763358778625,1.0468099198890823,False,6.057454788355709e-21,0.03985026997919498,0.01798260455114001,9.691927661369135e-21
상권_코드,3111086,105,17,0.1619047619047619,0.7400779973311069,False,6.057454788355709e-21,0.03985026997919498,0.01798260455114001,9.691927661369135e-21
상권_코드,3111087,47,10,0.2127659574468085,0.9725680815990766,True,6.057454788355709e-21,0.03985026997919498,0.01798260455114001,9.691927661369135e-21
상권_코드,3111088,44,8,0.18181818181818182,0.8311036333664837,True,6.057454788355709e-21,0.03985026997919498,0.01798260455114001,9.691927661369135e-21
상권_코드,3111089,184,52,0.2826086956521739,1.2918241257761647,False,6.057454788355709e-21,0.03985026997919498,0.01798260455114001,9.691927661369135e-21
상권_코드,3111090,104,19,0.18269230769230768,0.8350993239115148,False,6.057454788355709e-21,0.03985026997919498,0.01798260455114001,9.691927661369135e-21
상권_코드,3120001,181,37,0.20441988950276244,0.9344176209396654,False,6.057454788355709e-21,0.03985026997919498,0.01798260455114001,9.691927661369135e-21
상권_코드,3120002,158,31,0.1962025316455696,0.8968555030948446,False,6.057454788355709e-21,0.03985026997919498,0.01798260455114001,9.691927661369135e-21
상권_코드,3120003,199,36,0.18090452261306533,0.8269272331988129,False,6.057454788355709e-21,0.03985026997919498,0.01798260455114001,9.691927661369135e-21
상권_코드,3120004,134,26,0.19402985074626866,0.8869240266522923,False,6.057454788355709e-21,0.03985026997919498,0.01798260455114001,9.691927661369135e-21
상권_코드,3120005,84,10,0.11904761904761904,0.5441749980375785,True,6.057454788355709e-21,0.03985026997919498,0.01798260455114001,9.691927661369135e-21
상권_코드,3120006,240,31,0.12916666666666668,0.5904298728707729,False,6.057454788355709e-21,0.03985026997919498,0.01798260455114001,9.691927661369135e-21
상권_코드,3120007,138,19,0.13768115942028986,0.6293502151217213,False,6.057454788355709e-21,0.03985026997919498,0.01798260455114001,9.691927661369135e-21
상권_코드,3120008,156,33,0.21153846153846154,0.9669571118975435,False,6.057454788355709e-21,0.03985026997919498,0.01798260455114001,9.691927661369135e-21
상권_코드,3120009,248,41,0.16532258064516128,0.7557010859844437,False,6.057454788355709e-21,0.03985026997919498,0.01798260455114001,9.691927661369135e-21
상권_코드,3120010,58,13,0.22413793103448276,1.0245501687190273,True,6.057454788355709e-21,0.03985026997919498,0.01798260455114001,9.691927661369135e-21
상권_코드,3120011,90,22,0.24444444444444444,1.1173726626371614,True,6.057454788355709e-21,0.03985026997919498,0.01798260455114001,9.691927661369135e-21
상권_코드,3120012,210,29,0.1380952380952381,0.6312429977235912,False,6.057454788355709e-21,0.03985026997919498,0.01798260455114001,9.691927661369135e-21
상권_코드,3120013,89,17,0.19101123595505617,0.8731257271883845,True,6.057454788355709e-21,0.03985026997919498,0.01798260455114001,9.691927661369135e-21
상권_코드,3120014,177,27,0.15254237288135594,0.6972818618922194,False,6.057454788355709e-21,0.03985026997919498,0.01798260455114001,9.691927661369135e-21
상권_코드,3120015,97,27,0.27835051546391754,1.2723596861332251,True,6.057454788355709e-21,0.03985026997919498,0.01798260455114001,9.691927661369135e-21
상권_코드,3120016,96,16,0.16666666666666666,0.76184499725261,True,6.057454788355709e-21,0.03985026997919498,0.01798260455114001,9.691927661369135e-21
상권_코드,3120017,118,24,0.2033898305084746,0.9297091491896259,False,6.057454788355709e-21,0.03985026997919498,0.01798260455114001,9.691927661369135e-21
상권_코드,3120018,173,28,0.16184971098265896,0.7398263557135173,False,6.057454788355709e-21,0.03985026997919498,0.01798260455114001,9.691927661369135e-21
상권_코드,3120019,46,8,0.17391304347826086,0.7949686927853322,True,6.057454788355709e-21,0.03985026997919498,0.01798260455114001,9.691927661369135e-21
상권_코드,3120020,72,8,0.1111111111111111,0.5078966648350733,True,6.057454788355709e-21,0.03985026997919498,0.01798260455114001,9.691927661369135e-21
상권_코드,3120021,123,17,0.13821138211382114,0.631773900160701,False,6.057454788355709e-21,0.03985026997919498,0.01798260455114001,9.691927661369135e-21
상권_코드,3120022,136,34,0.25,1.1427674958789151,False,6.057454788355709e-21,0.03985026997919498,0.01798260455114001,9.691927661369135e-21
상권_코드,3120023,117,14,0.11965811965811966,0.546965639053156,False,6.057454788355709e-21,0.03985026997919498,0.01798260455114001,9.691927661369135e-21
상권_코드,3120024,92,11,0.11956521739130435,0.5465409762899159,True,6.057454788355709e-21,0.03985026997919498,0.01798260455114001,9.691927661369135e-21
상권_코드,3120025,89,17,0.19101123595505617,0.8731257271883845,True,6.057454788355709e-21,0.03985026997919498,0.01798260455114001,9.691927661369135e-21
상권_코드,3120026,122,13,0.10655737704918032,0.4870812277516687,False,6.057454788355709e-21,0.03985026997919498,0.01798260455114001,9.691927661369135e-21
상권_코드,3120027,173,42,0.24277456647398843,1.1097395335702758,False,6.057454788355709e-21,0.03985026997919498,0.01798260455114001,9.691927661369135e-21
상권_코드,3120028,181,27,0.14917127071823205,0.6818723179829991,False,6.057454788355709e-21,0.03985026997919498,0.01798260455114001,9.691927661369135e-21
상권_코드,3120029,53,11,0.20754716981132076,0.948712638088156,True,6.057454788355709e-21,0.03985026997919498,0.01798260455114001,9.691927661369135e-21
상권_코드,3120030,107,13,0.12149532710280374,0.5553636428570429,False,6.057454788355709e-21,0.03985026997919498,0.01798260455114001,9.691927661369135e-21
상권_코드,3120031,174,21,0.1206896551724138,0.5516808600794763,False,6.057454788355709e-21,0.03985026997919498,0.01798260455114001,9.691927661369135e-21
상권_코드,3120032,197,20,0.10152284263959391,0.4640680186310315,False,6.057454788355709e-21,0.03985026997919498,0.01798260455114001,9.691927661369135e-21
상권_코드,3120033,59,1,0.01694915254237288,0.07747576243246881,True,6.057454788355709e-21,0.03985026997919498,0.01798260455114001,9.691927661369135e-21
상권_코드,3120034,43,16,0.37209302325581395,1.7008632496802456,True,6.057454788355709e-21,0.03985026997919498,0.01798260455114001,9.691927661369135e-21
상권_코드,3120035,35,4,0.11428571428571428,0.5224079981160754,True,6.057454788355709e-21,0.03985026997919498,0.01798260455114001,9.691927661369135e-21
상권_코드,3120036,45,2,0.044444444444444446,0.20315866593402934,True,6.057454788355709e-21,0.03985026997919498,0.01798260455114001,9.691927661369135e-21
상권_코드,3120037,204,31,0.15196078431372548,0.694623379847968,False,6.057454788355709e-21,0.03985026997919498,0.01798260455114001,9.691927661369135e-21
상권_코드,3120038,219,45,0.2054794520547945,0.9392609555169165,False,6.057454788355709e-21,0.03985026997919498,0.01798260455114001,9.691927661369135e-21
상권_코드,3120039,190,31,0.1631578947368421,0.7458061552051867,False,6.057454788355709e-21,0.03985026997919498,0.01798260455114001,9.691927661369135e-21
상권_코드,3120040,173,27,0.15606936416184972,0.7134039858666059,False,6.057454788355709e-21,0.03985026997919498,0.01798260455114001,9.691927661369135e-21
상권_코드,3120041,184,34,0.18478260869565216,0.8446542360844154,False,6.057454788355709e-21,0.03985026997919498,0.01798260455114001,9.691927661369135e-21
상권_코드,3120042,168,24,0.14285714285714285,0.6530099976450943,False,6.057454788355709e-21,0.03985026997919498,0.01798260455114001,9.691927661369135e-21
상권_코드,3120043,173,34,0.19653179190751446,0.8983605747949853,False,6.057454788355709e-21,0.03985026997919498,0.01798260455114001,9.691927661369135e-21
상권_코드,3120044,109,19,0.1743119266055046,0.7967920154752068,False,6.057454788355709e-21,0.03985026997919498,0.01798260455114001,9.691927661369135e-21
상권_코드,3120045,115,16,0.1391304347826087,0.6359749542282658,False,6.057454788355709e-21,0.03985026997919498,0.01798260455114001,9.691927661369135e-21
상권_코드,3120046,222,68,0.3063063063063063,1.4001475625183102,False,6.057454788355709e-21,0.03985026997919498,0.01798260455114001,9.691927661369135e-21
상권_코드,3120047,193,44,0.22797927461139897,1.0421092190398396,False,6.057454788355709e-21,0.03985026997919498,0.01798260455114001,9.691927661369135e-21
상권_코드,3120048,173,53,0.3063583815028902,1.4003856018863006,False,6.057454788355709e-21,0.03985026997919498,0.01798260455114001,9.691927661369135e-21
상권_코드,3120049,165,25,0.15151515151515152,0.6925863611387364,False,6.057454788355709e-21,0.03985026997919498,0.01798260455114001,9.691927661369135e-21
상권_코드,3120050,40,7,0.175,0.7999372471152405,True,6.057454788355709e-21,0.03985026997919498,0.01798260455114001,9.691927661369135e-21
상권_코드,3120051,155,38,0.24516129032258063,1.1206494153135167,False,6.057454788355709e-21,0.03985026997919498,0.01798260455114001,9.691927661369135e-21
상권_코드,3120052,232,45,0.1939655172413793,0.8866299536991582,False,6.057454788355709e-21,0.03985026997919498,0.01798260455114001,9.691927661369135e-21
상권_코드,3120053,215,34,0.15813953488372093,0.7228668811141044,False,6.057454788355709e-21,0.03985026997919498,0.01798260455114001,9.691927661369135e-21
상권_코드,3120054,210,42,0.2,0.9142139967031321,False,6.057454788355709e-21,0.03985026997919498,0.01798260455114001,9.691927661369135e-21
상권_코드,3120055,261,47,0.18007662835249041,0.823142870594774,False,6.057454788355709e-21,0.03985026997919498,0.01798260455114001,9.691927661369135e-21
상권_코드,3120056,202,46,0.22772277227722773,1.0409367289194078,False,6.057454788355709e-21,0.03985026997919498,0.01798260455114001,9.691927661369135e-21
상권_코드,3120057,207,47,0.22705314009661837,1.0378757933586282,False,6.057454788355709e-21,0.03985026997919498,0.01798260455114001,9.691927661369135e-21
상권_코드,3120058,133,32,0.24060150375939848,1.0998063118233166,False,6.057454788355709e-21,0.03985026997919498,0.01798260455114001,9.691927661369135e-21
상권_코드,3120059,151,15,0.09933774834437085,0.4540797996869861,False,6.057454788355709e-21,0.03985026997919498,0.01798260455114001,9.691927661369135e-21
상권_코드,3120060,211,53,0.25118483412322273,1.1481834555750237,False,6.057454788355709e-21,0.03985026997919498,0.01798260455114001,9.691927661369135e-21
상권_코드,3120061,114,13,0.11403508771929824,0.5212623665412595,False,6.057454788355709e-21,0.03985026997919498,0.01798260455114001,9.691927661369135e-21
상권_코드,3120062,220,34,0.15454545454545454,0.7064380883615111,False,6.057454788355709e-21,0.03985026997919498,0.01798260455114001,9.691927661369135e-21
상권_코드,3120063,183,35,0.1912568306010929,0.8742483575029951,False,6.057454788355709e-21,0.03985026997919498,0.01798260455114001,9.691927661369135e-21
상권_코드,3120064,120,20,0.16666666666666666,0.76184499725261,False,6.057454788355709e-21,0.03985026997919498,0.01798260455114001,9.691927661369135e-21
상권_코드,3120065,139,21,0.1510791366906475,0.6905933068620782,False,6.057454788355709e-21,0.03985026997919498,0.01798260455114001,9.691927661369135e-21
상권_코드,3120066,219,38,0.1735159817351598,0.7931536957698405,False,6.057454788355709e-21,0.03985026997919498,0.01798260455114001,9.691927661369135e-21
상권_코드,3120067,288,65,0.22569444444444445,1.0316651004462427,False,6.057454788355709e-21,0.03985026997919498,0.01798260455114001,9.691927661369135e-21
상권_코드,3120068,144,26,0.18055555555555555,0.8253320803569942,False,6.057454788355709e-21,0.03985026997919498,0.01798260455114001,9.691927661369135e-21
상권_코드,3120069,169,26,0.15384615384615385,0.7032415359254862,False,6.057454788355709e-21,0.03985026997919498,0.01798260455114001,9.691927661369135e-21
상권_코드,3120070,168,32,0.19047619047619047,0.8706799968601256,False,6.057454788355709e-21,0.03985026997919498,0.01798260455114001,9.691927661369135e-21
상권_코드,3120071,78,19,0.24358974358974358,1.113465765215353,True,6.057454788355709e-21,0.03985026997919498,0.01798260455114001,9.691927661369135e-21
상권_코드,3120072,246,49,0.1991869918699187,0.9104976796433633,False,6.057454788355709e-21,0.03985026997919498,0.01798260455114001,9.691927661369135e-21
상권_코드,3120073,113,19,0.168141592920354,0.7685869883787394,False,6.057454788355709e-21,0.03985026997919498,0.01798260455114001,9.691927661369135e-21
상권_코드,3120074,84,10,0.11904761904761904,0.5441749980375785,True,6.057454788355709e-21,0.03985026997919498,0.01798260455114001,9.691927661369135e-21
상권_코드,3120075,148,23,0.1554054054054054,0.7103689839247309,False,6.057454788355709e-21,0.03985026997919498,0.01798260455114001,9.691927661369135e-21
상권_코드,3120076,235,36,0.15319148936170213,0.7002490187513352,False,6.057454788355709e-21,0.03985026997919498,0.01798260455114001,9.691927661369135e-21
상권_코드,3120077,185,50,0.2702702702702703,1.2354243198690975,False,6.057454788355709e-21,0.03985026997919498,0.01798260455114001,9.691927661369135e-21
상권_코드,3120078,148,25,0.16891891891891891,0.7721401999181858,False,6.057454788355709e-21,0.03985026997919498,0.01798260455114001,9.691927661369135e-21
상권_코드,3120079,203,48,0.23645320197044334,1.0808441340332595,False,6.057454788355709e-21,0.03985026997919498,0.01798260455114001,9.691927661369135e-21
상권_코드,3120080,182,43,0.23626373626373626,1.0799780730284252,False,6.057454788355709e-21,0.03985026997919498,0.01798260455114001,9.691927661369135e-21
상권_코드,3120081,288,78,0.2708333333333333,1.2379981205354913,False,6.057454788355709e-21,0.03985026997919498,0.01798260455114001,9.691927661369135e-21
상권_코드,3120082,97,22,0.2268041237113402,1.0367375220344797,True,6.057454788355709e-21,0.03985026997919498,0.01798260455114001,9.691927661369135e-21
상권_코드,3120083,222,38,0.17117117117117117,0.7824354025837617,False,6.057454788355709e-21,0.03985026997919498,0.01798260455114001,9.691927661369135e-21
상권_코드,3120084,137,22,0.16058394160583941,0.7340404353090841,False,6.057454788355709e-21,0.03985026997919498,0.01798260455114001,9.691927661369135e-21
상권_코드,3120085,198,33,0.16666666666666666,0.76184499725261,False,6.057454788355709e-21,0.03985026997919498,0.01798260455114001,9.691927661369135e-21
상권_코드,3120086,148,21,0.14189189189189189,0.6485977679312761,False,6.057454788355709e-21,0.03985026997919498,0.01798260455114001,9.691927661369135e-21
상권_코드,3120087,123,29,0.23577235772357724,1.0777319473329605,False,6.057454788355709e-21,0.03985026997919498,0.01798260455114001,9.691927661369135e-21
상권_코드,3120088,147,31,0.2108843537414966,0.9639671393808535,False,6.057454788355709e-21,0.03985026997919498,0.01798260455114001,9.691927661369135e-21
상권_코드,3120089,78,7,0.08974358974358974,0.41022422928986696,True,6.057454788355709e-21,0.03985026997919498,0.01798260455114001,9.691927661369135e-21
상권_코드,3120090,200,48,0.24,1.0970567960437585,False,6.057454788355709e-21,0.03985026997919498,0.01798260455114001,9.691927661369135e-21
상권_코드,3120091,163,39,0.2392638036809816,1.0936915911479188,False,6.057454788355709e-21,0.03985026997919498,0.01798260455114001,9.691927661369135e-21
상권_코드,3120092,77,22,0.2857142857142857,1.3060199952901885,True,6.057454788355709e-21,0.03985026997919498,0.01798260455114001,9.691927661369135e-21
상권_코드,3120093,222,44,0.1981981981981982,0.9059778345706714,False,6.057454788355709e-21,0.03985026997919498,0.01798260455114001,9.691927661369135e-21
상권_코드,3120094,259,59,0.2277992277992278,1.0412862124610962,False,6.057454788355709e-21,0.03985026997919498,0.01798260455114001,9.691927661369135e-21
상권_코드,3120095,196,39,0.1989795918367347,0.9095496395770957,False,6.057454788355709e-21,0.03985026997919498,0.01798260455114001,9.691927661369135e-21
상권_코드,3120096,169,29,0.17159763313609466,0.7843847900707346,False,6.057454788355709e-21,0.03985026997919498,0.01798260455114001,9.691927661369135e-21
상권_코드,3120097,58,15,0.25862068965517243,1.1821732715988778,True,6.057454788355709e-21,0.03985026997919498,0.01798260455114001,9.691927661369135e-21
상권_코드,3120098,174,37,0.21264367816091953,0.9720091344257438,False,6.057454788355709e-21,0.03985026997919498,0.01798260455114001,9.691927661369135e-21
상권_코드,3120099,36,5,0.1388888888888889,0.6348708310438417,True,6.057454788355709e-21,0.03985026997919498,0.01798260455114001,9.691927661369135e-21
상권_코드,3120100,155,21,0.13548387096774195,0.6193062558311541,False,6.057454788355709e-21,0.03985026997919498,0.01798260455114001,9.691927661369135e-21
상권_코드,3120101,213,34,0.1596244131455399,0.72965436356588,False,6.057454788355709e-21,0.03985026997919498,0.01798260455114001,9.691927661369135e-21
상권_코드,3120102,190,51,0.26842105263157895,1.2269714166278878,False,6.057454788355709e-21,0.03985026997919498,0.01798260455114001,9.691927661369135e-21
상권_코드,3120103,252,48,0.19047619047619047,0.8706799968601256,False,6.057454788355709e-21,0.03985026997919498,0.01798260455114001,9.691927661369135e-21
상권_코드,3120104,260,79,0.3038461538461538,1.388902033452835,False,6.057454788355709e-21,0.03985026997919498,0.01798260455114001,9.691927661369135e-21
상권_코드,3120105,125,32,0.256,1.170193915780009,False,6.057454788355709e-21,0.03985026997919498,0.01798260455114001,9.691927661369135e-21
상권_코드,3120106,171,28,0.16374269005847952,0.7484792955464239,False,6.057454788355709e-21,0.03985026997919498,0.01798260455114001,9.691927661369135e-21
상권_코드,3120107,158,31,0.1962025316455696,0.8968555030948446,False,6.057454788355709e-21,0.03985026997919498,0.01798260455114001,9.691927661369135e-21
상권_코드,3120108,262,54,0.20610687022900764,0.9421289279001743,False,6.057454788355709e-21,0.03985026997919498,0.01798260455114001,9.691927661369135e-21
상권_코드,3120109,192,50,0.2604166666666667,1.1903828082072032,False,6.057454788355709e-21,0.03985026997919498,0.01798260455114001,9.691927661369135e-21
상권_코드,3120110,229,47,0.2052401746724891,0.9381672018569259,False,6.057454788355709e-21,0.03985026997919498,0.01798260455114001,9.691927661369135e-21
상권_코드,3120111,189,59,0.31216931216931215,1.4269477726318727,False,6.057454788355709e-21,0.03985026997919498,0.01798260455114001,9.691927661369135e-21
상권_코드,3120112,219,60,0.273972602739726,1.252347940689222,False,6.057454788355709e-21,0.03985026997919498,0.01798260455114001,9.691927661369135e-21
상권_코드,3120113,217,41,0.1889400921658986,0.8636583839822215,False,6.057454788355709e-21,0.03985026997919498,0.01798260455114001,9.691927661369135e-21
상권_코드,3120114,246,48,0.1951219512195122,0.8919160943445191,False,6.057454788355709e-21,0.03985026997919498,0.01798260455114001,9.691927661369135e-21
상권_코드,3120115,18,0,0.0,0.0,True,6.057454788355709e-21,0.03985026997919498,0.01798260455114001,9.691927661369135e-21
상권_코드,3120116,87,18,0.20689655172413793,0.9457386172791021,True,6.057454788355709e-21,0.03985026997919498,0.01798260455114001,9.691927661369135e-21
상권_코드,3120117,36,4,0.1111111111111111,0.5078966648350733,True,6.057454788355709e-21,0.03985026997919498,0.01798260455114001,9.691927661369135e-21
상권_코드,3120118,26,1,0.038461538461538464,0.17581038398137155,True,6.057454788355709e-21,0.03985026997919498,0.01798260455114001,9.691927661369135e-21
상권_코드,3120119,202,44,0.21782178217821782,0.9956786102707379,False,6.057454788355709e-21,0.03985026997919498,0.01798260455114001,9.691927661369135e-21
상권_코드,3120120,174,51,0.29310344827586204,1.3397963744787278,False,6.057454788355709e-21,0.03985026997919498,0.01798260455114001,9.691927661369135e-21
상권_코드,3120121,194,48,0.24742268041237114,1.1309863876739779,False,6.057454788355709e-21,0.03985026997919498,0.01798260455114001,9.691927661369135e-21
상권_코드,3120122,230,54,0.23478260869565218,1.0732077352601985,False,6.057454788355709e-21,0.03985026997919498,0.01798260455114001,9.691927661369135e-21
상권_코드,3120123,150,42,0.28,1.279899595384385,False,6.057454788355709e-21,0.03985026997919498,0.01798260455114001,9.691927661369135e-21
상권_코드,3120124,205,45,0.21951219512195122,1.003405606137584,False,6.057454788355709e-21,0.03985026997919498,0.01798260455114001,9.691927661369135e-21
상권_코드,3120125,216,42,0.19444444444444445,0.8888191634613783,False,6.057454788355709e-21,0.03985026997919498,0.01798260455114001,9.691927661369135e-21
상권_코드,3120126,81,19,0.2345679012345679,1.0722262924295993,True,6.057454788355709e-21,0.03985026997919498,0.01798260455114001,9.691927661369135e-21
상권_코드,3120127,119,16,0.13445378151260504,0.6145976448424417,False,6.057454788355709e-21,0.03985026997919498,0.01798260455114001,9.691927661369135e-21
상권_코드,3120128,241,60,0.24896265560165975,1.1380257220370937,False,6.057454788355709e-21,0.03985026997919498,0.01798260455114001,9.691927661369135e-21
상권_코드,3120129,220,37,0.16818181818181818,0.7687708608639974,False,6.057454788355709e-21,0.03985026997919498,0.01798260455114001,9.691927661369135e-21
상권_코드,3120130,216,35,0.16203703703703703,0.7406826362178153,False,6.057454788355709e-21,0.03985026997919498,0.01798260455114001,9.691927661369135e-21
상권_코드,3120131,278,53,0.1906474820143885,0.8714629824688129,False,6.057454788355709e-21,0.03985026997919498,0.01798260455114001,9.691927661369135e-21
상권_코드,3120132,243,63,0.25925925925925924,1.1850922179485044,False,6.057454788355709e-21,0.03985026997919498,0.01798260455114001,9.691927661369135e-21
상권_코드,3120133,118,27,0.2288135593220339,1.045922792838329,False,6.057454788355709e-21,0.03985026997919498,0.01798260455114001,9.691927661369135e-21
상권_코드,3120134,212,45,0.21226415094339623,0.9702742889537959,False,6.057454788355709e-21,0.03985026997919498,0.01798260455114001,9.691927661369135e-21
상권_코드,3120135,22,5,0.22727272727272727,1.0388795417081045,True,6.057454788355709e-21,0.03985026997919498,0.01798260455114001,9.691927661369135e-21
상권_코드,3120136,235,51,0.2170212765957447,0.9920194432310582,False,6.057454788355709e-21,0.03985026997919498,0.01798260455114001,9.691927661369135e-21
상권_코드,3120137,54,4,0.07407407407407407,0.3385977765567155,True,6.057454788355709e-21,0.03985026997919498,0.01798260455114001,9.691927661369135e-21
상권_코드,3120138,118,45,0.3813559322033898,1.7432046547305482,False,6.057454788355709e-21,0.03985026997919498,0.01798260455114001,9.691927661369135e-21
상권_코드,3120139,191,36,0.18848167539267016,0.8615629288301768,False,6.057454788355709e-21,0.03985026997919498,0.01798260455114001,9.691927661369135e-21
상권_코드,3120140,99,16,0.16161616161616163,0.7387587852146522,True,6.057454788355709e-21,0.03985026997919498,0.01798260455114001,9.691927661369135e-21
상권_코드,3120141,80,24,0.3,1.371320995054698,True,6.057454788355709e-21,0.03985026997919498,0.01798260455114001,9.691927661369135e-21
상권_코드,3120142,168,40,0.23809523809523808,1.088349996075157,False,6.057454788355709e-21,0.03985026997919498,0.01798260455114001,9.691927661369135e-21
상권_코드,3120143,202,37,0.18316831683168316,0.8372751950003932,False,6.057454788355709e-21,0.03985026997919498,0.01798260455114001,9.691927661369135e-21
상권_코드,3120144,113,29,0.25663716814159293,1.173106455946497,False,6.057454788355709e-21,0.03985026997919498,0.01798260455114001,9.691927661369135e-21
상권_코드,3120145,252,49,0.19444444444444445,0.8888191634613783,False,6.057454788355709e-21,0.03985026997919498,0.01798260455114001,9.691927661369135e-21
상권_코드,3120146,49,11,0.22448979591836735,1.0261585677280054,True,6.057454788355709e-21,0.03985026997919498,0.01798260455114001,9.691927661369135e-21
상권_코드,3120147,125,33,0.264,1.2067624756481343,False,6.057454788355709e-21,0.03985026997919498,0.01798260455114001,9.691927661369135e-21
상권_코드,3120148,203,19,0.09359605911330049,0.4278341363881652,False,6.057454788355709e-21,0.03985026997919498,0.01798260455114001,9.691927661369135e-21
상권_코드,3120149,252,45,0.17857142857142858,0.8162624970563679,False,6.057454788355709e-21,0.03985026997919498,0.01798260455114001,9.691927661369135e-21
상권_코드,3120150,60,17,0.2833333333333333,1.295136495329437,True,6.057454788355709e-21,0.03985026997919498,0.01798260455114001,9.691927661369135e-21
상권_코드,3120151,189,37,0.19576719576719576,0.8948655523284625,False,6.057454788355709e-21,0.03985026997919498,0.01798260455114001,9.691927661369135e-21
상권_코드,3120152,183,33,0.18032786885245902,0.824291308502824,False,6.057454788355709e-21,0.03985026997919498,0.01798260455114001,9.691927661369135e-21
상권_코드,3120153,221,39,0.17647058823529413,0.8066594088557048,False,6.057454788355709e-21,0.03985026997919498,0.01798260455114001,9.691927661369135e-21
상권_코드,3120154,139,37,0.26618705035971224,1.216759635899852,False,6.057454788355709e-21,0.03985026997919498,0.01798260455114001,9.691927661369135e-21
상권_코드,3120155,18,4,0.2222222222222222,1.0157933296701467,True,6.057454788355709e-21,0.03985026997919498,0.01798260455114001,9.691927661369135e-21
상권_코드,3120156,261,56,0.21455938697318008,0.9807659734746245,False,6.057454788355709e-21,0.03985026997919498,0.01798260455114001,9.691927661369135e-21
상권_코드,3120157,240,59,0.24583333333333332,1.1237213709475997,False,6.057454788355709e-21,0.03985026997919498,0.01798260455114001,9.691927661369135e-21
상권_코드,3120158,172,33,0.19186046511627908,0.8770076131163766,False,6.057454788355709e-21,0.03985026997919498,0.01798260455114001,9.691927661369135e-21
상권_코드,3120159,253,61,0.24110671936758893,1.1021156877251197,False,6.057454788355709e-21,0.03985026997919498,0.01798260455114001,9.691927661369135e-21
상권_코드,3120160,237,49,0.20675105485232068,0.9450735408956428,False,6.057454788355709e-21,0.03985026997919498,0.01798260455114001,9.691927661369135e-21
상권_코드,3120161,57,13,0.22807017543859648,1.042524733082519,True,6.057454788355709e-21,0.03985026997919498,0.01798260455114001,9.691927661369135e-21
상권_코드,3120162,165,31,0.18787878787878787,0.8588070878120331,False,6.057454788355709e-21,0.03985026997919498,0.01798260455114001,9.691927661369135e-21
상권_코드,3120163,76,13,0.17105263157894737,0.7818935498118893,True,6.057454788355709e-21,0.03985026997919498,0.01798260455114001,9.691927661369135e-21
상권_코드,3120164,228,53,0.2324561403508772,1.0625732856417982,False,6.057454788355709e-21,0.03985026997919498,0.01798260455114001,9.691927661369135e-21
상권_코드,3120165,203,43,0.21182266009852216,0.968256203404795,False,6.057454788355709e-21,0.03985026997919498,0.01798260455114001,9.691927661369135e-21
상권_코드,3120166,243,52,0.2139917695473251,0.9781713544971783,False,6.057454788355709e-21,0.03985026997919498,0.01798260455114001,9.691927661369135e-21
상권_코드,3120167,214,42,0.19626168224299065,0.897125884615223,False,6.057454788355709e-21,0.03985026997919498,0.01798260455114001,9.691927661369135e-21
상권_코드,3120168,31,4,0.12903225806451613,0.5898154817439561,True,6.057454788355709e-21,0.03985026997919498,0.01798260455114001,9.691927661369135e-21
상권_코드,3120169,165,30,0.18181818181818182,0.8311036333664837,False,6.057454788355709e-21,0.03985026997919498,0.01798260455114001,9.691927661369135e-21
상권_코드,3120170,149,29,0.19463087248322147,0.8896713390735177,False,6.057454788355709e-21,0.03985026997919498,0.01798260455114001,9.691927661369135e-21
상권_코드,3120171,165,24,0.14545454545454545,0.664882906693187,False,6.057454788355709e-21,0.03985026997919498,0.01798260455114001,9.691927661369135e-21
상권_코드,3120172,206,44,0.21359223300970873,0.9763450450227623,False,6.057454788355709e-21,0.03985026997919498,0.01798260455114001,9.691927661369135e-21
상권_코드,3120173,260,38,0.14615384615384616,0.668079459129212,False,6.057454788355709e-21,0.03985026997919498,0.01798260455114001,9.691927661369135e-21
상권_코드,3120174,34,11,0.3235294117647059,1.4788755829021254,True,6.057454788355709e-21,0.03985026997919498,0.01798260455114001,9.691927661369135e-21
상권_코드,3120175,234,43,0.18376068376068377,0.8399829456887752,False,6.057454788355709e-21,0.03985026997919498,0.01798260455114001,9.691927661369135e-21
상권_코드,3120176,56,25,0.44642857142857145,2.04065624264092,True,6.057454788355709e-21,0.03985026997919498,0.01798260455114001,9.691927661369135e-21
상권_코드,3120177,113,25,0.22123893805309736,1.011298668919394,False,6.057454788355709e-21,0.03985026997919498,0.01798260455114001,9.691927661369135e-21
상권_코드,3120178,256,46,0.1796875,0.8213641376629702,False,6.057454788355709e-21,0.03985026997919498,0.01798260455114001,9.691927661369135e-21
상권_코드,3120179,243,51,0.20987654320987653,0.959360366910694,False,6.057454788355709e-21,0.03985026997919498,0.01798260455114001,9.691927661369135e-21
상권_코드,3120180,69,14,0.2028985507246377,0.9274634749162209,True,6.057454788355709e-21,0.03985026997919498,0.01798260455114001,9.691927661369135e-21
상권_코드,3120181,107,24,0.22429906542056074,1.0252867252745406,False,6.057454788355709e-21,0.03985026997919498,0.01798260455114001,9.691927661369135e-21
상권_코드,3120182,158,27,0.17088607594936708,0.7811322123729293,False,6.057454788355709e-21,0.03985026997919498,0.01798260455114001,9.691927661369135e-21
상권_코드,3120183,93,14,0.15053763440860216,0.6881180620346156,True,6.057454788355709e-21,0.03985026997919498,0.01798260455114001,9.691927661369135e-21
상권_코드,3120184,283,61,0.21554770318021202,0.9852836360228102,False,6.057454788355709e-21,0.03985026997919498,0.01798260455114001,9.691927661369135e-21
상권_코드,3120185,265,43,0.16226415094339622,0.7417207897780127,False,6.057454788355709e-21,0.03985026997919498,0.01798260455114001,9.691927661369135e-21
상권_코드,3120186,235,67,0.2851063829787234,1.3032412293427629,False,6.057454788355709e-21,0.03985026997919498,0.01798260455114001,9.691927661369135e-21
상권_코드,3120187,250,68,0.272,1.2433310355162597,False,6.057454788355709e-21,0.03985026997919498,0.01798260455114001,9.691927661369135e-21
상권_코드,3120188,222,43,0.19369369369369369,0.8853874292395197,False,6.057454788355709e-21,0.03985026997919498,0.01798260455114001,9.691927661369135e-21
상권_코드,3120189,288,53,0.1840277777777778,0.8412038511330903,False,6.057454788355709e-21,0.03985026997919498,0.01798260455114001,9.691927661369135e-21
상권_코드,3120190,241,53,0.21991701244813278,1.0052560544660996,False,6.057454788355709e-21,0.03985026997919498,0.01798260455114001,9.691927661369135e-21
상권_코드,3120191,233,51,0.21888412017167383,1.0005346315849728,False,6.057454788355709e-21,0.03985026997919498,0.01798260455114001,9.691927661369135e-21
상권_코드,3120192,251,65,0.2589641434262948,1.1837432228227804,False,6.057454788355709e-21,0.03985026997919498,0.01798260455114001,9.691927661369135e-21
상권_코드,3120193,158,51,0.3227848101265823,1.4754719567044219,False,6.057454788355709e-21,0.03985026997919498,0.01798260455114001,9.691927661369135e-21
상권_코드,3120194,164,43,0.2621951219512195,1.1985122517754476,False,6.057454788355709e-21,0.03985026997919498,0.01798260455114001,9.691927661369135e-21
상권_코드,3120195,163,26,0.15950920245398773,0.7291277274319458,False,6.057454788355709e-21,0.03985026997919498,0.01798260455114001,9.691927661369135e-21
상권_코드,3120196,135,38,0.2814814814814815,1.2866715509155193,False,6.057454788355709e-21,0.03985026997919498,0.01798260455114001,9.691927661369135e-21
상권_코드,3120197,283,47,0.16607773851590105,0.759152965460198,False,6.057454788355709e-21,0.03985026997919498,0.01798260455114001,9.691927661369135e-21
상권_코드,3120198,223,67,0.3004484304932735,1.3733708022221938,False,6.057454788355709e-21,0.03985026997919498,0.01798260455114001,9.691927661369135e-21
상권_코드,3120199,68,15,0.22058823529411764,1.0083242610696308,True,6.057454788355709e-21,0.03985026997919498,0.01798260455114001,9.691927661369135e-21
상권_코드,3120200,196,35,0.17857142857142858,0.8162624970563679,False,6.057454788355709e-21,0.03985026997919498,0.01798260455114001,9.691927661369135e-21
상권_코드,3120201,226,80,0.35398230088495575,1.6180778702710301,False,6.057454788355709e-21,0.03985026997919498,0.01798260455114001,9.691927661369135e-21
상권_코드,3120202,235,53,0.225531914893617,1.0309221664950212,False,6.057454788355709e-21,0.03985026997919498,0.01798260455114001,9.691927661369135e-21
상권_코드,3120203,238,45,0.18907563025210083,0.8642779380596837,False,6.057454788355709e-21,0.03985026997919498,0.01798260455114001,9.691927661369135e-21
상권_코드,3120204,139,41,0.2949640287769784,1.3483012181592955,False,6.057454788355709e-21,0.03985026997919498,0.01798260455114001,9.691927661369135e-21
상권_코드,3120205,165,35,0.21212121212121213,0.969620905594231,False,6.057454788355709e-21,0.03985026997919498,0.01798260455114001,9.691927661369135e-21
상권_코드,3120206,175,58,0.3314285714285714,1.5149831945366188,False,6.057454788355709e-21,0.03985026997919498,0.01798260455114001,9.691927661369135e-21
상권_코드,3120207,214,66,0.308411214953271,1.4097692472524932,False,6.057454788355709e-21,0.03985026997919498,0.01798260455114001,9.691927661369135e-21
상권_코드,3120208,250,69,0.276,1.2616153154503222,False,6.057454788355709e-21,0.03985026997919498,0.01798260455114001,9.691927661369135e-21
상권_코드,3120209,194,38,0.1958762886597938,0.8953642235752324,False,6.057454788355709e-21,0.03985026997919498,0.01798260455114001,9.691927661369135e-21
상권_코드,3120210,257,50,0.19455252918287938,0.8893132263649144,False,6.057454788355709e-21,0.03985026997919498,0.01798260455114001,9.691927661369135e-21
상권_코드,3120211,128,18,0.140625,0.6428067164318897,False,6.057454788355709e-21,0.03985026997919498,0.01798260455114001,9.691927661369135e-21
상권_코드,3120212,192,24,0.125,0.5713837479394576,False,6.057454788355709e-21,0.03985026997919498,0.01798260455114001,9.691927661369135e-21
상권_코드,3120213,190,45,0.23684210526315788,1.0826218382010773,False,6.057454788355709e-21,0.03985026997919498,0.01798260455114001,9.691927661369135e-21
상권_코드,3120214,83,17,0.20481927710843373,0.9362432496357376,True,6.057454788355709e-21,0.03985026997919498,0.01798260455114001,9.691927661369135e-21
상권_코드,3120215,242,34,0.14049586776859505,0.6422164439650101,False,6.057454788355709e-21,0.03985026997919498,0.01798260455114001,9.691927661369135e-21
상권_코드,3120216,103,21,0.20388349514563106,0.9319657247944549,False,6.057454788355709e-21,0.03985026997919498,0.01798260455114001,9.691927661369135e-21
상권_코드,3120217,162,27,0.16666666666666666,0.76184499725261,False,6.057454788355709e-21,0.03985026997919498,0.01798260455114001,9.691927661369135e-21
상권_코드,3120218,139,18,0.12949640287769784,0.5919371201674956,False,6.057454788355709e-21,0.03985026997919498,0.01798260455114001,9.691927661369135e-21
상권_코드,3120219,195,21,0.1076923076923077,0.49226907514784035,False,6.057454788355709e-21,0.03985026997919498,0.01798260455114001,9.691927661369135e-21
상권_코드,3120220,197,46,0.233502538071066,1.0673564428513724,False,6.057454788355709e-21,0.03985026997919498,0.01798260455114001,9.691927661369135e-21
상권_코드,3120221,129,39,0.3023255813953488,1.3819513903651994,False,6.057454788355709e-21,0.03985026997919498,0.01798260455114001,9.691927661369135e-21
상권_코드,3120222,204,46,0.22549019607843138,1.0307314668711782,False,6.057454788355709e-21,0.03985026997919498,0.01798260455114001,9.691927661369135e-21
상권_코드,3120223,59,10,0.1694915254237288,0.7747576243246881,True,6.057454788355709e-21,0.03985026997919498,0.01798260455114001,9.691927661369135e-21
상권_코드,3120224,204,27,0.1323529411764706,0.6049945566417786,False,6.057454788355709e-21,0.03985026997919498,0.01798260455114001,9.691927661369135e-21
상권_코드,3120225,271,43,0.15867158671586715,0.7252989272737025,False,6.057454788355709e-21,0.03985026997919498,0.01798260455114001,9.691927661369135e-21
상권_코드,3120226,206,51,0.24757281553398058,1.1316726658218381,False,6.057454788355709e-21,0.03985026997919498,0.01798260455114001,9.691927661369135e-21
상권_코드,3120227,179,54,0.3016759776536313,1.3789820062002551,False,6.057454788355709e-21,0.03985026997919498,0.01798260455114001,9.691927661369135e-21
상권_코드,3120228,225,57,0.25333333333333335,1.1580043958239674,False,6.057454788355709e-21,0.03985026997919498,0.01798260455114001,9.691927661369135e-21
상권_코드,3120229,166,38,0.2289156626506024,1.0463895142987656,False,6.057454788355709e-21,0.03985026997919498,0.01798260455114001,9.691927661369135e-21
상권_코드,3120230,166,49,0.29518072289156627,1.3492917421220925,False,6.057454788355709e-21,0.03985026997919498,0.01798260455114001,9.691927661369135e-21
상권_코드,3120231,57,5,0.08771929824561403,0.4009710511855842,True,6.057454788355709e-21,0.03985026997919498,0.01798260455114001,9.691927661369135e-21
상권_코드,3120232,105,30,0.2857142857142857,1.3060199952901885,False,6.057454788355709e-21,0.03985026997919498,0.01798260455114001,9.691927661369135e-21
상권_코드,3120233,106,16,0.1509433962264151,0.689972827700477,False,6.057454788355709e-21,0.03985026997919498,0.01798260455114001,9.691927661369135e-21
상권_코드,3120234,213,55,0.25821596244131456,1.1803232351801,False,6.057454788355709e-21,0.03985026997919498,0.01798260455114001,9.691927661369135e-21
상권_코드,3120235,162,30,0.18518518518518517,0.8464944413917889,False,6.057454788355709e-21,0.03985026997919498,0.01798260455114001,9.691927661369135e-21
상권_코드,3120236,263,79,0.30038022813688214,1.3730590444780881,False,6.057454788355709e-21,0.03985026997919498,0.01798260455114001,9.691927661369135e-21
상권_코드,3120237,235,59,0.251063829787234,1.1476303362869102,False,6.057454788355709e-21,0.03985026997919498,0.01798260455114001,9.691927661369135e-21
상권_코드,3120238,117,36,0.3076923076923077,1.4064830718509724,False,6.057454788355709e-21,0.03985026997919498,0.01798260455114001,9.691927661369135e-21
상권_코드,3120239,141,33,0.23404255319148937,1.0698248897589844,False,6.057454788355709e-21,0.03985026997919498,0.01798260455114001,9.691927661369135e-21
상권_코드,3120240,224,55,0.24553571428571427,1.1223609334525058,False,6.057454788355709e-21,0.03985026997919498,0.01798260455114001,9.691927661369135e-21
상권_코드,3120241,174,34,0.19540229885057472,0.8931975829858187,False,6.057454788355709e-21,0.03985026997919498,0.01798260455114001,9.691927661369135e-21
상권_코드,3120242,182,40,0.21978021978021978,1.0046307656078375,False,6.057454788355709e-21,0.03985026997919498,0.01798260455114001,9.691927661369135e-21
상권_코드,3120243,215,49,0.22790697674418606,1.0417787404291505,False,6.057454788355709e-21,0.03985026997919498,0.01798260455114001,9.691927661369135e-21
상권_코드,3120244,177,42,0.23728813559322035,1.0846606740545635,False,6.057454788355709e-21,0.03985026997919498,0.01798260455114001,9.691927661369135e-21
상권_코드,3120245,244,51,0.20901639344262296,0.9554285621282733,False,6.057454788355709e-21,0.03985026997919498,0.01798260455114001,9.691927661369135e-21
상권_코드,3120246,228,44,0.19298245614035087,0.8821363126082853,False,6.057454788355709e-21,0.03985026997919498,0.01798260455114001,9.691927661369135e-21
상권_코드,3120247,147,31,0.2108843537414966,0.9639671393808535,False,6.057454788355709e-21,0.03985026997919498,0.01798260455114001,9.691927661369135e-21
상권_코드,3120248,227,55,0.2422907488986784,1.1075279695742788,False,6.057454788355709e-21,0.03985026997919498,0.01798260455114001,9.691927661369135e-21
상권_코드,3120249,196,46,0.23469387755102042,1.0728021389883693,False,6.057454788355709e-21,0.03985026997919498,0.01798260455114001,9.691927661369135e-21
상권_코드,3130001,76,16,0.21052631578947367,0.9623305228454021,True,6.057454788355709e-21,0.03985026997919498,0.01798260455114001,9.691927661369135e-21
상권_코드,3130002,109,21,0.1926605504587156,0.8806648592094392,False,6.057454788355709e-21,0.03985026997919498,0.01798260455114001,9.691927661369135e-21
상권_코드,3130004,38,6,0.15789473684210525,0.7217478921340515,True,6.057454788355709e-21,0.03985026997919498,0.01798260455114001,9.691927661369135e-21
상권_코드,3130005,23,8,0.34782608695652173,1.5899373855706644,True,6.057454788355709e-21,0.03985026997919498,0.01798260455114001,9.691927661369135e-21
상권_코드,3130007,92,12,0.13043478260869565,0.5962265195889991,True,6.057454788355709e-21,0.03985026997919498,0.01798260455114001,9.691927661369135e-21
상권_코드,3130009,6,1,0.16666666666666666,0.76184499725261,True,6.057454788355709e-21,0.03985026997919498,0.01798260455114001,9.691927661369135e-21
상권_코드,3130010,75,21,0.28,1.279899595384385,True,6.057454788355709e-21,0.03985026997919498,0.01798260455114001,9.691927661369135e-21
상권_코드,3130012,12,0,0.0,0.0,True,6.057454788355709e-21,0.03985026997919498,0.01798260455114001,9.691927661369135e-21
상권_코드,3130013,6,0,0.0,0.0,True,6.057454788355709e-21,0.03985026997919498,0.01798260455114001,9.691927661369135e-21
상권_코드,3130014,19,0,0.0,0.0,True,6.057454788355709e-21,0.03985026997919498,0.01798260455114001,9.691927661369135e-21
상권_코드,3130015,82,11,0.13414634146341464,0.6131923148618569,True,6.057454788355709e-21,0.03985026997919498,0.01798260455114001,9.691927661369135e-21
상권_코드,3130016,6,0,0.0,0.0,True,6.057454788355709e-21,0.03985026997919498,0.01798260455114001,9.691927661369135e-21
상권_코드,3130018,56,12,0.21428571428571427,0.9795149964676414,True,6.057454788355709e-21,0.03985026997919498,0.01798260455114001,9.691927661369135e-21
상권_코드,3130020,43,11,0.2558139534883721,1.1693434841551689,True,6.057454788355709e-21,0.03985026997919498,0.01798260455114001,9.691927661369135e-21
상권_코드,3130022,71,17,0.23943661971830985,1.09448154534882,True,6.057454788355709e-21,0.03985026997919498,0.01798260455114001,9.691927661369135e-21
상권_코드,3130024,198,26,0.13131313131313133,0.600241512986905,False,6.057454788355709e-21,0.03985026997919498,0.01798260455114001,9.691927661369135e-21
상권_코드,3130025,30,3,0.1,0.45710699835156604,True,6.057454788355709e-21,0.03985026997919498,0.01798260455114001,9.691927661369135e-21
상권_코드,3130031,24,10,0.4166666666666667,1.9046124931315251,True,6.057454788355709e-21,0.03985026997919498,0.01798260455114001,9.691927661369135e-21
상권_코드,3130032,54,7,0.12962962962962962,0.5925461089742522,True,6.057454788355709e-21,0.03985026997919498,0.01798260455114001,9.691927661369135e-21
상권_코드,3130033,44,6,0.13636363636363635,0.6233277250248627,True,6.057454788355709e-21,0.03985026997919498,0.01798260455114001,9.691927661369135e-21
상권_코드,3130035,94,27,0.2872340425531915,1.3129669101587536,True,6.057454788355709e-21,0.03985026997919498,0.01798260455114001,9.691927661369135e-21
상권_코드,3130036,81,20,0.24691358024691357,1.1286592551890517,True,6.057454788355709e-21,0.03985026997919498,0.01798260455114001,9.691927661369135e-21
상권_코드,3130042,109,28,0.25688073394495414,1.1742198122792522,False,6.057454788355709e-21,0.03985026997919498,0.01798260455114001,9.691927661369135e-21
상권_코드,3130046,6,0,0.0,0.0,True,6.057454788355709e-21,0.03985026997919498,0.01798260455114001,9.691927661369135e-21
상권_코드,3130047,18,4,0.2222222222222222,1.0157933296701467,True,6.057454788355709e-21,0.03985026997919498,0.01798260455114001,9.691927661369135e-21
상권_코드,3130048,29,4,0.13793103448275862,0.6304924115194014,True,6.057454788355709e-21,0.03985026997919498,0.01798260455114001,9.691927661369135e-21
상권_코드,3130049,6,0,0.0,0.0,True,6.057454788355709e-21,0.03985026997919498,0.01798260455114001,9.691927661369135e-21
상권_코드,3130050,12,0,0.0,0.0,True,6.057454788355709e-21,0.03985026997919498,0.01798260455114001,9.691927661369135e-21
상권_코드,3130051,108,32,0.2962962962962963,1.354391106226862,False,6.057454788355709e-21,0.03985026997919498,0.01798260455114001,9.691927661369135e-21
상권_코드,3130052,94,13,0.13829787234042554,0.6321692530393999,True,6.057454788355709e-21,0.03985026997919498,0.01798260455114001,9.691927661369135e-21
상권_코드,3130053,114,27,0.23684210526315788,1.0826218382010773,False,6.057454788355709e-21,0.03985026997919498,0.01798260455114001,9.691927661369135e-21
상권_코드,3130054,45,20,0.4444444444444444,2.0315866593402934,True,6.057454788355709e-21,0.03985026997919498,0.01798260455114001,9.691927661369135e-21
상권_코드,3130055,73,16,0.2191780821917808,1.0018783525513775,True,6.057454788355709e-21,0.03985026997919498,0.01798260455114001,9.691927661369135e-21
상권_코드,3130056,144,21,0.14583333333333334,0.6666143725960338,False,6.057454788355709e-21,0.03985026997919498,0.01798260455114001,9.691927661369135e-21
상권_코드,3130057,29,4,0.13793103448275862,0.6304924115194014,True,6.057454788355709e-21,0.03985026997919498,0.01798260455114001,9.691927661369135e-21
상권_코드,3130058,72,17,0.2361111111111111,1.0792804127745308,True,6.057454788355709e-21,0.03985026997919498,0.01798260455114001,9.691927661369135e-21
상권_코드,3130059,62,19,0.3064516129032258,1.400811769141896,True,6.057454788355709e-21,0.03985026997919498,0.01798260455114001,9.691927661369135e-21
상권_코드,3130060,19,1,0.05263157894736842,0.24058263071135053,True,6.057454788355709e-21,0.03985026997919498,0.01798260455114001,9.691927661369135e-21
상권_코드,3130061,30,11,0.36666666666666664,1.676058993955742,True,6.057454788355709e-21,0.03985026997919498,0.01798260455114001,9.691927661369135e-21
상권_코드,3130062,22,3,0.13636363636363635,0.6233277250248627,True,6.057454788355709e-21,0.03985026997919498,0.01798260455114001,9.691927661369135e-21
상권_코드,3130063,60,11,0.18333333333333332,0.838029496977871,True,6.057454788355709e-21,0.03985026997919498,0.01798260455114001,9.691927661369135e-21
상권_코드,3130064,62,22,0.3548387096774194,1.6219925747958794,True,6.057454788355709e-21,0.03985026997919498,0.01798260455114001,9.691927661369135e-21
상권_코드,3130065,95,29,0.30526315789473685,1.395379258125833,True,6.057454788355709e-21,0.03985026997919498,0.01798260455114001,9.691927661369135e-21
상권_코드,3130066,163,38,0.2331288343558282,1.0656482170159207,False,6.057454788355709e-21,0.03985026997919498,0.01798260455114001,9.691927661369135e-21
상권_코드,3130067,166,32,0.1927710843373494,0.8811701173042237,False,6.057454788355709e-21,0.03985026997919498,0.01798260455114001,9.691927661369135e-21
상권_코드,3130068,68,14,0.20588235294117646,0.9411026436649889,True,6.057454788355709e-21,0.03985026997919498,0.01798260455114001,9.691927661369135e-21
상권_코드,3130069,84,10,0.11904761904761904,0.5441749980375785,True,6.057454788355709e-21,0.03985026997919498,0.01798260455114001,9.691927661369135e-21
상권_코드,3130070,146,31,0.21232876712328766,0.970569654034147,False,6.057454788355709e-21,0.03985026997919498,0.01798260455114001,9.691927661369135e-21
상권_코드,3130071,8,2,0.25,1.1427674958789151,True,6.057454788355709e-21,0.03985026997919498,0.01798260455114001,9.691927661369135e-21
상권_코드,3130072,178,32,0.1797752808988764,0.8217653902949501,False,6.057454788355709e-21,0.03985026997919498,0.01798260455114001,9.691927661369135e-21
상권_코드,3130073,99,7,0.0707070707070707,0.3232069685314103,True,6.057454788355709e-21,0.03985026997919498,0.01798260455114001,9.691927661369135e-21
상권_코드,3130074,24,7,0.2916666666666667,1.3332287451920677,True,6.057454788355709e-21,0.03985026997919498,0.01798260455114001,9.691927661369135e-21
상권_코드,3130075,18,5,0.2777777777777778,1.2697416620876834,True,6.057454788355709e-21,0.03985026997919498,0.01798260455114001,9.691927661369135e-21
상권_코드,3130076,66,12,0.18181818181818182,0.8311036333664837,True,6.057454788355709e-21,0.03985026997919498,0.01798260455114001,9.691927661369135e-21
상권_코드,3130078,45,15,0.3333333333333333,1.52368999450522,True,6.057454788355709e-21,0.03985026997919498,0.01798260455114001,9.691927661369135e-21
상권_코드,3130079,23,5,0.21739130434782608,0.9937108659816652,True,6.057454788355709e-21,0.03985026997919498,0.01798260455114001,9.691927661369135e-21
상권_코드,3130081,66,23,0.3484848484848485,1.5929486306190939,True,6.057454788355709e-21,0.03985026997919498,0.01798260455114001,9.691927661369135e-21
상권_코드,3130082,18,2,0.1111111111111111,0.5078966648350733,True,6.057454788355709e-21,0.03985026997919498,0.01798260455114001,9.691927661369135e-21
상권_코드,3130083,108,22,0.2037037037037037,0.9311438855309677,False,6.057454788355709e-21,0.03985026997919498,0.01798260455114001,9.691927661369135e-21
상권_코드,3130084,54,6,0.1111111111111111,0.5078966648350733,True,6.057454788355709e-21,0.03985026997919498,0.01798260455114001,9.691927661369135e-21
상권_코드,3130086,100,26,0.26,1.1884781957140718,False,6.057454788355709e-21,0.03985026997919498,0.01798260455114001,9.691927661369135e-21
상권_코드,3130087,42,15,0.35714285714285715,1.6325249941127358,True,6.057454788355709e-21,0.03985026997919498,0.01798260455114001,9.691927661369135e-21
상권_코드,3130088,51,3,0.058823529411764705,0.26888646961856827,True,6.057454788355709e-21,0.03985026997919498,0.01798260455114001,9.691927661369135e-21
상권_코드,3130089,12,1,0.08333333333333333,0.380922498626305,True,6.057454788355709e-21,0.03985026997919498,0.01798260455114001,9.691927661369135e-21
상권_코드,3130090,48,4,0.08333333333333333,0.380922498626305,True,6.057454788355709e-21,0.03985026997919498,0.01798260455114001,9.691927661369135e-21
상권_코드,3130091,36,5,0.1388888888888889,0.6348708310438417,True,6.057454788355709e-21,0.03985026997919498,0.01798260455114001,9.691927661369135e-21
상권_코드,3130092,43,6,0.13953488372093023,0.6378237186300921,True,6.057454788355709e-21,0.03985026997919498,0.01798260455114001,9.691927661369135e-21
상권_코드,3130093,6,2,0.3333333333333333,1.52368999450522,True,6.057454788355709e-21,0.03985026997919498,0.01798260455114001,9.691927661369135e-21
상권_코드,3130094,69,8,0.11594202898550725,0.5299791285235548,True,6.057454788355709e-21,0.03985026997919498,0.01798260455114001,9.691927661369135e-21
상권_코드,3130095,83,10,0.12048192771084337,0.5507313233151397,True,6.057454788355709e-21,0.03985026997919498,0.01798260455114001,9.691927661369135e-21
상권_코드,3130096,14,0,0.0,0.0,True,6.057454788355709e-21,0.03985026997919498,0.01798260455114001,9.691927661369135e-21
상권_코드,3130097,18,2,0.1111111111111111,0.5078966648350733,True,6.057454788355709e-21,0.03985026997919498,0.01798260455114001,9.691927661369135e-21
상권_코드,3130098,67,14,0.208955223880597,0.9551489517793916,True,6.057454788355709e-21,0.03985026997919498,0.01798260455114001,9.691927661369135e-21
상권_코드,3130099,64,26,0.40625,1.8569971808032368,True,6.057454788355709e-21,0.03985026997919498,0.01798260455114001,9.691927661369135e-21
상권_코드,3130100,68,15,0.22058823529411764,1.0083242610696308,True,6.057454788355709e-21,0.03985026997919498,0.01798260455114001,9.691927661369135e-21
상권_코드,3130101,33,3,0.09090909090909091,0.41555181668324187,True,6.057454788355709e-21,0.03985026997919498,0.01798260455114001,9.691927661369135e-21
상권_코드,3130102,6,0,0.0,0.0,True,6.057454788355709e-21,0.03985026997919498,0.01798260455114001,9.691927661369135e-21
상권_코드,3130103,12,1,0.08333333333333333,0.380922498626305,True,6.057454788355709e-21,0.03985026997919498,0.01798260455114001,9.691927661369135e-21
상권_코드,3130104,55,8,0.14545454545454545,0.664882906693187,True,6.057454788355709e-21,0.03985026997919498,0.01798260455114001,9.691927661369135e-21
상권_코드,3130105,49,13,0.2653061224489796,1.212732852769461,True,6.057454788355709e-21,0.03985026997919498,0.01798260455114001,9.691927661369135e-21
상권_코드,3130106,144,35,0.24305555555555555,1.1110239543267229,False,6.057454788355709e-21,0.03985026997919498,0.01798260455114001,9.691927661369135e-21
상권_코드,3130107,12,4,0.3333333333333333,1.52368999450522,True,6.057454788355709e-21,0.03985026997919498,0.01798260455114001,9.691927661369135e-21
상권_코드,3130108,12,2,0.16666666666666666,0.76184499725261,True,6.057454788355709e-21,0.03985026997919498,0.01798260455114001,9.691927661369135e-21
상권_코드,3130109,36,4,0.1111111111111111,0.5078966648350733,True,6.057454788355709e-21,0.03985026997919498,0.01798260455114001,9.691927661369135e-21
상권_코드,3130110,145,32,0.2206896551724138,1.0087878584310421,False,6.057454788355709e-21,0.03985026997919498,0.01798260455114001,9.691927661369135e-21
상권_코드,3130111,174,31,0.1781609195402299,0.8143860315458935,False,6.057454788355709e-21,0.03985026997919498,0.01798260455114001,9.691927661369135e-21
상권_코드,3130112,145,44,0.30344827586206896,1.387083305342683,False,6.057454788355709e-21,0.03985026997919498,0.01798260455114001,9.691927661369135e-21
상권_코드,3130113,89,23,0.25842696629213485,1.181287748548991,True,6.057454788355709e-21,0.03985026997919498,0.01798260455114001,9.691927661369135e-21
상권_코드,3130115,146,34,0.2328767123287671,1.0644957495858387,False,6.057454788355709e-21,0.03985026997919498,0.01798260455114001,9.691927661369135e-21
상권_코드,3130116,20,12,0.6,2.742641990109396,True,6.057454788355709e-21,0.03985026997919498,0.01798260455114001,9.691927661369135e-21
상권_코드,3130117,139,29,0.20863309352517986,0.9536764713809651,False,6.057454788355709e-21,0.03985026997919498,0.01798260455114001,9.691927661369135e-21
상권_코드,3130118,32,7,0.21875,0.9999215588940507,True,6.057454788355709e-21,0.03985026997919498,0.01798260455114001,9.691927661369135e-21
상권_코드,3130119,21,2,0.09523809523809523,0.4353399984300628,True,6.057454788355709e-21,0.03985026997919498,0.01798260455114001,9.691927661369135e-21
상권_코드,3130120,88,14,0.1590909090909091,0.7272156791956732,True,6.057454788355709e-21,0.03985026997919498,0.01798260455114001,9.691927661369135e-21
상권_코드,3130121,36,2,0.05555555555555555,0.25394833241753667,True,6.057454788355709e-21,0.03985026997919498,0.01798260455114001,9.691927661369135e-21
상권_코드,3130122,6,3,0.5,2.2855349917578303,True,6.057454788355709e-21,0.03985026997919498,0.01798260455114001,9.691927661369135e-21
상권_코드,3130123,8,0,0.0,0.0,True,6.057454788355709e-21,0.03985026997919498,0.01798260455114001,9.691927661369135e-21
상권_코드,3130125,63,18,0.2857142857142857,1.3060199952901885,True,6.057454788355709e-21,0.03985026997919498,0.01798260455114001,9.691927661369135e-21
상권_코드,3130126,6,1,0.16666666666666666,0.76184499725261,True,6.057454788355709e-21,0.03985026997919498,0.01798260455114001,9.691927661369135e-21
상권_코드,3130128,73,24,0.3287671232876712,1.5028175288270662,True,6.057454788355709e-21,0.03985026997919498,0.01798260455114001,9.691927661369135e-21
상권_코드,3130129,59,29,0.4915254237288136,2.246797110541596,True,6.057454788355709e-21,0.03985026997919498,0.01798260455114001,9.691927661369135e-21
상권_코드,3130131,15,5,0.3333333333333333,1.52368999450522,True,6.057454788355709e-21,0.03985026997919498,0.01798260455114001,9.691927661369135e-21
상권_코드,3130132,100,28,0.28,1.279899595384385,False,6.057454788355709e-21,0.03985026997919498,0.01798260455114001,9.691927661369135e-21
상권_코드,3130133,71,14,0.19718309859154928,0.90133774322844,True,6.057454788355709e-21,0.03985026997919498,0.01798260455114001,9.691927661369135e-21
상권_코드,3130134,88,8,0.09090909090909091,0.41555181668324187,True,6.057454788355709e-21,0.03985026997919498,0.01798260455114001,9.691927661369135e-21
상권_코드,3130135,57,7,0.12280701754385964,0.5613594716598179,True,6.057454788355709e-21,0.03985026997919498,0.01798260455114001,9.691927661369135e-21
상권_코드,3130136,12,4,0.3333333333333333,1.52368999450522,True,6.057454788355709e-21,0.03985026997919498,0.01798260455114001,9.691927661369135e-21
상권_코드,3130137,110,23,0.20909090909090908,0.9557691783714561,False,6.057454788355709e-21,0.03985026997919498,0.01798260455114001,9.691927661369135e-21
상권_코드,3130138,18,6,0.3333333333333333,1.52368999450522,True,6.057454788355709e-21,0.03985026997919498,0.01798260455114001,9.691927661369135e-21
상권_코드,3130139,128,31,0.2421875,1.1070560116326988,False,6.057454788355709e-21,0.03985026997919498,0.01798260455114001,9.691927661369135e-21
상권_코드,3130140,88,23,0.26136363636363635,1.1947114729643202,True,6.057454788355709e-21,0.03985026997919498,0.01798260455114001,9.691927661369135e-21
상권_코드,3130141,48,12,0.25,1.1427674958789151,True,6.057454788355709e-21,0.03985026997919498,0.01798260455114001,9.691927661369135e-21
상권_코드,3130142,6,0,0.0,0.0,True,6.057454788355709e-21,0.03985026997919498,0.01798260455114001,9.691927661369135e-21
상권_코드,3130143,42,14,0.3333333333333333,1.52368999450522,True,6.057454788355709e-21,0.03985026997919498,0.01798260455114001,9.691927661369135e-21
상권_코드,3130144,5,3,0.6,2.742641990109396,True,6.057454788355709e-21,0.03985026997919498,0.01798260455114001,9.691927661369135e-21
상권_코드,3130145,47,6,0.1276595744680851,0.5835408489594459,True,6.057454788355709e-21,0.03985026997919498,0.01798260455114001,9.691927661369135e-21
상권_코드,3130146,186,48,0.25806451612903225,1.1796309634879123,False,6.057454788355709e-21,0.03985026997919498,0.01798260455114001,9.691927661369135e-21
상권_코드,3130147,108,25,0.23148148148148148,1.0581180517397362,False,6.057454788355709e-21,0.03985026997919498,0.01798260455114001,9.691927661369135e-21
상권_코드,3130148,101,12,0.1188118811881188,0.5430974237840388,False,6.057454788355709e-21,0.03985026997919498,0.01798260455114001,9.691927661369135e-21
상권_코드,3130149,135,44,0.32592592592592595,1.4898302168495485,False,6.057454788355709e-21,0.03985026997919498,0.01798260455114001,9.691927661369135e-21
상권_코드,3130150,105,14,0.13333333333333333,0.609475997802088,False,6.057454788355709e-21,0.03985026997919498,0.01798260455114001,9.691927661369135e-21
상권_코드,3130151,12,1,0.08333333333333333,0.380922498626305,True,6.057454788355709e-21,0.03985026997919498,0.01798260455114001,9.691927661369135e-21
상권_코드,3130152,30,2,0.06666666666666667,0.304737998901044,True,6.057454788355709e-21,0.03985026997919498,0.01798260455114001,9.691927661369135e-21
상권_코드,3130153,88,18,0.20454545454545456,0.9349915875372942,True,6.057454788355709e-21,0.03985026997919498,0.01798260455114001,9.691927661369135e-21
상권_코드,3130154,36,11,0.3055555555555556,1.3967158282964518,True,6.057454788355709e-21,0.03985026997919498,0.01798260455114001,9.691927661369135e-21
상권_코드,3130157,100,38,0.38,1.737006593735951,False,6.057454788355709e-21,0.03985026997919498,0.01798260455114001,9.691927661369135e-21
상권_코드,3130159,121,26,0.21487603305785125,0.9822133848876625,False,6.057454788355709e-21,0.03985026997919498,0.01798260455114001,9.691927661369135e-21
상권_코드,3130160,16,4,0.25,1.1427674958789151,True,6.057454788355709e-21,0.03985026997919498,0.01798260455114001,9.691927661369135e-21
상권_코드,3130161,15,5,0.3333333333333333,1.52368999450522,True,6.057454788355709e-21,0.03985026997919498,0.01798260455114001,9.691927661369135e-21
상권_코드,3130162,14,6,0.42857142857142855,1.9590299929352828,True,6.057454788355709e-21,0.03985026997919498,0.01798260455114001,9.691927661369135e-21
상권_코드,3130163,102,33,0.3235294117647059,1.4788755829021254,False,6.057454788355709e-21,0.03985026997919498,0.01798260455114001,9.691927661369135e-21
상권_코드,3130165,72,20,0.2777777777777778,1.2697416620876834,True,6.057454788355709e-21,0.03985026997919498,0.01798260455114001,9.691927661369135e-21
상권_코드,3130166,30,1,0.03333333333333333,0.152368999450522,True,6.057454788355709e-21,0.03985026997919498,0.01798260455114001,9.691927661369135e-21
상권_코드,3130167,212,38,0.1792452830188679,0.8193427328943164,False,6.057454788355709e-21,0.03985026997919498,0.01798260455114001,9.691927661369135e-21
상권_코드,3130168,120,14,0.11666666666666667,0.5332914980768271,False,6.057454788355709e-21,0.03985026997919498,0.01798260455114001,9.691927661369135e-21
상권_코드,3130169,76,19,0.25,1.1427674958789151,True,6.057454788355709e-21,0.03985026997919498,0.01798260455114001,9.691927661369135e-21
상권_코드,3130170,109,26,0.23853211009174313,1.09034696854502,False,6.057454788355709e-21,0.03985026997919498,0.01798260455114001,9.691927661369135e-21
상권_코드,3130171,108,18,0.16666666666666666,0.76184499725261,False,6.057454788355709e-21,0.03985026997919498,0.01798260455114001,9.691927661369135e-21
상권_코드,3130172,75,9,0.12,0.5485283980218792,True,6.057454788355709e-21,0.03985026997919498,0.01798260455114001,9.691927661369135e-21
상권_코드,3130173,6,0,0.0,0.0,True,6.057454788355709e-21,0.03985026997919498,0.01798260455114001,9.691927661369135e-21
상권_코드,3130174,12,2,0.16666666666666666,0.76184499725261,True,6.057454788355709e-21,0.03985026997919498,0.01798260455114001,9.691927661369135e-21
상권_코드,3130175,40,5,0.125,0.5713837479394576,True,6.057454788355709e-21,0.03985026997919498,0.01798260455114001,9.691927661369135e-21
상권_코드,3130176,42,3,0.07142857142857142,0.32650499882254713,True,6.057454788355709e-21,0.03985026997919498,0.01798260455114001,9.691927661369135e-21
상권_코드,3130177,64,3,0.046875,0.21426890547729657,True,6.057454788355709e-21,0.03985026997919498,0.01798260455114001,9.691927661369135e-21
상권_코드,3130178,54,17,0.3148148148148148,1.4390405503660413,True,6.057454788355709e-21,0.03985026997919498,0.01798260455114001,9.691927661369135e-21
상권_코드,3130179,144,25,0.1736111111111111,0.7935885388048021,False,6.057454788355709e-21,0.03985026997919498,0.01798260455114001,9.691927661369135e-21
상권_코드,3130180,61,17,0.2786885245901639,1.2739047495043643,True,6.057454788355709e-21,0.03985026997919498,0.01798260455114001,9.691927661369135e-21
상권_코드,3130181,31,6,0.1935483870967742,0.8847232226159342,True,6.057454788355709e-21,0.03985026997919498,0.01798260455114001,9.691927661369135e-21
상권_코드,3130182,108,13,0.12037037037037036,0.5502213869046627,False,6.057454788355709e-21,0.03985026997919498,0.01798260455114001,9.691927661369135e-21
상권_코드,3130183,111,14,0.12612612612612611,0.5765313492722454,False,6.057454788355709e-21,0.03985026997919498,0.01798260455114001,9.691927661369135e-21
상권_코드,3130184,9,0,0.0,0.0,True,6.057454788355709e-21,0.03985026997919498,0.01798260455114001,9.691927661369135e-21
상권_코드,3130185,100,23,0.23,1.0513460962086019,False,6.057454788355709e-21,0.03985026997919498,0.01798260455114001,9.691927661369135e-21
상권_코드,3130186,89,12,0.1348314606741573,0.6163240427212126,True,6.057454788355709e-21,0.03985026997919498,0.01798260455114001,9.691927661369135e-21
상권_코드,3130189,7,1,0.14285714285714285,0.6530099976450943,True,6.057454788355709e-21,0.03985026997919498,0.01798260455114001,9.691927661369135e-21
상권_코드,3130190,94,8,0.0851063829787234,0.3890272326396306,True,6.057454788355709e-21,0.03985026997919498,0.01798260455114001,9.691927661369135e-21
상권_코드,3130191,145,29,0.2,0.9142139967031321,False,6.057454788355709e-21,0.03985026997919498,0.01798260455114001,9.691927661369135e-21
상권_코드,3130192,11,2,0.18181818181818182,0.8311036333664837,True,6.057454788355709e-21,0.03985026997919498,0.01798260455114001,9.691927661369135e-21
상권_코드,3130194,55,10,0.18181818181818182,0.8311036333664837,True,6.057454788355709e-21,0.03985026997919498,0.01798260455114001,9.691927661369135e-21
상권_코드,3130195,190,32,0.16842105263157894,0.7698644182763217,False,6.057454788355709e-21,0.03985026997919498,0.01798260455114001,9.691927661369135e-21
상권_코드,3130196,48,4,0.08333333333333333,0.380922498626305,True,6.057454788355709e-21,0.03985026997919498,0.01798260455114001,9.691927661369135e-21
상권_코드,3130197,60,21,0.35,1.599874494230481,True,6.057454788355709e-21,0.03985026997919498,0.01798260455114001,9.691927661369135e-21
상권_코드,3130198,99,29,0.29292929292929293,1.339000298201557,True,6.057454788355709e-21,0.03985026997919498,0.01798260455114001,9.691927661369135e-21
상권_코드,3130199,15,4,0.26666666666666666,1.218951995604176,True,6.057454788355709e-21,0.03985026997919498,0.01798260455114001,9.691927661369135e-21
상권_코드,3130200,29,14,0.4827586206896552,2.206723440317905,True,6.057454788355709e-21,0.03985026997919498,0.01798260455114001,9.691927661369135e-21
상권_코드,3130201,35,7,0.2,0.9142139967031321,True,6.057454788355709e-21,0.03985026997919498,0.01798260455114001,9.691927661369135e-21
상권_코드,3130202,135,15,0.1111111111111111,0.5078966648350733,False,6.057454788355709e-21,0.03985026997919498,0.01798260455114001,9.691927661369135e-21
상권_코드,3130203,64,11,0.171875,0.785652653416754,True,6.057454788355709e-21,0.03985026997919498,0.01798260455114001,9.691927661369135e-21
상권_코드,3130204,110,34,0.3090909090909091,1.4128761767230222,False,6.057454788355709e-21,0.03985026997919498,0.01798260455114001,9.691927661369135e-21
상권_코드,3130205,98,10,0.10204081632653061,0.4664357126036388,True,6.057454788355709e-21,0.03985026997919498,0.01798260455114001,9.691927661369135e-21
상권_코드,3130206,18,5,0.2777777777777778,1.2697416620876834,True,6.057454788355709e-21,0.03985026997919498,0.01798260455114001,9.691927661369135e-21
상권_코드,3130207,47,10,0.2127659574468085,0.9725680815990766,True,6.057454788355709e-21,0.03985026997919498,0.01798260455114001,9.691927661369135e-21
상권_코드,3130208,163,31,0.1901840490797546,0.8693445980919354,False,6.057454788355709e-21,0.03985026997919498,0.01798260455114001,9.691927661369135e-21
상권_코드,3130209,74,23,0.3108108108108108,1.4207379678494618,True,6.057454788355709e-21,0.03985026997919498,0.01798260455114001,9.691927661369135e-21
상권_코드,3130210,131,21,0.16030534351145037,0.7327669439223576,False,6.057454788355709e-21,0.03985026997919498,0.01798260455114001,9.691927661369135e-21
상권_코드,3130211,36,8,0.2222222222222222,1.0157933296701467,True,6.057454788355709e-21,0.03985026997919498,0.01798260455114001,9.691927661369135e-21
상권_코드,3130212,20,5,0.25,1.1427674958789151,True,6.057454788355709e-21,0.03985026997919498,0.01798260455114001,9.691927661369135e-21
상권_코드,3130213,89,34,0.38202247191011235,1.746251454376769,True,6.057454788355709e-21,0.03985026997919498,0.01798260455114001,9.691927661369135e-21
상권_코드,3130214,120,29,0.24166666666666667,1.1046752460162845,False,6.057454788355709e-21,0.03985026997919498,0.01798260455114001,9.691927661369135e-21
상권_코드,3130215,6,1,0.16666666666666666,0.76184499725261,True,6.057454788355709e-21,0.03985026997919498,0.01798260455114001,9.691927661369135e-21
상권_코드,3130216,101,26,0.25742574257425743,1.1767110848654174,False,6.057454788355709e-21,0.03985026997919498,0.01798260455114001,9.691927661369135e-21
상권_코드,3130217,84,19,0.2261904761904762,1.0339324962713994,True,6.057454788355709e-21,0.03985026997919498,0.01798260455114001,9.691927661369135e-21
상권_코드,3130218,6,0,0.0,0.0,True,6.057454788355709e-21,0.03985026997919498,0.01798260455114001,9.691927661369135e-21
상권_코드,3130219,138,34,0.2463768115942029,1.126205648112554,False,6.057454788355709e-21,0.03985026997919498,0.01798260455114001,9.691927661369135e-21
상권_코드,3130220,6,0,0.0,0.0,True,6.057454788355709e-21,0.03985026997919498,0.01798260455114001,9.691927661369135e-21
상권_코드,3130221,183,41,0.22404371584699453,1.0241195045035085,False,6.057454788355709e-21,0.03985026997919498,0.01798260455114001,9.691927661369135e-21
상권_코드,3130222,60,23,0.38333333333333336,1.7522434936810032,True,6.057454788355709e-21,0.03985026997919498,0.01798260455114001,9.691927661369135e-21
상권_코드,3130223,104,29,0.27884615384615385,1.2746252838649437,False,6.057454788355709e-21,0.03985026997919498,0.01798260455114001,9.691927661369135e-21
상권_코드,3130224,6,1,0.16666666666666666,0.76184499725261,True,6.057454788355709e-21,0.03985026997919498,0.01798260455114001,9.691927661369135e-21
상권_코드,3130225,146,39,0.2671232876712329,1.2210392421719916,False,6.057454788355709e-21,0.03985026997919498,0.01798260455114001,9.691927661369135e-21
상권_코드,3130226,27,10,0.37037037037037035,1.6929888827835777,True,6.057454788355709e-21,0.03985026997919498,0.01798260455114001,9.691927661369135e-21
상권_코드,3130227,90,24,0.26666666666666666,1.218951995604176,True,6.057454788355709e-21,0.03985026997919498,0.01798260455114001,9.691927661369135e-21
상권_코드,3130228,41,2,0.04878048780487805,0.22297902358612978,True,6.057454788355709e-21,0.03985026997919498,0.01798260455114001,9.691927661369135e-21
상권_코드,3130229,156,24,0.15384615384615385,0.7032415359254862,False,6.057454788355709e-21,0.03985026997919498,0.01798260455114001,9.691927661369135e-21
상권_코드,3130230,60,7,0.11666666666666667,0.5332914980768271,True,6.057454788355709e-21,0.03985026997919498,0.01798260455114001,9.691927661369135e-21
상권_코드,3130231,22,2,0.09090909090909091,0.41555181668324187,True,6.057454788355709e-21,0.03985026997919498,0.01798260455114001,9.691927661369135e-21
상권_코드,3130232,43,7,0.16279069767441862,0.7441276717351075,True,6.057454788355709e-21,0.03985026997919498,0.01798260455114001,9.691927661369135e-21
상권_코드,3130233,78,18,0.23076923076923078,1.0548623038882294,True,6.057454788355709e-21,0.03985026997919498,0.01798260455114001,9.691927661369135e-21
상권_코드,3130235,125,22,0.176,0.8045083170987561,False,6.057454788355709e-21,0.03985026997919498,0.01798260455114001,9.691927661369135e-21
상권_코드,3130236,163,37,0.22699386503067484,1.0376048428839229,False,6.057454788355709e-21,0.03985026997919498,0.01798260455114001,9.691927661369135e-21
상권_코드,3130238,101,21,0.2079207920792079,0.9504204916220679,False,6.057454788355709e-21,0.03985026997919498,0.01798260455114001,9.691927661369135e-21
상권_코드,3130240,58,22,0.3793103448275862,1.7338541316783538,True,6.057454788355709e-21,0.03985026997919498,0.01798260455114001,9.691927661369135e-21
상권_코드,3130241,78,11,0.14102564102564102,0.6446380745983623,True,6.057454788355709e-21,0.03985026997919498,0.01798260455114001,9.691927661369135e-21
상권_코드,3130242,32,3,0.09375,0.42853781095459315,True,6.057454788355709e-21,0.03985026997919498,0.01798260455114001,9.691927661369135e-21
상권_코드,3130244,83,15,0.18072289156626506,0.8260969849727097,True,6.057454788355709e-21,0.03985026997919498,0.01798260455114001,9.691927661369135e-21
상권_코드,3130245,24,8,0.3333333333333333,1.52368999450522,True,6.057454788355709e-21,0.03985026997919498,0.01798260455114001,9.691927661369135e-21
상권_코드,3130246,70,21,0.3,1.371320995054698,True,6.057454788355709e-21,0.03985026997919498,0.01798260455114001,9.691927661369135e-21
상권_코드,3130247,50,20,0.4,1.8284279934062642,True,6.057454788355709e-21,0.03985026997919498,0.01798260455114001,9.691927661369135e-21
상권_코드,3130248,104,25,0.2403846153846154,1.0988148998835723,False,6.057454788355709e-21,0.03985026997919498,0.01798260455114001,9.691927661369135e-21
상권_코드,3130249,30,2,0.06666666666666667,0.304737998901044,True,6.057454788355709e-21,0.03985026997919498,0.01798260455114001,9.691927661369135e-21
상권_코드,3130250,15,0,0.0,0.0,True,6.057454788355709e-21,0.03985026997919498,0.01798260455114001,9.691927661369135e-21
상권_코드,3130253,36,6,0.16666666666666666,0.76184499725261,True,6.057454788355709e-21,0.03985026997919498,0.01798260455114001,9.691927661369135e-21
상권_코드,3130254,6,1,0.16666666666666666,0.76184499725261,True,6.057454788355709e-21,0.03985026997919498,0.01798260455114001,9.691927661369135e-21
상권_코드,3130255,47,12,0.2553191489361702,1.1670816979188918,True,6.057454788355709e-21,0.03985026997919498,0.01798260455114001,9.691927661369135e-21
상권_코드,3130256,11,5,0.45454545454545453,2.077759083416209,True,6.057454788355709e-21,0.03985026997919498,0.01798260455114001,9.691927661369135e-21
상권_코드,3130257,26,6,0.23076923076923078,1.0548623038882294,True,6.057454788355709e-21,0.03985026997919498,0.01798260455114001,9.691927661369135e-21
상권_코드,3130258,12,6,0.5,2.2855349917578303,True,6.057454788355709e-21,0.03985026997919498,0.01798260455114001,9.691927661369135e-21
상권_코드,3130259,6,0,0.0,0.0,True,6.057454788355709e-21,0.03985026997919498,0.01798260455114001,9.691927661369135e-21
상권_코드,3130260,86,11,0.12790697674418605,0.5846717420775844,True,6.057454788355709e-21,0.03985026997919498,0.01798260455114001,9.691927661369135e-21
상권_코드,3130261,145,36,0.2482758620689655,1.1348863407349226,False,6.057454788355709e-21,0.03985026997919498,0.01798260455114001,9.691927661369135e-21
상권_코드,3130262,24,14,0.5833333333333334,2.6664574903841354,True,6.057454788355709e-21,0.03985026997919498,0.01798260455114001,9.691927661369135e-21
상권_코드,3130263,18,2,0.1111111111111111,0.5078966648350733,True,6.057454788355709e-21,0.03985026997919498,0.01798260455114001,9.691927661369135e-21
상권_코드,3130264,19,2,0.10526315789473684,0.48116526142270105,True,6.057454788355709e-21,0.03985026997919498,0.01798260455114001,9.691927661369135e-21
상권_코드,3130265,48,9,0.1875,0.8570756219091863,True,6.057454788355709e-21,0.03985026997919498,0.01798260455114001,9.691927661369135e-21
상권_코드,3130266,12,0,0.0,0.0,True,6.057454788355709e-21,0.03985026997919498,0.01798260455114001,9.691927661369135e-21
상권_코드,3130267,12,4,0.3333333333333333,1.52368999450522,True,6.057454788355709e-21,0.03985026997919498,0.01798260455114001,9.691927661369135e-21
상권_코드,3130268,101,20,0.19801980198019803,0.9051623729733981,False,6.057454788355709e-21,0.03985026997919498,0.01798260455114001,9.691927661369135e-21
상권_코드,3130269,9,1,0.1111111111111111,0.5078966648350733,True,6.057454788355709e-21,0.03985026997919498,0.01798260455114001,9.691927661369135e-21
상권_코드,3130270,18,2,0.1111111111111111,0.5078966648350733,True,6.057454788355709e-21,0.03985026997919498,0.01798260455114001,9.691927661369135e-21
상권_코드,3130271,132,31,0.23484848484848486,1.0735088597650415,False,6.057454788355709e-21,0.03985026997919498,0.01798260455114001,9.691927661369135e-21
상권_코드,3130272,6,1,0.16666666666666666,0.76184499725261,True,6.057454788355709e-21,0.03985026997919498,0.01798260455114001,9.691927661369135e-21
상권_코드,3130273,178,35,0.19662921348314608,0.8988058956351017,False,6.057454788355709e-21,0.03985026997919498,0.01798260455114001,9.691927661369135e-21
상권_코드,3130274,94,10,0.10638297872340426,0.4862840407995383,True,6.057454788355709e-21,0.03985026997919498,0.01798260455114001,9.691927661369135e-21
상권_코드,3130275,24,2,0.08333333333333333,0.380922498626305,True,6.057454788355709e-21,0.03985026997919498,0.01798260455114001,9.691927661369135e-21
상권_코드,3130276,9,3,0.3333333333333333,1.52368999450522,True,6.057454788355709e-21,0.03985026997919498,0.01798260455114001,9.691927661369135e-21
상권_코드,3130277,56,16,0.2857142857142857,1.3060199952901885,True,6.057454788355709e-21,0.03985026997919498,0.01798260455114001,9.691927661369135e-21
상권_코드,3130278,65,19,0.2923076923076923,1.336158918258424,True,6.057454788355709e-21,0.03985026997919498,0.01798260455114001,9.691927661369135e-21
상권_코드,3130279,121,25,0.2066115702479339,0.9444359470073679,False,6.057454788355709e-21,0.03985026997919498,0.01798260455114001,9.691927661369135e-21
상권_코드,3130281,26,5,0.19230769230769232,0.8790519199068578,True,6.057454788355709e-21,0.03985026997919498,0.01798260455114001,9.691927661369135e-21
상권_코드,3130282,12,1,0.08333333333333333,0.380922498626305,True,6.057454788355709e-21,0.03985026997919498,0.01798260455114001,9.691927661369135e-21
상권_코드,3130283,73,7,0.0958904109589041,0.43832177924122767,True,6.057454788355709e-21,0.03985026997919498,0.01798260455114001,9.691927661369135e-21
상권_코드,3130284,12,2,0.16666666666666666,0.76184499725261,True,6.057454788355709e-21,0.03985026997919498,0.01798260455114001,9.691927661369135e-21
상권_코드,3130285,127,30,0.23622047244094488,1.0797803110666913,False,6.057454788355709e-21,0.03985026997919498,0.01798260455114001,9.691927661369135e-21
상권_코드,3130286,6,0,0.0,0.0,True,6.057454788355709e-21,0.03985026997919498,0.01798260455114001,9.691927661369135e-21
상권_코드,3130287,27,5,0.18518518518518517,0.8464944413917889,True,6.057454788355709e-21,0.03985026997919498,0.01798260455114001,9.691927661369135e-21
상권_코드,3130288,12,1,0.08333333333333333,0.380922498626305,True,6.057454788355709e-21,0.03985026997919498,0.01798260455114001,9.691927661369135e-21
상권_코드,3130289,18,1,0.05555555555555555,0.25394833241753667,True,6.057454788355709e-21,0.03985026997919498,0.01798260455114001,9.691927661369135e-21
상권_코드,3130290,223,50,0.2242152466367713,1.024903583747906,False,6.057454788355709e-21,0.03985026997919498,0.01798260455114001,9.691927661369135e-21
상권_코드,3130291,5,0,0.0,0.0,True,6.057454788355709e-21,0.03985026997919498,0.01798260455114001,9.691927661369135e-21
상권_코드,3130292,18,10,0.5555555555555556,2.5394833241753667,True,6.057454788355709e-21,0.03985026997919498,0.01798260455114001,9.691927661369135e-21
상권_코드,3130293,17,2,0.11764705882352941,0.5377729392371365,True,6.057454788355709e-21,0.03985026997919498,0.01798260455114001,9.691927661369135e-21
상권_코드,3130294,92,22,0.2391304347826087,1.0930819525798319,True,6.057454788355709e-21,0.03985026997919498,0.01798260455114001,9.691927661369135e-21
상권_코드,3130295,136,25,0.18382352941176472,0.8402702175580258,False,6.057454788355709e-21,0.03985026997919498,0.01798260455114001,9.691927661369135e-21
상권_코드,3130296,9,0,0.0,0.0,True,6.057454788355709e-21,0.03985026997919498,0.01798260455114001,9.691927661369135e-21
상권_코드,3130301,18,1,0.05555555555555555,0.25394833241753667,True,6.057454788355709e-21,0.03985026997919498,0.01798260455114001,9.691927661369135e-21
상권_코드,3130302,20,7,0.35,1.599874494230481,True,6.057454788355709e-21,0.03985026997919498,0.01798260455114001,9.691927661369135e-21
상권_코드,3130303,114,28,0.24561403508771928,1.1227189433196358,False,6.057454788355709e-21,0.03985026997919498,0.01798260455114001,9.691927661369135e-21
상권_코드,3130304,27,3,0.1111111111111111,0.5078966648350733,True,6.057454788355709e-21,0.03985026997919498,0.01798260455114001,9.691927661369135e-21
상권_코드,3130305,1,0,0.0,0.0,True,6.057454788355709e-21,0.03985026997919498,0.01798260455114001,9.691927661369135e-21
상권_코드,3130306,42,9,0.21428571428571427,0.9795149964676414,True,6.057454788355709e-21,0.03985026997919498,0.01798260455114001,9.691927661369135e-21
상권_코드,3130307,38,15,0.39473684210526316,1.8043697303351292,True,6.057454788355709e-21,0.03985026997919498,0.01798260455114001,9.691927661369135e-21
상권_코드,3130308,54,11,0.2037037037037037,0.9311438855309677,True,6.057454788355709e-21,0.03985026997919498,0.01798260455114001,9.691927661369135e-21
상권_코드,3130310,166,28,0.1686746987951807,0.7710238526411957,False,6.057454788355709e-21,0.03985026997919498,0.01798260455114001,9.691927661369135e-21
상권_코드,3130311,202,42,0.2079207920792079,0.9504204916220679,False,6.057454788355709e-21,0.03985026997919498,0.01798260455114001,9.691927661369135e-21
상권_코드,3130312,140,33,0.2357142857142857,1.0774664961144056,False,6.057454788355709e-21,0.03985026997919498,0.01798260455114001,9.691927661369135e-21
상권_코드,3130313,208,47,0.22596153846153846,1.0328860058905578,False,6.057454788355709e-21,0.03985026997919498,0.01798260455114001,9.691927661369135e-21
상권_코드,3130314,155,40,0.25806451612903225,1.1796309634879123,False,6.057454788355709e-21,0.03985026997919498,0.01798260455114001,9.691927661369135e-21
상권_코드,3130315,127,33,0.25984251968503935,1.1877583421733604,False,6.057454788355709e-21,0.03985026997919498,0.01798260455114001,9.691927661369135e-21
상권_코드,3130316,30,8,0.26666666666666666,1.218951995604176,True,6.057454788355709e-21,0.03985026997919498,0.01798260455114001,9.691927661369135e-21
상권_코드,3130317,83,16,0.1927710843373494,0.8811701173042237,True,6.057454788355709e-21,0.03985026997919498,0.01798260455114001,9.691927661369135e-21
상권_코드,3130318,159,37,0.23270440251572327,1.0637081093715688,False,6.057454788355709e-21,0.03985026997919498,0.01798260455114001,9.691927661369135e-21
상권_코드,3130319,101,34,0.33663366336633666,1.5387760340547767,False,6.057454788355709e-21,0.03985026997919498,0.01798260455114001,9.691927661369135e-21
상권_코드,3130320,123,34,0.2764227642276423,1.263547800321402,False,6.057454788355709e-21,0.03985026997919498,0.01798260455114001,9.691927661369135e-21
상권_코드,3130321,34,9,0.2647058823529412,1.2099891132835572,True,6.057454788355709e-21,0.03985026997919498,0.01798260455114001,9.691927661369135e-21
상권_코드,3130322,66,12,0.18181818181818182,0.8311036333664837,True,6.057454788355709e-21,0.03985026997919498,0.01798260455114001,9.691927661369135e-21
상권_코드,3130323,94,15,0.1595744680851064,0.7294260611993075,True,6.057454788355709e-21,0.03985026997919498,0.01798260455114001,9.691927661369135e-21
상권_코드,3130324,87,17,0.19540229885057472,0.8931975829858187,True,6.057454788355709e-21,0.03985026997919498,0.01798260455114001,9.691927661369135e-21
상권_코드,3130325,60,16,0.26666666666666666,1.218951995604176,True,6.057454788355709e-21,0.03985026997919498,0.01798260455114001,9.691927661369135e-21
상권_코드,3130326,68,7,0.10294117647058823,0.47055132183249443,True,6.057454788355709e-21,0.03985026997919498,0.01798260455114001,9.691927661369135e-21
상권_코드,3130327,18,7,0.3888888888888889,1.7776383269227567,True,6.057454788355709e-21,0.03985026997919498,0.01798260455114001,9.691927661369135e-21
상권_코드_명,4.19민주묘지역 2번,47,11,0.23404255319148937,1.0698248897589844,True,6.057454788355709e-21,0.03985026997919498,0.01798260455114001,9.691927661369135e-21
상권_코드_명,63빌딩,60,17,0.2833333333333333,1.295136495329437,True,6.057454788355709e-21,0.03985026997919498,0.01798260455114001,9.691927661369135e-21
상권_코드_명,DMC(디지털미디어시티),174,37,0.21264367816091953,0.9720091344257438,False,6.057454788355709e-21,0.03985026997919498,0.01798260455114001,9.691927661369135e-21
상권_코드_명,GS강동자이아파트,86,12,0.13953488372093023,0.6378237186300921,True,6.057454788355709e-21,0.03985026997919498,0.01798260455114001,9.691927661369135e-21
상권_코드_명,G타워,44,4,0.09090909090909091,0.41555181668324187,True,6.057454788355709e-21,0.03985026997919498,0.01798260455114001,9.691927661369135e-21
상권_코드_명,KB국민은행 망원동지점,85,20,0.23529411764705882,1.075545878474273,True,6.057454788355709e-21,0.03985026997919498,0.01798260455114001,9.691927661369135e-21
상권_코드_명,KB국민은행 서강지점,30,4,0.13333333333333333,0.609475997802088,True,6.057454788355709e-21,0.03985026997919498,0.01798260455114001,9.691927661369135e-21
상권_코드_명,KB국민은행 종암동지점,12,0,0.0,0.0,True,6.057454788355709e-21,0.03985026997919498,0.01798260455114001,9.691927661369135e-21
상권_코드_명,KB국민은행 중화동지점,30,8,0.26666666666666666,1.218951995604176,True,6.057454788355709e-21,0.03985026997919498,0.01798260455114001,9.691927661369135e-21
상권_코드_명,KC대학교,12,1,0.08333333333333333,0.380922498626305,True,6.057454788355709e-21,0.03985026997919498,0.01798260455114001,9.691927661369135e-21
상권_코드_명,KT&G 북부지사,18,7,0.3888888888888889,1.7776383269227567,True,6.057454788355709e-21,0.03985026997919498,0.01798260455114001,9.691927661369135e-21
상권_코드_명,KT구로지사,35,5,0.14285714285714285,0.6530099976450943,True,6.057454788355709e-21,0.03985026997919498,0.01798260455114001,9.691927661369135e-21
상권_코드_명,KT금천빌딩(금천구시설관리공단),62,24,0.3870967741935484,1.7694464452318683,True,6.057454788355709e-21,0.03985026997919498,0.01798260455114001,9.691927661369135e-21
상권_코드_명,KT대방빌딩,30,10,0.3333333333333333,1.52368999450522,True,6.057454788355709e-21,0.03985026997919498,0.01798260455114001,9.691927661369135e-21
상권_코드_명,KT월곡지사,24,7,0.2916666666666667,1.3332287451920677,True,6.057454788355709e-21,0.03985026997919498,0.01798260455114001,9.691927661369135e-21
상권_코드_명,NH농협은행 보광동지점,83,28,0.3373493975903614,1.5420477052823913,True,6.057454788355709e-21,0.03985026997919498,0.01798260455114001,9.691927661369135e-21
상권_코드_명,NH농협은행 상도동지점,75,15,0.2,0.9142139967031321,True,6.057454788355709e-21,0.03985026997919498,0.01798260455114001,9.691927661369135e-21
상권_코드_명,Sh수협은행 오금동금융센터(아랫말어린이공원),13,4,0.3076923076923077,1.4064830718509724,True,6.057454788355709e-21,0.03985026997919498,0.01798260455114001,9.691927661369135e-21
상권_코드_명,team204(팀204),6,0,0.0,0.0,True,6.057454788355709e-21,0.03985026997919498,0.01798260455114001,9.691927661369135e-21
상권_코드_명,가락시장,57,5,0.08771929824561403,0.4009710511855842,True,6.057454788355709e-21,0.03985026997919498,0.01798260455114001,9.691927661369135e-21
상권_코드_명,가락시장역,213,55,0.25821596244131456,1.1803232351801,False,6.057454788355709e-21,0.03985026997919498,0.01798260455114001,9.691927661369135e-21
상권_코드_명,가로수길,235,67,0.2851063829787234,1.3032412293427629,False,6.057454788355709e-21,0.03985026997919498,0.01798260455114001,9.691927661369135e-21
상권_코드_명,가리봉시장,60,7,0.11666666666666667,0.5332914980768271,True,6.057454788355709e-21,0.03985026997919498,0.01798260455114001,9.691927661369135e-21
상권_코드_명,가리봉파출소,35,3,0.08571428571428572,0.3918059985870566,True,6.057454788355709e-21,0.03985026997919498,0.01798260455114001,9.691927661369135e-21
상권_코드_명,가산동우체국,88,14,0.1590909090909091,0.7272156791956732,True,6.057454788355709e-21,0.03985026997919498,0.01798260455114001,9.691927661369135e-21
상권_코드_명,가산동주민센터,60,13,0.21666666666666667,0.9903984964283931,True,6.057454788355709e-21,0.03985026997919498,0.01798260455114001,9.691927661369135e-21
상권_코드_명,가산디지털단지,278,53,0.1906474820143885,0.8714629824688129,False,6.057454788355709e-21,0.03985026997919498,0.01798260455114001,9.691927661369135e-21
상권_코드_명,가산디지털단지역 1번 출입구,24,5,0.20833333333333334,0.9523062465657626,True,6.057454788355709e-21,0.03985026997919498,0.01798260455114001,9.691927661369135e-21
상권_코드_명,가산초등학교(세일중학교),89,27,0.30337078651685395,1.3867290961227285,True,6.057454788355709e-21,0.03985026997919498,0.01798260455114001,9.691927661369135e-21
상권_코드_명,가양역 10번,111,20,0.18018018018018017,0.8236162132460648,False,6.057454788355709e-21,0.03985026997919498,0.01798260455114001,9.691927661369135e-21
상권_코드_명,가오리역 1번,47,13,0.2765957446808511,1.2643385060787997,True,6.057454788355709e-21,0.03985026997919498,0.01798260455114001,9.691927661369135e-21
상권_코드_명,가오리역 2번,41,2,0.04878048780487805,0.22297902358612978,True,6.057454788355709e-21,0.03985026997919498,0.01798260455114001,9.691927661369135e-21
상권_코드_명,가인초등학교,52,10,0.19230769230769232,0.8790519199068578,True,6.057454788355709e-21,0.03985026997919498,0.01798260455114001,9.691927661369135e-21
상권_코드_명,가좌역 2번,67,19,0.2835820895522388,1.2962735774148886,True,6.057454788355709e-21,0.03985026997919498,0.01798260455114001,9.691927661369135e-21
상권_코드_명,가좌역 3번,24,1,0.041666666666666664,0.1904612493131525,True,6.057454788355709e-21,0.03985026997919498,0.01798260455114001,9.691927661369135e-21
상권_코드_명,간데메공원,88,27,0.3068181818181818,1.4024873813059413,True,6.057454788355709e-21,0.03985026997919498,0.01798260455114001,9.691927661369135e-21
상권_코드_명,갈산공원,12,0,0.0,0.0,True,6.057454788355709e-21,0.03985026997919498,0.01798260455114001,9.691927661369135e-21
상권_코드_명,갈현건영아파트,30,13,0.43333333333333335,1.9807969928567861,True,6.057454788355709e-21,0.03985026997919498,0.01798260455114001,9.691927661369135e-21
상권_코드_명,강남 마이스 관광특구,168,37,0.22023809523809523,1.0067237463695204,False,6.057454788355709e-21,0.03985026997919498,0.01798260455114001,9.691927661369135e-21
상권_코드_명,강남개포시장,166,28,0.1686746987951807,0.7710238526411957,False,6.057454788355709e-21,0.03985026997919498,0.01798260455114001,9.691927661369135e-21
상권_코드_명,강남골목시장,24,2,0.08333333333333333,0.380922498626305,True,6.057454788355709e-21,0.03985026997919498,0.01798260455114001,9.691927661369135e-21
상권_코드_명,강남구보훈회관,37,4,0.10810810810810811,0.49416972794763897,True,6.057454788355709e-21,0.03985026997919498,0.01798260455114001,9.691927661369135e-21
상권_코드_명,"강남구청(청담역_8번, 강남세무서)",194,38,0.1958762886597938,0.8953642235752324,False,6.057454788355709e-21,0.03985026997919498,0.01798260455114001,9.691927661369135e-21
상권_코드_명,강남구청역,238,45,0.18907563025210083,0.8642779380596837,False,6.057454788355709e-21,0.03985026997919498,0.01798260455114001,9.691927661369135e-21
상권_코드_명,강남구청역 2번,18,7,0.3888888888888889,1.7776383269227567,True,6.057454788355709e-21,0.03985026997919498,0.01798260455114001,9.691927661369135e-21
상권_코드_명,강남구청역 4번,43,5,0.11627906976744186,0.5315197655250767,True,6.057454788355709e-21,0.03985026997919498,0.01798260455114001,9.691927661369135e-21
상권_코드_명,강남세브란스병원미래의학연구센터,19,6,0.3157894736842105,1.443495784268103,True,6.057454788355709e-21,0.03985026997919498,0.01798260455114001,9.691927661369135e-21
상권_코드_명,강남시장(강남구 강남시장),20,7,0.35,1.599874494230481,True,6.057454788355709e-21,0.03985026997919498,0.01798260455114001,9.691927661369135e-21
상권_코드_명,강남시장(동작구 강남시장),9,1,0.1111111111111111,0.5078966648350733,True,6.057454788355709e-21,0.03985026997919498,0.01798260455114001,9.691927661369135e-21
상권_코드_명,강남언주로,42,9,0.21428571428571427,0.9795149964676414,True,6.057454788355709e-21,0.03985026997919498,0.01798260455114001,9.691927661369135e-21
상권_코드_명,강남역,288,53,0.1840277777777778,0.8412038511330903,False,6.057454788355709e-21,0.03985026997919498,0.01798260455114001,9.691927661369135e-21
상권_코드_명,강남을지병원,241,53,0.21991701244813278,1.0052560544660996,False,6.057454788355709e-21,0.03985026997919498,0.01798260455114001,9.691927661369135e-21
상권_코드_명,강동구립 천호도서관,56,20,0.35714285714285715,1.6325249941127358,True,6.057454788355709e-21,0.03985026997919498,0.01798260455114001,9.691927661369135e-21
상권_코드_명,강동구립성내도서관,105,26,0.24761904761904763,1.1318839959181635,False,6.057454788355709e-21,0.03985026997919498,0.01798260455114001,9.691927661369135e-21
상권_코드_명,강동구청(강동구청역 2번),18,4,0.2222222222222222,1.0157933296701467,True,6.057454788355709e-21,0.03985026997919498,0.01798260455114001,9.691927661369135e-21
상권_코드_명,강동구청역,182,40,0.21978021978021978,1.0046307656078375,False,6.057454788355709e-21,0.03985026997919498,0.01798260455114001,9.691927661369135e-21
상권_코드_명,강동성심병원,22,2,0.09090909090909091,0.41555181668324187,True,6.057454788355709e-21,0.03985026997919498,0.01798260455114001,9.691927661369135e-21
상권_코드_명,강동역 4번(강풀만화거리),164,31,0.18902439024390244,0.8640437163962529,False,6.057454788355709e-21,0.03985026997919498,0.01798260455114001,9.691927661369135e-21
상권_코드_명,강변역(테크노마트),211,53,0.25118483412322273,1.1481834555750237,False,6.057454788355709e-21,0.03985026997919498,0.01798260455114001,9.691927661369135e-21
상권_코드_명,강북구청,54,11,0.2037037037037037,0.9311438855309677,True,6.057454788355709e-21,0.03985026997919498,0.01798260455114001,9.691927661369135e-21
상권_코드_명,강북문화예술회관,60,19,0.31666666666666665,1.447505494779959,True,6.057454788355709e-21,0.03985026997919498,0.01798260455114001,9.691927661369135e-21
상권_코드_명,강북문화정보도서관,6,2,0.3333333333333333,1.52368999450522,True,6.057454788355709e-21,0.03985026997919498,0.01798260455114001,9.691927661369135e-21
상권_코드_명,강북북부골목시장,48,12,0.25,1.1427674958789151,True,6.057454788355709e-21,0.03985026997919498,0.01798260455114001,9.691927661369135e-21
상권_코드_명,강북북부시장,6,0,0.0,0.0,True,6.057454788355709e-21,0.03985026997919498,0.01798260455114001,9.691927661369135e-21
상권_코드_명,강북종합전통시장(강북종합골목시장),128,31,0.2421875,1.1070560116326988,False,6.057454788355709e-21,0.03985026997919498,0.01798260455114001,9.691927661369135e-21
상권_코드_명,강북중학교,74,10,0.13513513513513514,0.6177121599345488,True,6.057454788355709e-21,0.03985026997919498,0.01798260455114001,9.691927661369135e-21
상권_코드_명,강서고등학교,53,12,0.22641509433962265,1.0349592415507156,True,6.057454788355709e-21,0.03985026997919498,0.01798260455114001,9.691927661369135e-21
상권_코드_명,강서구다솔마을,71,11,0.15492957746478872,0.70819394110806,True,6.057454788355709e-21,0.03985026997919498,0.01798260455114001,9.691927661369135e-21
상권_코드_명,강서구청,230,54,0.23478260869565218,1.0732077352601985,False,6.057454788355709e-21,0.03985026997919498,0.01798260455114001,9.691927661369135e-21
상권_코드_명,강서구청가양동별관,34,8,0.23529411764705882,1.075545878474273,True,6.057454788355709e-21,0.03985026997919498,0.01798260455114001,9.691927661369135e-21
상권_코드_명,강서구청옆,18,3,0.16666666666666666,0.76184499725261,True,6.057454788355709e-21,0.03985026997919498,0.01798260455114001,9.691927661369135e-21
상권_코드_명,강서농산물도매시장,36,4,0.1111111111111111,0.5078966648350733,True,6.057454788355709e-21,0.03985026997919498,0.01798260455114001,9.691927661369135e-21
상권_코드_명,강서새말어린이공원,24,6,0.25,1.1427674958789151,True,6.057454788355709e-21,0.03985026997919498,0.01798260455114001,9.691927661369135e-21
상권_코드_명,강일동주민센터,104,19,0.18269230769230768,0.8350993239115148,False,6.057454788355709e-21,0.03985026997919498,0.01798260455114001,9.691927661369135e-21
상권_코드_명,개나리아파트,175,58,0.3314285714285714,1.5149831945366188,False,6.057454788355709e-21,0.03985026997919498,0.01798260455114001,9.691927661369135e-21
상권_코드_명,개롱역,224,55,0.24553571428571427,1.1223609334525058,False,6.057454788355709e-21,0.03985026997919498,0.01798260455114001,9.691927661369135e-21
상권_코드_명,개미어린이공원,11,0,0.0,0.0,True,6.057454788355709e-21,0.03985026997919498,0.01798260455114001,9.691927661369135e-21
상권_코드_명,개봉1동주민센터,165,46,0.2787878787878788,1.274358904495275,False,6.057454788355709e-21,0.03985026997919498,0.01798260455114001,9.691927661369135e-21
상권_코드_명,개봉3동주민센터,36,13,0.3611111111111111,1.6506641607139885,True,6.057454788355709e-21,0.03985026997919498,0.01798260455114001,9.691927661369135e-21
상권_코드_명,개봉동 현대아파트,205,45,0.21951219512195122,1.003405606137584,False,6.057454788355709e-21,0.03985026997919498,0.01798260455114001,9.691927661369135e-21
상권_코드_명,개봉역,114,24,0.21052631578947367,0.9623305228454021,False,6.057454788355709e-21,0.03985026997919498,0.01798260455114001,9.691927661369135e-21
상권_코드_명,개봉중앙시장,146,39,0.2671232876712329,1.2210392421719916,False,6.057454788355709e-21,0.03985026997919498,0.01798260455114001,9.691927661369135e-21
상권_코드_명,개봉중학교,78,27,0.34615384615384615,1.5822934558323438,True,6.057454788355709e-21,0.03985026997919498,0.01798260455114001,9.691927661369135e-21
상권_코드_명,개봉초등학교,36,9,0.25,1.1427674958789151,True,6.057454788355709e-21,0.03985026997919498,0.01798260455114001,9.691927661369135e-21
상권_코드_명,개봉프라자(고척근린시장),6,1,0.16666666666666666,0.76184499725261,True,6.057454788355709e-21,0.03985026997919498,0.01798260455114001,9.691927661369135e-21
상권_코드_명,개웅초등학교(개웅중학교),48,18,0.375,1.7141512438183726,True,6.057454788355709e-21,0.03985026997919498,0.01798260455114001,9.691927661369135e-21
상권_코드_명,개포고등학교,98,11,0.11224489795918367,0.5130792838640027,True,6.057454788355709e-21,0.03985026997919498,0.01798260455114001,9.691927661369135e-21
상권_코드_명,개포지구대옆,23,7,0.30434782608695654,1.3911952123743314,True,6.057454788355709e-21,0.03985026997919498,0.01798260455114001,9.691927661369135e-21
상권_코드_명,개화산역 1번,30,4,0.13333333333333333,0.609475997802088,True,6.057454788355709e-21,0.03985026997919498,0.01798260455114001,9.691927661369135e-21
상권_코드_명,거여역,174,34,0.19540229885057472,0.8931975829858187,False,6.057454788355709e-21,0.03985026997919498,0.01798260455114001,9.691927661369135e-21
상권_코드_명,거여역 1번(거여공원),104,19,0.18269230769230768,0.8350993239115148,False,6.057454788355709e-21,0.03985026997919498,0.01798260455114001,9.691927661369135e-21
상권_코드_명,거여초등학교,19,2,0.10526315789473684,0.48116526142270105,True,6.057454788355709e-21,0.03985026997919498,0.01798260455114001,9.691927661369135e-21
상권_코드_명,건대입구역 1번,63,8,0.12698412698412698,0.5804533312400838,True,6.057454788355709e-21,0.03985026997919498,0.01798260455114001,9.691927661369135e-21
상권_코드_명,건대입구역 6번,109,27,0.24770642201834864,1.132283390412136,False,6.057454788355709e-21,0.03985026997919498,0.01798260455114001,9.691927661369135e-21
상권_코드_명,건대입구역(건대),215,34,0.15813953488372093,0.7228668811141044,False,6.057454788355709e-21,0.03985026997919498,0.01798260455114001,9.691927661369135e-21
상권_코드_명,경기고교사거리(경기고교앞사거리),103,21,0.20388349514563106,0.9319657247944549,False,6.057454788355709e-21,0.03985026997919498,0.01798260455114001,9.691927661369135e-21
상권_코드_명,경기대학교,12,1,0.08333333333333333,0.380922498626305,True,6.057454788355709e-21,0.03985026997919498,0.01798260455114001,9.691927661369135e-21
상권_코드_명,경동고등학교,91,31,0.34065934065934067,1.557177686692148,True,6.057454788355709e-21,0.03985026997919498,0.01798260455114001,9.691927661369135e-21
상권_코드_명,경동광성상가(경동시장),42,15,0.35714285714285715,1.6325249941127358,True,6.057454788355709e-21,0.03985026997919498,0.01798260455114001,9.691927661369135e-21
상권_코드_명,경동시장,51,3,0.058823529411764705,0.26888646961856827,True,6.057454788355709e-21,0.03985026997919498,0.01798260455114001,9.691927661369135e-21
상권_코드_명,경리단길남측,89,18,0.20224719101123595,0.9244860640818189,True,6.057454788355709e-21,0.03985026997919498,0.01798260455114001,9.691927661369135e-21
상권_코드_명,경리단길북측,112,41,0.36607142857142855,1.673338118965554,False,6.057454788355709e-21,0.03985026997919498,0.01798260455114001,9.691927661369135e-21
상권_코드_명,경문고등학교(동작동성당),24,8,0.3333333333333333,1.52368999450522,True,6.057454788355709e-21,0.03985026997919498,0.01798260455114001,9.691927661369135e-21
상권_코드_명,경복고등학교,14,2,0.14285714285714285,0.6530099976450943,True,6.057454788355709e-21,0.03985026997919498,0.01798260455114001,9.691927661369135e-21
상권_코드_명,경복아파트교차로,68,15,0.22058823529411764,1.0083242610696308,True,6.057454788355709e-21,0.03985026997919498,0.01798260455114001,9.691927661369135e-21
상권_코드_명,경성고등학교,103,27,0.2621359223300971,1.1982416461642993,False,6.057454788355709e-21,0.03985026997919498,0.01798260455114001,9.691927661369135e-21
상권_코드_명,경수초등학교,84,10,0.11904761904761904,0.5441749980375785,True,6.057454788355709e-21,0.03985026997919498,0.01798260455114001,9.691927661369135e-21
상권_코드_명,경신고등학교,39,5,0.1282051282051282,0.5860346132712384,True,6.057454788355709e-21,0.03985026997919498,0.01798260455114001,9.691927661369135e-21
상권_코드_명,경의선책거리,124,20,0.16129032258064516,0.7372693521799452,False,6.057454788355709e-21,0.03985026997919498,0.01798260455114001,9.691927661369135e-21
상권_코드_명,경의중앙 신촌역,44,11,0.25,1.1427674958789151,True,6.057454788355709e-21,0.03985026997919498,0.01798260455114001,9.691927661369135e-21
상권_코드_명,경찰병원역,235,59,0.251063829787234,1.1476303362869102,False,6.057454788355709e-21,0.03985026997919498,0.01798260455114001,9.691927661369135e-21
상권_코드_명,경찰병원역 3번,31,10,0.3225806451612903,1.4745387043598903,True,6.057454788355709e-21,0.03985026997919498,0.01798260455114001,9.691927661369135e-21
상권_코드_명,경찰병원역 4번(건너말공원),20,0,0.0,0.0,True,6.057454788355709e-21,0.03985026997919498,0.01798260455114001,9.691927661369135e-21
상권_코드_명,경찰청앞교차로,46,8,0.17391304347826086,0.7949686927853322,True,6.057454788355709e-21,0.03985026997919498,0.01798260455114001,9.691927661369135e-21
상권_코드_명,경창시장,110,34,0.3090909090909091,1.4128761767230222,False,6.057454788355709e-21,0.03985026997919498,0.01798260455114001,9.691927661369135e-21
상권_코드_명,경춘선숲길 우측,154,23,0.14935064935064934,0.6826922702653259,False,6.057454788355709e-21,0.03985026997919498,0.01798260455114001,9.691927661369135e-21
상권_코드_명,경향신문사,34,0,0.0,0.0,True,6.057454788355709e-21,0.03985026997919498,0.01798260455114001,9.691927661369135e-21
상권_코드_명,경희대삼거리,102,34,0.3333333333333333,1.52368999450522,False,6.057454788355709e-21,0.03985026997919498,0.01798260455114001,9.691927661369135e-21
상권_코드_명,경희대학교(경희대),120,20,0.16666666666666666,0.76184499725261,False,6.057454788355709e-21,0.03985026997919498,0.01798260455114001,9.691927661369135e-21
상권_코드_명,경희대후문,44,5,0.11363636363636363,0.5194397708540522,True,6.057454788355709e-21,0.03985026997919498,0.01798260455114001,9.691927661369135e-21
상권_코드_명,계남근린공원,19,5,0.2631578947368421,1.2029131535567525,True,6.057454788355709e-21,0.03985026997919498,0.01798260455114001,9.691927661369135e-21
상권_코드_명,계상초등학교,117,29,0.24786324786324787,1.1330002523243945,False,6.057454788355709e-21,0.03985026997919498,0.01798260455114001,9.691927661369135e-21
상권_코드_명,고대앞사거리,32,6,0.1875,0.8570756219091863,True,6.057454788355709e-21,0.03985026997919498,0.01798260455114001,9.691927661369135e-21
상권_코드_명,고덕 골목형상점가,68,7,0.10294117647058823,0.47055132183249443,True,6.057454788355709e-21,0.03985026997919498,0.01798260455114001,9.691927661369135e-21
상권_코드_명,고덕동성당,44,8,0.18181818181818182,0.8311036333664837,True,6.057454788355709e-21,0.03985026997919498,0.01798260455114001,9.691927661369135e-21
상권_코드_명,고덕역,196,46,0.23469387755102042,1.0728021389883693,False,6.057454788355709e-21,0.03985026997919498,0.01798260455114001,9.691927661369135e-21
상권_코드_명,고덕중학교(고덕2동주민센터),47,10,0.2127659574468085,0.9725680815990766,True,6.057454788355709e-21,0.03985026997919498,0.01798260455114001,9.691927661369135e-21
상권_코드_명,고려대역 4번,12,5,0.4166666666666667,1.9046124931315251,True,6.057454788355709e-21,0.03985026997919498,0.01798260455114001,9.691927661369135e-21
상권_코드_명,고려대역 6번,63,17,0.2698412698412698,1.2334633288851782,True,6.057454788355709e-21,0.03985026997919498,0.01798260455114001,9.691927661369135e-21
상권_코드_명,고분다리전통시장,66,12,0.18181818181818182,0.8311036333664837,True,6.057454788355709e-21,0.03985026997919498,0.01798260455114001,9.691927661369135e-21
상권_코드_명,고속터미널(고속터미널역),214,42,0.19626168224299065,0.897125884615223,False,6.057454788355709e-21,0.03985026997919498,0.01798260455114001,9.691927661369135e-21
상권_코드_명,고척골목시장상점가(그라운드 고척),90,24,0.26666666666666666,1.218951995604176,True,6.057454788355709e-21,0.03985026997919498,0.01798260455114001,9.691927661369135e-21
상권_코드_명,고척근린시장,104,29,0.27884615384615385,1.2746252838649437,False,6.057454788355709e-21,0.03985026997919498,0.01798260455114001,9.691927661369135e-21
상권_코드_명,고척동성당,49,9,0.1836734693877551,0.8395842826865498,True,6.057454788355709e-21,0.03985026997919498,0.01798260455114001,9.691927661369135e-21
상권_코드_명,고척중학교,6,1,0.16666666666666666,0.76184499725261,True,6.057454788355709e-21,0.03985026997919498,0.01798260455114001,9.691927661369135e-21
상권_코드_명,고척초등학교,42,20,0.47619047619047616,2.176699992150314,True,6.057454788355709e-21,0.03985026997919498,0.01798260455114001,9.691927661369135e-21
상권_코드_명,고척프라자,27,10,0.37037037037037035,1.6929888827835777,True,6.057454788355709e-21,0.03985026997919498,0.01798260455114001,9.691927661369135e-21
상권_코드_명,곰달래도서관,96,29,0.3020833333333333,1.3808440575203556,True,6.057454788355709e-21,0.03985026997919498,0.01798260455114001,9.691927661369135e-21
상권_코드_명,공군호텔,107,25,0.2336448598130841,1.0680070054943132,False,6.057454788355709e-21,0.03985026997919498,0.01798260455114001,9.691927661369135e-21
상권_코드_명,공덕동주민센터,34,6,0.17647058823529413,0.8066594088557048,True,6.057454788355709e-21,0.03985026997919498,0.01798260455114001,9.691927661369135e-21
상권_코드_명,공덕래미안3차아파트,34,6,0.17647058823529413,0.8066594088557048,True,6.057454788355709e-21,0.03985026997919498,0.01798260455114001,9.691927661369135e-21
상권_코드_명,공덕시장,48,4,0.08333333333333333,0.380922498626305,True,6.057454788355709e-21,0.03985026997919498,0.01798260455114001,9.691927661369135e-21
상권_코드_명,공덕역(공덕오거리),158,31,0.1962025316455696,0.8968555030948446,False,6.057454788355709e-21,0.03985026997919498,0.01798260455114001,9.691927661369135e-21
상권_코드_명,공릉동 국수거리,154,54,0.35064935064935066,1.6028427214925043,False,6.057454788355709e-21,0.03985026997919498,0.01798260455114001,9.691927661369135e-21
상권_코드_명,공릉동 도깨비시장,121,26,0.21487603305785125,0.9822133848876625,False,6.057454788355709e-21,0.03985026997919498,0.01798260455114001,9.691927661369135e-21
상권_코드_명,공릉역,137,22,0.16058394160583941,0.7340404353090841,False,6.057454788355709e-21,0.03985026997919498,0.01798260455114001,9.691927661369135e-21
상권_코드_명,공릉역 2번,66,23,0.3484848484848485,1.5929486306190939,True,6.057454788355709e-21,0.03985026997919498,0.01798260455114001,9.691927661369135e-21
상권_코드_명,공항고등학교,46,12,0.2608695652173913,1.1924530391779982,True,6.057454788355709e-21,0.03985026997919498,0.01798260455114001,9.691927661369135e-21
상권_코드_명,공항시장,20,5,0.25,1.1427674958789151,True,6.057454788355709e-21,0.03985026997919498,0.01798260455114001,9.691927661369135e-21
상권_코드_명,공항시장역 1번,79,17,0.21518987341772153,0.9836479711362813,True,6.057454788355709e-21,0.03985026997919498,0.01798260455114001,9.691927661369135e-21
상권_코드_명,공항시장역 3번,40,7,0.175,0.7999372471152405,True,6.057454788355709e-21,0.03985026997919498,0.01798260455114001,9.691927661369135e-21
상권_코드_명,관성묘,6,0,0.0,0.0,True,6.057454788355709e-21,0.03985026997919498,0.01798260455114001,9.691927661369135e-21
상권_코드_명,관악구 중앙길,165,52,0.3151515151515151,1.4405796311685717,False,6.057454788355709e-21,0.03985026997919498,0.01798260455114001,9.691927661369135e-21
상권_코드_명,관악구신사동주민센터,150,34,0.22666666666666666,1.0361091962635496,False,6.057454788355709e-21,0.03985026997919498,0.01798260455114001,9.691927661369135e-21
상권_코드_명,관악소방서(문영여고),6,0,0.0,0.0,True,6.057454788355709e-21,0.03985026997919498,0.01798260455114001,9.691927661369135e-21
상권_코드_명,관악신사시장,121,25,0.2066115702479339,0.9444359470073679,False,6.057454788355709e-21,0.03985026997919498,0.01798260455114001,9.691927661369135e-21
상권_코드_명,관악우성아파트,44,10,0.22727272727272727,1.0388795417081045,True,6.057454788355709e-21,0.03985026997919498,0.01798260455114001,9.691927661369135e-21
상권_코드_명,관악종합시장(신원시장),12,2,0.16666666666666666,0.76184499725261,True,6.057454788355709e-21,0.03985026997919498,0.01798260455114001,9.691927661369135e-21
상권_코드_명,관악중부시장,92,22,0.2391304347826087,1.0930819525798319,True,6.057454788355709e-21,0.03985026997919498,0.01798260455114001,9.691927661369135e-21
상권_코드_명,관악해태어린이공원,52,15,0.28846153846153844,1.3185778798602865,True,6.057454788355709e-21,0.03985026997919498,0.01798260455114001,9.691927661369135e-21
상권_코드_명,광나루역 1번,36,0,0.0,0.0,True,6.057454788355709e-21,0.03985026997919498,0.01798260455114001,9.691927661369135e-21
상권_코드_명,광산사거리,43,5,0.11627906976744186,0.5315197655250767,True,6.057454788355709e-21,0.03985026997919498,0.01798260455114001,9.691927661369135e-21
상권_코드_명,광운대역 1번,78,17,0.21794871794871795,0.9962588425611054,True,6.057454788355709e-21,0.03985026997919498,0.01798260455114001,9.691927661369135e-21
상권_코드_명,광운대학교 남단,36,4,0.1111111111111111,0.5078966648350733,True,6.057454788355709e-21,0.03985026997919498,0.01798260455114001,9.691927661369135e-21
상권_코드_명,광장시장(광장전통시장),92,12,0.13043478260869565,0.5962265195889991,True,6.057454788355709e-21,0.03985026997919498,0.01798260455114001,9.691927661369135e-21
상권_코드_명,광진경찰서,4,1,0.25,1.1427674958789151,True,6.057454788355709e-21,0.03985026997919498,0.01798260455114001,9.691927661369135e-21
상권_코드_명,광진구청,38,7,0.18421052631578946,0.8420392074897268,True,6.057454788355709e-21,0.03985026997919498,0.01798260455114001,9.691927661369135e-21
상권_코드_명,광진정말공원,149,27,0.18120805369127516,0.828314694999482,False,6.057454788355709e-21,0.03985026997919498,0.01798260455114001,9.691927661369135e-21
상권_코드_명,광진정보도서관,82,19,0.23170731707317074,1.0591503620341165,True,6.057454788355709e-21,0.03985026997919498,0.01798260455114001,9.691927661369135e-21
상권_코드_명,광진초등학교,52,20,0.38461538461538464,1.7581038398137157,True,6.057454788355709e-21,0.03985026997919498,0.01798260455114001,9.691927661369135e-21
상권_코드_명,광화문역,199,36,0.18090452261306533,0.8269272331988129,False,6.057454788355709e-21,0.03985026997919498,0.01798260455114001,9.691927661369135e-21
상권_코드_명,광흥창역 1번,54,15,0.2777777777777778,1.2697416620876834,True,6.057454788355709e-21,0.03985026997919498,0.01798260455114001,9.691927661369135e-21
상권_코드_명,광흥창역 6번,25,5,0.2,0.9142139967031321,True,6.057454788355709e-21,0.03985026997919498,0.01798260455114001,9.691927661369135e-21
상권_코드_명,교대역(법원.검찰청),260,38,0.14615384615384616,0.668079459129212,False,6.057454788355709e-21,0.03985026997919498,0.01798260455114001,9.691927661369135e-21
상권_코드_명,교대입구교차로,206,44,0.21359223300970873,0.9763450450227623,False,6.057454788355709e-21,0.03985026997919498,0.01798260455114001,9.691927661369135e-21
상권_코드_명,교육개발원입구사거리,107,24,0.22429906542056074,1.0252867252745406,False,6.057454788355709e-21,0.03985026997919498,0.01798260455114001,9.691927661369135e-21
상권_코드_명,구남초등학교,30,2,0.06666666666666667,0.304737998901044,True,6.057454788355709e-21,0.03985026997919498,0.01798260455114001,9.691927661369135e-21
상권_코드_명,구로119안전센터,37,15,0.40540540540540543,1.853136479803646,True,6.057454788355709e-21,0.03985026997919498,0.01798260455114001,9.691927661369135e-21
상권_코드_명,구로4동주민센터,170,41,0.2411764705882353,1.1024345254361299,False,6.057454788355709e-21,0.03985026997919498,0.01798260455114001,9.691927661369135e-21
상권_코드_명,구로구민회관,15,5,0.3333333333333333,1.52368999450522,True,6.057454788355709e-21,0.03985026997919498,0.01798260455114001,9.691927661369135e-21
상권_코드_명,구로구청,119,16,0.13445378151260504,0.6145976448424417,False,6.057454788355709e-21,0.03985026997919498,0.01798260455114001,9.691927661369135e-21
상권_코드_명,구로나눔길,49,9,0.1836734693877551,0.8395842826865498,True,6.057454788355709e-21,0.03985026997919498,0.01798260455114001,9.691927661369135e-21
상권_코드_명,구로디지털단지,220,37,0.16818181818181818,0.7687708608639974,False,6.057454788355709e-21,0.03985026997919498,0.01798260455114001,9.691927661369135e-21
상권_코드_명,구로디지털단지역,216,35,0.16203703703703703,0.7406826362178153,False,6.057454788355709e-21,0.03985026997919498,0.01798260455114001,9.691927661369135e-21
상권_코드_명,구로디지털단지역 4번,88,12,0.13636363636363635,0.6233277250248627,True,6.057454788355709e-21,0.03985026997919498,0.01798260455114001,9.691927661369135e-21
상권_코드_명,구로보건소,159,50,0.31446540880503143,1.4374433910426603,False,6.057454788355709e-21,0.03985026997919498,0.01798260455114001,9.691927661369135e-21
상권_코드_명,구로세무서,7,1,0.14285714285714285,0.6530099976450943,True,6.057454788355709e-21,0.03985026997919498,0.01798260455114001,9.691927661369135e-21
상권_코드_명,구로시장,41,2,0.04878048780487805,0.22297902358612978,True,6.057454788355709e-21,0.03985026997919498,0.01798260455114001,9.691927661369135e-21
상권_코드_명,구로역,216,42,0.19444444444444445,0.8888191634613783,False,6.057454788355709e-21,0.03985026997919498,0.01798260455114001,9.691927661369135e-21
상권_코드_명,구로전화국,212,45,0.21226415094339623,0.9702742889537959,False,6.057454788355709e-21,0.03985026997919498,0.01798260455114001,9.691927661369135e-21
상권_코드_명,구로창업지원센터,59,12,0.2033898305084746,0.9297091491896259,True,6.057454788355709e-21,0.03985026997919498,0.01798260455114001,9.691927661369135e-21
상권_코드_명,구로초등학교,120,31,0.25833333333333336,1.1808597457415457,False,6.057454788355709e-21,0.03985026997919498,0.01798260455114001,9.691927661369135e-21
상권_코드_명,구립대학경로당(관악산샘말공원),129,41,0.3178294573643411,1.4528206924352098,False,6.057454788355709e-21,0.03985026997919498,0.01798260455114001,9.691927661369135e-21
상권_코드_명,구반포역,59,25,0.423728813559322,1.9368940608117202,True,6.057454788355709e-21,0.03985026997919498,0.01798260455114001,9.691927661369135e-21
상권_코드_명,구산보건지소,99,29,0.29292929292929293,1.339000298201557,True,6.057454788355709e-21,0.03985026997919498,0.01798260455114001,9.691927661369135e-21
상권_코드_명,구산역,147,31,0.2108843537414966,0.9639671393808535,False,6.057454788355709e-21,0.03985026997919498,0.01798260455114001,9.691927661369135e-21
상권_코드_명,구산역 1번,135,34,0.2518518518518518,1.151232440292833,False,6.057454788355709e-21,0.03985026997919498,0.01798260455114001,9.691927661369135e-21
상권_코드_명,구산역 2번,27,14,0.5185185185185185,2.370184435897009,True,6.057454788355709e-21,0.03985026997919498,0.01798260455114001,9.691927661369135e-21
상권_코드_명,구산역 4번,135,26,0.1925925925925926,0.8803542190474605,False,6.057454788355709e-21,0.03985026997919498,0.01798260455114001,9.691927661369135e-21
상권_코드_명,구산초등학교,12,2,0.16666666666666666,0.76184499725261,True,6.057454788355709e-21,0.03985026997919498,0.01798260455114001,9.691927661369135e-21
상권_코드_명,구삼강변맛길,151,15,0.09933774834437085,0.4540797996869861,False,6.057454788355709e-21,0.03985026997919498,0.01798260455114001,9.691927661369135e-21
상권_코드_명,구암초등학교,42,10,0.23809523809523808,1.088349996075157,True,6.057454788355709e-21,0.03985026997919498,0.01798260455114001,9.691927661369135e-21
상권_코드_명,구역삼세무서,223,67,0.3004484304932735,1.3733708022221938,False,6.057454788355709e-21,0.03985026997919498,0.01798260455114001,9.691927661369135e-21
상권_코드_명,구의1동주민센터,147,34,0.23129251700680273,1.0572542819015813,False,6.057454788355709e-21,0.03985026997919498,0.01798260455114001,9.691927661369135e-21
상권_코드_명,구의사거리,133,32,0.24060150375939848,1.0998063118233166,False,6.057454788355709e-21,0.03985026997919498,0.01798260455114001,9.691927661369135e-21
상권_코드_명,구의역,202,46,0.22772277227722773,1.0409367289194078,False,6.057454788355709e-21,0.03985026997919498,0.01798260455114001,9.691927661369135e-21
상권_코드_명,구의역 4번,198,53,0.2676767676767677,1.2235692380117675,False,6.057454788355709e-21,0.03985026997919498,0.01798260455114001,9.691927661369135e-21
상권_코드_명,구파발역,78,7,0.08974358974358974,0.41022422928986696,True,6.057454788355709e-21,0.03985026997919498,0.01798260455114001,9.691927661369135e-21
상권_코드_명,국기원,9,4,0.4444444444444444,2.0315866593402934,True,6.057454788355709e-21,0.03985026997919498,0.01798260455114001,9.691927661369135e-21
상권_코드_명,국립4.19민주묘지,6,0,0.0,0.0,True,6.057454788355709e-21,0.03985026997919498,0.01798260455114001,9.691927661369135e-21
상권_코드_명,국립국악고등학교,42,8,0.19047619047619047,0.8706799968601256,True,6.057454788355709e-21,0.03985026997919498,0.01798260455114001,9.691927661369135e-21
상권_코드_명,국립재활원,13,5,0.38461538461538464,1.7581038398137157,True,6.057454788355709e-21,0.03985026997919498,0.01798260455114001,9.691927661369135e-21
상권_코드_명,국립정신건강센터,74,14,0.1891891891891892,0.8647970239083682,True,6.057454788355709e-21,0.03985026997919498,0.01798260455114001,9.691927661369135e-21
상권_코드_명,국민대학교앞,15,1,0.06666666666666667,0.304737998901044,True,6.057454788355709e-21,0.03985026997919498,0.01798260455114001,9.691927661369135e-21
상권_코드_명,국민은행방학지점,38,12,0.3157894736842105,1.443495784268103,True,6.057454788355709e-21,0.03985026997919498,0.01798260455114001,9.691927661369135e-21
상권_코드_명,국악고교사거리,73,19,0.2602739726027397,1.1897305436547607,True,6.057454788355709e-21,0.03985026997919498,0.01798260455114001,9.691927661369135e-21
상권_코드_명,국제신학대학원대학교(남서울중학교),43,11,0.2558139534883721,1.1693434841551689,True,6.057454788355709e-21,0.03985026997919498,0.01798260455114001,9.691927661369135e-21
상권_코드_명,국회의사당역(국회의사당),203,19,0.09359605911330049,0.4278341363881652,False,6.057454788355709e-21,0.03985026997919498,0.01798260455114001,9.691927661369135e-21
상권_코드_명,군자역,261,47,0.18007662835249041,0.823142870594774,False,6.057454788355709e-21,0.03985026997919498,0.01798260455114001,9.691927661369135e-21
상권_코드_명,군자역 4번,61,9,0.14754098360655737,0.6744201615023105,True,6.057454788355709e-21,0.03985026997919498,0.01798260455114001,9.691927661369135e-21
상권_코드_명,군자역 5번,64,19,0.296875,1.3570364013562115,True,6.057454788355709e-21,0.03985026997919498,0.01798260455114001,9.691927661369135e-21
상권_코드_명,군자초등학교,11,2,0.18181818181818182,0.8311036333664837,True,6.057454788355709e-21,0.03985026997919498,0.01798260455114001,9.691927661369135e-21
상권_코드_명,굽은다리역,147,31,0.2108843537414966,0.9639671393808535,False,6.057454788355709e-21,0.03985026997919498,0.01798260455114001,9.691927661369135e-21
상권_코드_명,굽은다리역 1번(십자성마을),102,24,0.23529411764705882,1.075545878474273,False,6.057454788355709e-21,0.03985026997919498,0.01798260455114001,9.691927661369135e-21
상권_코드_명,굽은다리역 2번,63,12,0.19047619047619047,0.8706799968601256,True,6.057454788355709e-21,0.03985026997919498,0.01798260455114001,9.691927661369135e-21
상권_코드_명,굽은다리역 3번,67,25,0.373134328358209,1.7056231281774852,True,6.057454788355709e-21,0.03985026997919498,0.01798260455114001,9.691927661369135e-21
상권_코드_명,굽은다리역 4번,206,52,0.2524271844660194,1.153862325935992,False,6.057454788355709e-21,0.03985026997919498,0.01798260455114001,9.691927661369135e-21
상권_코드_명,그라운드 고척,117,14,0.11965811965811966,0.546965639053156,False,6.057454788355709e-21,0.03985026997919498,0.01798260455114001,9.691927661369135e-21
상권_코드_명,금강수목원아파트,15,6,0.4,1.8284279934062642,True,6.057454788355709e-21,0.03985026997919498,0.01798260455114001,9.691927661369135e-21
상권_코드_명,금남시장,62,22,0.3548387096774194,1.6219925747958794,True,6.057454788355709e-21,0.03985026997919498,0.01798260455114001,9.691927661369135e-21
상권_코드_명,금동어린이공원,46,6,0.13043478260869565,0.5962265195889991,True,6.057454788355709e-21,0.03985026997919498,0.01798260455114001,9.691927661369135e-21
상권_코드_명,금북초등학교,21,0,0.0,0.0,True,6.057454788355709e-21,0.03985026997919498,0.01798260455114001,9.691927661369135e-21
상권_코드_명,금빛새마을금고본점,12,1,0.08333333333333333,0.380922498626305,True,6.057454788355709e-21,0.03985026997919498,0.01798260455114001,9.691927661369135e-21
상권_코드_명,금산초등학교(금천고등학교),95,17,0.17894736842105263,0.8179809444185918,True,6.057454788355709e-21,0.03985026997919498,0.01798260455114001,9.691927661369135e-21
상권_코드_명,금천구립가산도서관,24,2,0.08333333333333333,0.380922498626305,True,6.057454788355709e-21,0.03985026997919498,0.01798260455114001,9.691927661369135e-21
상권_코드_명,금천구청역 1번 출입구,81,18,0.2222222222222222,1.0157933296701467,True,6.057454788355709e-21,0.03985026997919498,0.01798260455114001,9.691927661369135e-21
상권_코드_명,금천금빛공원(은행나무사거리서측),36,8,0.2222222222222222,1.0157933296701467,True,6.057454788355709e-21,0.03985026997919498,0.01798260455114001,9.691927661369135e-21
상권_코드_명,금천세무서,30,11,0.36666666666666664,1.676058993955742,True,6.057454788355709e-21,0.03985026997919498,0.01798260455114001,9.691927661369135e-21
상권_코드_명,금천어울림복지센터,6,0,0.0,0.0,True,6.057454788355709e-21,0.03985026997919498,0.01798260455114001,9.691927661369135e-21
상권_코드_명,금천철쭉어린이공원(금하마을),49,11,0.22448979591836735,1.0261585677280054,True,6.057454788355709e-21,0.03985026997919498,0.01798260455114001,9.691927661369135e-21
상권_코드_명,금천파출소,6,0,0.0,0.0,True,6.057454788355709e-21,0.03985026997919498,0.01798260455114001,9.691927661369135e-21
상권_코드_명,금천해태공원,61,12,0.19672131147540983,0.8992268820030807,True,6.057454788355709e-21,0.03985026997919498,0.01798260455114001,9.691927661369135e-21
상권_코드_명,금호사거리,33,6,0.18181818181818182,0.8311036333664837,True,6.057454788355709e-21,0.03985026997919498,0.01798260455114001,9.691927661369135e-21
상권_코드_명,금호삼성래미안아파트,45,12,0.26666666666666666,1.218951995604176,True,6.057454788355709e-21,0.03985026997919498,0.01798260455114001,9.691927661369135e-21
상권_코드_명,금호역,173,53,0.3063583815028902,1.4003856018863006,False,6.057454788355709e-21,0.03985026997919498,0.01798260455114001,9.691927661369135e-21
상권_코드_명,길동복조리시장,87,17,0.19540229885057472,0.8931975829858187,True,6.057454788355709e-21,0.03985026997919498,0.01798260455114001,9.691927661369135e-21
상권_코드_명,길동신동아아파트,12,6,0.5,2.2855349917578303,True,6.057454788355709e-21,0.03985026997919498,0.01798260455114001,9.691927661369135e-21
상권_코드_명,길동역,228,44,0.19298245614035087,0.8821363126082853,False,6.057454788355709e-21,0.03985026997919498,0.01798260455114001,9.691927661369135e-21
상권_코드_명,길동주민센터(강동도서관),196,39,0.1989795918367347,0.9095496395770957,False,6.057454788355709e-21,0.03985026997919498,0.01798260455114001,9.691927661369135e-21
상권_코드_명,길상사,5,1,0.2,0.9142139967031321,True,6.057454788355709e-21,0.03985026997919498,0.01798260455114001,9.691927661369135e-21
상권_코드_명,길음시장,36,2,0.05555555555555555,0.25394833241753667,True,6.057454788355709e-21,0.03985026997919498,0.01798260455114001,9.691927661369135e-21
상권_코드_명,길음역 10번,6,0,0.0,0.0,True,6.057454788355709e-21,0.03985026997919498,0.01798260455114001,9.691927661369135e-21
상권_코드_명,길음역 7번,24,5,0.20833333333333334,0.9523062465657626,True,6.057454788355709e-21,0.03985026997919498,0.01798260455114001,9.691927661369135e-21
상권_코드_명,길음역 8번,78,18,0.23076923076923078,1.0548623038882294,True,6.057454788355709e-21,0.03985026997919498,0.01798260455114001,9.691927661369135e-21
상권_코드_명,김포공항역(김포공항),18,0,0.0,0.0,True,6.057454788355709e-21,0.03985026997919498,0.01798260455114001,9.691927661369135e-21
상권_코드_명,까치산시장,138,34,0.2463768115942029,1.126205648112554,False,6.057454788355709e-21,0.03985026997919498,0.01798260455114001,9.691927661369135e-21
상권_코드_명,까치산역,194,48,0.24742268041237114,1.1309863876739779,False,6.057454788355709e-21,0.03985026997919498,0.01798260455114001,9.691927661369135e-21
상권_코드_명,까치산역 1번,129,23,0.17829457364341086,0.8149969738051177,False,6.057454788355709e-21,0.03985026997919498,0.01798260455114001,9.691927661369135e-21
상권_코드_명,까치산역 3번,116,17,0.14655172413793102,0.6698981872393639,False,6.057454788355709e-21,0.03985026997919498,0.01798260455114001,9.691927661369135e-21
상권_코드_명,까치산역 4번,199,48,0.24120603015075376,1.1025696442650839,False,6.057454788355709e-21,0.03985026997919498,0.01798260455114001,9.691927661369135e-21
상권_코드_명,꿈의숲 장곡 골목형상점가,8,0,0.0,0.0,True,6.057454788355709e-21,0.03985026997919498,0.01798260455114001,9.691927661369135e-21
상권_코드_명,낙성대역 1번(관악구민 종합체육센터),86,15,0.1744186046511628,0.7972796482876152,True,6.057454788355709e-21,0.03985026997919498,0.01798260455114001,9.691927661369135e-21
상권_코드_명,낙성대역 5번(관악중학교),16,5,0.3125,1.4284593698486439,True,6.057454788355709e-21,0.03985026997919498,0.01798260455114001,9.691927661369135e-21
상권_코드_명,낙원시장(낙원지하시장(대일상가)),38,6,0.15789473684210525,0.7217478921340515,True,6.057454788355709e-21,0.03985026997919498,0.01798260455114001,9.691927661369135e-21
상권_코드_명,난곡 골목형상점가,12,1,0.08333333333333333,0.380922498626305,True,6.057454788355709e-21,0.03985026997919498,0.01798260455114001,9.691927661369135e-21
상권_코드_명,난곡중학교,52,21,0.40384615384615385,1.8460090318044013,True,6.057454788355709e-21,0.03985026997919498,0.01798260455114001,9.691927661369135e-21
상권_코드_명,난곡초등학교(난곡동벽화마을),36,5,0.1388888888888889,0.6348708310438417,True,6.057454788355709e-21,0.03985026997919498,0.01798260455114001,9.691927661369135e-21
상권_코드_명,난우중학교,47,15,0.3191489361702128,1.458852122398615,True,6.057454788355709e-21,0.03985026997919498,0.01798260455114001,9.691927661369135e-21
상권_코드_명,난우초등학교,103,27,0.2621359223300971,1.1982416461642993,False,6.057454788355709e-21,0.03985026997919498,0.01798260455114001,9.691927661369135e-21
상권_코드_명,난향초등학교,29,6,0.20689655172413793,0.9457386172791021,True,6.057454788355709e-21,0.03985026997919498,0.01798260455114001,9.691927661369135e-21
상권_코드_명,남가좌동현대아파트,25,8,0.32,1.4627423947250113,True,6.057454788355709e-21,0.03985026997919498,0.01798260455114001,9.691927661369135e-21
상권_코드_명,남가좌파출소,153,35,0.22875816993464052,1.0456696040722098,False,6.057454788355709e-21,0.03985026997919498,0.01798260455114001,9.691927661369135e-21
상권_코드_명,남강고등학교(남강중학교),176,46,0.26136363636363635,1.1947114729643202,False,6.057454788355709e-21,0.03985026997919498,0.01798260455114001,9.691927661369135e-21
상권_코드_명,남구로시장,156,24,0.15384615384615385,0.7032415359254862,False,6.057454788355709e-21,0.03985026997919498,0.01798260455114001,9.691927661369135e-21
상권_코드_명,남구로역 2번,171,44,0.2573099415204678,1.1761817501443803,False,6.057454788355709e-21,0.03985026997919498,0.01798260455114001,9.691927661369135e-21
상권_코드_명,남구로역 3번,124,24,0.1935483870967742,0.8847232226159342,False,6.057454788355709e-21,0.03985026997919498,0.01798260455114001,9.691927661369135e-21
상권_코드_명,남구로역 5번,95,9,0.09473684210526316,0.433048735280431,True,6.057454788355709e-21,0.03985026997919498,0.01798260455114001,9.691927661369135e-21
상권_코드_명,남대문시장(자유상가),198,26,0.13131313131313133,0.600241512986905,False,6.057454788355709e-21,0.03985026997919498,0.01798260455114001,9.691927661369135e-21
상권_코드_명,남문시장,78,18,0.23076923076923078,1.0548623038882294,True,6.057454788355709e-21,0.03985026997919498,0.01798260455114001,9.691927661369135e-21
상권_코드_명,"남부골목시장(남부화곡시장, 남부시장)",183,41,0.22404371584699453,1.0241195045035085,False,6.057454788355709e-21,0.03985026997919498,0.01798260455114001,9.691927661369135e-21
상권_코드_명,남부종합시장,9,0,0.0,0.0,True,6.057454788355709e-21,0.03985026997919498,0.01798260455114001,9.691927661369135e-21
상권_코드_명,남부초등학교,33,6,0.18181818181818182,0.8311036333664837,True,6.057454788355709e-21,0.03985026997919498,0.01798260455114001,9.691927661369135e-21
상권_코드_명,남부터미널역,234,43,0.18376068376068377,0.8399829456887752,False,6.057454788355709e-21,0.03985026997919498,0.01798260455114001,9.691927661369135e-21
상권_코드_명,남부터미널역 1번,43,16,0.37209302325581395,1.7008632496802456,True,6.057454788355709e-21,0.03985026997919498,0.01798260455114001,9.691927661369135e-21
상권_코드_명,남산골공원옆,12,1,0.08333333333333333,0.380922498626305,True,6.057454788355709e-21,0.03985026997919498,0.01798260455114001,9.691927661369135e-21
상권_코드_명,남산케이블카,34,4,0.11764705882352941,0.5377729392371365,True,6.057454788355709e-21,0.03985026997919498,0.01798260455114001,9.691927661369135e-21
상권_코드_명,남서울상가,6,1,0.16666666666666666,0.76184499725261,True,6.057454788355709e-21,0.03985026997919498,0.01798260455114001,9.691927661369135e-21
상권_코드_명,남성사계시장(남성시장),178,35,0.19662921348314608,0.8988058956351017,False,6.057454788355709e-21,0.03985026997919498,0.01798260455114001,9.691927661369135e-21
상권_코드_명,남성역 1번,141,30,0.2127659574468085,0.9725680815990766,False,6.057454788355709e-21,0.03985026997919498,0.01798260455114001,9.691927661369135e-21
상권_코드_명,남성역골목시장,132,31,0.23484848484848486,1.0735088597650415,False,6.057454788355709e-21,0.03985026997919498,0.01798260455114001,9.691927661369135e-21
상권_코드_명,남영동 먹자골목,115,16,0.1391304347826087,0.6359749542282658,False,6.057454788355709e-21,0.03985026997919498,0.01798260455114001,9.691927661369135e-21
상권_코드_명,남영역 1번,89,22,0.24719101123595505,1.1299274116555564,True,6.057454788355709e-21,0.03985026997919498,0.01798260455114001,9.691927661369135e-21
상권_코드_명,남정초등학교,6,1,0.16666666666666666,0.76184499725261,True,6.057454788355709e-21,0.03985026997919498,0.01798260455114001,9.691927661369135e-21
상권_코드_명,남천초등학교,140,24,0.17142857142857143,0.7836119971741132,False,6.057454788355709e-21,0.03985026997919498,0.01798260455114001,9.691927661369135e-21
상권_코드_명,내를건너서숲으로도서관,29,10,0.3448275862068966,1.5762310287985035,True,6.057454788355709e-21,0.03985026997919498,0.01798260455114001,9.691927661369135e-21
상권_코드_명,내방역,228,53,0.2324561403508772,1.0625732856417982,False,6.057454788355709e-21,0.03985026997919498,0.01798260455114001,9.691927661369135e-21
상권_코드_명,내방역 1번,15,2,0.13333333333333333,0.609475997802088,True,6.057454788355709e-21,0.03985026997919498,0.01798260455114001,9.691927661369135e-21
상권_코드_명,내방역 4번,54,11,0.2037037037037037,0.9311438855309677,True,6.057454788355709e-21,0.03985026997919498,0.01798260455114001,9.691927661369135e-21
상권_코드_명,내방역 5번,12,4,0.3333333333333333,1.52368999450522,True,6.057454788355709e-21,0.03985026997919498,0.01798260455114001,9.691927661369135e-21
상권_코드_명,내방역 8번,10,2,0.2,0.9142139967031321,True,6.057454788355709e-21,0.03985026997919498,0.01798260455114001,9.691927661369135e-21
상권_코드_명,노량진역 6번,107,32,0.29906542056074764,1.3670489670327206,False,6.057454788355709e-21,0.03985026997919498,0.01798260455114001,9.691927661369135e-21
상권_코드_명,노량진역(노량진),221,39,0.17647058823529413,0.8066594088557048,False,6.057454788355709e-21,0.03985026997919498,0.01798260455114001,9.691927661369135e-21
상권_코드_명,노량진중앙시장,48,9,0.1875,0.8570756219091863,True,6.057454788355709e-21,0.03985026997919498,0.01798260455114001,9.691927661369135e-21
상권_코드_명,노량진초등학교,27,13,0.48148148148148145,2.200885547618651,True,6.057454788355709e-21,0.03985026997919498,0.01798260455114001,9.691927661369135e-21
상권_코드_명,노룬산시장(노룬산골목시장),18,5,0.2777777777777778,1.2697416620876834,True,6.057454788355709e-21,0.03985026997919498,0.01798260455114001,9.691927661369135e-21
상권_코드_명,노원 을지대학교병원,1,0,0.0,0.0,True,6.057454788355709e-21,0.03985026997919498,0.01798260455114001,9.691927661369135e-21
상권_코드_명,노원역,288,78,0.2708333333333333,1.2379981205354913,False,6.057454788355709e-21,0.03985026997919498,0.01798260455114001,9.691927661369135e-21
상권_코드_명,노원역 9번,35,11,0.3142857142857143,1.4366219948192074,True,6.057454788355709e-21,0.03985026997919498,0.01798260455114001,9.691927661369135e-21
상권_코드_명,노원초등학교,117,31,0.26495726495726496,1.2111382007605596,False,6.057454788355709e-21,0.03985026997919498,0.01798260455114001,9.691927661369135e-21
상권_코드_명,녹두거리(대학동),172,33,0.19186046511627908,0.8770076131163766,False,6.057454788355709e-21,0.03985026997919498,0.01798260455114001,9.691927661369135e-21
상권_코드_명,녹번동근린공원,25,8,0.32,1.4627423947250113,True,6.057454788355709e-21,0.03985026997919498,0.01798260455114001,9.691927661369135e-21
상권_코드_명,논현2동주민센터,84,22,0.2619047619047619,1.197184995682673,True,6.057454788355709e-21,0.03985026997919498,0.01798260455114001,9.691927661369135e-21
상권_코드_명,논현로18길,12,3,0.25,1.1427674958789151,True,6.057454788355709e-21,0.03985026997919498,0.01798260455114001,9.691927661369135e-21
상권_코드_명,논현역,265,43,0.16226415094339622,0.7417207897780127,False,6.057454788355709e-21,0.03985026997919498,0.01798260455114001,9.691927661369135e-21
상권_코드_명,논현역 4번,56,25,0.44642857142857145,2.04065624264092,True,6.057454788355709e-21,0.03985026997919498,0.01798260455114001,9.691927661369135e-21
상권_코드_명,논현역 5번,34,11,0.3235294117647059,1.4788755829021254,True,6.057454788355709e-21,0.03985026997919498,0.01798260455114001,9.691927661369135e-21
상권_코드_명,논현종합시장,1,0,0.0,0.0,True,6.057454788355709e-21,0.03985026997919498,0.01798260455114001,9.691927661369135e-21
상권_코드_명,논현초등학교,92,19,0.20652173913043478,0.944025322682582,True,6.057454788355709e-21,0.03985026997919498,0.01798260455114001,9.691927661369135e-21
상권_코드_명,누원고등학교,15,4,0.26666666666666666,1.218951995604176,True,6.057454788355709e-21,0.03985026997919498,0.01798260455114001,9.691927661369135e-21
상권_코드_명,능동로골목시장,66,12,0.18181818181818182,0.8311036333664837,True,6.057454788355709e-21,0.03985026997919498,0.01798260455114001,9.691927661369135e-21
상권_코드_명,능동우편취급국,94,20,0.2127659574468085,0.9725680815990766,True,6.057454788355709e-21,0.03985026997919498,0.01798260455114001,9.691927661369135e-21
상권_코드_명,달마을공원,54,12,0.2222222222222222,1.0157933296701467,True,6.057454788355709e-21,0.03985026997919498,0.01798260455114001,9.691927661369135e-21
상권_코드_명,답십리 건축자재시장,18,2,0.1111111111111111,0.5078966648350733,True,6.057454788355709e-21,0.03985026997919498,0.01798260455114001,9.691927661369135e-21
상권_코드_명,답십리 장령당공원,6,4,0.6666666666666666,3.04737998901044,True,6.057454788355709e-21,0.03985026997919498,0.01798260455114001,9.691927661369135e-21
상권_코드_명,답십리공원,56,13,0.23214285714285715,1.0611412461732783,True,6.057454788355709e-21,0.03985026997919498,0.01798260455114001,9.691927661369135e-21
상권_코드_명,답십리사거리,78,14,0.1794871794871795,0.8204484585797339,True,6.057454788355709e-21,0.03985026997919498,0.01798260455114001,9.691927661369135e-21
상권_코드_명,답십리시장,68,15,0.22058823529411764,1.0083242610696308,True,6.057454788355709e-21,0.03985026997919498,0.01798260455114001,9.691927661369135e-21
상권_코드_명,답십리역 6번,18,6,0.3333333333333333,1.52368999450522,True,6.057454788355709e-21,0.03985026997919498,0.01798260455114001,9.691927661369135e-21
상권_코드_명,답십리초등학교,91,14,0.15384615384615385,0.7032415359254862,True,6.057454788355709e-21,0.03985026997919498,0.01798260455114001,9.691927661369135e-21
상권_코드_명,답십리현대시장,33,3,0.09090909090909091,0.41555181668324187,True,6.057454788355709e-21,0.03985026997919498,0.01798260455114001,9.691927661369135e-21
상권_코드_명,당고개역 2번,51,6,0.11764705882352941,0.5377729392371365,True,6.057454788355709e-21,0.03985026997919498,0.01798260455114001,9.691927661369135e-21
상권_코드_명,당고개역 5번,54,19,0.35185185185185186,1.608339438644399,True,6.057454788355709e-21,0.03985026997919498,0.01798260455114001,9.691927661369135e-21
상권_코드_명,당곡중학교,157,46,0.2929936305732484,1.339294390074652,False,6.057454788355709e-21,0.03985026997919498,0.01798260455114001,9.691927661369135e-21
상권_코드_명,당산2동(영등포우체국),118,45,0.3813559322033898,1.7432046547305482,False,6.057454788355709e-21,0.03985026997919498,0.01798260455114001,9.691927661369135e-21
상권_코드_명,당산반도유보라팰리스아파트,53,8,0.1509433962264151,0.689972827700477,True,6.057454788355709e-21,0.03985026997919498,0.01798260455114001,9.691927661369135e-21
상권_코드_명,당산역,202,37,0.18316831683168316,0.8372751950003932,False,6.057454788355709e-21,0.03985026997919498,0.01798260455114001,9.691927661369135e-21
상권_코드_명,당산역 13번,4,2,0.5,2.2855349917578303,True,6.057454788355709e-21,0.03985026997919498,0.01798260455114001,9.691927661369135e-21
상권_코드_명,당산역 8번,9,0,0.0,0.0,True,6.057454788355709e-21,0.03985026997919498,0.01798260455114001,9.691927661369135e-21
상권_코드_명,대광초등학교,24,11,0.4583333333333333,2.0950737424446775,True,6.057454788355709e-21,0.03985026997919498,0.01798260455114001,9.691927661369135e-21
상권_코드_명,대동초등학교,42,9,0.21428571428571427,0.9795149964676414,True,6.057454788355709e-21,0.03985026997919498,0.01798260455114001,9.691927661369135e-21
상권_코드_명,대림1동주민센터,83,25,0.30120481927710846,1.3768283082878496,True,6.057454788355709e-21,0.03985026997919498,0.01798260455114001,9.691927661369135e-21
상권_코드_명,대림3동사거리,191,36,0.18848167539267016,0.8615629288301768,False,6.057454788355709e-21,0.03985026997919498,0.01798260455114001,9.691927661369135e-21
상권_코드_명,대림갑을명가아파트,6,0,0.0,0.0,True,6.057454788355709e-21,0.03985026997919498,0.01798260455114001,9.691927661369135e-21
상권_코드_명,"대림골목시장(대림시장, 양지시장)",72,20,0.2777777777777778,1.2697416620876834,True,6.057454788355709e-21,0.03985026997919498,0.01798260455114001,9.691927661369135e-21
상권_코드_명,대림상가(청계상가),44,6,0.13636363636363635,0.6233277250248627,True,6.057454788355709e-21,0.03985026997919498,0.01798260455114001,9.691927661369135e-21
상권_코드_명,대림성모병원,105,17,0.1619047619047619,0.7400779973311069,False,6.057454788355709e-21,0.03985026997919498,0.01798260455114001,9.691927661369135e-21
상권_코드_명,대림썬프라자,12,1,0.08333333333333333,0.380922498626305,True,6.057454788355709e-21,0.03985026997919498,0.01798260455114001,9.691927661369135e-21
상권_코드_명,대림역,168,40,0.23809523809523808,1.088349996075157,False,6.057454788355709e-21,0.03985026997919498,0.01798260455114001,9.691927661369135e-21
상권_코드_명,대림역 11번,6,0,0.0,0.0,True,6.057454788355709e-21,0.03985026997919498,0.01798260455114001,9.691927661369135e-21
상권_코드_명,대림역 2번,77,19,0.24675324675324675,1.1279263595687992,True,6.057454788355709e-21,0.03985026997919498,0.01798260455114001,9.691927661369135e-21
상권_코드_명,대림역 5번,68,16,0.23529411764705882,1.075545878474273,True,6.057454788355709e-21,0.03985026997919498,0.01798260455114001,9.691927661369135e-21
상권_코드_명,대림중앙 골목형상점가,32,3,0.09375,0.42853781095459315,True,6.057454788355709e-21,0.03985026997919498,0.01798260455114001,9.691927661369135e-21
상권_코드_명,대림중앙시장,83,15,0.18072289156626506,0.8260969849727097,True,6.057454788355709e-21,0.03985026997919498,0.01798260455114001,9.691927661369135e-21
상권_코드_명,대림차이나타운(대림역 12번),31,5,0.16129032258064516,0.7372693521799452,True,6.057454788355709e-21,0.03985026997919498,0.01798260455114001,9.691927661369135e-21
상권_코드_명,대림한신아파트,76,17,0.2236842105263158,1.0224761805232399,True,6.057454788355709e-21,0.03985026997919498,0.01798260455114001,9.691927661369135e-21
상권_코드_명,대명여울빛거리시장(대명시장),125,22,0.176,0.8045083170987561,False,6.057454788355709e-21,0.03985026997919498,0.01798260455114001,9.691927661369135e-21
상권_코드_명,대방역 3번,47,7,0.14893617021276595,0.6807976571193536,True,6.057454788355709e-21,0.03985026997919498,0.01798260455114001,9.691927661369135e-21
상권_코드_명,대방역 4번,24,5,0.20833333333333334,0.9523062465657626,True,6.057454788355709e-21,0.03985026997919498,0.01798260455114001,9.691927661369135e-21
상권_코드_명,대방역 6번,15,14,0.9333333333333333,4.266331984614617,True,6.057454788355709e-21,0.03985026997919498,0.01798260455114001,9.691927661369135e-21
상권_코드_명,대신고등학교,12,1,0.08333333333333333,0.380922498626305,True,6.057454788355709e-21,0.03985026997919498,0.01798260455114001,9.691927661369135e-21
상권_코드_명,대신시장,6,0,0.0,0.0,True,6.057454788355709e-21,0.03985026997919498,0.01798260455114001,9.691927661369135e-21
상권_코드_명,대왕초등학교(세곡동사거리서남측),17,6,0.35294117647058826,1.6133188177114095,True,6.057454788355709e-21,0.03985026997919498,0.01798260455114001,9.691927661369135e-21
상권_코드_명,대원고등학교,39,12,0.3076923076923077,1.4064830718509724,True,6.057454788355709e-21,0.03985026997919498,0.01798260455114001,9.691927661369135e-21
상권_코드_명,대원종합시장,6,1,0.16666666666666666,0.76184499725261,True,6.057454788355709e-21,0.03985026997919498,0.01798260455114001,9.691927661369135e-21
상권_코드_명,대조시장,76,19,0.25,1.1427674958789151,True,6.057454788355709e-21,0.03985026997919498,0.01798260455114001,9.691927661369135e-21
상권_코드_명,대진고등학교,55,17,0.3090909090909091,1.4128761767230222,True,6.057454788355709e-21,0.03985026997919498,0.01798260455114001,9.691927661369135e-21
상권_코드_명,대청초등학교,235,42,0.17872340425531916,0.8169571885432244,False,6.057454788355709e-21,0.03985026997919498,0.01798260455114001,9.691927661369135e-21
상권_코드_명,대치2동주민센터,30,4,0.13333333333333333,0.609475997802088,True,6.057454788355709e-21,0.03985026997919498,0.01798260455114001,9.691927661369135e-21
상권_코드_명,대치동아우편취급국,39,11,0.28205128205128205,1.2892761491967246,True,6.057454788355709e-21,0.03985026997919498,0.01798260455114001,9.691927661369135e-21
상권_코드_명,대치사거리,162,27,0.16666666666666666,0.76184499725261,False,6.057454788355709e-21,0.03985026997919498,0.01798260455114001,9.691927661369135e-21
상권_코드_명,대치역,197,46,0.233502538071066,1.0673564428513724,False,6.057454788355709e-21,0.03985026997919498,0.01798260455114001,9.691927661369135e-21
상권_코드_명,대학로(혜화역),210,29,0.1380952380952381,0.6312429977235912,False,6.057454788355709e-21,0.03985026997919498,0.01798260455114001,9.691927661369135e-21
상권_코드_명,대흥동주민센터,18,1,0.05555555555555555,0.25394833241753667,True,6.057454788355709e-21,0.03985026997919498,0.01798260455114001,9.691927661369135e-21
상권_코드_명,대흥역 2번,146,31,0.21232876712328766,0.970569654034147,False,6.057454788355709e-21,0.03985026997919498,0.01798260455114001,9.691927661369135e-21
상권_코드_명,대흥역 3번,100,9,0.09,0.4113962985164094,False,6.057454788355709e-21,0.03985026997919498,0.01798260455114001,9.691927661369135e-21
상권_코드_명,더케이호텔(양재리본타워2단지아파트),24,8,0.3333333333333333,1.52368999450522,True,6.057454788355709e-21,0.03985026997919498,0.01798260455114001,9.691927661369135e-21
상권_코드_명,덕성여대시반거리,64,22,0.34375,1.571305306833508,True,6.057454788355709e-21,0.03985026997919498,0.01798260455114001,9.691927661369135e-21
상권_코드_명,덕수교,24,2,0.08333333333333333,0.380922498626305,True,6.057454788355709e-21,0.03985026997919498,0.01798260455114001,9.691927661369135e-21
상권_코드_명,덕의초등학교,86,26,0.3023255813953488,1.3819513903651994,True,6.057454788355709e-21,0.03985026997919498,0.01798260455114001,9.691927661369135e-21
상권_코드_명,도곡1동,226,80,0.35398230088495575,1.6180778702710301,False,6.057454788355709e-21,0.03985026997919498,0.01798260455114001,9.691927661369135e-21
상권_코드_명,도곡2동주민센터(대치중학교),1,0,0.0,0.0,True,6.057454788355709e-21,0.03985026997919498,0.01798260455114001,9.691927661369135e-21
상권_코드_명,도곡시장,38,15,0.39473684210526316,1.8043697303351292,True,6.057454788355709e-21,0.03985026997919498,0.01798260455114001,9.691927661369135e-21
상권_코드_명,도곡초등학교,109,17,0.1559633027522936,0.7129191717409745,False,6.057454788355709e-21,0.03985026997919498,0.01798260455114001,9.691927661369135e-21
상권_코드_명,도림2동유수지내체육시설,18,4,0.2222222222222222,1.0157933296701467,True,6.057454788355709e-21,0.03985026997919498,0.01798260455114001,9.691927661369135e-21
상권_코드_명,도림동주민센터,6,3,0.5,2.2855349917578303,True,6.057454788355709e-21,0.03985026997919498,0.01798260455114001,9.691927661369135e-21
상권_코드_명,도림초등학교,6,1,0.16666666666666666,0.76184499725261,True,6.057454788355709e-21,0.03985026997919498,0.01798260455114001,9.691927661369135e-21
상권_코드_명,도봉구 정병원,58,16,0.27586206896551724,1.2609848230388028,True,6.057454788355709e-21,0.03985026997919498,0.01798260455114001,9.691927661369135e-21
상권_코드_명,도봉구민회관,17,0,0.0,0.0,True,6.057454788355709e-21,0.03985026997919498,0.01798260455114001,9.691927661369135e-21
상권_코드_명,도봉구보건소,83,26,0.3132530120481928,1.4319014406193635,True,6.057454788355709e-21,0.03985026997919498,0.01798260455114001,9.691927661369135e-21
상권_코드_명,도봉산역 1번,42,5,0.11904761904761904,0.5441749980375785,True,6.057454788355709e-21,0.03985026997919498,0.01798260455114001,9.691927661369135e-21
상권_코드_명,도봉산입구,155,40,0.25806451612903225,1.1796309634879123,False,6.057454788355709e-21,0.03985026997919498,0.01798260455114001,9.691927661369135e-21
상권_코드_명,도봉세무서,62,14,0.22580645161290322,1.0321770930519232,True,6.057454788355709e-21,0.03985026997919498,0.01798260455114001,9.691927661369135e-21
상권_코드_명,도봉역 2번,100,29,0.29,1.3256102952195414,False,6.057454788355709e-21,0.03985026997919498,0.01798260455114001,9.691927661369135e-21
상권_코드_명,도봉역 3번,18,1,0.05555555555555555,0.25394833241753667,True,6.057454788355709e-21,0.03985026997919498,0.01798260455114001,9.691927661369135e-21
상권_코드_명,도봉우체국,48,14,0.2916666666666667,1.3332287451920677,True,6.057454788355709e-21,0.03985026997919498,0.01798260455114001,9.691927661369135e-21
상권_코드_명,도산공원교차로,158,51,0.3227848101265823,1.4754719567044219,False,6.057454788355709e-21,0.03985026997919498,0.01798260455114001,9.691927661369135e-21
상권_코드_명,도산공원북측,24,5,0.20833333333333334,0.9523062465657626,True,6.057454788355709e-21,0.03985026997919498,0.01798260455114001,9.691927661369135e-21
상권_코드_명,도성초등학교,128,18,0.140625,0.6428067164318897,False,6.057454788355709e-21,0.03985026997919498,0.01798260455114001,9.691927661369135e-21
상권_코드_명,도신초등학교,75,20,0.26666666666666666,1.218951995604176,True,6.057454788355709e-21,0.03985026997919498,0.01798260455114001,9.691927661369135e-21
상권_코드_명,도화동 상점가,190,32,0.16842105263157894,0.7698644182763217,False,6.057454788355709e-21,0.03985026997919498,0.01798260455114001,9.691927661369135e-21
상권_코드_명,독립문역 1번,45,4,0.08888888888888889,0.4063173318680587,True,6.057454788355709e-21,0.03985026997919498,0.01798260455114001,9.691927661369135e-21
상권_코드_명,독산119안전센터,66,12,0.18181818181818182,0.8311036333664837,True,6.057454788355709e-21,0.03985026997919498,0.01798260455114001,9.691927661369135e-21
상권_코드_명,독산2동주민센터,105,34,0.3238095238095238,1.4801559946622138,False,6.057454788355709e-21,0.03985026997919498,0.01798260455114001,9.691927661369135e-21
상권_코드_명,독산동,243,63,0.25925925925925924,1.1850922179485044,False,6.057454788355709e-21,0.03985026997919498,0.01798260455114001,9.691927661369135e-21
상권_코드_명,독산동 맛나는거리상점가(독산동 맛나는거리),43,7,0.16279069767441862,0.7441276717351075,True,6.057454788355709e-21,0.03985026997919498,0.01798260455114001,9.691927661369135e-21
상권_코드_명,독산동 우시장,22,2,0.09090909090909091,0.41555181668324187,True,6.057454788355709e-21,0.03985026997919498,0.01798260455114001,9.691927661369135e-21
상권_코드_명,독산동성당,139,21,0.1510791366906475,0.6905933068620782,False,6.057454788355709e-21,0.03985026997919498,0.01798260455114001,9.691927661369135e-21
상권_코드_명,독산동정훈단지,108,40,0.37037037037037035,1.6929888827835777,False,6.057454788355709e-21,0.03985026997919498,0.01798260455114001,9.691927661369135e-21
상권_코드_명,독산역 1번 출입구,21,4,0.19047619047619047,0.8706799968601256,True,6.057454788355709e-21,0.03985026997919498,0.01798260455114001,9.691927661369135e-21
상권_코드_명,돈암시장(돈암제일시장),88,14,0.1590909090909091,0.7272156791956732,True,6.057454788355709e-21,0.03985026997919498,0.01798260455114001,9.691927661369135e-21
상권_코드_명,돈의문센트레빌아파트입구,26,5,0.19230769230769232,0.8790519199068578,True,6.057454788355709e-21,0.03985026997919498,0.01798260455114001,9.691927661369135e-21
상권_코드_명,돌곶이시장(석관황금시장),73,24,0.3287671232876712,1.5028175288270662,True,6.057454788355709e-21,0.03985026997919498,0.01798260455114001,9.691927661369135e-21
상권_코드_명,돌곶이역 1번,36,2,0.05555555555555555,0.25394833241753667,True,6.057454788355709e-21,0.03985026997919498,0.01798260455114001,9.691927661369135e-21
상권_코드_명,돌곶이역 3번,17,5,0.29411764705882354,1.3444323480928413,True,6.057454788355709e-21,0.03985026997919498,0.01798260455114001,9.691927661369135e-21
상권_코드_명,돌곶이역 5번,101,12,0.1188118811881188,0.5430974237840388,False,6.057454788355709e-21,0.03985026997919498,0.01798260455114001,9.691927661369135e-21
상권_코드_명,돌곶이역 8번,97,27,0.27835051546391754,1.2723596861332251,True,6.057454788355709e-21,0.03985026997919498,0.01798260455114001,9.691927661369135e-21
상권_코드_명,동교초등학교,115,35,0.30434782608695654,1.3911952123743314,False,6.057454788355709e-21,0.03985026997919498,0.01798260455114001,9.691927661369135e-21
상권_코드_명,동구여중,24,11,0.4583333333333333,2.0950737424446775,True,6.057454788355709e-21,0.03985026997919498,0.01798260455114001,9.691927661369135e-21
상권_코드_명,동남상가,30,2,0.06666666666666667,0.304737998901044,True,6.057454788355709e-21,0.03985026997919498,0.01798260455114001,9.691927661369135e-21
상권_코드_명,동대문경찰서,6,0,0.0,0.0,True,6.057454788355709e-21,0.03985026997919498,0.01798260455114001,9.691927661369135e-21
상권_코드_명,동대문구청,78,11,0.14102564102564102,0.6446380745983623,True,6.057454788355709e-21,0.03985026997919498,0.01798260455114001,9.691927661369135e-21
상권_코드_명,동대문문구완구거리(동대문문구완구시장),56,12,0.21428571428571427,0.9795149964676414,True,6.057454788355709e-21,0.03985026997919498,0.01798260455114001,9.691927661369135e-21
상권_코드_명,동대문상가A동,6,0,0.0,0.0,True,6.057454788355709e-21,0.03985026997919498,0.01798260455114001,9.691927661369135e-21
상권_코드_명,동대문상가B동,6,0,0.0,0.0,True,6.057454788355709e-21,0.03985026997919498,0.01798260455114001,9.691927661369135e-21
상권_코드_명,동대문역,96,16,0.16666666666666666,0.76184499725261,True,6.057454788355709e-21,0.03985026997919498,0.01798260455114001,9.691927661369135e-21
상권_코드_명,동대문역 1번,53,17,0.32075471698113206,1.4661922588635137,True,6.057454788355709e-21,0.03985026997919498,0.01798260455114001,9.691927661369135e-21
상권_코드_명,동대문역 3번,17,1,0.058823529411764705,0.26888646961856827,True,6.057454788355709e-21,0.03985026997919498,0.01798260455114001,9.691927661369135e-21
상권_코드_명,동대문역사문화공원역,204,31,0.15196078431372548,0.694623379847968,False,6.057454788355709e-21,0.03985026997919498,0.01798260455114001,9.691927661369135e-21
상권_코드_명,동대문역사문화공원역 5번,52,7,0.1346153846153846,0.6153363439348004,True,6.057454788355709e-21,0.03985026997919498,0.01798260455114001,9.691927661369135e-21
상권_코드_명,"동대문종합시장(동대문종합시장 신관, 동대문종합시장D동상가)",12,0,0.0,0.0,True,6.057454788355709e-21,0.03985026997919498,0.01798260455114001,9.691927661369135e-21
상권_코드_명,동대문중앙새마을금고본점,18,7,0.3888888888888889,1.7776383269227567,True,6.057454788355709e-21,0.03985026997919498,0.01798260455114001,9.691927661369135e-21
상권_코드_명,동대문패션타운 관광특구,217,32,0.14746543778801843,0.674074836278807,False,6.057454788355709e-21,0.03985026997919498,0.01798260455114001,9.691927661369135e-21
상권_코드_명,동대부고,119,25,0.21008403361344538,0.9603088200663151,False,6.057454788355709e-21,0.03985026997919498,0.01798260455114001,9.691927661369135e-21
상권_코드_명,동대부여고,96,21,0.21875,0.9999215588940507,True,6.057454788355709e-21,0.03985026997919498,0.01798260455114001,9.691927661369135e-21
상권_코드_명,동묘시장(동묘벼룩시장),43,11,0.2558139534883721,1.1693434841551689,True,6.057454788355709e-21,0.03985026997919498,0.01798260455114001,9.691927661369135e-21
상권_코드_명,동묘앞역 2번,63,14,0.2222222222222222,1.0157933296701467,True,6.057454788355709e-21,0.03985026997919498,0.01798260455114001,9.691927661369135e-21
상권_코드_명,동묘앞역 3번,12,4,0.3333333333333333,1.52368999450522,True,6.057454788355709e-21,0.03985026997919498,0.01798260455114001,9.691927661369135e-21
상권_코드_명,동묘앞역(동묘),118,24,0.2033898305084746,0.9297091491896259,False,6.057454788355709e-21,0.03985026997919498,0.01798260455114001,9.691927661369135e-21
상권_코드_명,동문시장,19,0,0.0,0.0,True,6.057454788355709e-21,0.03985026997919498,0.01798260455114001,9.691927661369135e-21
상권_코드_명,동부시장,14,0,0.0,0.0,True,6.057454788355709e-21,0.03985026997919498,0.01798260455114001,9.691927661369135e-21
상권_코드_명,동북프라자,15,5,0.3333333333333333,1.52368999450522,True,6.057454788355709e-21,0.03985026997919498,0.01798260455114001,9.691927661369135e-21
상권_코드_명,동서시장,6,2,0.3333333333333333,1.52368999450522,True,6.057454788355709e-21,0.03985026997919498,0.01798260455114001,9.691927661369135e-21
상권_코드_명,동성타워프라자,20,12,0.6,2.742641990109396,True,6.057454788355709e-21,0.03985026997919498,0.01798260455114001,9.691927661369135e-21
상권_코드_명,"동원전통종합시장(동원시장, 동원전통시장 상점가)",174,31,0.1781609195402299,0.8143860315458935,False,6.057454788355709e-21,0.03985026997919498,0.01798260455114001,9.691927661369135e-21
상권_코드_명,동의보감타워,59,7,0.11864406779661017,0.5423303370272817,True,6.057454788355709e-21,0.03985026997919498,0.01798260455114001,9.691927661369135e-21
상권_코드_명,동의초등학교,11,1,0.09090909090909091,0.41555181668324187,True,6.057454788355709e-21,0.03985026997919498,0.01798260455114001,9.691927661369135e-21
상권_코드_명,동일여자고등학교,66,10,0.15151515151515152,0.6925863611387364,True,6.057454788355709e-21,0.03985026997919498,0.01798260455114001,9.691927661369135e-21
상권_코드_명,동작구자원봉사센터,9,1,0.1111111111111111,0.5078966648350733,True,6.057454788355709e-21,0.03985026997919498,0.01798260455114001,9.691927661369135e-21
상권_코드_명,동진시장,11,2,0.18181818181818182,0.8311036333664837,True,6.057454788355709e-21,0.03985026997919498,0.01798260455114001,9.691927661369135e-21
상권_코드_명,동평화시장,29,4,0.13793103448275862,0.6304924115194014,True,6.057454788355709e-21,0.03985026997919498,0.01798260455114001,9.691927661369135e-21
상권_코드_명,동화동 골목형상점가,108,32,0.2962962962962963,1.354391106226862,False,6.057454788355709e-21,0.03985026997919498,0.01798260455114001,9.691927661369135e-21
상권_코드_명,두산초등학교,13,4,0.3076923076923077,1.4064830718509724,True,6.057454788355709e-21,0.03985026997919498,0.01798260455114001,9.691927661369135e-21
상권_코드_명,둔촌2동주민센터,70,29,0.4142857142857143,1.8937289931707737,True,6.057454788355709e-21,0.03985026997919498,0.01798260455114001,9.691927661369135e-21
상권_코드_명,둔촌고등학교(둔촌중학교),37,8,0.21621621621621623,0.9883394558952779,True,6.057454788355709e-21,0.03985026997919498,0.01798260455114001,9.691927661369135e-21
상권_코드_명,둔촌동역 1번(한산중학교),156,36,0.23076923076923078,1.0548623038882294,False,6.057454788355709e-21,0.03985026997919498,0.01798260455114001,9.691927661369135e-21
상권_코드_명,둔촌동역 3번(성내3동주민센터),74,13,0.17567567567567569,0.8030258079149133,True,6.057454788355709e-21,0.03985026997919498,0.01798260455114001,9.691927661369135e-21
상권_코드_명,둔촌동역 4번,75,20,0.26666666666666666,1.218951995604176,True,6.057454788355709e-21,0.03985026997919498,0.01798260455114001,9.691927661369135e-21
상권_코드_명,둔촌역,244,51,0.20901639344262296,0.9554285621282733,False,6.057454788355709e-21,0.03985026997919498,0.01798260455114001,9.691927661369135e-21
상권_코드_명,둔촌역전통시장,94,15,0.1595744680851064,0.7294260611993075,True,6.057454788355709e-21,0.03985026997919498,0.01798260455114001,9.691927661369135e-21
상권_코드_명,등나무근린공원,222,38,0.17117117117117117,0.7824354025837617,False,6.057454788355709e-21,0.03985026997919498,0.01798260455114001,9.691927661369135e-21
상권_코드_명,등마루시장,6,0,0.0,0.0,True,6.057454788355709e-21,0.03985026997919498,0.01798260455114001,9.691927661369135e-21
상권_코드_명,등촌1동주민센터,129,48,0.37209302325581395,1.7008632496802456,False,6.057454788355709e-21,0.03985026997919498,0.01798260455114001,9.691927661369135e-21
상권_코드_명,등촌3동주민센터,211,48,0.22748815165876776,1.0398642616528515,False,6.057454788355709e-21,0.03985026997919498,0.01798260455114001,9.691927661369135e-21
상권_코드_명,등촌역,219,60,0.273972602739726,1.252347940689222,False,6.057454788355709e-21,0.03985026997919498,0.01798260455114001,9.691927661369135e-21
상권_코드_명,등촌역 1번,9,0,0.0,0.0,True,6.057454788355709e-21,0.03985026997919498,0.01798260455114001,9.691927661369135e-21
상권_코드_명,등촌역 4번,16,4,0.25,1.1427674958789151,True,6.057454788355709e-21,0.03985026997919498,0.01798260455114001,9.691927661369135e-21
상권_코드_명,등촌역 7번,19,5,0.2631578947368421,1.2029131535567525,True,6.057454788355709e-21,0.03985026997919498,0.01798260455114001,9.691927661369135e-21
상권_코드_명,디지털단지오거리,81,19,0.2345679012345679,1.0722262924295993,True,6.057454788355709e-21,0.03985026997919498,0.01798260455114001,9.691927661369135e-21
상권_코드_명,떡전교사거리,26,9,0.34615384615384615,1.5822934558323438,True,6.057454788355709e-21,0.03985026997919498,0.01798260455114001,9.691927661369135e-21
상권_코드_명,뚝도시장,99,7,0.0707070707070707,0.3232069685314103,True,6.057454788355709e-21,0.03985026997919498,0.01798260455114001,9.691927661369135e-21
상권_코드_명,뚝섬역,155,38,0.24516129032258063,1.1206494153135167,False,6.057454788355709e-21,0.03985026997919498,0.01798260455114001,9.691927661369135e-21
상권_코드_명,뚝섬역교차로,28,4,0.14285714285714285,0.6530099976450943,True,6.057454788355709e-21,0.03985026997919498,0.01798260455114001,9.691927661369135e-21
상권_코드_명,뚝섬역상점가,146,31,0.21232876712328766,0.970569654034147,False,6.057454788355709e-21,0.03985026997919498,0.01798260455114001,9.691927661369135e-21
상권_코드_명,뚝섬유원지역 1번,18,7,0.3888888888888889,1.7776383269227567,True,6.057454788355709e-21,0.03985026997919498,0.01798260455114001,9.691927661369135e-21
상권_코드_명,뜸부기어린이공원,85,26,0.3058823529411765,1.398209642016555,True,6.057454788355709e-21,0.03985026997919498,0.01798260455114001,9.691927661369135e-21
상권_코드_명,러스크서울병원,62,20,0.3225806451612903,1.4745387043598903,True,6.057454788355709e-21,0.03985026997919498,0.01798260455114001,9.691927661369135e-21
상권_코드_명,로데오거리상점가,159,37,0.23270440251572327,1.0637081093715688,False,6.057454788355709e-21,0.03985026997919498,0.01798260455114001,9.691927661369135e-21
상권_코드_명,롯데백화점(시청광장 지하쇼핑센터),89,17,0.19101123595505617,0.8731257271883845,True,6.057454788355709e-21,0.03985026997919498,0.01798260455114001,9.691927661369135e-21
상권_코드_명,르네상스호텔사거리,139,41,0.2949640287769784,1.3483012181592955,False,6.057454788355709e-21,0.03985026997919498,0.01798260455114001,9.691927661369135e-21
상권_코드_명,리움미술관,27,11,0.4074074074074074,1.8622877710619354,True,6.057454788355709e-21,0.03985026997919498,0.01798260455114001,9.691927661369135e-21
상권_코드_명,마곡역(마곡),26,1,0.038461538461538464,0.17581038398137155,True,6.057454788355709e-21,0.03985026997919498,0.01798260455114001,9.691927661369135e-21
상권_코드_명,마들역,182,43,0.23626373626373626,1.0799780730284252,False,6.057454788355709e-21,0.03985026997919498,0.01798260455114001,9.691927661369135e-21
상권_코드_명,마장역 2번,84,17,0.20238095238095238,0.9250974966638836,True,6.057454788355709e-21,0.03985026997919498,0.01798260455114001,9.691927661369135e-21
상권_코드_명,마장역 3번,44,4,0.09090909090909091,0.41555181668324187,True,6.057454788355709e-21,0.03985026997919498,0.01798260455114001,9.691927661369135e-21
상권_코드_명,마장축산물시장,68,14,0.20588235294117646,0.9411026436649889,True,6.057454788355709e-21,0.03985026997919498,0.01798260455114001,9.691927661369135e-21
상권_코드_명,마전교지하쇼핑센터(구 한일상가),6,1,0.16666666666666666,0.76184499725261,True,6.057454788355709e-21,0.03985026997919498,0.01798260455114001,9.691927661369135e-21
상권_코드_명,마천1치안센터,29,4,0.13793103448275862,0.6304924115194014,True,6.057454788355709e-21,0.03985026997919498,0.01798260455114001,9.691927661369135e-21
상권_코드_명,마천공원,12,0,0.0,0.0,True,6.057454788355709e-21,0.03985026997919498,0.01798260455114001,9.691927661369135e-21
상권_코드_명,마천시장,30,8,0.26666666666666666,1.218951995604176,True,6.057454788355709e-21,0.03985026997919498,0.01798260455114001,9.691927661369135e-21
상권_코드_명,마천역(마천초등학교),195,61,0.3128205128205128,1.4299244563818219,False,6.057454788355709e-21,0.03985026997919498,0.01798260455114001,9.691927661369135e-21
상권_코드_명,마천중앙시장,83,16,0.1927710843373494,0.8811701173042237,True,6.057454788355709e-21,0.03985026997919498,0.01798260455114001,9.691927661369135e-21
상권_코드_명,마포FM,33,7,0.21212121212121213,0.969620905594231,True,6.057454788355709e-21,0.03985026997919498,0.01798260455114001,9.691927661369135e-21
상권_코드_명,마포경찰서,6,2,0.3333333333333333,1.52368999450522,True,6.057454788355709e-21,0.03985026997919498,0.01798260455114001,9.691927661369135e-21
상권_코드_명,마포구청역 1번,76,20,0.2631578947368421,1.2029131535567525,True,6.057454788355709e-21,0.03985026997919498,0.01798260455114001,9.691927661369135e-21
상권_코드_명,마포구청역 4번,49,9,0.1836734693877551,0.8395842826865498,True,6.057454788355709e-21,0.03985026997919498,0.01798260455114001,9.691927661369135e-21
상권_코드_명,마포구청역 7번,108,21,0.19444444444444445,0.8888191634613783,False,6.057454788355709e-21,0.03985026997919498,0.01798260455114001,9.691927661369135e-21
상권_코드_명,마포농수산물시장,9,0,0.0,0.0,True,6.057454788355709e-21,0.03985026997919498,0.01798260455114001,9.691927661369135e-21
상권_코드_명,마포시장,60,21,0.35,1.599874494230481,True,6.057454788355709e-21,0.03985026997919498,0.01798260455114001,9.691927661369135e-21
상권_코드_명,마포역,171,28,0.16374269005847952,0.7484792955464239,False,6.057454788355709e-21,0.03985026997919498,0.01798260455114001,9.691927661369135e-21
상권_코드_명,마포역 4번,18,0,0.0,0.0,True,6.057454788355709e-21,0.03985026997919498,0.01798260455114001,9.691927661369135e-21
상권_코드_명,만리시장,29,4,0.13793103448275862,0.6304924115194014,True,6.057454788355709e-21,0.03985026997919498,0.01798260455114001,9.691927661369135e-21
상권_코드_명,만리재,54,14,0.25925925925925924,1.1850922179485044,True,6.057454788355709e-21,0.03985026997919498,0.01798260455114001,9.691927661369135e-21
상권_코드_명,만양로상점가,12,0,0.0,0.0,True,6.057454788355709e-21,0.03985026997919498,0.01798260455114001,9.691927661369135e-21
상권_코드_명,말미고개,83,24,0.2891566265060241,1.3217551759563355,True,6.057454788355709e-21,0.03985026997919498,0.01798260455114001,9.691927661369135e-21
상권_코드_명,망리단길,236,42,0.17796610169491525,0.8134955055409225,False,6.057454788355709e-21,0.03985026997919498,0.01798260455114001,9.691927661369135e-21
상권_코드_명,망우3동주민센터,29,2,0.06896551724137931,0.3152462057597007,True,6.057454788355709e-21,0.03985026997919498,0.01798260455114001,9.691927661369135e-21
상권_코드_명,망우본동주민센터,129,37,0.2868217054263566,1.3110820882951895,False,6.057454788355709e-21,0.03985026997919498,0.01798260455114001,9.691927661369135e-21
상권_코드_명,망우역 1번,63,9,0.14285714285714285,0.6530099976450943,True,6.057454788355709e-21,0.03985026997919498,0.01798260455114001,9.691927661369135e-21
상권_코드_명,망우역 2번,95,19,0.2,0.9142139967031321,True,6.057454788355709e-21,0.03985026997919498,0.01798260455114001,9.691927661369135e-21
상권_코드_명,망원나들목체육관,18,5,0.2777777777777778,1.2697416620876834,True,6.057454788355709e-21,0.03985026997919498,0.01798260455114001,9.691927661369135e-21
상권_코드_명,망원시장,89,12,0.1348314606741573,0.6163240427212126,True,6.057454788355709e-21,0.03985026997919498,0.01798260455114001,9.691927661369135e-21
상권_코드_명,망원역,155,21,0.13548387096774195,0.6193062558311541,False,6.057454788355709e-21,0.03985026997919498,0.01798260455114001,9.691927661369135e-21
상권_코드_명,망원역 1번,58,18,0.3103448275862069,1.4186079259186533,True,6.057454788355709e-21,0.03985026997919498,0.01798260455114001,9.691927661369135e-21
상권_코드_명,망원월드컵시장,100,23,0.23,1.0513460962086019,False,6.057454788355709e-21,0.03985026997919498,0.01798260455114001,9.691927661369135e-21
상권_코드_명,매봉역,165,35,0.21212121212121213,0.969620905594231,False,6.057454788355709e-21,0.03985026997919498,0.01798260455114001,9.691927661369135e-21
상권_코드_명,매봉역 1번,12,2,0.16666666666666666,0.76184499725261,True,6.057454788355709e-21,0.03985026997919498,0.01798260455114001,9.691927661369135e-21
상권_코드_명,먹골역 1번,134,27,0.20149253731343283,0.921036489215842,False,6.057454788355709e-21,0.03985026997919498,0.01798260455114001,9.691927661369135e-21
상권_코드_명,먹골역 5번,123,24,0.1951219512195122,0.8919160943445191,False,6.057454788355709e-21,0.03985026997919498,0.01798260455114001,9.691927661369135e-21
상권_코드_명,먹골파출소,18,6,0.3333333333333333,1.52368999450522,True,6.057454788355709e-21,0.03985026997919498,0.01798260455114001,9.691927661369135e-21
상권_코드_명,메가박스 상봉,105,22,0.20952380952380953,0.9577479965461383,False,6.057454788355709e-21,0.03985026997919498,0.01798260455114001,9.691927661369135e-21
상권_코드_명,메디힐병원,108,22,0.2037037037037037,0.9311438855309677,False,6.057454788355709e-21,0.03985026997919498,0.01798260455114001,9.691927661369135e-21
상권_코드_명,면곡골목시장,18,2,0.1111111111111111,0.5078966648350733,True,6.057454788355709e-21,0.03985026997919498,0.01798260455114001,9.691927661369135e-21
상권_코드_명,면동초등학교,64,15,0.234375,1.0713445273864828,True,6.057454788355709e-21,0.03985026997919498,0.01798260455114001,9.691927661369135e-21
상권_코드_명,면목2동체육관,102,25,0.24509803921568626,1.1203602900773677,False,6.057454788355709e-21,0.03985026997919498,0.01798260455114001,9.691927661369135e-21
상권_코드_명,면목5동주민센터,67,14,0.208955223880597,0.9551489517793916,True,6.057454788355709e-21,0.03985026997919498,0.01798260455114001,9.691927661369135e-21
상권_코드_명,면목골목시장(면목시장),145,32,0.2206896551724138,1.0087878584310421,False,6.057454788355709e-21,0.03985026997919498,0.01798260455114001,9.691927661369135e-21
상권_코드_명,면목동우체국,90,25,0.2777777777777778,1.2697416620876834,True,6.057454788355709e-21,0.03985026997919498,0.01798260455114001,9.691927661369135e-21
상권_코드_명,면목역 1번,44,6,0.13636363636363635,0.6233277250248627,True,6.057454788355709e-21,0.03985026997919498,0.01798260455114001,9.691927661369135e-21
상권_코드_명,면목역 2번,138,46,0.3333333333333333,1.52368999450522,False,6.057454788355709e-21,0.03985026997919498,0.01798260455114001,9.691927661369135e-21
상권_코드_명,면목역 3번,90,16,0.17777777777777778,0.8126346637361174,True,6.057454788355709e-21,0.03985026997919498,0.01798260455114001,9.691927661369135e-21
상권_코드_명,명동 남대문 북창동 다동 무교동 관광특구,316,51,0.16139240506329114,0.7377359783522109,False,6.057454788355709e-21,0.03985026997919498,0.01798260455114001,9.691927661369135e-21
상권_코드_명,명동(명동거리),181,27,0.14917127071823205,0.6818723179829991,False,6.057454788355709e-21,0.03985026997919498,0.01798260455114001,9.691927661369135e-21
상권_코드_명,명동역(명동재미로),173,42,0.24277456647398843,1.1097395335702758,False,6.057454788355709e-21,0.03985026997919498,0.01798260455114001,9.691927661369135e-21
상권_코드_명,명일역,227,55,0.2422907488986784,1.1075279695742788,False,6.057454788355709e-21,0.03985026997919498,0.01798260455114001,9.691927661369135e-21
상권_코드_명,명일역 1번,42,3,0.07142857142857142,0.32650499882254713,True,6.057454788355709e-21,0.03985026997919498,0.01798260455114001,9.691927661369135e-21
상권_코드_명,명일전통시장,60,16,0.26666666666666666,1.218951995604176,True,6.057454788355709e-21,0.03985026997919498,0.01798260455114001,9.691927661369135e-21
상권_코드_명,명지대학교,203,51,0.2512315270935961,1.1483968924103385,False,6.057454788355709e-21,0.03985026997919498,0.01798260455114001,9.691927661369135e-21
상권_코드_명,명지대학교교회,131,21,0.16030534351145037,0.7327669439223576,False,6.057454788355709e-21,0.03985026997919498,0.01798260455114001,9.691927661369135e-21
상권_코드_명,모래내시장(서중시장),75,9,0.12,0.5485283980218792,True,6.057454788355709e-21,0.03985026997919498,0.01798260455114001,9.691927661369135e-21
상권_코드_명,모래내우체국,106,12,0.11320754716981132,0.5174796207753578,False,6.057454788355709e-21,0.03985026997919498,0.01798260455114001,9.691927661369135e-21
상권_코드_명,목2동시장,131,21,0.16030534351145037,0.7327669439223576,False,6.057454788355709e-21,0.03985026997919498,0.01798260455114001,9.691927661369135e-21
상권_코드_명,목4동주민센터,24,3,0.125,0.5713837479394576,True,6.057454788355709e-21,0.03985026997919498,0.01798260455114001,9.691927661369135e-21
상권_코드_명,목동깨비시장(목3동시장),163,31,0.1901840490797546,0.8693445980919354,False,6.057454788355709e-21,0.03985026997919498,0.01798260455114001,9.691927661369135e-21
상권_코드_명,목동로데오거리,48,18,0.375,1.7141512438183726,True,6.057454788355709e-21,0.03985026997919498,0.01798260455114001,9.691927661369135e-21
상권_코드_명,목동문화체육센터,15,5,0.3333333333333333,1.52368999450522,True,6.057454788355709e-21,0.03985026997919498,0.01798260455114001,9.691927661369135e-21
상권_코드_명,목동보건지소,174,25,0.14367816091954022,0.6567629286660431,False,6.057454788355709e-21,0.03985026997919498,0.01798260455114001,9.691927661369135e-21
상권_코드_명,목동사거리,189,59,0.31216931216931215,1.4269477726318727,False,6.057454788355709e-21,0.03985026997919498,0.01798260455114001,9.691927661369135e-21
상권_코드_명,목동센트럴아이파크앞,29,1,0.034482758620689655,0.15762310287985035,True,6.057454788355709e-21,0.03985026997919498,0.01798260455114001,9.691927661369135e-21
상권_코드_명,목동신시가지,246,48,0.1951219512195122,0.8919160943445191,False,6.057454788355709e-21,0.03985026997919498,0.01798260455114001,9.691927661369135e-21
상권_코드_명,목동역 5번,39,3,0.07692307692307693,0.3516207679627431,True,6.057454788355709e-21,0.03985026997919498,0.01798260455114001,9.691927661369135e-21
상권_코드_명,목동역 8번출구,229,47,0.2052401746724891,0.9381672018569259,False,6.057454788355709e-21,0.03985026997919498,0.01798260455114001,9.691927661369135e-21
상권_코드_명,목사랑시장(목4동시장),74,23,0.3108108108108108,1.4207379678494618,True,6.057454788355709e-21,0.03985026997919498,0.01798260455114001,9.691927661369135e-21
상권_코드_명,몽촌토성역,106,16,0.1509433962264151,0.689972827700477,False,6.057454788355709e-21,0.03985026997919498,0.01798260455114001,9.691927661369135e-21
상권_코드_명,묘곡초등학교(고덕아이파크아파트),131,30,0.22900763358778625,1.0468099198890823,False,6.057454788355709e-21,0.03985026997919498,0.01798260455114001,9.691927661369135e-21
상권_코드_명,무너미어린이공원,51,14,0.27450980392156865,1.2548035248866518,True,6.057454788355709e-21,0.03985026997919498,0.01798260455114001,9.691927661369135e-21
상권_코드_명,무학봉상점가,95,29,0.30526315789473685,1.395379258125833,True,6.057454788355709e-21,0.03985026997919498,0.01798260455114001,9.691927661369135e-21
상권_코드_명,묵1동도깨비시장,36,4,0.1111111111111111,0.5078966648350733,True,6.057454788355709e-21,0.03985026997919498,0.01798260455114001,9.691927661369135e-21
상권_코드_명,문래동사거리,14,0,0.0,0.0,True,6.057454788355709e-21,0.03985026997919498,0.01798260455114001,9.691927661369135e-21
상권_코드_명,문래동주민센터,99,16,0.16161616161616163,0.7387587852146522,True,6.057454788355709e-21,0.03985026997919498,0.01798260455114001,9.691927661369135e-21
상권_코드_명,문래소공원,12,3,0.25,1.1427674958789151,True,6.057454788355709e-21,0.03985026997919498,0.01798260455114001,9.691927661369135e-21
상권_코드_명,문래역(문래로데오거리),54,4,0.07407407407407407,0.3385977765567155,True,6.057454788355709e-21,0.03985026997919498,0.01798260455114001,9.691927661369135e-21
상권_코드_명,문래예술촌(문래창작촌),124,16,0.12903225806451613,0.5898154817439561,False,6.057454788355709e-21,0.03985026997919498,0.01798260455114001,9.691927661369135e-21
상권_코드_명,문래중학교,24,16,0.6666666666666666,3.04737998901044,True,6.057454788355709e-21,0.03985026997919498,0.01798260455114001,9.691927661369135e-21
상권_코드_명,문성초등학교,122,27,0.22131147540983606,1.0116302422534658,False,6.057454788355709e-21,0.03985026997919498,0.01798260455114001,9.691927661369135e-21
상권_코드_명,문정동 로데오거리 상점가(문정동 로데오거리),127,33,0.25984251968503935,1.1877583421733604,False,6.057454788355709e-21,0.03985026997919498,0.01798260455114001,9.691927661369135e-21
상권_코드_명,문정동성당,19,2,0.10526315789473684,0.48116526142270105,True,6.057454788355709e-21,0.03985026997919498,0.01798260455114001,9.691927661369135e-21
상권_코드_명,문정역,162,30,0.18518518518518517,0.8464944413917889,False,6.057454788355709e-21,0.03985026997919498,0.01798260455114001,9.691927661369135e-21
상권_코드_명,문정역 1번,60,6,0.1,0.45710699835156604,True,6.057454788355709e-21,0.03985026997919498,0.01798260455114001,9.691927661369135e-21
상권_코드_명,문정역 2번,112,15,0.13392857142857142,0.6121968727922759,False,6.057454788355709e-21,0.03985026997919498,0.01798260455114001,9.691927661369135e-21
상권_코드_명,문정초등학교,132,40,0.30303030303030304,1.3851727222774728,False,6.057454788355709e-21,0.03985026997919498,0.01798260455114001,9.691927661369135e-21
상권_코드_명,문현중학교(장지역 1번),90,13,0.14444444444444443,0.6602656642855953,True,6.057454788355709e-21,0.03985026997919498,0.01798260455114001,9.691927661369135e-21
상권_코드_명,미근동,30,5,0.16666666666666666,0.76184499725261,True,6.057454788355709e-21,0.03985026997919498,0.01798260455114001,9.691927661369135e-21
상권_코드_명,미림여고,6,2,0.3333333333333333,1.52368999450522,True,6.057454788355709e-21,0.03985026997919498,0.01798260455114001,9.691927661369135e-21
상권_코드_명,미성동 도깨비시장 골목형상점가,65,19,0.2923076923076923,1.336158918258424,True,6.057454788355709e-21,0.03985026997919498,0.01798260455114001,9.691927661369135e-21
상권_코드_명,미성동주민센터,64,7,0.109375,0.4999607794470253,True,6.057454788355709e-21,0.03985026997919498,0.01798260455114001,9.691927661369135e-21
상권_코드_명,미성초등학교,140,30,0.21428571428571427,0.9795149964676414,False,6.057454788355709e-21,0.03985026997919498,0.01798260455114001,9.691927661369135e-21
상권_코드_명,미아사거리,113,19,0.168141592920354,0.7685869883787394,False,6.057454788355709e-21,0.03985026997919498,0.01798260455114001,9.691927661369135e-21
상권_코드_명,미아사거리역,148,25,0.16891891891891891,0.7721401999181858,False,6.057454788355709e-21,0.03985026997919498,0.01798260455114001,9.691927661369135e-21
상권_코드_명,미아사거리역 3번,48,11,0.22916666666666666,1.0475368712223387,True,6.057454788355709e-21,0.03985026997919498,0.01798260455114001,9.691927661369135e-21
상권_코드_명,미아역,185,50,0.2702702702702703,1.2354243198690975,False,6.057454788355709e-21,0.03985026997919498,0.01798260455114001,9.691927661369135e-21
상권_코드_명,미아역 5번,48,12,0.25,1.1427674958789151,True,6.057454788355709e-21,0.03985026997919498,0.01798260455114001,9.691927661369135e-21
상권_코드_명,미아역 8번,62,8,0.12903225806451613,0.5898154817439561,True,6.057454788355709e-21,0.03985026997919498,0.01798260455114001,9.691927661369135e-21
상권_코드_명,미아초등학교,25,8,0.32,1.4627423947250113,True,6.057454788355709e-21,0.03985026997919498,0.01798260455114001,9.691927661369135e-21
상권_코드_명,바우뫼공원,28,1,0.03571428571428571,0.16325249941127357,True,6.057454788355709e-21,0.03985026997919498,0.01798260455114001,9.691927661369135e-21
상권_코드_명,반포4동주민센터(몽마르뜨공원),22,4,0.18181818181818182,0.8311036333664837,True,6.057454788355709e-21,0.03985026997919498,0.01798260455114001,9.691927661369135e-21
상권_코드_명,발바닥공원,39,9,0.23076923076923078,1.0548623038882294,True,6.057454788355709e-21,0.03985026997919498,0.01798260455114001,9.691927661369135e-21
상권_코드_명,발산역 5번,82,17,0.2073170731707317,0.9476608502410514,True,6.057454788355709e-21,0.03985026997919498,0.01798260455114001,9.691927661369135e-21
상권_코드_명,발산역(마곡),202,44,0.21782178217821782,0.9956786102707379,False,6.057454788355709e-21,0.03985026997919498,0.01798260455114001,9.691927661369135e-21
상권_코드_명,밤나무골시장,6,3,0.5,2.2855349917578303,True,6.057454788355709e-21,0.03985026997919498,0.01798260455114001,9.691927661369135e-21
상권_코드_명,방배노인종합복지관(이수중학교),50,18,0.36,1.6455851940656376,True,6.057454788355709e-21,0.03985026997919498,0.01798260455114001,9.691927661369135e-21
상권_코드_명,방배동가구거리(사당동가구거리),57,13,0.22807017543859648,1.042524733082519,True,6.057454788355709e-21,0.03985026997919498,0.01798260455114001,9.691927661369135e-21
상권_코드_명,방배동사이길,72,8,0.1111111111111111,0.5078966648350733,True,6.057454788355709e-21,0.03985026997919498,0.01798260455114001,9.691927661369135e-21
상권_코드_명,방배동카페골목,165,31,0.18787878787878787,0.8588070878120331,False,6.057454788355709e-21,0.03985026997919498,0.01798260455114001,9.691927661369135e-21
상권_코드_명,방배아이파크아파트,73,22,0.3013698630136986,1.3775827347581442,True,6.057454788355709e-21,0.03985026997919498,0.01798260455114001,9.691927661369135e-21
상권_코드_명,방배역,243,52,0.2139917695473251,0.9781713544971783,False,6.057454788355709e-21,0.03985026997919498,0.01798260455114001,9.691927661369135e-21
상권_코드_명,방배역 3번,30,1,0.03333333333333333,0.152368999450522,True,6.057454788355709e-21,0.03985026997919498,0.01798260455114001,9.691927661369135e-21
상권_코드_명,방배초등학교,82,11,0.13414634146341464,0.6131923148618569,True,6.057454788355709e-21,0.03985026997919498,0.01798260455114001,9.691927661369135e-21
상권_코드_명,방산종합시장(방산시장),94,27,0.2872340425531915,1.3129669101587536,True,6.057454788355709e-21,0.03985026997919498,0.01798260455114001,9.691927661369135e-21
상권_코드_명,방신전통시장,89,34,0.38202247191011235,1.746251454376769,True,6.057454788355709e-21,0.03985026997919498,0.01798260455114001,9.691927661369135e-21
상권_코드_명,방아다리근린공원(횃불트리니티신학대학원대학교),22,1,0.045454545454545456,0.20777590834162094,True,6.057454788355709e-21,0.03985026997919498,0.01798260455114001,9.691927661369135e-21
상권_코드_명,방이동고분군(방산고등학교),84,20,0.23809523809523808,1.088349996075157,True,6.057454788355709e-21,0.03985026997919498,0.01798260455114001,9.691927661369135e-21
상권_코드_명,방이동먹자골목,166,38,0.2289156626506024,1.0463895142987656,False,6.057454788355709e-21,0.03985026997919498,0.01798260455114001,9.691927661369135e-21
상권_코드_명,방이시장,208,47,0.22596153846153846,1.0328860058905578,False,6.057454788355709e-21,0.03985026997919498,0.01798260455114001,9.691927661369135e-21
상권_코드_명,방이역,117,36,0.3076923076923077,1.4064830718509724,False,6.057454788355709e-21,0.03985026997919498,0.01798260455114001,9.691927661369135e-21
상권_코드_명,방이역 1번,114,24,0.21052631578947367,0.9623305228454021,False,6.057454788355709e-21,0.03985026997919498,0.01798260455114001,9.691927661369135e-21
상권_코드_명,방이역 2번,90,23,0.25555555555555554,1.1681623291206686,True,6.057454788355709e-21,0.03985026997919498,0.01798260455114001,9.691927661369135e-21
상권_코드_명,방이역 4번,179,36,0.2011173184357542,0.9193213374668368,False,6.057454788355709e-21,0.03985026997919498,0.01798260455114001,9.691927661369135e-21
상권_코드_명,방천골목시장,42,14,0.3333333333333333,1.52368999450522,True,6.057454788355709e-21,0.03985026997919498,0.01798260455114001,9.691927661369135e-21
상권_코드_명,방학1동주민센터,124,47,0.3790322580645161,1.7325829776228712,False,6.057454788355709e-21,0.03985026997919498,0.01798260455114001,9.691927661369135e-21
상권_코드_명,방학동도깨비시장,101,12,0.1188118811881188,0.5430974237840388,False,6.057454788355709e-21,0.03985026997919498,0.01798260455114001,9.691927661369135e-21
상권_코드_명,방학역 1번,185,56,0.3027027027027027,1.383675238253389,False,6.057454788355709e-21,0.03985026997919498,0.01798260455114001,9.691927661369135e-21
상권_코드_명,방학역 2번,132,24,0.18181818181818182,0.8311036333664837,False,6.057454788355709e-21,0.03985026997919498,0.01798260455114001,9.691927661369135e-21
상권_코드_명,방학중학교,96,25,0.2604166666666667,1.1903828082072032,True,6.057454788355709e-21,0.03985026997919498,0.01798260455114001,9.691927661369135e-21
상권_코드_명,방학초등학교,98,25,0.25510204081632654,1.166089281509097,True,6.057454788355709e-21,0.03985026997919498,0.01798260455114001,9.691927661369135e-21
상권_코드_명,방현초등학교(방배119안전센터),45,15,0.3333333333333333,1.52368999450522,True,6.057454788355709e-21,0.03985026997919498,0.01798260455114001,9.691927661369135e-21
상권_코드_명,방화역 1번,65,17,0.26153846153846155,1.1955106110733267,True,6.057454788355709e-21,0.03985026997919498,0.01798260455114001,9.691927661369135e-21
상권_코드_명,방화역 2번,53,6,0.11320754716981132,0.5174796207753578,True,6.057454788355709e-21,0.03985026997919498,0.01798260455114001,9.691927661369135e-21
상권_코드_명,방화역 3번,67,21,0.31343283582089554,1.4327234276690877,True,6.057454788355709e-21,0.03985026997919498,0.01798260455114001,9.691927661369135e-21
상권_코드_명,방화초등학교,42,11,0.2619047619047619,1.197184995682673,True,6.057454788355709e-21,0.03985026997919498,0.01798260455114001,9.691927661369135e-21
상권_코드_명,배문고등학교,68,10,0.14705882352941177,0.6722161740464206,True,6.057454788355709e-21,0.03985026997919498,0.01798260455114001,9.691927661369135e-21
상권_코드_명,배화여자대학교(박노수미술관),78,18,0.23076923076923078,1.0548623038882294,True,6.057454788355709e-21,0.03985026997919498,0.01798260455114001,9.691927661369135e-21
상권_코드_명,백련산해모로아파트,57,14,0.24561403508771928,1.1227189433196358,True,6.057454788355709e-21,0.03985026997919498,0.01798260455114001,9.691927661369135e-21
상권_코드_명,백련시장,6,0,0.0,0.0,True,6.057454788355709e-21,0.03985026997919498,0.01798260455114001,9.691927661369135e-21
상권_코드_명,백산초등학교,60,24,0.4,1.8284279934062642,True,6.057454788355709e-21,0.03985026997919498,0.01798260455114001,9.691927661369135e-21
상권_코드_명,백석중학교,15,1,0.06666666666666667,0.304737998901044,True,6.057454788355709e-21,0.03985026997919498,0.01798260455114001,9.691927661369135e-21
상권_코드_명,백운시장,5,3,0.6,2.742641990109396,True,6.057454788355709e-21,0.03985026997919498,0.01798260455114001,9.691927661369135e-21
상권_코드_명,백학시장,114,27,0.23684210526315788,1.0826218382010773,False,6.057454788355709e-21,0.03985026997919498,0.01798260455114001,9.691927661369135e-21
상권_코드_명,뱅뱅사거리,251,65,0.2589641434262948,1.1837432228227804,False,6.057454788355709e-21,0.03985026997919498,0.01798260455114001,9.691927661369135e-21
상권_코드_명,번동주공2단지,18,1,0.05555555555555555,0.25394833241753667,True,6.057454788355709e-21,0.03985026997919498,0.01798260455114001,9.691927661369135e-21
상권_코드_명,벌말어린이공원,54,14,0.25925925925925924,1.1850922179485044,True,6.057454788355709e-21,0.03985026997919498,0.01798260455114001,9.691927661369135e-21
상권_코드_명,법제교육센터(버들어린이공원),51,12,0.23529411764705882,1.075545878474273,True,6.057454788355709e-21,0.03985026997919498,0.01798260455114001,9.691927661369135e-21
상권_코드_명,베르사이유1아파트,18,4,0.2222222222222222,1.0157933296701467,True,6.057454788355709e-21,0.03985026997919498,0.01798260455114001,9.691927661369135e-21
상권_코드_명,보광시장,22,3,0.13636363636363635,0.6233277250248627,True,6.057454788355709e-21,0.03985026997919498,0.01798260455114001,9.691927661369135e-21
상권_코드_명,보라매공원,189,37,0.19576719576719576,0.8948655523284625,False,6.057454788355709e-21,0.03985026997919498,0.01798260455114001,9.691927661369135e-21
상권_코드_명,보라매동주민센터(당곡고등학교),31,4,0.12903225806451613,0.5898154817439561,True,6.057454788355709e-21,0.03985026997919498,0.01798260455114001,9.691927661369135e-21
상권_코드_명,보라매역,125,33,0.264,1.2067624756481343,False,6.057454788355709e-21,0.03985026997919498,0.01798260455114001,9.691927661369135e-21
상권_코드_명,보라매역 2번,56,10,0.17857142857142858,0.8162624970563679,True,6.057454788355709e-21,0.03985026997919498,0.01798260455114001,9.691927661369135e-21
상권_코드_명,보라매역 4번,24,3,0.125,0.5713837479394576,True,6.057454788355709e-21,0.03985026997919498,0.01798260455114001,9.691927661369135e-21
상권_코드_명,보라매역 6번,71,18,0.2535211267605634,1.15886281272228,True,6.057454788355709e-21,0.03985026997919498,0.01798260455114001,9.691927661369135e-21
상권_코드_명,보문역 4번,43,2,0.046511627906976744,0.2126079062100307,True,6.057454788355709e-21,0.03985026997919498,0.01798260455114001,9.691927661369135e-21
상권_코드_명,보문역 5번,45,6,0.13333333333333333,0.609475997802088,True,6.057454788355709e-21,0.03985026997919498,0.01798260455114001,9.691927661369135e-21
상권_코드_명,보문역 8번,87,19,0.21839080459770116,0.9982796515723856,True,6.057454788355709e-21,0.03985026997919498,0.01798260455114001,9.691927661369135e-21
상권_코드_명,보인중학교,86,18,0.20930232558139536,0.9567355779451382,True,6.057454788355709e-21,0.03985026997919498,0.01798260455114001,9.691927661369135e-21
상권_코드_명,본동인정시장(기능상실),12,4,0.3333333333333333,1.52368999450522,True,6.057454788355709e-21,0.03985026997919498,0.01798260455114001,9.691927661369135e-21
상권_코드_명,본마을노인복지센터(서초구립내곡도서관),2,1,0.5,2.2855349917578303,True,6.057454788355709e-21,0.03985026997919498,0.01798260455114001,9.691927661369135e-21
상권_코드_명,본서부병원,163,39,0.2392638036809816,1.0936915911479188,False,6.057454788355709e-21,0.03985026997919498,0.01798260455114001,9.691927661369135e-21
상권_코드_명,봉원사,24,6,0.25,1.1427674958789151,True,6.057454788355709e-21,0.03985026997919498,0.01798260455114001,9.691927661369135e-21
상권_코드_명,봉은사역,129,39,0.3023255813953488,1.3819513903651994,False,6.057454788355709e-21,0.03985026997919498,0.01798260455114001,9.691927661369135e-21
상권_코드_명,봉은사역 4번,32,7,0.21875,0.9999215588940507,True,6.057454788355709e-21,0.03985026997919498,0.01798260455114001,9.691927661369135e-21
상권_코드_명,봉일시장,18,1,0.05555555555555555,0.25394833241753667,True,6.057454788355709e-21,0.03985026997919498,0.01798260455114001,9.691927661369135e-21
상권_코드_명,봉천역 1번(관악초등학교),60,8,0.13333333333333333,0.609475997802088,True,6.057454788355709e-21,0.03985026997919498,0.01798260455114001,9.691927661369135e-21
상권_코드_명,봉천역 4번(봉천110안전센터),44,14,0.3181818181818182,1.4544313583913464,True,6.057454788355709e-21,0.03985026997919498,0.01798260455114001,9.691927661369135e-21
상권_코드_명,봉천역 6번,13,5,0.38461538461538464,1.7581038398137157,True,6.057454788355709e-21,0.03985026997919498,0.01798260455114001,9.691927661369135e-21
상권_코드_명,봉천제일종합시장,5,0,0.0,0.0,True,6.057454788355709e-21,0.03985026997919498,0.01798260455114001,9.691927661369135e-21
상권_코드_명,봉천중앙시장,17,2,0.11764705882352941,0.5377729392371365,True,6.057454788355709e-21,0.03985026997919498,0.01798260455114001,9.691927661369135e-21
상권_코드_명,봉천현대시장,18,10,0.5555555555555556,2.5394833241753667,True,6.057454788355709e-21,0.03985026997919498,0.01798260455114001,9.691927661369135e-21
상권_코드_명,부암동주민센터,6,0,0.0,0.0,True,6.057454788355709e-21,0.03985026997919498,0.01798260455114001,9.691927661369135e-21
상권_코드_명,북가좌2동주민센터,126,33,0.2619047619047619,1.197184995682673,False,6.057454788355709e-21,0.03985026997919498,0.01798260455114001,9.691927661369135e-21
상권_코드_명,북가좌초등학교,24,5,0.20833333333333334,0.9523062465657626,True,6.057454788355709e-21,0.03985026997919498,0.01798260455114001,9.691927661369135e-21
상권_코드_명,북정마을,6,1,0.16666666666666666,0.76184499725261,True,6.057454788355709e-21,0.03985026997919498,0.01798260455114001,9.691927661369135e-21
상권_코드_명,북창동(시청역_6번),136,34,0.25,1.1427674958789151,False,6.057454788355709e-21,0.03985026997919498,0.01798260455114001,9.691927661369135e-21
상권_코드_명,북촌(안국역),138,19,0.13768115942028986,0.6293502151217213,False,6.057454788355709e-21,0.03985026997919498,0.01798260455114001,9.691927661369135e-21
상권_코드_명,북한산보국문역 1번,6,1,0.16666666666666666,0.76184499725261,True,6.057454788355709e-21,0.03985026997919498,0.01798260455114001,9.691927661369135e-21
상권_코드_명,북한산보국문역 2번,27,9,0.3333333333333333,1.52368999450522,True,6.057454788355709e-21,0.03985026997919498,0.01798260455114001,9.691927661369135e-21
상권_코드_명,북한산우이역 2번,43,3,0.06976744186046512,0.31891185931504606,True,6.057454788355709e-21,0.03985026997919498,0.01798260455114001,9.691927661369135e-21
상권_코드_명,불광먹자골목 골목형상점가,108,18,0.16666666666666666,0.76184499725261,False,6.057454788355709e-21,0.03985026997919498,0.01798260455114001,9.691927661369135e-21
상권_코드_명,불광역,77,22,0.2857142857142857,1.3060199952901885,True,6.057454788355709e-21,0.03985026997919498,0.01798260455114001,9.691927661369135e-21
상권_코드_명,불광역 3번,26,4,0.15384615384615385,0.7032415359254862,True,6.057454788355709e-21,0.03985026997919498,0.01798260455114001,9.691927661369135e-21
상권_코드_명,불광역 7번,75,32,0.4266666666666667,1.9503231929666818,True,6.057454788355709e-21,0.03985026997919498,0.01798260455114001,9.691927661369135e-21
상권_코드_명,불광역 8번,30,10,0.3333333333333333,1.52368999450522,True,6.057454788355709e-21,0.03985026997919498,0.01798260455114001,9.691927661369135e-21
상권_코드_명,불광중학교,6,1,0.16666666666666666,0.76184499725261,True,6.057454788355709e-21,0.03985026997919498,0.01798260455114001,9.691927661369135e-21
상권_코드_명,비단길현대시장(현대시장),163,37,0.22699386503067484,1.0376048428839229,False,6.057454788355709e-21,0.03985026997919498,0.01798260455114001,9.691927661369135e-21
상권_코드_명,사가정시장,145,44,0.30344827586206896,1.387083305342683,False,6.057454788355709e-21,0.03985026997919498,0.01798260455114001,9.691927661369135e-21
상권_코드_명,사가정역,144,26,0.18055555555555555,0.8253320803569942,False,6.057454788355709e-21,0.03985026997919498,0.01798260455114001,9.691927661369135e-21
상권_코드_명,사가정역 1번,81,15,0.18518518518518517,0.8464944413917889,True,6.057454788355709e-21,0.03985026997919498,0.01798260455114001,9.691927661369135e-21
상권_코드_명,사가정역 4번,85,13,0.15294117647058825,0.6991048210082775,True,6.057454788355709e-21,0.03985026997919498,0.01798260455114001,9.691927661369135e-21
상권_코드_명,사근동살곶이상점가,67,16,0.23880597014925373,1.0915988020335905,True,6.057454788355709e-21,0.03985026997919498,0.01798260455114001,9.691927661369135e-21
상권_코드_명,사당1동먹자골목상점가(사당1동먹자골목),94,10,0.10638297872340426,0.4862840407995383,True,6.057454788355709e-21,0.03985026997919498,0.01798260455114001,9.691927661369135e-21
상권_코드_명,사당5동주민센터,22,1,0.045454545454545456,0.20777590834162094,True,6.057454788355709e-21,0.03985026997919498,0.01798260455114001,9.691927661369135e-21
상권_코드_명,사당시장,6,1,0.16666666666666666,0.76184499725261,True,6.057454788355709e-21,0.03985026997919498,0.01798260455114001,9.691927661369135e-21
상권_코드_명,사당역 10번,178,36,0.20224719101123595,0.9244860640818189,False,6.057454788355709e-21,0.03985026997919498,0.01798260455114001,9.691927661369135e-21
상권_코드_명,사당역 11번(사당역먹자골목),76,13,0.17105263157894737,0.7818935498118893,True,6.057454788355709e-21,0.03985026997919498,0.01798260455114001,9.691927661369135e-21
상권_코드_명,사당역 4번,154,34,0.22077922077922077,1.009197269087873,False,6.057454788355709e-21,0.03985026997919498,0.01798260455114001,9.691927661369135e-21
상권_코드_명,사당역(사당),237,49,0.20675105485232068,0.9450735408956428,False,6.057454788355709e-21,0.03985026997919498,0.01798260455114001,9.691927661369135e-21
상권_코드_명,사당종합체육관,17,4,0.23529411764705882,1.075545878474273,True,6.057454788355709e-21,0.03985026997919498,0.01798260455114001,9.691927661369135e-21
상권_코드_명,사직공원(한국사회과학도서관),8,3,0.375,1.7141512438183726,True,6.057454788355709e-21,0.03985026997919498,0.01798260455114001,9.691927661369135e-21
상권_코드_명,삼각산119안전센터,29,4,0.13793103448275862,0.6304924115194014,True,6.057454788355709e-21,0.03985026997919498,0.01798260455114001,9.691927661369135e-21
상권_코드_명,삼각지역,109,19,0.1743119266055046,0.7967920154752068,False,6.057454788355709e-21,0.03985026997919498,0.01798260455114001,9.691927661369135e-21
상권_코드_명,삼각지역 14번,15,2,0.13333333333333333,0.609475997802088,True,6.057454788355709e-21,0.03985026997919498,0.01798260455114001,9.691927661369135e-21
상권_코드_명,삼각지역 3번,6,1,0.16666666666666666,0.76184499725261,True,6.057454788355709e-21,0.03985026997919498,0.01798260455114001,9.691927661369135e-21
상권_코드_명,삼광초등학교,32,5,0.15625,0.7142296849243219,True,6.057454788355709e-21,0.03985026997919498,0.01798260455114001,9.691927661369135e-21
상권_코드_명,삼구시장(로타리상가),15,0,0.0,0.0,True,6.057454788355709e-21,0.03985026997919498,0.01798260455114001,9.691927661369135e-21
상권_코드_명,삼선동주민센터,67,12,0.1791044776119403,0.8186991015251929,True,6.057454788355709e-21,0.03985026997919498,0.01798260455114001,9.691927661369135e-21
상권_코드_명,삼선중학교,75,14,0.18666666666666668,0.8532663969229233,True,6.057454788355709e-21,0.03985026997919498,0.01798260455114001,9.691927661369135e-21
상권_코드_명,삼성동 시장(삼성동시장),27,5,0.18518518518518517,0.8464944413917889,True,6.057454788355709e-21,0.03985026997919498,0.01798260455114001,9.691927661369135e-21
상권_코드_명,삼성산자연공원(서울금천초등학교),89,19,0.21348314606741572,0.9758464009752532,True,6.057454788355709e-21,0.03985026997919498,0.01798260455114001,9.691927661369135e-21
상권_코드_명,삼성역,204,46,0.22549019607843138,1.0307314668711782,False,6.057454788355709e-21,0.03985026997919498,0.01798260455114001,9.691927661369135e-21
상권_코드_명,삼성전자서울R&D(서울우면초등학교),6,5,0.8333333333333334,3.8092249862630503,True,6.057454788355709e-21,0.03985026997919498,0.01798260455114001,9.691927661369135e-21
상권_코드_명,삼성중앙역,190,45,0.23684210526315788,1.0826218382010773,False,6.057454788355709e-21,0.03985026997919498,0.01798260455114001,9.691927661369135e-21
상권_코드_명,삼성중앙역 5번,18,2,0.1111111111111111,0.5078966648350733,True,6.057454788355709e-21,0.03985026997919498,0.01798260455114001,9.691927661369135e-21
상권_코드_명,삼성중앙역 7번,6,1,0.16666666666666666,0.76184499725261,True,6.057454788355709e-21,0.03985026997919498,0.01798260455114001,9.691927661369135e-21
상권_코드_명,삼양골목시장(삼양시장),100,28,0.28,1.279899595384385,False,6.057454788355709e-21,0.03985026997919498,0.01798260455114001,9.691927661369135e-21
상권_코드_명,삼양사거리역 1번,31,7,0.22580645161290322,1.0321770930519232,True,6.057454788355709e-21,0.03985026997919498,0.01798260455114001,9.691927661369135e-21
상권_코드_명,삼양사거리역 2번,70,15,0.21428571428571427,0.9795149964676414,True,6.057454788355709e-21,0.03985026997919498,0.01798260455114001,9.691927661369135e-21
상권_코드_명,삼양입구사거리,72,27,0.375,1.7141512438183726,True,6.057454788355709e-21,0.03985026997919498,0.01798260455114001,9.691927661369135e-21
상권_코드_명,삼육보건대학교,123,24,0.1951219512195122,0.8919160943445191,False,6.057454788355709e-21,0.03985026997919498,0.01798260455114001,9.691927661369135e-21
상권_코드_명,삼익패션타운(남대문시장),30,3,0.1,0.45710699835156604,True,6.057454788355709e-21,0.03985026997919498,0.01798260455114001,9.691927661369135e-21
상권_코드_명,삼전역 1번,216,40,0.18518518518518517,0.8464944413917889,False,6.057454788355709e-21,0.03985026997919498,0.01798260455114001,9.691927661369135e-21
상권_코드_명,삼전역 3번,151,38,0.25165562913907286,1.1503354925403648,False,6.057454788355709e-21,0.03985026997919498,0.01798260455114001,9.691927661369135e-21
상권_코드_명,삼전역 4번,209,53,0.2535885167464115,1.1591708570637798,False,6.057454788355709e-21,0.03985026997919498,0.01798260455114001,9.691927661369135e-21
상권_코드_명,삼청동,84,10,0.11904761904761904,0.5441749980375785,True,6.057454788355709e-21,0.03985026997919498,0.01798260455114001,9.691927661369135e-21
상권_코드_명,삼호가든사거리,149,29,0.19463087248322147,0.8896713390735177,False,6.057454788355709e-21,0.03985026997919498,0.01798260455114001,9.691927661369135e-21
상권_코드_명,상계2동주민센터,83,33,0.39759036144578314,1.8174133669399613,True,6.057454788355709e-21,0.03985026997919498,0.01798260455114001,9.691927661369135e-21
상권_코드_명,상계3동4동주민센터,2,0,0.0,0.0,True,6.057454788355709e-21,0.03985026997919498,0.01798260455114001,9.691927661369135e-21
상권_코드_명,상계5동주민센터,120,36,0.3,1.371320995054698,False,6.057454788355709e-21,0.03985026997919498,0.01798260455114001,9.691927661369135e-21
상권_코드_명,상계백병원,97,22,0.2268041237113402,1.0367375220344797,True,6.057454788355709e-21,0.03985026997919498,0.01798260455114001,9.691927661369135e-21
상권_코드_명,상계역,162,27,0.16666666666666666,0.76184499725261,False,6.057454788355709e-21,0.03985026997919498,0.01798260455114001,9.691927661369135e-21
상권_코드_명,상계제일중학교,35,7,0.2,0.9142139967031321,True,6.057454788355709e-21,0.03985026997919498,0.01798260455114001,9.691927661369135e-21
상권_코드_명,상계주공1단지(가)상가,36,11,0.3055555555555556,1.3967158282964518,True,6.057454788355709e-21,0.03985026997919498,0.01798260455114001,9.691927661369135e-21
상권_코드_명,상계중앙시장,100,38,0.38,1.737006593735951,False,6.057454788355709e-21,0.03985026997919498,0.01798260455114001,9.691927661369135e-21
상권_코드_명,상계초등학교,99,32,0.32323232323232326,1.4775175704293044,True,6.057454788355709e-21,0.03985026997919498,0.01798260455114001,9.691927661369135e-21
상권_코드_명,상도1동주민센터앞,21,3,0.14285714285714285,0.6530099976450943,True,6.057454788355709e-21,0.03985026997919498,0.01798260455114001,9.691927661369135e-21
상권_코드_명,상도4동주민센터,39,7,0.1794871794871795,0.8204484585797339,True,6.057454788355709e-21,0.03985026997919498,0.01798260455114001,9.691927661369135e-21
상권_코드_명,상도도깨비 골목형상점가,24,14,0.5833333333333334,2.6664574903841354,True,6.057454788355709e-21,0.03985026997919498,0.01798260455114001,9.691927661369135e-21
상권_코드_명,상도약수골목형상점가,19,2,0.10526315789473684,0.48116526142270105,True,6.057454788355709e-21,0.03985026997919498,0.01798260455114001,9.691927661369135e-21
상권_코드_명,상도역 1번,28,6,0.21428571428571427,0.9795149964676414,True,6.057454788355709e-21,0.03985026997919498,0.01798260455114001,9.691927661369135e-21
상권_코드_명,상도역 2번,42,12,0.2857142857142857,1.3060199952901885,True,6.057454788355709e-21,0.03985026997919498,0.01798260455114001,9.691927661369135e-21
상권_코드_명,상도역 5번,170,39,0.22941176470588234,1.048657231512416,False,6.057454788355709e-21,0.03985026997919498,0.01798260455114001,9.691927661369135e-21
상권_코드_명,상도전통시장,101,20,0.19801980198019803,0.9051623729733981,False,6.057454788355709e-21,0.03985026997919498,0.01798260455114001,9.691927661369135e-21
상권_코드_명,상도초등학교,42,17,0.40476190476190477,1.8501949933277673,True,6.057454788355709e-21,0.03985026997919498,0.01798260455114001,9.691927661369135e-21
상권_코드_명,상봉역,169,26,0.15384615384615385,0.7032415359254862,False,6.057454788355709e-21,0.03985026997919498,0.01798260455114001,9.691927661369135e-21
상권_코드_명,상봉역 3번,117,41,0.3504273504273504,1.601827942941385,False,6.057454788355709e-21,0.03985026997919498,0.01798260455114001,9.691927661369135e-21
상권_코드_명,상봉역 4번,150,38,0.25333333333333335,1.1580043958239674,False,6.057454788355709e-21,0.03985026997919498,0.01798260455114001,9.691927661369135e-21
상권_코드_명,상봉역 7번,39,4,0.10256410256410256,0.46882769061699076,True,6.057454788355709e-21,0.03985026997919498,0.01798260455114001,9.691927661369135e-21
상권_코드_명,상수역 3번,6,3,0.5,2.2855349917578303,True,6.057454788355709e-21,0.03985026997919498,0.01798260455114001,9.691927661369135e-21
상권_코드_명,상수역 4번,46,4,0.08695652173913043,0.3974843463926661,True,6.057454788355709e-21,0.03985026997919498,0.01798260455114001,9.691927661369135e-21
상권_코드_명,상수역(홍대),125,32,0.256,1.170193915780009,False,6.057454788355709e-21,0.03985026997919498,0.01798260455114001,9.691927661369135e-21
상권_코드_명,상신초등학교입구,10,3,0.3,1.371320995054698,True,6.057454788355709e-21,0.03985026997919498,0.01798260455114001,9.691927661369135e-21
상권_코드_명,상암동상점가,111,14,0.12612612612612611,0.5765313492722454,False,6.057454788355709e-21,0.03985026997919498,0.01798260455114001,9.691927661369135e-21
상권_코드_명,상왕십리역 3번,64,10,0.15625,0.7142296849243219,True,6.057454788355709e-21,0.03985026997919498,0.01798260455114001,9.691927661369135e-21
상권_코드_명,상왕십리역 6번,36,5,0.1388888888888889,0.6348708310438417,True,6.057454788355709e-21,0.03985026997919498,0.01798260455114001,9.691927661369135e-21
상권_코드_명,상월곡역 1번,83,17,0.20481927710843373,0.9362432496357376,True,6.057454788355709e-21,0.03985026997919498,0.01798260455114001,9.691927661369135e-21
상권_코드_명,상월곡역 2번,55,9,0.16363636363636364,0.7479932700298353,True,6.057454788355709e-21,0.03985026997919498,0.01798260455114001,9.691927661369135e-21
상권_코드_명,상월곡역 3번,27,3,0.1111111111111111,0.5078966648350733,True,6.057454788355709e-21,0.03985026997919498,0.01798260455114001,9.691927661369135e-21
상권_코드_명,상일여고(상일초등학교),184,52,0.2826086956521739,1.2918241257761647,False,6.057454788355709e-21,0.03985026997919498,0.01798260455114001,9.691927661369135e-21
상권_코드_명,새남터성지,82,18,0.21951219512195122,1.003405606137584,True,6.057454788355709e-21,0.03985026997919498,0.01798260455114001,9.691927661369135e-21
상권_코드_명,새마을시장,202,42,0.2079207920792079,0.9504204916220679,False,6.057454788355709e-21,0.03985026997919498,0.01798260455114001,9.691927661369135e-21
상권_코드_명,새석관시장,6,1,0.16666666666666666,0.76184499725261,True,6.057454788355709e-21,0.03985026997919498,0.01798260455114001,9.691927661369135e-21
상권_코드_명,새절역 2번,27,4,0.14814814814814814,0.677195553113431,True,6.057454788355709e-21,0.03985026997919498,0.01798260455114001,9.691927661369135e-21
상권_코드_명,새절역 3번,76,13,0.17105263157894737,0.7818935498118893,True,6.057454788355709e-21,0.03985026997919498,0.01798260455114001,9.691927661369135e-21
상권_코드_명,새터산,27,5,0.18518518518518517,0.8464944413917889,True,6.057454788355709e-21,0.03985026997919498,0.01798260455114001,9.691927661369135e-21
상권_코드_명,샘말어린이공원,31,5,0.16129032258064516,0.7372693521799452,True,6.057454788355709e-21,0.03985026997919498,0.01798260455114001,9.691927661369135e-21
상권_코드_명,샤로수길,134,29,0.21641791044776118,0.9892614143429413,False,6.057454788355709e-21,0.03985026997919498,0.01798260455114001,9.691927661369135e-21
상권_코드_명,서강대역 1번,101,27,0.26732673267326734,1.2219692035140874,False,6.057454788355709e-21,0.03985026997919498,0.01798260455114001,9.691927661369135e-21
상권_코드_명,서경대학교,79,8,0.10126582278481013,0.4628931628876618,True,6.057454788355709e-21,0.03985026997919498,0.01798260455114001,9.691927661369135e-21
상권_코드_명,서교동(홍대),190,51,0.26842105263157895,1.2269714166278878,False,6.057454788355709e-21,0.03985026997919498,0.01798260455114001,9.691927661369135e-21
상권_코드_명,서교시장,7,1,0.14285714285714285,0.6530099976450943,True,6.057454788355709e-21,0.03985026997919498,0.01798260455114001,9.691927661369135e-21
상권_코드_명,서대문구보건소별관,41,6,0.14634146341463414,0.6689370707583893,True,6.057454788355709e-21,0.03985026997919498,0.01798260455114001,9.691927661369135e-21
상권_코드_명,서대문소방서,42,11,0.2619047619047619,1.197184995682673,True,6.057454788355709e-21,0.03985026997919498,0.01798260455114001,9.691927661369135e-21
상권_코드_명,서대문역,181,37,0.20441988950276244,0.9344176209396654,False,6.057454788355709e-21,0.03985026997919498,0.01798260455114001,9.691927661369135e-21
상권_코드_명,서대문우체국,29,9,0.3103448275862069,1.4186079259186533,True,6.057454788355709e-21,0.03985026997919498,0.01798260455114001,9.691927661369135e-21
상권_코드_명,서래마을카페거리(서래마을),203,43,0.21182266009852216,0.968256203404795,False,6.057454788355709e-21,0.03985026997919498,0.01798260455114001,9.691927661369135e-21
상권_코드_명,서래초등학교,24,8,0.3333333333333333,1.52368999450522,True,6.057454788355709e-21,0.03985026997919498,0.01798260455114001,9.691927661369135e-21
상권_코드_명,서문여고,4,4,1.0,4.5710699835156605,True,6.057454788355709e-21,0.03985026997919498,0.01798260455114001,9.691927661369135e-21
상권_코드_명,서빙고동주민센터,18,3,0.16666666666666666,0.76184499725261,True,6.057454788355709e-21,0.03985026997919498,0.01798260455114001,9.691927661369135e-21
상권_코드_명,서빙고역 1번,12,4,0.3333333333333333,1.52368999450522,True,6.057454788355709e-21,0.03985026997919498,0.01798260455114001,9.691927661369135e-21
상권_코드_명,서서울 골목형상점가,64,11,0.171875,0.785652653416754,True,6.057454788355709e-21,0.03985026997919498,0.01798260455114001,9.691927661369135e-21
상권_코드_명,서서울호수공원,42,11,0.2619047619047619,1.197184995682673,True,6.057454788355709e-21,0.03985026997919498,0.01798260455114001,9.691927661369135e-21
상권_코드_명,서연중학교,40,8,0.2,0.9142139967031321,True,6.057454788355709e-21,0.03985026997919498,0.01798260455114001,9.691927661369135e-21
상권_코드_명,서울고교교차로,31,4,0.12903225806451613,0.5898154817439561,True,6.057454788355709e-21,0.03985026997919498,0.01798260455114001,9.691927661369135e-21
상권_코드_명,서울공연예술고등학교,41,8,0.1951219512195122,0.8919160943445191,True,6.057454788355709e-21,0.03985026997919498,0.01798260455114001,9.691927661369135e-21
상권_코드_명,서울과학기술대,48,6,0.125,0.5713837479394576,True,6.057454788355709e-21,0.03985026997919498,0.01798260455114001,9.691927661369135e-21
상권_코드_명,서울교통공사,18,4,0.2222222222222222,1.0157933296701467,True,6.057454788355709e-21,0.03985026997919498,0.01798260455114001,9.691927661369135e-21
상권_코드_명,서울국제고등학교,65,4,0.06153846153846154,0.2812966143701945,True,6.057454788355709e-21,0.03985026997919498,0.01798260455114001,9.691927661369135e-21
상권_코드_명,서울금융고등학교,14,1,0.07142857142857142,0.32650499882254713,True,6.057454788355709e-21,0.03985026997919498,0.01798260455114001,9.691927661369135e-21
상권_코드_명,서울남부지방법원,192,50,0.2604166666666667,1.1903828082072032,False,6.057454788355709e-21,0.03985026997919498,0.01798260455114001,9.691927661369135e-21
상권_코드_명,서울대병원,18,3,0.16666666666666666,0.76184499725261,True,6.057454788355709e-21,0.03985026997919498,0.01798260455114001,9.691927661369135e-21
상권_코드_명,서울대입구역,253,61,0.24110671936758893,1.1021156877251197,False,6.057454788355709e-21,0.03985026997919498,0.01798260455114001,9.691927661369135e-21
상권_코드_명,서울대입구역 8번,75,17,0.22666666666666666,1.0361091962635496,True,6.057454788355709e-21,0.03985026997919498,0.01798260455114001,9.691927661369135e-21
상권_코드_명,서울독일학교,30,10,0.3333333333333333,1.52368999450522,True,6.057454788355709e-21,0.03985026997919498,0.01798260455114001,9.691927661369135e-21
상권_코드_명,서울북부고용노동지청,23,4,0.17391304347826086,0.7949686927853322,True,6.057454788355709e-21,0.03985026997919498,0.01798260455114001,9.691927661369135e-21
상권_코드_명,서울산업정보학교(서울삼성초등학교),11,1,0.09090909090909091,0.41555181668324187,True,6.057454788355709e-21,0.03985026997919498,0.01798260455114001,9.691927661369135e-21
상권_코드_명,서울서부지방법원,95,14,0.14736842105263157,0.6736313659917814,True,6.057454788355709e-21,0.03985026997919498,0.01798260455114001,9.691927661369135e-21
상권_코드_명,서울세관,135,38,0.2814814814814815,1.2866715509155193,False,6.057454788355709e-21,0.03985026997919498,0.01798260455114001,9.691927661369135e-21
상권_코드_명,서울숲역,40,7,0.175,0.7999372471152405,True,6.057454788355709e-21,0.03985026997919498,0.01798260455114001,9.691927661369135e-21
상권_코드_명,서울숲역 1번,6,0,0.0,0.0,True,6.057454788355709e-21,0.03985026997919498,0.01798260455114001,9.691927661369135e-21
상권_코드_명,서울숲카페거리,12,0,0.0,0.0,True,6.057454788355709e-21,0.03985026997919498,0.01798260455114001,9.691927661369135e-21
상권_코드_명,서울시립대,58,6,0.10344827586206896,0.47286930863955107,True,6.057454788355709e-21,0.03985026997919498,0.01798260455114001,9.691927661369135e-21
상권_코드_명,서울시인재개발원,6,0,0.0,0.0,True,6.057454788355709e-21,0.03985026997919498,0.01798260455114001,9.691927661369135e-21
상권_코드_명,서울시청,117,14,0.11965811965811966,0.546965639053156,False,6.057454788355709e-21,0.03985026997919498,0.01798260455114001,9.691927661369135e-21
상권_코드_명,서울시흥동우체국(홈플러스시흥점),118,27,0.2288135593220339,1.045922792838329,False,6.057454788355709e-21,0.03985026997919498,0.01798260455114001,9.691927661369135e-21
상권_코드_명,서울약령시장,100,26,0.26,1.1884781957140718,False,6.057454788355709e-21,0.03985026997919498,0.01798260455114001,9.691927661369135e-21
상권_코드_명,서울여자간호대학교,56,11,0.19642857142857142,0.8978887467620047,True,6.057454788355709e-21,0.03985026997919498,0.01798260455114001,9.691927661369135e-21
상권_코드_명,서울역,173,34,0.19653179190751446,0.8983605747949853,False,6.057454788355709e-21,0.03985026997919498,0.01798260455114001,9.691927661369135e-21
상권_코드_명,서울역 12번,95,14,0.14736842105263157,0.6736313659917814,True,6.057454788355709e-21,0.03985026997919498,0.01798260455114001,9.691927661369135e-21
상권_코드_명,서울역 15번,48,13,0.2708333333333333,1.2379981205354913,True,6.057454788355709e-21,0.03985026997919498,0.01798260455114001,9.691927661369135e-21
상권_코드_명,서울중앙시장(신중앙시장),94,13,0.13829787234042554,0.6321692530393999,True,6.057454788355709e-21,0.03985026997919498,0.01798260455114001,9.691927661369135e-21
상권_코드_명,서울지방병무청,72,12,0.16666666666666666,0.76184499725261,True,6.057454788355709e-21,0.03985026997919498,0.01798260455114001,9.691927661369135e-21
상권_코드_명,서울축산농협 독산역지점(독산파출소),53,14,0.2641509433962264,1.2074524484758347,True,6.057454788355709e-21,0.03985026997919498,0.01798260455114001,9.691927661369135e-21
상권_코드_명,서울프랑스학교,25,6,0.24,1.0970567960437585,True,6.057454788355709e-21,0.03985026997919498,0.01798260455114001,9.691927661369135e-21
상권_코드_명,서원동상점가,127,30,0.23622047244094488,1.0797803110666913,False,6.057454788355709e-21,0.03985026997919498,0.01798260455114001,9.691927661369135e-21
상권_코드_명,서원동주민센터(신관중학교),27,4,0.14814814814814814,0.677195553113431,True,6.057454788355709e-21,0.03985026997919498,0.01798260455114001,9.691927661369135e-21
상권_코드_명,서일대학교,153,36,0.23529411764705882,1.075545878474273,False,6.057454788355709e-21,0.03985026997919498,0.01798260455114001,9.691927661369135e-21
상권_코드_명,서초3동사거리,165,24,0.14545454545454545,0.664882906693187,False,6.057454788355709e-21,0.03985026997919498,0.01798260455114001,9.691927661369135e-21
상권_코드_명,서초동성당,34,7,0.20588235294117646,0.9411026436649889,True,6.057454788355709e-21,0.03985026997919498,0.01798260455114001,9.691927661369135e-21
상권_코드_명,서초소방서,7,0,0.0,0.0,True,6.057454788355709e-21,0.03985026997919498,0.01798260455114001,9.691927661369135e-21
상권_코드_명,서초역,165,30,0.18181818181818182,0.8311036333664837,False,6.057454788355709e-21,0.03985026997919498,0.01798260455114001,9.691927661369135e-21
상권_코드_명,서초중학교,51,5,0.09803921568627451,0.44814411603094706,True,6.057454788355709e-21,0.03985026997919498,0.01798260455114001,9.691927661369135e-21
상권_코드_명,서촌(경복궁역),158,31,0.1962025316455696,0.8968555030948446,False,6.057454788355709e-21,0.03985026997919498,0.01798260455114001,9.691927661369135e-21
상권_코드_명,석계역 1번,102,20,0.19607843137254902,0.8962882320618941,False,6.057454788355709e-21,0.03985026997919498,0.01798260455114001,9.691927661369135e-21
상권_코드_명,석계역 2번,49,7,0.14285714285714285,0.6530099976450943,True,6.057454788355709e-21,0.03985026997919498,0.01798260455114001,9.691927661369135e-21
상권_코드_명,석계역 7번,128,32,0.25,1.1427674958789151,False,6.057454788355709e-21,0.03985026997919498,0.01798260455114001,9.691927661369135e-21
상권_코드_명,석관고등학교,18,5,0.2777777777777778,1.2697416620876834,True,6.057454788355709e-21,0.03985026997919498,0.01798260455114001,9.691927661369135e-21
상권_코드_명,석관중앙교회,52,15,0.28846153846153844,1.3185778798602865,True,6.057454788355709e-21,0.03985026997919498,0.01798260455114001,9.691927661369135e-21
상권_코드_명,석수역 1번 출입구,34,7,0.20588235294117646,0.9411026436649889,True,6.057454788355709e-21,0.03985026997919498,0.01798260455114001,9.691927661369135e-21
상권_코드_명,석촌고분역,206,51,0.24757281553398058,1.1316726658218381,False,6.057454788355709e-21,0.03985026997919498,0.01798260455114001,9.691927661369135e-21
상권_코드_명,석촌고분역 1번,171,41,0.23976608187134502,1.0959875399072634,False,6.057454788355709e-21,0.03985026997919498,0.01798260455114001,9.691927661369135e-21
상권_코드_명,석촌고분역 3번,94,44,0.46808510638297873,2.1396497795179688,True,6.057454788355709e-21,0.03985026997919498,0.01798260455114001,9.691927661369135e-21
상권_코드_명,석촌고분역 4번,93,30,0.3225806451612903,1.4745387043598903,True,6.057454788355709e-21,0.03985026997919498,0.01798260455114001,9.691927661369135e-21
상권_코드_명,석촌시장,140,33,0.2357142857142857,1.0774664961144056,False,6.057454788355709e-21,0.03985026997919498,0.01798260455114001,9.691927661369135e-21
상권_코드_명,석촌역 3번,150,24,0.16,0.7313711973625057,False,6.057454788355709e-21,0.03985026997919498,0.01798260455114001,9.691927661369135e-21
상권_코드_명,석촌역 6번,91,24,0.26373626373626374,1.2055569187294048,True,6.057454788355709e-21,0.03985026997919498,0.01798260455114001,9.691927661369135e-21
상권_코드_명,석촌역 7번,132,35,0.26515151515151514,1.2120261319927885,False,6.057454788355709e-21,0.03985026997919498,0.01798260455114001,9.691927661369135e-21
상권_코드_명,석촌역(석촌호수),225,57,0.25333333333333335,1.1580043958239674,False,6.057454788355709e-21,0.03985026997919498,0.01798260455114001,9.691927661369135e-21
상권_코드_명,석촌중학교(방이육교),36,9,0.25,1.1427674958789151,True,6.057454788355709e-21,0.03985026997919498,0.01798260455114001,9.691927661369135e-21
상권_코드_명,선릉역,257,50,0.19455252918287938,0.8893132263649144,False,6.057454788355709e-21,0.03985026997919498,0.01798260455114001,9.691927661369135e-21
상권_코드_명,선사초등학교,6,1,0.16666666666666666,0.76184499725261,True,6.057454788355709e-21,0.03985026997919498,0.01798260455114001,9.691927661369135e-21
상권_코드_명,선유도역 1번,191,29,0.1518324607329843,0.6940368037798647,False,6.057454788355709e-21,0.03985026997919498,0.01798260455114001,9.691927661369135e-21
상권_코드_명,선유도역 6번,42,13,0.30952380952380953,1.4148549948977043,True,6.057454788355709e-21,0.03985026997919498,0.01798260455114001,9.691927661369135e-21
상권_코드_명,선유도역 골목형상점가,78,11,0.14102564102564102,0.6446380745983623,True,6.057454788355709e-21,0.03985026997919498,0.01798260455114001,9.691927661369135e-21
상권_코드_명,선일여고,138,54,0.391304347826087,1.7886795587669975,False,6.057454788355709e-21,0.03985026997919498,0.01798260455114001,9.691927661369135e-21
상권_코드_명,선정릉역,214,66,0.308411214953271,1.4097692472524932,False,6.057454788355709e-21,0.03985026997919498,0.01798260455114001,9.691927661369135e-21
상권_코드_명,선정릉역 4번,42,8,0.19047619047619047,0.8706799968601256,True,6.057454788355709e-21,0.03985026997919498,0.01798260455114001,9.691927661369135e-21
상권_코드_명,선정중학교,51,9,0.17647058823529413,0.8066594088557048,True,6.057454788355709e-21,0.03985026997919498,0.01798260455114001,9.691927661369135e-21
상권_코드_명,성곡미술관,24,3,0.125,0.5713837479394576,True,6.057454788355709e-21,0.03985026997919498,0.01798260455114001,9.691927661369135e-21
상권_코드_명,성균관대학교,55,12,0.21818181818181817,0.9973243600397803,True,6.057454788355709e-21,0.03985026997919498,0.01798260455114001,9.691927661369135e-21
상권_코드_명,성남고등학교,102,21,0.20588235294117646,0.9411026436649889,False,6.057454788355709e-21,0.03985026997919498,0.01798260455114001,9.691927661369135e-21
상권_코드_명,성내전통시장,101,34,0.33663366336633666,1.5387760340547767,False,6.057454788355709e-21,0.03985026997919498,0.01798260455114001,9.691927661369135e-21
상권_코드_명,성내중학교,19,7,0.3684210526315789,1.6840784149794537,True,6.057454788355709e-21,0.03985026997919498,0.01798260455114001,9.691927661369135e-21
상권_코드_명,성내천어린이공원(하니사랑길),78,20,0.2564102564102564,1.1720692265424768,True,6.057454788355709e-21,0.03985026997919498,0.01798260455114001,9.691927661369135e-21
상권_코드_명,성대전통시장(성대시장),145,36,0.2482758620689655,1.1348863407349226,False,6.057454788355709e-21,0.03985026997919498,0.01798260455114001,9.691927661369135e-21
상권_코드_명,성동구보건소,28,8,0.2857142857142857,1.3060199952901885,True,6.057454788355709e-21,0.03985026997919498,0.01798260455114001,9.691927661369135e-21
상권_코드_명,성동세무서,25,3,0.12,0.5485283980218792,True,6.057454788355709e-21,0.03985026997919498,0.01798260455114001,9.691927661369135e-21
상권_코드_명,성동용답상가시장,178,32,0.1797752808988764,0.8217653902949501,False,6.057454788355709e-21,0.03985026997919498,0.01798260455114001,9.691927661369135e-21
상권_코드_명,성동초등학교,44,14,0.3181818181818182,1.4544313583913464,True,6.057454788355709e-21,0.03985026997919498,0.01798260455114001,9.691927661369135e-21
상권_코드_명,성미산체육관,39,12,0.3076923076923077,1.4064830718509724,True,6.057454788355709e-21,0.03985026997919498,0.01798260455114001,9.691927661369135e-21
상권_코드_명,성북구청,78,19,0.24358974358974358,1.113465765215353,True,6.057454788355709e-21,0.03985026997919498,0.01798260455114001,9.691927661369135e-21
상권_코드_명,성북초등학교앞,24,4,0.16666666666666666,0.76184499725261,True,6.057454788355709e-21,0.03985026997919498,0.01798260455114001,9.691927661369135e-21
상권_코드_명,성산중학교,72,13,0.18055555555555555,0.8253320803569942,True,6.057454788355709e-21,0.03985026997919498,0.01798260455114001,9.691927661369135e-21
상권_코드_명,성서초등학교,78,31,0.3974358974358974,1.8167073011408392,True,6.057454788355709e-21,0.03985026997919498,0.01798260455114001,9.691927661369135e-21
상권_코드_명,성수119안전센터,112,25,0.22321428571428573,1.02032812132046,False,6.057454788355709e-21,0.03985026997919498,0.01798260455114001,9.691927661369135e-21
상권_코드_명,성수1가1동주민센터,22,3,0.13636363636363635,0.6233277250248627,True,6.057454788355709e-21,0.03985026997919498,0.01798260455114001,9.691927661369135e-21
상권_코드_명,성수2가3동주민센터,27,8,0.2962962962962963,1.354391106226862,True,6.057454788355709e-21,0.03985026997919498,0.01798260455114001,9.691927661369135e-21
상권_코드_명,성수대교남단,163,26,0.15950920245398773,0.7291277274319458,False,6.057454788355709e-21,0.03985026997919498,0.01798260455114001,9.691927661369135e-21
상권_코드_명,성수동카페거리,110,20,0.18181818181818182,0.8311036333664837,False,6.057454788355709e-21,0.03985026997919498,0.01798260455114001,9.691927661369135e-21
상권_코드_명,성수역,232,45,0.1939655172413793,0.8866299536991582,False,6.057454788355709e-21,0.03985026997919498,0.01798260455114001,9.691927661369135e-21
상권_코드_명,성수역 골목형상점가,8,2,0.25,1.1427674958789151,True,6.057454788355709e-21,0.03985026997919498,0.01798260455114001,9.691927661369135e-21
상권_코드_명,성수초등학교,125,37,0.296,1.3530367151206353,False,6.057454788355709e-21,0.03985026997919498,0.01798260455114001,9.691927661369135e-21
상권_코드_명,성신여대,246,49,0.1991869918699187,0.9104976796433633,False,6.057454788355709e-21,0.03985026997919498,0.01798260455114001,9.691927661369135e-21
상권_코드_명,성신여대운정그린캠퍼스,120,36,0.3,1.371320995054698,False,6.057454788355709e-21,0.03985026997919498,0.01798260455114001,9.691927661369135e-21
상권_코드_명,성신여대입구역 1번,56,10,0.17857142857142858,0.8162624970563679,True,6.057454788355709e-21,0.03985026997919498,0.01798260455114001,9.691927661369135e-21
상권_코드_명,성신여대입구역 4번,48,10,0.20833333333333334,0.9523062465657626,True,6.057454788355709e-21,0.03985026997919498,0.01798260455114001,9.691927661369135e-21
상권_코드_명,성신여대입구역 7번,32,3,0.09375,0.42853781095459315,True,6.057454788355709e-21,0.03985026997919498,0.01798260455114001,9.691927661369135e-21
상권_코드_명,성심여자고등학교,72,16,0.2222222222222222,1.0157933296701467,True,6.057454788355709e-21,0.03985026997919498,0.01798260455114001,9.691927661369135e-21
상권_코드_명,성원어린이공원,29,0,0.0,0.0,True,6.057454788355709e-21,0.03985026997919498,0.01798260455114001,9.691927661369135e-21
상권_코드_명,성원중학교,205,56,0.2731707317073171,1.2486825320823267,False,6.057454788355709e-21,0.03985026997919498,0.01798260455114001,9.691927661369135e-21
상권_코드_명,성자초등학교,102,27,0.2647058823529412,1.2099891132835572,False,6.057454788355709e-21,0.03985026997919498,0.01798260455114001,9.691927661369135e-21
상권_코드_명,세검정,33,7,0.21212121212121213,0.969620905594231,True,6.057454788355709e-21,0.03985026997919498,0.01798260455114001,9.691927661369135e-21
상권_코드_명,세검정초등학교,62,12,0.1935483870967742,0.8847232226159342,True,6.057454788355709e-21,0.03985026997919498,0.01798260455114001,9.691927661369135e-21
상권_코드_명,세곡초등학교,114,39,0.34210526315789475,1.5637870996237786,False,6.057454788355709e-21,0.03985026997919498,0.01798260455114001,9.691927661369135e-21
상권_코드_명,세명컴퓨터고등학교,37,6,0.16216216216216217,0.7412545919214585,True,6.057454788355709e-21,0.03985026997919498,0.01798260455114001,9.691927661369135e-21
상권_코드_명,세운상가가동,23,8,0.34782608695652173,1.5899373855706644,True,6.057454788355709e-21,0.03985026997919498,0.01798260455114001,9.691927661369135e-21
상권_코드_명,세종대왕기념관교차로,17,2,0.11764705882352941,0.5377729392371365,True,6.057454788355709e-21,0.03985026997919498,0.01798260455114001,9.691927661369135e-21
상권_코드_명,세종대학교,8,1,0.125,0.5713837479394576,True,6.057454788355709e-21,0.03985026997919498,0.01798260455114001,9.691927661369135e-21
상권_코드_명,세종마을음식문화거리(금천교시장),109,21,0.1926605504587156,0.8806648592094392,False,6.057454788355709e-21,0.03985026997919498,0.01798260455114001,9.691927661369135e-21
상권_코드_명,세화어린이공원,3,2,0.6666666666666666,3.04737998901044,True,6.057454788355709e-21,0.03985026997919498,0.01798260455114001,9.691927661369135e-21
상권_코드_명,솔밭공원역 1번,30,8,0.26666666666666666,1.218951995604176,True,6.057454788355709e-21,0.03985026997919498,0.01798260455114001,9.691927661369135e-21
상권_코드_명,솔밭공원역 2번,72,20,0.2777777777777778,1.2697416620876834,True,6.057454788355709e-21,0.03985026997919498,0.01798260455114001,9.691927661369135e-21
상권_코드_명,"솔샘시장(미아6,7동골목시장)",88,8,0.09090909090909091,0.41555181668324187,True,6.057454788355709e-21,0.03985026997919498,0.01798260455114001,9.691927661369135e-21
상권_코드_명,솔숲어린이공원,15,3,0.2,0.9142139967031321,True,6.057454788355709e-21,0.03985026997919498,0.01798260455114001,9.691927661369135e-21
상권_코드_명,송정역,87,18,0.20689655172413793,0.9457386172791021,True,6.057454788355709e-21,0.03985026997919498,0.01798260455114001,9.691927661369135e-21
상권_코드_명,송정역 2번,12,3,0.25,1.1427674958789151,True,6.057454788355709e-21,0.03985026997919498,0.01798260455114001,9.691927661369135e-21
상권_코드_명,송정역 3번,164,52,0.3170731707317073,1.4493636533098435,False,6.057454788355709e-21,0.03985026997919498,0.01798260455114001,9.691927661369135e-21
상권_코드_명,송정체육공원,82,17,0.2073170731707317,0.9476608502410514,True,6.057454788355709e-21,0.03985026997919498,0.01798260455114001,9.691927661369135e-21
상권_코드_명,송중동주민센터,60,11,0.18333333333333332,0.838029496977871,True,6.057454788355709e-21,0.03985026997919498,0.01798260455114001,9.691927661369135e-21
상권_코드_명,송중초등학교,109,36,0.3302752293577982,1.5097111872161815,False,6.057454788355709e-21,0.03985026997919498,0.01798260455114001,9.691927661369135e-21
상권_코드_명,송천동주민센터,18,8,0.4444444444444444,2.0315866593402934,True,6.057454788355709e-21,0.03985026997919498,0.01798260455114001,9.691927661369135e-21
상권_코드_명,송천초등학교,65,21,0.3230769230769231,1.4768072254435212,True,6.057454788355709e-21,0.03985026997919498,0.01798260455114001,9.691927661369135e-21
상권_코드_명,송파나루역,105,30,0.2857142857142857,1.3060199952901885,False,6.057454788355709e-21,0.03985026997919498,0.01798260455114001,9.691927661369135e-21
상권_코드_명,송파나루역 1번(송리단길),147,41,0.2789115646258503,1.2749242811166126,False,6.057454788355709e-21,0.03985026997919498,0.01798260455114001,9.691927661369135e-21
상권_코드_명,송파나루역 2번,49,18,0.3673469387755102,1.6791685653730997,True,6.057454788355709e-21,0.03985026997919498,0.01798260455114001,9.691927661369135e-21
상권_코드_명,송파나루역 3번,12,0,0.0,0.0,True,6.057454788355709e-21,0.03985026997919498,0.01798260455114001,9.691927661369135e-21
상권_코드_명,송파사거리(송파역),166,49,0.29518072289156627,1.3492917421220925,False,6.057454788355709e-21,0.03985026997919498,0.01798260455114001,9.691927661369135e-21
상권_코드_명,송파역 2번,41,8,0.1951219512195122,0.8919160943445191,True,6.057454788355709e-21,0.03985026997919498,0.01798260455114001,9.691927661369135e-21
상권_코드_명,송파책박물관,28,6,0.21428571428571427,0.9795149964676414,True,6.057454788355709e-21,0.03985026997919498,0.01798260455114001,9.691927661369135e-21
상권_코드_명,송화벽화시장(송화골목시장),120,29,0.24166666666666667,1.1046752460162845,False,6.057454788355709e-21,0.03985026997919498,0.01798260455114001,9.691927661369135e-21
상권_코드_명,수궁동주민센터,98,23,0.23469387755102042,1.0728021389883693,True,6.057454788355709e-21,0.03985026997919498,0.01798260455114001,9.691927661369135e-21
상권_코드_명,수락산디자인거리,135,27,0.2,0.9142139967031321,False,6.057454788355709e-21,0.03985026997919498,0.01798260455114001,9.691927661369135e-21
상권_코드_명,수락산역 4번,209,35,0.1674641148325359,0.7654901886270244,False,6.057454788355709e-21,0.03985026997919498,0.01798260455114001,9.691927661369135e-21
상권_코드_명,수색성당,6,0,0.0,0.0,True,6.057454788355709e-21,0.03985026997919498,0.01798260455114001,9.691927661369135e-21
상권_코드_명,수서역,204,27,0.1323529411764706,0.6049945566417786,False,6.057454788355709e-21,0.03985026997919498,0.01798260455114001,9.691927661369135e-21
상권_코드_명,수송초등학교,133,36,0.2706766917293233,1.2372821008012314,False,6.057454788355709e-21,0.03985026997919498,0.01798260455114001,9.691927661369135e-21
상권_코드_명,수유1동주민센터,86,30,0.3488372093023256,1.5945592965752304,True,6.057454788355709e-21,0.03985026997919498,0.01798260455114001,9.691927661369135e-21
상권_코드_명,수유동우체국,34,8,0.23529411764705882,1.075545878474273,True,6.057454788355709e-21,0.03985026997919498,0.01798260455114001,9.691927661369135e-21
상권_코드_명,수유북부시장옆,61,12,0.19672131147540983,0.8992268820030807,True,6.057454788355709e-21,0.03985026997919498,0.01798260455114001,9.691927661369135e-21
상권_코드_명,수유시장옆,52,22,0.4230769230769231,1.933914223795087,True,6.057454788355709e-21,0.03985026997919498,0.01798260455114001,9.691927661369135e-21
상권_코드_명,수유역,235,36,0.15319148936170213,0.7002490187513352,False,6.057454788355709e-21,0.03985026997919498,0.01798260455114001,9.691927661369135e-21
상권_코드_명,수유역 2번,52,14,0.2692307692307692,1.2306726878696008,True,6.057454788355709e-21,0.03985026997919498,0.01798260455114001,9.691927661369135e-21
상권_코드_명,수유재래시장,12,4,0.3333333333333333,1.52368999450522,True,6.057454788355709e-21,0.03985026997919498,0.01798260455114001,9.691927661369135e-21
상권_코드_명,"수유전통시장(수유시장, 수유골목시장)",110,23,0.20909090909090908,0.9557691783714561,False,6.057454788355709e-21,0.03985026997919498,0.01798260455114001,9.691927661369135e-21
상권_코드_명,수유중앙골목시장(수유중앙시장),57,7,0.12280701754385964,0.5613594716598179,True,6.057454788355709e-21,0.03985026997919498,0.01798260455114001,9.691927661369135e-21
상권_코드_명,수유초등학교,76,28,0.3684210526315789,1.6840784149794537,True,6.057454788355709e-21,0.03985026997919498,0.01798260455114001,9.691927661369135e-21
상권_코드_명,수유프라자,18,6,0.3333333333333333,1.52368999450522,True,6.057454788355709e-21,0.03985026997919498,0.01798260455114001,9.691927661369135e-21
상권_코드_명,수일시장,16,4,0.25,1.1427674958789151,True,6.057454788355709e-21,0.03985026997919498,0.01798260455114001,9.691927661369135e-21
상권_코드_명,수족관거리,12,6,0.5,2.2855349917578303,True,6.057454788355709e-21,0.03985026997919498,0.01798260455114001,9.691927661369135e-21
상권_코드_명,숙대입구,162,18,0.1111111111111111,0.5078966648350733,False,6.057454788355709e-21,0.03985026997919498,0.01798260455114001,9.691927661369135e-21
상권_코드_명,숙대입구역 1번,55,13,0.23636363636363636,1.0804347233764287,True,6.057454788355709e-21,0.03985026997919498,0.01798260455114001,9.691927661369135e-21
상권_코드_명,"숙대입구역(남영역, 남영동)",168,24,0.14285714285714285,0.6530099976450943,False,6.057454788355709e-21,0.03985026997919498,0.01798260455114001,9.691927661369135e-21
상권_코드_명,숭곡초등학교,177,44,0.24858757062146894,1.136311182342876,False,6.057454788355709e-21,0.03985026997919498,0.01798260455114001,9.691927661369135e-21
상권_코드_명,숭례문수입상가(남대문시장),71,17,0.23943661971830985,1.09448154534882,True,6.057454788355709e-21,0.03985026997919498,0.01798260455114001,9.691927661369135e-21
상권_코드_명,숭실대입구역 1번,143,33,0.23076923076923078,1.0548623038882294,False,6.057454788355709e-21,0.03985026997919498,0.01798260455114001,9.691927661369135e-21
상권_코드_명,숭실대입구역 4번,102,10,0.09803921568627451,0.44814411603094706,False,6.057454788355709e-21,0.03985026997919498,0.01798260455114001,9.691927661369135e-21
상권_코드_명,숭인시장,88,23,0.26136363636363635,1.1947114729643202,True,6.057454788355709e-21,0.03985026997919498,0.01798260455114001,9.691927661369135e-21
상권_코드_명,시립대앞사거리,30,4,0.13333333333333333,0.609475997802088,True,6.057454788355709e-21,0.03985026997919498,0.01798260455114001,9.691927661369135e-21
상권_코드_명,시립서북병원,133,39,0.2932330827067669,1.3403889425346671,False,6.057454788355709e-21,0.03985026997919498,0.01798260455114001,9.691927661369135e-21
상권_코드_명,시조사삼거리,11,3,0.2727272727272727,1.2466554500497253,True,6.057454788355709e-21,0.03985026997919498,0.01798260455114001,9.691927661369135e-21
상권_코드_명,시청역_1번,72,8,0.1111111111111111,0.5078966648350733,True,6.057454788355709e-21,0.03985026997919498,0.01798260455114001,9.691927661369135e-21
상권_코드_명,시청역_8번,123,17,0.13821138211382114,0.631773900160701,False,6.057454788355709e-21,0.03985026997919498,0.01798260455114001,9.691927661369135e-21
상권_코드_명,시흥3동 우편취급국,6,1,0.16666666666666666,0.76184499725261,True,6.057454788355709e-21,0.03985026997919498,0.01798260455114001,9.691927661369135e-21
상권_코드_명,시흥4동주민센터(서울신흥초등학교),89,17,0.19101123595505617,0.8731257271883845,True,6.057454788355709e-21,0.03985026997919498,0.01798260455114001,9.691927661369135e-21
상권_코드_명,시흥동 은행나무사거리,113,23,0.20353982300884957,0.9303947754058424,False,6.057454788355709e-21,0.03985026997919498,0.01798260455114001,9.691927661369135e-21
상권_코드_명,시흥초등학교(시흥1동우체국),112,19,0.16964285714285715,0.7754493722035495,False,6.057454788355709e-21,0.03985026997919498,0.01798260455114001,9.691927661369135e-21
상권_코드_명,신곡종합시장(신월6동 골목시장),98,10,0.10204081632653061,0.4664357126036388,True,6.057454788355709e-21,0.03985026997919498,0.01798260455114001,9.691927661369135e-21
상권_코드_명,신곡초등학교,60,17,0.2833333333333333,1.295136495329437,True,6.057454788355709e-21,0.03985026997919498,0.01798260455114001,9.691927661369135e-21
상권_코드_명,신광명마을,12,0,0.0,0.0,True,6.057454788355709e-21,0.03985026997919498,0.01798260455114001,9.691927661369135e-21
상권_코드_명,신구중학교,12,1,0.08333333333333333,0.380922498626305,True,6.057454788355709e-21,0.03985026997919498,0.01798260455114001,9.691927661369135e-21
상권_코드_명,신금호역 4번,33,2,0.06060606060606061,0.2770345444554946,True,6.057454788355709e-21,0.03985026997919498,0.01798260455114001,9.691927661369135e-21
상권_코드_명,신금호역 골목형상점가,60,11,0.18333333333333332,0.838029496977871,True,6.057454788355709e-21,0.03985026997919498,0.01798260455114001,9.691927661369135e-21
상권_코드_명,신길2동우편취급국,48,6,0.125,0.5713837479394576,True,6.057454788355709e-21,0.03985026997919498,0.01798260455114001,9.691927661369135e-21
상권_코드_명,신길3동주민센터,121,31,0.256198347107438,1.171100574289136,False,6.057454788355709e-21,0.03985026997919498,0.01798260455114001,9.691927661369135e-21
상권_코드_명,신길6동주민센터,54,9,0.16666666666666666,0.76184499725261,True,6.057454788355709e-21,0.03985026997919498,0.01798260455114001,9.691927661369135e-21
상권_코드_명,신길대성유니드아파트,30,4,0.13333333333333333,0.609475997802088,True,6.057454788355709e-21,0.03985026997919498,0.01798260455114001,9.691927661369135e-21
상권_코드_명,신길동홍어거리,29,4,0.13793103448275862,0.6304924115194014,True,6.057454788355709e-21,0.03985026997919498,0.01798260455114001,9.691927661369135e-21
상권_코드_명,신길새마을금고신길4동지점,23,12,0.5217391304347826,2.3849060783559963,True,6.057454788355709e-21,0.03985026997919498,0.01798260455114001,9.691927661369135e-21
상권_코드_명,신길역 1번,6,3,0.5,2.2855349917578303,True,6.057454788355709e-21,0.03985026997919498,0.01798260455114001,9.691927661369135e-21
상권_코드_명,신길역 3번,12,2,0.16666666666666666,0.76184499725261,True,6.057454788355709e-21,0.03985026997919498,0.01798260455114001,9.691927661369135e-21
상권_코드_명,신내1동주민센터,176,48,0.2727272727272727,1.2466554500497253,False,6.057454788355709e-21,0.03985026997919498,0.01798260455114001,9.691927661369135e-21
상권_코드_명,신내IC북측,1,0,0.0,0.0,True,6.057454788355709e-21,0.03985026997919498,0.01798260455114001,9.691927661369135e-21
상권_코드_명,신내역 1번,6,0,0.0,0.0,True,6.057454788355709e-21,0.03985026997919498,0.01798260455114001,9.691927661369135e-21
상권_코드_명,신내역 2번,1,0,0.0,0.0,True,6.057454788355709e-21,0.03985026997919498,0.01798260455114001,9.691927661369135e-21
상권_코드_명,신노량진시장(기능상실),18,2,0.1111111111111111,0.5078966648350733,True,6.057454788355709e-21,0.03985026997919498,0.01798260455114001,9.691927661369135e-21
상권_코드_명,신논현역,250,68,0.272,1.2433310355162597,False,6.057454788355709e-21,0.03985026997919498,0.01798260455114001,9.691927661369135e-21
상권_코드_명,신논현역 1번,113,25,0.22123893805309736,1.011298668919394,False,6.057454788355709e-21,0.03985026997919498,0.01798260455114001,9.691927661369135e-21
상권_코드_명,신당 미래유산 먹거리 골목형상점가,6,0,0.0,0.0,True,6.057454788355709e-21,0.03985026997919498,0.01798260455114001,9.691927661369135e-21
상권_코드_명,신당역,190,31,0.1631578947368421,0.7458061552051867,False,6.057454788355709e-21,0.03985026997919498,0.01798260455114001,9.691927661369135e-21
상권_코드_명,신당역 3번,82,25,0.3048780487804878,1.393618897413311,True,6.057454788355709e-21,0.03985026997919498,0.01798260455114001,9.691927661369135e-21
상권_코드_명,신대림초등학교,23,10,0.43478260869565216,1.9874217319633305,True,6.057454788355709e-21,0.03985026997919498,0.01798260455114001,9.691927661369135e-21
상권_코드_명,신대방1동골목상권,86,11,0.12790697674418605,0.5846717420775844,True,6.057454788355709e-21,0.03985026997919498,0.01798260455114001,9.691927661369135e-21
상권_코드_명,신대방삼거리역,183,33,0.18032786885245902,0.824291308502824,False,6.057454788355709e-21,0.03985026997919498,0.01798260455114001,9.691927661369135e-21
상권_코드_명,신대방삼거리역 1번,68,22,0.3235294117647059,1.4788755829021254,True,6.057454788355709e-21,0.03985026997919498,0.01798260455114001,9.691927661369135e-21
상권_코드_명,신대방삼거리역 3번,31,6,0.1935483870967742,0.8847232226159342,True,6.057454788355709e-21,0.03985026997919498,0.01798260455114001,9.691927661369135e-21
상권_코드_명,신대방삼거리역 4번(대림초등학교),16,10,0.625,2.8569187396972877,True,6.057454788355709e-21,0.03985026997919498,0.01798260455114001,9.691927661369135e-21
상권_코드_명,신대방역 1번,55,8,0.14545454545454545,0.664882906693187,True,6.057454788355709e-21,0.03985026997919498,0.01798260455114001,9.691927661369135e-21
상권_코드_명,신대방역 2번,138,32,0.2318840579710145,1.0599582570471096,False,6.057454788355709e-21,0.03985026997919498,0.01798260455114001,9.691927661369135e-21
상권_코드_명,신대방역 3번,11,8,0.7272727272727273,3.324414533465935,True,6.057454788355709e-21,0.03985026997919498,0.01798260455114001,9.691927661369135e-21
상권_코드_명,신대방역 4번,129,30,0.23255813953488372,1.0630395310501535,False,6.057454788355709e-21,0.03985026997919498,0.01798260455114001,9.691927661369135e-21
상권_코드_명,신도림역,241,60,0.24896265560165975,1.1380257220370937,False,6.057454788355709e-21,0.03985026997919498,0.01798260455114001,9.691927661369135e-21
상권_코드_명,신도봉시장,12,1,0.08333333333333333,0.380922498626305,True,6.057454788355709e-21,0.03985026997919498,0.01798260455114001,9.691927661369135e-21
상권_코드_명,신동시장,11,5,0.45454545454545453,2.077759083416209,True,6.057454788355709e-21,0.03985026997919498,0.01798260455114001,9.691927661369135e-21
상권_코드_명,신림역 1번,12,0,0.0,0.0,True,6.057454788355709e-21,0.03985026997919498,0.01798260455114001,9.691927661369135e-21
상권_코드_명,"신림역 5번(신림동주민센터, 신림동별빛거리)",107,21,0.19626168224299065,0.897125884615223,False,6.057454788355709e-21,0.03985026997919498,0.01798260455114001,9.691927661369135e-21
상권_코드_명,신림역 8번,87,18,0.20689655172413793,0.9457386172791021,True,6.057454788355709e-21,0.03985026997919498,0.01798260455114001,9.691927661369135e-21
상권_코드_명,신림역(신림),240,59,0.24583333333333332,1.1237213709475997,False,6.057454788355709e-21,0.03985026997919498,0.01798260455114001,9.691927661369135e-21
상권_코드_명,신림우방아파트,32,9,0.28125,1.2856134328637794,True,6.057454788355709e-21,0.03985026997919498,0.01798260455114001,9.691927661369135e-21
상권_코드_명,신림주공2단지(광신고등학교),2,1,0.5,2.2855349917578303,True,6.057454788355709e-21,0.03985026997919498,0.01798260455114001,9.691927661369135e-21
상권_코드_명,신림중앙시장(조원동 펭귄시장),9,3,0.3333333333333333,1.52368999450522,True,6.057454788355709e-21,0.03985026997919498,0.01798260455114001,9.691927661369135e-21
상권_코드_명,신림초등학교,16,3,0.1875,0.8570756219091863,True,6.057454788355709e-21,0.03985026997919498,0.01798260455114001,9.691927661369135e-21
상권_코드_명,신림현대아파트,24,6,0.25,1.1427674958789151,True,6.057454788355709e-21,0.03985026997919498,0.01798260455114001,9.691927661369135e-21
상권_코드_명,신림현대종합상가,12,1,0.08333333333333333,0.380922498626305,True,6.057454788355709e-21,0.03985026997919498,0.01798260455114001,9.691927661369135e-21
상권_코드_명,신목동역,5,0,0.0,0.0,True,6.057454788355709e-21,0.03985026997919498,0.01798260455114001,9.691927661369135e-21
상권_코드_명,신묵초등학교,101,33,0.32673267326732675,1.493517915406107,False,6.057454788355709e-21,0.03985026997919498,0.01798260455114001,9.691927661369135e-21
상권_코드_명,신방화역 2번,219,50,0.228310502283105,1.0436232839076849,False,6.057454788355709e-21,0.03985026997919498,0.01798260455114001,9.691927661369135e-21
상권_코드_명,신방화역 8번,41,13,0.3170731707317073,1.4493636533098435,True,6.057454788355709e-21,0.03985026997919498,0.01798260455114001,9.691927661369135e-21
상권_코드_명,신사1동주민센터,102,20,0.19607843137254902,0.8962882320618941,False,6.057454788355709e-21,0.03985026997919498,0.01798260455114001,9.691927661369135e-21
상권_코드_명,신사상가,27,3,0.1111111111111111,0.5078966648350733,True,6.057454788355709e-21,0.03985026997919498,0.01798260455114001,9.691927661369135e-21
상권_코드_명,신사역,256,46,0.1796875,0.8213641376629702,False,6.057454788355709e-21,0.03985026997919498,0.01798260455114001,9.691927661369135e-21
상권_코드_명,신사은행나무공원,29,4,0.13793103448275862,0.6304924115194014,True,6.057454788355709e-21,0.03985026997919498,0.01798260455114001,9.691927661369135e-21
상권_코드_명,신서초등학교,63,15,0.23809523809523808,1.088349996075157,True,6.057454788355709e-21,0.03985026997919498,0.01798260455114001,9.691927661369135e-21
상권_코드_명,신설동역,220,34,0.15454545454545454,0.7064380883615111,False,6.057454788355709e-21,0.03985026997919498,0.01798260455114001,9.691927661369135e-21
상권_코드_명,신설동역 12번,32,9,0.28125,1.2856134328637794,True,6.057454788355709e-21,0.03985026997919498,0.01798260455114001,9.691927661369135e-21
상권_코드_명,신설동역 9번,38,9,0.23684210526315788,1.0826218382010773,True,6.057454788355709e-21,0.03985026997919498,0.01798260455114001,9.691927661369135e-21
상권_코드_명,신성시장(신성골목시장),54,6,0.1111111111111111,0.5078966648350733,True,6.057454788355709e-21,0.03985026997919498,0.01798260455114001,9.691927661369135e-21
상권_코드_명,신성초등학교,85,13,0.15294117647058825,0.6991048210082775,True,6.057454788355709e-21,0.03985026997919498,0.01798260455114001,9.691927661369135e-21
상권_코드_명,신수동주민센터,38,10,0.2631578947368421,1.2029131535567525,True,6.057454788355709e-21,0.03985026997919498,0.01798260455114001,9.691927661369135e-21
상권_코드_명,신신림시장(삼성동시장),6,0,0.0,0.0,True,6.057454788355709e-21,0.03985026997919498,0.01798260455114001,9.691927661369135e-21
상권_코드_명,신아타운,89,23,0.25842696629213485,1.181287748548991,True,6.057454788355709e-21,0.03985026997919498,0.01798260455114001,9.691927661369135e-21
상권_코드_명,신영시장,135,15,0.1111111111111111,0.5078966648350733,False,6.057454788355709e-21,0.03985026997919498,0.01798260455114001,9.691927661369135e-21
상권_코드_명,신용산역(용산역),184,34,0.18478260869565216,0.8446542360844154,False,6.057454788355709e-21,0.03985026997919498,0.01798260455114001,9.691927661369135e-21
상권_코드_명,신우어린이공원,19,3,0.15789473684210525,0.7217478921340515,True,6.057454788355709e-21,0.03985026997919498,0.01798260455114001,9.691927661369135e-21
상권_코드_명,신원동주민센터,84,15,0.17857142857142858,0.8162624970563679,True,6.057454788355709e-21,0.03985026997919498,0.01798260455114001,9.691927661369135e-21
상권_코드_명,신원시장,73,7,0.0958904109589041,0.43832177924122767,True,6.057454788355709e-21,0.03985026997919498,0.01798260455114001,9.691927661369135e-21
상권_코드_명,신월1동우편취급국,85,16,0.18823529411764706,0.8604367027794184,True,6.057454788355709e-21,0.03985026997919498,0.01798260455114001,9.691927661369135e-21
상권_코드_명,신월1동주민센터,80,12,0.15,0.685660497527349,True,6.057454788355709e-21,0.03985026997919498,0.01798260455114001,9.691927661369135e-21
상권_코드_명,신월1파출소,82,18,0.21951219512195122,1.003405606137584,True,6.057454788355709e-21,0.03985026997919498,0.01798260455114001,9.691927661369135e-21
상권_코드_명,신월2동주민센터,64,13,0.203125,0.9284985904016184,True,6.057454788355709e-21,0.03985026997919498,0.01798260455114001,9.691927661369135e-21
상권_코드_명,신월3동 골목시장,15,4,0.26666666666666666,1.218951995604176,True,6.057454788355709e-21,0.03985026997919498,0.01798260455114001,9.691927661369135e-21
상권_코드_명,신월3동주민센터,110,26,0.23636363636363636,1.0804347233764287,False,6.057454788355709e-21,0.03985026997919498,0.01798260455114001,9.691927661369135e-21
상권_코드_명,신월4동주민센터,82,11,0.13414634146341464,0.6131923148618569,True,6.057454788355709e-21,0.03985026997919498,0.01798260455114001,9.691927661369135e-21
상권_코드_명,"신월7동 골목시장(약수시장, 우성상가)",29,14,0.4827586206896552,2.206723440317905,True,6.057454788355709e-21,0.03985026997919498,0.01798260455114001,9.691927661369135e-21
상권_코드_명,신월7동주민센터,90,18,0.2,0.9142139967031321,True,6.057454788355709e-21,0.03985026997919498,0.01798260455114001,9.691927661369135e-21
상권_코드_명,신월문화체육센터,135,39,0.28888888888888886,1.3205313285711906,False,6.057454788355709e-21,0.03985026997919498,0.01798260455114001,9.691927661369135e-21
상권_코드_명,신월시영아파트중문,24,13,0.5416666666666666,2.4759962410709826,True,6.057454788355709e-21,0.03985026997919498,0.01798260455114001,9.691927661369135e-21
상권_코드_명,신월중앙시장,6,0,0.0,0.0,True,6.057454788355709e-21,0.03985026997919498,0.01798260455114001,9.691927661369135e-21
상권_코드_명,신월중학교,49,13,0.2653061224489796,1.212732852769461,True,6.057454788355709e-21,0.03985026997919498,0.01798260455114001,9.691927661369135e-21
상권_코드_명,신자초등학교,93,27,0.2903225806451613,1.3270848339239014,True,6.057454788355709e-21,0.03985026997919498,0.01798260455114001,9.691927661369135e-21
상권_코드_명,신정1동 골목시장(신정제일시장),47,10,0.2127659574468085,0.9725680815990766,True,6.057454788355709e-21,0.03985026997919498,0.01798260455114001,9.691927661369135e-21
상권_코드_명,신정2동 골목시장(오목교중앙시장),36,8,0.2222222222222222,1.0157933296701467,True,6.057454788355709e-21,0.03985026997919498,0.01798260455114001,9.691927661369135e-21
상권_코드_명,신정2동주민센터,168,34,0.20238095238095238,0.9250974966638836,False,6.057454788355709e-21,0.03985026997919498,0.01798260455114001,9.691927661369135e-21
상권_코드_명,신정3동 골목시장,18,5,0.2777777777777778,1.2697416620876834,True,6.057454788355709e-21,0.03985026997919498,0.01798260455114001,9.691927661369135e-21
상권_코드_명,신정네거리역,262,54,0.20610687022900764,0.9421289279001743,False,6.057454788355709e-21,0.03985026997919498,0.01798260455114001,9.691927661369135e-21
상권_코드_명,신정네거리역 2번,18,5,0.2777777777777778,1.2697416620876834,True,6.057454788355709e-21,0.03985026997919498,0.01798260455114001,9.691927661369135e-21
상권_코드_명,신정네거리역 4번,26,3,0.11538461538461539,0.5274311519441147,True,6.057454788355709e-21,0.03985026997919498,0.01798260455114001,9.691927661369135e-21
상권_코드_명,신정롯데캐슬아파트,117,16,0.13675213675213677,0.6251035874893212,False,6.057454788355709e-21,0.03985026997919498,0.01798260455114001,9.691927661369135e-21
상권_코드_명,신정역 1번,25,8,0.32,1.4627423947250113,True,6.057454788355709e-21,0.03985026997919498,0.01798260455114001,9.691927661369135e-21
상권_코드_명,신정역 5번,100,26,0.26,1.1884781957140718,False,6.057454788355709e-21,0.03985026997919498,0.01798260455114001,9.691927661369135e-21
상권_코드_명,신중초등학교,38,10,0.2631578947368421,1.2029131535567525,True,6.057454788355709e-21,0.03985026997919498,0.01798260455114001,9.691927661369135e-21
상권_코드_명,신진과학기술고등학교,43,6,0.13953488372093023,0.6378237186300921,True,6.057454788355709e-21,0.03985026997919498,0.01798260455114001,9.691927661369135e-21
상권_코드_명,신창초등학교,180,32,0.17777777777777778,0.8126346637361174,False,6.057454788355709e-21,0.03985026997919498,0.01798260455114001,9.691927661369135e-21
상권_코드_명,신촌 상인회(신촌상점가),40,5,0.125,0.5713837479394576,True,6.057454788355709e-21,0.03985026997919498,0.01798260455114001,9.691927661369135e-21
상권_코드_명,신촌역 6번,18,3,0.16666666666666666,0.76184499725261,True,6.057454788355709e-21,0.03985026997919498,0.01798260455114001,9.691927661369135e-21
상권_코드_명,"신촌역(신촌역, 신촌로터리)",259,59,0.2277992277992278,1.0412862124610962,False,6.057454788355709e-21,0.03985026997919498,0.01798260455114001,9.691927661369135e-21
상권_코드_명,신풍역 1번,83,26,0.3132530120481928,1.4319014406193635,True,6.057454788355709e-21,0.03985026997919498,0.01798260455114001,9.691927661369135e-21
상권_코드_명,신풍역 2번,6,0,0.0,0.0,True,6.057454788355709e-21,0.03985026997919498,0.01798260455114001,9.691927661369135e-21
상권_코드_명,신풍역 3번,28,3,0.10714285714285714,0.4897574982338207,True,6.057454788355709e-21,0.03985026997919498,0.01798260455114001,9.691927661369135e-21
상권_코드_명,신풍역 6번(신길6동공영주차장),6,5,0.8333333333333334,3.8092249862630503,True,6.057454788355709e-21,0.03985026997919498,0.01798260455114001,9.691927661369135e-21
상권_코드_명,신한은행 방학동지점,52,16,0.3076923076923077,1.4064830718509724,True,6.057454788355709e-21,0.03985026997919498,0.01798260455114001,9.691927661369135e-21
상권_코드_명,신한은행 신월동지점,124,19,0.1532258064516129,0.700405884570948,False,6.057454788355709e-21,0.03985026997919498,0.01798260455114001,9.691927661369135e-21
상권_코드_명,신흥시장,19,1,0.05263157894736842,0.24058263071135053,True,6.057454788355709e-21,0.03985026997919498,0.01798260455114001,9.691927661369135e-21
상권_코드_명,쌍문2동우체국,96,19,0.19791666666666666,0.9046909342374744,True,6.057454788355709e-21,0.03985026997919498,0.01798260455114001,9.691927661369135e-21
상권_코드_명,쌍문시장(쌍문역골목시장),186,48,0.25806451612903225,1.1796309634879123,False,6.057454788355709e-21,0.03985026997919498,0.01798260455114001,9.691927661369135e-21
상권_코드_명,쌍문역1번(쌍리단길),121,25,0.2066115702479339,0.9444359470073679,False,6.057454788355709e-21,0.03985026997919498,0.01798260455114001,9.691927661369135e-21
상권_코드_명,쌍문역동측상점가,108,25,0.23148148148148148,1.0581180517397362,False,6.057454788355709e-21,0.03985026997919498,0.01798260455114001,9.691927661369135e-21
상권_코드_명,쌍문역둘리상점가,47,6,0.1276595744680851,0.5835408489594459,True,6.057454788355709e-21,0.03985026997919498,0.01798260455114001,9.691927661369135e-21
상권_코드_명,쌍문초등학교,93,22,0.23655913978494625,1.081328383197253,True,6.057454788355709e-21,0.03985026997919498,0.01798260455114001,9.691927661369135e-21
상권_코드_명,아래방죽마을공원(율현초등학교),22,2,0.09090909090909091,0.41555181668324187,True,6.057454788355709e-21,0.03985026997919498,0.01798260455114001,9.691927661369135e-21
상권_코드_명,아차산역,207,47,0.22705314009661837,1.0378757933586282,False,6.057454788355709e-21,0.03985026997919498,0.01798260455114001,9.691927661369135e-21
상권_코드_명,아차산역 1번,94,26,0.2765957446808511,1.2643385060787997,True,6.057454788355709e-21,0.03985026997919498,0.01798260455114001,9.691927661369135e-21
상권_코드_명,아차산역 5번,6,1,0.16666666666666666,0.76184499725261,True,6.057454788355709e-21,0.03985026997919498,0.01798260455114001,9.691927661369135e-21
상권_코드_명,아카데미하우스,18,3,0.16666666666666666,0.76184499725261,True,6.057454788355709e-21,0.03985026997919498,0.01798260455114001,9.691927661369135e-21
상권_코드_명,아현가구거리상점가,31,6,0.1935483870967742,0.8847232226159342,True,6.057454788355709e-21,0.03985026997919498,0.01798260455114001,9.691927661369135e-21
상권_코드_명,아현시장,99,29,0.29292929292929293,1.339000298201557,True,6.057454788355709e-21,0.03985026997919498,0.01798260455114001,9.691927661369135e-21
상권_코드_명,아현역 1번,12,1,0.08333333333333333,0.380922498626305,True,6.057454788355709e-21,0.03985026997919498,0.01798260455114001,9.691927661369135e-21
상권_코드_명,아현역 2번,78,6,0.07692307692307693,0.3516207679627431,True,6.057454788355709e-21,0.03985026997919498,0.01798260455114001,9.691927661369135e-21
상권_코드_명,아현역 4번,18,3,0.16666666666666666,0.76184499725261,True,6.057454788355709e-21,0.03985026997919498,0.01798260455114001,9.691927661369135e-21
상권_코드_명,안암역,84,10,0.11904761904761904,0.5441749980375785,True,6.057454788355709e-21,0.03985026997919498,0.01798260455114001,9.691927661369135e-21
상권_코드_명,안암역 2번,60,6,0.1,0.45710699835156604,True,6.057454788355709e-21,0.03985026997919498,0.01798260455114001,9.691927661369135e-21
상권_코드_명,안암역 3번,119,26,0.2184873949579832,0.9987211728689678,False,6.057454788355709e-21,0.03985026997919498,0.01798260455114001,9.691927661369135e-21
상권_코드_명,암사동성당(효정하나플러스아파트),63,19,0.30158730158730157,1.378576661695199,True,6.057454788355709e-21,0.03985026997919498,0.01798260455114001,9.691927661369135e-21
상권_코드_명,암사역,177,42,0.23728813559322035,1.0846606740545635,False,6.057454788355709e-21,0.03985026997919498,0.01798260455114001,9.691927661369135e-21
상권_코드_명,암사역 1번,142,41,0.2887323943661972,1.31981598115593,False,6.057454788355709e-21,0.03985026997919498,0.01798260455114001,9.691927661369135e-21
상권_코드_명,암사역 2번(서울강동초등학교),179,49,0.2737430167597765,1.2512984871076387,False,6.057454788355709e-21,0.03985026997919498,0.01798260455114001,9.691927661369135e-21
상권_코드_명,암사역 3번(천호동자전거거리),116,37,0.31896551724137934,1.4580137016386159,False,6.057454788355709e-21,0.03985026997919498,0.01798260455114001,9.691927661369135e-21
상권_코드_명,암사역 4번(삼성광나루아파트),15,3,0.2,0.9142139967031321,True,6.057454788355709e-21,0.03985026997919498,0.01798260455114001,9.691927661369135e-21
상권_코드_명,암사종합시장,123,34,0.2764227642276423,1.263547800321402,False,6.057454788355709e-21,0.03985026997919498,0.01798260455114001,9.691927661369135e-21
상권_코드_명,압구정로데오역(압구정로데오),235,53,0.225531914893617,1.0309221664950212,False,6.057454788355709e-21,0.03985026997919498,0.01798260455114001,9.691927661369135e-21
상권_코드_명,압구정역,222,43,0.19369369369369369,0.8853874292395197,False,6.057454788355709e-21,0.03985026997919498,0.01798260455114001,9.691927661369135e-21
상권_코드_명,애오개역 3번,16,0,0.0,0.0,True,6.057454788355709e-21,0.03985026997919498,0.01798260455114001,9.691927661369135e-21
상권_코드_명,약수시장,109,28,0.25688073394495414,1.1742198122792522,False,6.057454788355709e-21,0.03985026997919498,0.01798260455114001,9.691927661369135e-21
상권_코드_명,약수역,219,45,0.2054794520547945,0.9392609555169165,False,6.057454788355709e-21,0.03985026997919498,0.01798260455114001,9.691927661369135e-21
상권_코드_명,약수역 7번,12,0,0.0,0.0,True,6.057454788355709e-21,0.03985026997919498,0.01798260455114001,9.691927661369135e-21
상권_코드_명,양목초등학교,12,2,0.16666666666666666,0.76184499725261,True,6.057454788355709e-21,0.03985026997919498,0.01798260455114001,9.691927661369135e-21
상권_코드_명,양원초등학교,22,7,0.3181818181818182,1.4544313583913464,True,6.057454788355709e-21,0.03985026997919498,0.01798260455114001,9.691927661369135e-21
상권_코드_명,양재근린공원(양재2동주민센터),17,0,0.0,0.0,True,6.057454788355709e-21,0.03985026997919498,0.01798260455114001,9.691927661369135e-21
상권_코드_명,"양재시민의숲역(양재동꽃시장, aT센터)",158,27,0.17088607594936708,0.7811322123729293,False,6.057454788355709e-21,0.03985026997919498,0.01798260455114001,9.691927661369135e-21
상권_코드_명,양재시장,18,1,0.05555555555555555,0.25394833241753667,True,6.057454788355709e-21,0.03985026997919498,0.01798260455114001,9.691927661369135e-21
상권_코드_명,양재역,243,51,0.20987654320987653,0.959360366910694,False,6.057454788355709e-21,0.03985026997919498,0.01798260455114001,9.691927661369135e-21
상권_코드_명,양재역 8번(양재동우체국),163,31,0.1901840490797546,0.8693445980919354,False,6.057454788355709e-21,0.03985026997919498,0.01798260455114001,9.691927661369135e-21
상권_코드_명,양재천카페거리,93,14,0.15053763440860216,0.6881180620346156,True,6.057454788355709e-21,0.03985026997919498,0.01798260455114001,9.691927661369135e-21
상권_코드_명,양재화물트럭터미널앞,69,14,0.2028985507246377,0.9274634749162209,True,6.057454788355709e-21,0.03985026997919498,0.01798260455114001,9.691927661369135e-21
상권_코드_명,양지어린이공원,81,27,0.3333333333333333,1.52368999450522,True,6.057454788355709e-21,0.03985026997919498,0.01798260455114001,9.691927661369135e-21
상권_코드_명,양천향교역 2번,36,12,0.3333333333333333,1.52368999450522,True,6.057454788355709e-21,0.03985026997919498,0.01798260455114001,9.691927661369135e-21
상권_코드_명,양천향교역 5번,98,8,0.08163265306122448,0.373148570082911,True,6.057454788355709e-21,0.03985026997919498,0.01798260455114001,9.691927661369135e-21
상권_코드_명,양천향교역 7번,77,9,0.11688311688311688,0.5342809071641681,True,6.057454788355709e-21,0.03985026997919498,0.01798260455114001,9.691927661369135e-21
상권_코드_명,양평역,22,5,0.22727272727272727,1.0388795417081045,True,6.057454788355709e-21,0.03985026997919498,0.01798260455114001,9.691927661369135e-21
상권_코드_명,양평역 2번,97,21,0.21649484536082475,0.9896130892147306,True,6.057454788355709e-21,0.03985026997919498,0.01798260455114001,9.691927661369135e-21
상권_코드_명,양화대교북단,19,5,0.2631578947368421,1.2029131535567525,True,6.057454788355709e-21,0.03985026997919498,0.01798260455114001,9.691927661369135e-21
상권_코드_명,양화초등학교,52,18,0.34615384615384615,1.5822934558323438,True,6.057454788355709e-21,0.03985026997919498,0.01798260455114001,9.691927661369135e-21
상권_코드_명,어린이대공원역,210,42,0.2,0.9142139967031321,False,6.057454788355709e-21,0.03985026997919498,0.01798260455114001,9.691927661369135e-21
상권_코드_명,어린이대공원역 3번,48,4,0.08333333333333333,0.380922498626305,True,6.057454788355709e-21,0.03985026997919498,0.01798260455114001,9.691927661369135e-21
상권_코드_명,어린이대공원역 4번,36,10,0.2777777777777778,1.2697416620876834,True,6.057454788355709e-21,0.03985026997919498,0.01798260455114001,9.691927661369135e-21
상권_코드_명,언남고등학교,11,2,0.18181818181818182,0.8311036333664837,True,6.057454788355709e-21,0.03985026997919498,0.01798260455114001,9.691927661369135e-21
상권_코드_명,언북중학교,55,14,0.2545454545454545,1.163545086713077,True,6.057454788355709e-21,0.03985026997919498,0.01798260455114001,9.691927661369135e-21
상권_코드_명,언북초등학교,45,9,0.2,0.9142139967031321,True,6.057454788355709e-21,0.03985026997919498,0.01798260455114001,9.691927661369135e-21
상권_코드_명,언주역 3번,49,9,0.1836734693877551,0.8395842826865498,True,6.057454788355709e-21,0.03985026997919498,0.01798260455114001,9.691927661369135e-21
상권_코드_명,언주역 6번,40,10,0.25,1.1427674958789151,True,6.057454788355709e-21,0.03985026997919498,0.01798260455114001,9.691927661369135e-21
상권_코드_명,언주역 8번,12,6,0.5,2.2855349917578303,True,6.057454788355709e-21,0.03985026997919498,0.01798260455114001,9.691927661369135e-21
상권_코드_명,언주역(차병원),164,43,0.2621951219512195,1.1985122517754476,False,6.057454788355709e-21,0.03985026997919498,0.01798260455114001,9.691927661369135e-21
상권_코드_명,언주중학교,9,4,0.4444444444444444,2.0315866593402934,True,6.057454788355709e-21,0.03985026997919498,0.01798260455114001,9.691927661369135e-21
상권_코드_명,여의도역(여의도),252,45,0.17857142857142858,0.8162624970563679,False,6.057454788355709e-21,0.03985026997919498,0.01798260455114001,9.691927661369135e-21
상권_코드_명,역삼역,283,47,0.16607773851590105,0.759152965460198,False,6.057454788355709e-21,0.03985026997919498,0.01798260455114001,9.691927661369135e-21
상권_코드_명,역삼역 4번,10,7,0.7,3.199748988460962,True,6.057454788355709e-21,0.03985026997919498,0.01798260455114001,9.691927661369135e-21
상권_코드_명,역삼역 8번,54,11,0.2037037037037037,0.9311438855309677,True,6.057454788355709e-21,0.03985026997919498,0.01798260455114001,9.691927661369135e-21
상권_코드_명,역삼월드메르디앙아파트,18,0,0.0,0.0,True,6.057454788355709e-21,0.03985026997919498,0.01798260455114001,9.691927661369135e-21
상권_코드_명,역촌노인복지관,126,26,0.20634920634920634,0.9432366632651362,False,6.057454788355709e-21,0.03985026997919498,0.01798260455114001,9.691927661369135e-21
상권_코드_명,역촌역 2번,12,1,0.08333333333333333,0.380922498626305,True,6.057454788355709e-21,0.03985026997919498,0.01798260455114001,9.691927661369135e-21
상권_코드_명,역촌역 3번,55,13,0.23636363636363636,1.0804347233764287,True,6.057454788355709e-21,0.03985026997919498,0.01798260455114001,9.691927661369135e-21
상권_코드_명,연가초등학교,54,19,0.35185185185185186,1.608339438644399,True,6.057454788355709e-21,0.03985026997919498,0.01798260455114001,9.691927661369135e-21
상권_코드_명,연남동(홍대),260,79,0.3038461538461538,1.388902033452835,False,6.057454788355709e-21,0.03985026997919498,0.01798260455114001,9.691927661369135e-21
상권_코드_명,연산군묘,6,3,0.5,2.2855349917578303,True,6.057454788355709e-21,0.03985026997919498,0.01798260455114001,9.691927661369135e-21
상권_코드_명,연서시장,120,14,0.11666666666666667,0.5332914980768271,False,6.057454788355709e-21,0.03985026997919498,0.01798260455114001,9.691927661369135e-21
상권_코드_명,연신내상점가(연빛거리),212,38,0.1792452830188679,0.8193427328943164,False,6.057454788355709e-21,0.03985026997919498,0.01798260455114001,9.691927661369135e-21
상권_코드_명,연신내역,200,48,0.24,1.0970567960437585,False,6.057454788355709e-21,0.03985026997919498,0.01798260455114001,9.691927661369135e-21
상권_코드_명,연신내역 2번,60,21,0.35,1.599874494230481,True,6.057454788355709e-21,0.03985026997919498,0.01798260455114001,9.691927661369135e-21
상권_코드_명,연신내역 3번,42,9,0.21428571428571427,0.9795149964676414,True,6.057454788355709e-21,0.03985026997919498,0.01798260455114001,9.691927661369135e-21
상권_코드_명,연신내역 4번,104,33,0.3173076923076923,1.4504356678463153,False,6.057454788355709e-21,0.03985026997919498,0.01798260455114001,9.691927661369135e-21
상권_코드_명,연신내역 5번,69,20,0.2898550724637681,1.324947821308887,True,6.057454788355709e-21,0.03985026997919498,0.01798260455114001,9.691927661369135e-21
상권_코드_명,연신내역 7번,99,29,0.29292929292929293,1.339000298201557,True,6.057454788355709e-21,0.03985026997919498,0.01798260455114001,9.691927661369135e-21
상권_코드_명,연신내우체국,35,3,0.08571428571428572,0.3918059985870566,True,6.057454788355709e-21,0.03985026997919498,0.01798260455114001,9.691927661369135e-21
상권_코드_명,연신초등학교,45,14,0.3111111111111111,1.4221106615382053,True,6.057454788355709e-21,0.03985026997919498,0.01798260455114001,9.691927661369135e-21
상권_코드_명,연천초등학교,26,6,0.23076923076923078,1.0548623038882294,True,6.057454788355709e-21,0.03985026997919498,0.01798260455114001,9.691927661369135e-21
상권_코드_명,연트럴파크(연남동주민센터),66,14,0.21212121212121213,0.969620905594231,True,6.057454788355709e-21,0.03985026997919498,0.01798260455114001,9.691927661369135e-21
상권_코드_명,연희대우아파트앞,54,16,0.2962962962962963,1.354391106226862,True,6.057454788355709e-21,0.03985026997919498,0.01798260455114001,9.691927661369135e-21
상권_코드_명,연희동,222,44,0.1981981981981982,0.9059778345706714,False,6.057454788355709e-21,0.03985026997919498,0.01798260455114001,9.691927661369135e-21
상권_코드_명,연희사러가,12,2,0.16666666666666666,0.76184499725261,True,6.057454788355709e-21,0.03985026997919498,0.01798260455114001,9.691927661369135e-21
상권_코드_명,연희세브란스병원,29,2,0.06896551724137931,0.3152462057597007,True,6.057454788355709e-21,0.03985026997919498,0.01798260455114001,9.691927661369135e-21
상권_코드_명,연희어린이공원,12,6,0.5,2.2855349917578303,True,6.057454788355709e-21,0.03985026997919498,0.01798260455114001,9.691927661369135e-21
상권_코드_명,연희임광아파트,10,2,0.2,0.9142139967031321,True,6.057454788355709e-21,0.03985026997919498,0.01798260455114001,9.691927661369135e-21
상권_코드_명,연희지하차도,11,2,0.18181818181818182,0.8311036333664837,True,6.057454788355709e-21,0.03985026997919498,0.01798260455114001,9.691927661369135e-21
상권_코드_명,연희초등학교,49,6,0.12244897959183673,0.5597228551243666,True,6.057454788355709e-21,0.03985026997919498,0.01798260455114001,9.691927661369135e-21
상권_코드_명,연희파출소,42,5,0.11904761904761904,0.5441749980375785,True,6.057454788355709e-21,0.03985026997919498,0.01798260455114001,9.691927661369135e-21
상권_코드_명,열정도,21,1,0.047619047619047616,0.2176699992150314,True,6.057454788355709e-21,0.03985026997919498,0.01798260455114001,9.691927661369135e-21
상권_코드_명,염곡동 구룡사(포이동성당),108,20,0.18518518518518517,0.8464944413917889,False,6.057454788355709e-21,0.03985026997919498,0.01798260455114001,9.691927661369135e-21
상권_코드_명,염창무학아파트,1,0,0.0,0.0,True,6.057454788355709e-21,0.03985026997919498,0.01798260455114001,9.691927661369135e-21
상권_코드_명,염창역 2번,24,3,0.125,0.5713837479394576,True,6.057454788355709e-21,0.03985026997919498,0.01798260455114001,9.691927661369135e-21
상권_코드_명,영동교골목시장,24,7,0.2916666666666667,1.3332287451920677,True,6.057454788355709e-21,0.03985026997919498,0.01798260455114001,9.691927661369135e-21
상권_코드_명,영동대교남단교차로,83,17,0.20481927710843373,0.9362432496357376,True,6.057454788355709e-21,0.03985026997919498,0.01798260455114001,9.691927661369135e-21
상권_코드_명,영동전통시장,114,28,0.24561403508771928,1.1227189433196358,False,6.057454788355709e-21,0.03985026997919498,0.01798260455114001,9.691927661369135e-21
상권_코드_명,영동초등학교,54,10,0.18518518518518517,0.8464944413917889,True,6.057454788355709e-21,0.03985026997919498,0.01798260455114001,9.691927661369135e-21
상권_코드_명,영등포구청역,235,51,0.2170212765957447,0.9920194432310582,False,6.057454788355709e-21,0.03985026997919498,0.01798260455114001,9.691927661369135e-21
상권_코드_명,영등포구청역 2번,45,8,0.17777777777777778,0.8126346637361174,True,6.057454788355709e-21,0.03985026997919498,0.01798260455114001,9.691927661369135e-21
상권_코드_명,영등포구청역 6번,36,6,0.16666666666666666,0.76184499725261,True,6.057454788355709e-21,0.03985026997919498,0.01798260455114001,9.691927661369135e-21
상권_코드_명,영등포동성당,21,5,0.23809523809523808,1.088349996075157,True,6.057454788355709e-21,0.03985026997919498,0.01798260455114001,9.691927661369135e-21
상권_코드_명,영등포본동주민센터,6,4,0.6666666666666666,3.04737998901044,True,6.057454788355709e-21,0.03985026997919498,0.01798260455114001,9.691927661369135e-21
상권_코드_명,영등포시장기계공구상가,26,6,0.23076923076923078,1.0548623038882294,True,6.057454788355709e-21,0.03985026997919498,0.01798260455114001,9.691927661369135e-21
상권_코드_명,영등포시장역 1번,42,5,0.11904761904761904,0.5441749980375785,True,6.057454788355709e-21,0.03985026997919498,0.01798260455114001,9.691927661369135e-21
상권_코드_명,영등포시장역 3번,12,0,0.0,0.0,True,6.057454788355709e-21,0.03985026997919498,0.01798260455114001,9.691927661369135e-21
상권_코드_명,영등포시장역 4번,12,1,0.08333333333333333,0.380922498626305,True,6.057454788355709e-21,0.03985026997919498,0.01798260455114001,9.691927661369135e-21
상권_코드_명,영등포역 2번,101,22,0.21782178217821782,0.9956786102707379,False,6.057454788355709e-21,0.03985026997919498,0.01798260455114001,9.691927661369135e-21
상권_코드_명,영등포역(영등포),252,49,0.19444444444444445,0.8888191634613783,False,6.057454788355709e-21,0.03985026997919498,0.01798260455114001,9.691927661369135e-21
상권_코드_명,영등포역지하도상점가,104,25,0.2403846153846154,1.0988148998835723,False,6.057454788355709e-21,0.03985026997919498,0.01798260455114001,9.691927661369135e-21
상권_코드_명,영등포유통상가,58,22,0.3793103448275862,1.7338541316783538,True,6.057454788355709e-21,0.03985026997919498,0.01798260455114001,9.691927661369135e-21
상권_코드_명,영등포전통시장,47,12,0.2553191489361702,1.1670816979188918,True,6.057454788355709e-21,0.03985026997919498,0.01798260455114001,9.691927661369135e-21
상권_코드_명,영등포청과시장(조광시장),70,21,0.3,1.371320995054698,True,6.057454788355709e-21,0.03985026997919498,0.01798260455114001,9.691927661369135e-21
상권_코드_명,영등포청과시장교차로,80,24,0.3,1.371320995054698,True,6.057454788355709e-21,0.03985026997919498,0.01798260455114001,9.691927661369135e-21
상권_코드_명,영등포푸르지오아파트,76,17,0.2236842105263158,1.0224761805232399,True,6.057454788355709e-21,0.03985026997919498,0.01798260455114001,9.691927661369135e-21
상권_코드_명,영락고등학교,96,23,0.23958333333333334,1.095152183550627,True,6.057454788355709e-21,0.03985026997919498,0.01798260455114001,9.691927661369135e-21
상권_코드_명,영림시장,223,50,0.2242152466367713,1.024903583747906,False,6.057454788355709e-21,0.03985026997919498,0.01798260455114001,9.691927661369135e-21
상권_코드_명,영서중학교,6,4,0.6666666666666666,3.04737998901044,True,6.057454788355709e-21,0.03985026997919498,0.01798260455114001,9.691927661369135e-21
상권_코드_명,영신상가(제일상가),36,6,0.16666666666666666,0.76184499725261,True,6.057454788355709e-21,0.03985026997919498,0.01798260455114001,9.691927661369135e-21
상권_코드_명,영신여고,84,17,0.20238095238095238,0.9250974966638836,True,6.057454788355709e-21,0.03985026997919498,0.01798260455114001,9.691927661369135e-21
상권_코드_명,영신초등학교,167,23,0.1377245508982036,0.6295485606039533,False,6.057454788355709e-21,0.03985026997919498,0.01798260455114001,9.691927661369135e-21
상권_코드_명,영일시장,24,8,0.3333333333333333,1.52368999450522,True,6.057454788355709e-21,0.03985026997919498,0.01798260455114001,9.691927661369135e-21
상권_코드_명,영중로,113,29,0.25663716814159293,1.173106455946497,False,6.057454788355709e-21,0.03985026997919498,0.01798260455114001,9.691927661369135e-21
상권_코드_명,영진시장A동,12,6,0.5,2.2855349917578303,True,6.057454788355709e-21,0.03985026997919498,0.01798260455114001,9.691927661369135e-21
상권_코드_명,영천시장,108,13,0.12037037037037036,0.5502213869046627,False,6.057454788355709e-21,0.03985026997919498,0.01798260455114001,9.691927661369135e-21
상권_코드_명,영천시장입구,36,16,0.4444444444444444,2.0315866593402934,True,6.057454788355709e-21,0.03985026997919498,0.01798260455114001,9.691927661369135e-21
상권_코드_명,예술인마을,24,11,0.4583333333333333,2.0950737424446775,True,6.057454788355709e-21,0.03985026997919498,0.01798260455114001,9.691927661369135e-21
상권_코드_명,예일여고,49,14,0.2857142857142857,1.3060199952901885,True,6.057454788355709e-21,0.03985026997919498,0.01798260455114001,9.691927661369135e-21
상권_코드_명,오!도봉거리 상점가,30,2,0.06666666666666667,0.304737998901044,True,6.057454788355709e-21,0.03985026997919498,0.01798260455114001,9.691927661369135e-21
상권_코드_명,오거리공원,137,34,0.24817518248175183,1.1344261272958573,False,6.057454788355709e-21,0.03985026997919498,0.01798260455114001,9.691927661369135e-21
상권_코드_명,오금공원(오주중학교),48,6,0.125,0.5713837479394576,True,6.057454788355709e-21,0.03985026997919498,0.01798260455114001,9.691927661369135e-21
상권_코드_명,오금역,141,33,0.23404255319148937,1.0698248897589844,False,6.057454788355709e-21,0.03985026997919498,0.01798260455114001,9.691927661369135e-21
상권_코드_명,오금역 4번,26,4,0.15384615384615385,0.7032415359254862,True,6.057454788355709e-21,0.03985026997919498,0.01798260455114001,9.691927661369135e-21
상권_코드_명,오동나무공원(송파레미니스1단지),106,11,0.10377358490566038,0.474356319044078,False,6.057454788355709e-21,0.03985026997919498,0.01798260455114001,9.691927661369135e-21
상권_코드_명,오류2동버들시장,169,35,0.20710059171597633,0.9466712983612314,False,6.057454788355709e-21,0.03985026997919498,0.01798260455114001,9.691927661369135e-21
상권_코드_명,오류고등학교,8,5,0.625,2.8569187396972877,True,6.057454788355709e-21,0.03985026997919498,0.01798260455114001,9.691927661369135e-21
상권_코드_명,오류동역,150,42,0.28,1.279899595384385,False,6.057454788355709e-21,0.03985026997919498,0.01798260455114001,9.691927661369135e-21
상권_코드_명,오류동역 1번,24,4,0.16666666666666666,0.76184499725261,True,6.057454788355709e-21,0.03985026997919498,0.01798260455114001,9.691927661369135e-21
상권_코드_명,오류동역 3번,54,12,0.2222222222222222,1.0157933296701467,True,6.057454788355709e-21,0.03985026997919498,0.01798260455114001,9.691927661369135e-21
상권_코드_명,오류동역 4번,6,1,0.16666666666666666,0.76184499725261,True,6.057454788355709e-21,0.03985026997919498,0.01798260455114001,9.691927661369135e-21
상권_코드_명,오류시장,60,23,0.38333333333333336,1.7522434936810032,True,6.057454788355709e-21,0.03985026997919498,0.01798260455114001,9.691927661369135e-21
상권_코드_명,오류지구대,23,4,0.17391304347826086,0.7949686927853322,True,6.057454788355709e-21,0.03985026997919498,0.01798260455114001,9.691927661369135e-21
상권_코드_명,오목교역,217,41,0.1889400921658986,0.8636583839822215,False,6.057454788355709e-21,0.03985026997919498,0.01798260455114001,9.691927661369135e-21
상권_코드_명,오산고등학교,54,23,0.42592592592592593,1.9469372152011146,True,6.057454788355709e-21,0.03985026997919498,0.01798260455114001,9.691927661369135e-21
상권_코드_명,오산중학교,13,0,0.0,0.0,True,6.057454788355709e-21,0.03985026997919498,0.01798260455114001,9.691927661369135e-21
상권_코드_명,옥수역 6번,82,23,0.2804878048780488,1.2821293856202463,True,6.057454788355709e-21,0.03985026997919498,0.01798260455114001,9.691927661369135e-21
상권_코드_명,옥수터널,2,0,0.0,0.0,True,6.057454788355709e-21,0.03985026997919498,0.01798260455114001,9.691927661369135e-21
상권_코드_명,온수역 1번,12,1,0.08333333333333333,0.380922498626305,True,6.057454788355709e-21,0.03985026997919498,0.01798260455114001,9.691927661369135e-21
상권_코드_명,온수역 5번(온수산업단지),42,9,0.21428571428571427,0.9795149964676414,True,6.057454788355709e-21,0.03985026997919498,0.01798260455114001,9.691927661369135e-21
상권_코드_명,올림픽대교북단,114,13,0.11403508771929824,0.5212623665412595,False,6.057454788355709e-21,0.03985026997919498,0.01798260455114001,9.691927661369135e-21
상권_코드_명,왕십리도선동상점가,166,32,0.1927710843373494,0.8811701173042237,False,6.057454788355709e-21,0.03985026997919498,0.01798260455114001,9.691927661369135e-21
상권_코드_명,왕십리역 9번,80,17,0.2125,0.9713523714970778,True,6.057454788355709e-21,0.03985026997919498,0.01798260455114001,9.691927661369135e-21
상권_코드_명,왕십리역(왕십리),165,25,0.15151515151515152,0.6925863611387364,False,6.057454788355709e-21,0.03985026997919498,0.01798260455114001,9.691927661369135e-21
상권_코드_명,왕십리파출소,12,1,0.08333333333333333,0.380922498626305,True,6.057454788355709e-21,0.03985026997919498,0.01798260455114001,9.691927661369135e-21
상권_코드_명,외대앞역 1번,136,31,0.22794117647058823,1.0419350697719518,False,6.057454788355709e-21,0.03985026997919498,0.01798260455114001,9.691927661369135e-21
상권_코드_명,외대앞역 2번,22,6,0.2727272727272727,1.2466554500497253,True,6.057454788355709e-21,0.03985026997919498,0.01798260455114001,9.691927661369135e-21
상권_코드_명,용강동 상점가,55,10,0.18181818181818182,0.8311036333664837,True,6.057454788355709e-21,0.03985026997919498,0.01798260455114001,9.691927661369135e-21
상권_코드_명,용강동주민센터,72,11,0.1527777777777778,0.6983579141482259,True,6.057454788355709e-21,0.03985026997919498,0.01798260455114001,9.691927661369135e-21
상권_코드_명,용두동신동아아파트,85,19,0.2235294117647059,1.0217685845505593,True,6.057454788355709e-21,0.03985026997919498,0.01798260455114001,9.691927661369135e-21
상권_코드_명,용두사거리,12,1,0.08333333333333333,0.380922498626305,True,6.057454788355709e-21,0.03985026997919498,0.01798260455114001,9.691927661369135e-21
상권_코드_명,용두초등학교,18,6,0.3333333333333333,1.52368999450522,True,6.057454788355709e-21,0.03985026997919498,0.01798260455114001,9.691927661369135e-21
상권_코드_명,용두희망어린이공원,20,11,0.55,2.5140884909336134,True,6.057454788355709e-21,0.03985026997919498,0.01798260455114001,9.691927661369135e-21
상권_코드_명,용마문화복지센터,40,9,0.225,1.0284907462910235,True,6.057454788355709e-21,0.03985026997919498,0.01798260455114001,9.691927661369135e-21
상권_코드_명,용마초등학교,126,36,0.2857142857142857,1.3060199952901885,False,6.057454788355709e-21,0.03985026997919498,0.01798260455114001,9.691927661369135e-21
상권_코드_명,용산구청,42,10,0.23809523809523808,1.088349996075157,True,6.057454788355709e-21,0.03985026997919498,0.01798260455114001,9.691927661369135e-21
상권_코드_명,용산세무서,5,0,0.0,0.0,True,6.057454788355709e-21,0.03985026997919498,0.01798260455114001,9.691927661369135e-21
상권_코드_명,용산용문시장,144,21,0.14583333333333334,0.6666143725960338,False,6.057454788355709e-21,0.03985026997919498,0.01798260455114001,9.691927661369135e-21
상권_코드_명,용산전자상가(용산역),173,27,0.15606936416184972,0.7134039858666059,False,6.057454788355709e-21,0.03985026997919498,0.01798260455114001,9.691927661369135e-21
상권_코드_명,우리시장,50,20,0.4,1.8284279934062642,True,6.057454788355709e-21,0.03985026997919498,0.01798260455114001,9.691927661369135e-21
상권_코드_명,우리은행응암동지점,71,17,0.23943661971830985,1.09448154534882,True,6.057454788355709e-21,0.03985026997919498,0.01798260455114001,9.691927661369135e-21
상권_코드_명,우리은행체육관,26,5,0.19230769230769232,0.8790519199068578,True,6.057454788355709e-21,0.03985026997919498,0.01798260455114001,9.691927661369135e-21
상권_코드_명,우림골목시장,146,34,0.2328767123287671,1.0644957495858387,False,6.057454788355709e-21,0.03985026997919498,0.01798260455114001,9.691927661369135e-21
상권_코드_명,우림시장,26,5,0.19230769230769232,0.8790519199068578,True,6.057454788355709e-21,0.03985026997919498,0.01798260455114001,9.691927661369135e-21
상권_코드_명,우면주공아파트,72,20,0.2777777777777778,1.2697416620876834,True,6.057454788355709e-21,0.03985026997919498,0.01798260455114001,9.691927661369135e-21
상권_코드_명,우사단길,76,25,0.32894736842105265,1.503641441945941,True,6.057454788355709e-21,0.03985026997919498,0.01798260455114001,9.691927661369135e-21
상권_코드_명,우이골목시장(우이시장),71,14,0.19718309859154928,0.90133774322844,True,6.057454788355709e-21,0.03985026997919498,0.01798260455114001,9.691927661369135e-21
상권_코드_명,우이천 계성교,77,16,0.2077922077922078,0.94983272384741,True,6.057454788355709e-21,0.03985026997919498,0.01798260455114001,9.691927661369135e-21
상권_코드_명,우장산롯데캐슬아파트앞,35,14,0.4,1.8284279934062642,True,6.057454788355709e-21,0.03985026997919498,0.01798260455114001,9.691927661369135e-21
상권_코드_명,우장산역 1번,81,12,0.14814814814814814,0.677195553113431,True,6.057454788355709e-21,0.03985026997919498,0.01798260455114001,9.691927661369135e-21
상권_코드_명,우장산역 4번,147,49,0.3333333333333333,1.52368999450522,False,6.057454788355709e-21,0.03985026997919498,0.01798260455114001,9.691927661369135e-21
상권_코드_명,우장산힐스테이트,24,1,0.041666666666666664,0.1904612493131525,True,6.057454788355709e-21,0.03985026997919498,0.01798260455114001,9.691927661369135e-21
상권_코드_명,원남동사거리,58,13,0.22413793103448276,1.0245501687190273,True,6.057454788355709e-21,0.03985026997919498,0.01798260455114001,9.691927661369135e-21
상권_코드_명,원신초등학교(구세군관악영문교회),31,6,0.1935483870967742,0.8847232226159342,True,6.057454788355709e-21,0.03985026997919498,0.01798260455114001,9.691927661369135e-21
상권_코드_명,월계역 3번,36,12,0.3333333333333333,1.52368999450522,True,6.057454788355709e-21,0.03985026997919498,0.01798260455114001,9.691927661369135e-21
상권_코드_명,월곡역,148,23,0.1554054054054054,0.7103689839247309,False,6.057454788355709e-21,0.03985026997919498,0.01798260455114001,9.691927661369135e-21
상권_코드_명,월드순복음교회,43,6,0.13953488372093023,0.6378237186300921,True,6.057454788355709e-21,0.03985026997919498,0.01798260455114001,9.691927661369135e-21
상권_코드_명,월드컵경기장역(월드컵경기장),36,5,0.1388888888888889,0.6348708310438417,True,6.057454788355709e-21,0.03985026997919498,0.01798260455114001,9.691927661369135e-21
상권_코드_명,월정로시장,35,7,0.2,0.9142139967031321,True,6.057454788355709e-21,0.03985026997919498,0.01798260455114001,9.691927661369135e-21
상권_코드_명,윗방죽마을공원,54,13,0.24074074074074073,1.1004427738093254,True,6.057454788355709e-21,0.03985026997919498,0.01798260455114001,9.691927661369135e-21
상권_코드_명,유엔빌리지길,14,4,0.2857142857142857,1.3060199952901885,True,6.057454788355709e-21,0.03985026997919498,0.01798260455114001,9.691927661369135e-21
상권_코드_명,유진상가,42,3,0.07142857142857142,0.32650499882254713,True,6.057454788355709e-21,0.03985026997919498,0.01798260455114001,9.691927661369135e-21
상권_코드_명,은곡마을(은곡마을공원),15,4,0.26666666666666666,1.218951995604176,True,6.057454788355709e-21,0.03985026997919498,0.01798260455114001,9.691927661369135e-21
상권_코드_명,은광여고,6,0,0.0,0.0,True,6.057454788355709e-21,0.03985026997919498,0.01798260455114001,9.691927661369135e-21
상권_코드_명,은마아파트,195,21,0.1076923076923077,0.49226907514784035,False,6.057454788355709e-21,0.03985026997919498,0.01798260455114001,9.691927661369135e-21
상권_코드_명,은천초등학교(은천교앞),134,38,0.2835820895522388,1.2962735774148886,False,6.057454788355709e-21,0.03985026997919498,0.01798260455114001,9.691927661369135e-21
상권_코드_명,은평구청,74,10,0.13513513513513514,0.6177121599345488,True,6.057454788355709e-21,0.03985026997919498,0.01798260455114001,9.691927661369135e-21
상권_코드_명,은평세무서,63,6,0.09523809523809523,0.4353399984300628,True,6.057454788355709e-21,0.03985026997919498,0.01798260455114001,9.691927661369135e-21
상권_코드_명,은평요양병원,86,21,0.2441860465116279,1.1161915076026612,True,6.057454788355709e-21,0.03985026997919498,0.01798260455114001,9.691927661369135e-21
상권_코드_명,은행나무시장,101,21,0.2079207920792079,0.9504204916220679,False,6.057454788355709e-21,0.03985026997919498,0.01798260455114001,9.691927661369135e-21
상권_코드_명,은행사거리,198,33,0.16666666666666666,0.76184499725261,False,6.057454788355709e-21,0.03985026997919498,0.01798260455114001,9.691927661369135e-21
상권_코드_명,을지로2가,53,11,0.20754716981132076,0.948712638088156,True,6.057454788355709e-21,0.03985026997919498,0.01798260455114001,9.691927661369135e-21
상권_코드_명,을지로3가역,174,21,0.1206896551724138,0.5516808600794763,False,6.057454788355709e-21,0.03985026997919498,0.01798260455114001,9.691927661369135e-21
상권_코드_명,을지로4가역,59,1,0.01694915254237288,0.07747576243246881,True,6.057454788355709e-21,0.03985026997919498,0.01798260455114001,9.691927661369135e-21
상권_코드_명,을지로입구역,122,13,0.10655737704918032,0.4870812277516687,False,6.057454788355709e-21,0.03985026997919498,0.01798260455114001,9.691927661369135e-21
상권_코드_명,응봉산,28,7,0.25,1.1427674958789151,True,6.057454788355709e-21,0.03985026997919498,0.01798260455114001,9.691927661369135e-21
상권_코드_명,응암1동주민센터,43,13,0.3023255813953488,1.3819513903651994,True,6.057454788355709e-21,0.03985026997919498,0.01798260455114001,9.691927661369135e-21
상권_코드_명,응암3동주민센터,42,13,0.30952380952380953,1.4148549948977043,True,6.057454788355709e-21,0.03985026997919498,0.01798260455114001,9.691927661369135e-21
상권_코드_명,응암동우체국,57,15,0.2631578947368421,1.2029131535567525,True,6.057454788355709e-21,0.03985026997919498,0.01798260455114001,9.691927661369135e-21
상권_코드_명,응암시장(신응암시장),30,1,0.03333333333333333,0.152368999450522,True,6.057454788355709e-21,0.03985026997919498,0.01798260455114001,9.691927661369135e-21
상권_코드_명,응암역,123,29,0.23577235772357724,1.0777319473329605,False,6.057454788355709e-21,0.03985026997919498,0.01798260455114001,9.691927661369135e-21
상권_코드_명,응암역 2번,72,23,0.3194444444444444,1.4602029114008357,True,6.057454788355709e-21,0.03985026997919498,0.01798260455114001,9.691927661369135e-21
상권_코드_명,응암역 3번,143,31,0.21678321678321677,0.9909312551677305,False,6.057454788355709e-21,0.03985026997919498,0.01798260455114001,9.691927661369135e-21
상권_코드_명,응암오거리상점가,102,33,0.3235294117647059,1.4788755829021254,False,6.057454788355709e-21,0.03985026997919498,0.01798260455114001,9.691927661369135e-21
상권_코드_명,응암정보도서관,200,71,0.355,1.6227298441480593,False,6.057454788355709e-21,0.03985026997919498,0.01798260455114001,9.691927661369135e-21
상권_코드_명,의릉,18,0,0.0,0.0,True,6.057454788355709e-21,0.03985026997919498,0.01798260455114001,9.691927661369135e-21
상권_코드_명,이경시장,12,1,0.08333333333333333,0.380922498626305,True,6.057454788355709e-21,0.03985026997919498,0.01798260455114001,9.691927661369135e-21
상권_코드_명,이대 앞 스타트업 상점가,54,17,0.3148148148148148,1.4390405503660413,True,6.057454788355709e-21,0.03985026997919498,0.01798260455114001,9.691927661369135e-21
상권_코드_명,이대역 5번,89,14,0.15730337078651685,0.7190447165080813,True,6.057454788355709e-21,0.03985026997919498,0.01798260455114001,9.691927661369135e-21
상권_코드_명,이문제일시장,6,0,0.0,0.0,True,6.057454788355709e-21,0.03985026997919498,0.01798260455114001,9.691927661369135e-21
상권_코드_명,이북5도청사,27,4,0.14814814814814814,0.677195553113431,True,6.057454788355709e-21,0.03985026997919498,0.01798260455114001,9.691927661369135e-21
상권_코드_명,이수역 10번,37,6,0.16216216216216217,0.7412545919214585,True,6.057454788355709e-21,0.03985026997919498,0.01798260455114001,9.691927661369135e-21
상권_코드_명,이수역 5번,42,17,0.40476190476190477,1.8501949933277673,True,6.057454788355709e-21,0.03985026997919498,0.01798260455114001,9.691927661369135e-21
상권_코드_명,이수역 9번,54,11,0.2037037037037037,0.9311438855309677,True,6.057454788355709e-21,0.03985026997919498,0.01798260455114001,9.691927661369135e-21
상권_코드_명,이촌동점보아파트,52,9,0.17307692307692307,0.7911467279161719,True,6.057454788355709e-21,0.03985026997919498,0.01798260455114001,9.691927661369135e-21
상권_코드_명,이촌종합시장,72,17,0.2361111111111111,1.0792804127745308,True,6.057454788355709e-21,0.03985026997919498,0.01798260455114001,9.691927661369135e-21
상권_코드_명,이태원 관광특구,212,65,0.30660377358490565,1.401507306266594,False,6.057454788355709e-21,0.03985026997919498,0.01798260455114001,9.691927661369135e-21
상권_코드_명,이태원(이태원역),222,68,0.3063063063063063,1.4001475625183102,False,6.057454788355709e-21,0.03985026997919498,0.01798260455114001,9.691927661369135e-21
상권_코드_명,이태원시장,30,11,0.36666666666666664,1.676058993955742,True,6.057454788355709e-21,0.03985026997919498,0.01798260455114001,9.691927661369135e-21
상권_코드_명,이태원엔틱가구거리,26,13,0.5,2.2855349917578303,True,6.057454788355709e-21,0.03985026997919498,0.01798260455114001,9.691927661369135e-21
상권_코드_명,이화달팽이길,59,7,0.11864406779661017,0.5423303370272817,True,6.057454788355709e-21,0.03985026997919498,0.01798260455114001,9.691927661369135e-21
상권_코드_명,이화사거리,89,17,0.19101123595505617,0.8731257271883845,True,6.057454788355709e-21,0.03985026997919498,0.01798260455114001,9.691927661369135e-21
상권_코드_명,"이화여대 3,5,7길 상점가",144,25,0.1736111111111111,0.7935885388048021,False,6.057454788355709e-21,0.03985026997919498,0.01798260455114001,9.691927661369135e-21
상권_코드_명,"이화여대(이대역, 이대)",169,29,0.17159763313609466,0.7843847900707346,False,6.057454788355709e-21,0.03985026997919498,0.01798260455114001,9.691927661369135e-21
상권_코드_명,인사동,156,33,0.21153846153846154,0.9669571118975435,False,6.057454788355709e-21,0.03985026997919498,0.01798260455114001,9.691927661369135e-21
상권_코드_명,인수동 우편취급국,37,19,0.5135135135135135,2.3473062077512847,True,6.057454788355709e-21,0.03985026997919498,0.01798260455114001,9.691927661369135e-21
상권_코드_명,인수중학교,18,7,0.3888888888888889,1.7776383269227567,True,6.057454788355709e-21,0.03985026997919498,0.01798260455114001,9.691927661369135e-21
상권_코드_명,인왕시장(홍제골목형상점가),64,3,0.046875,0.21426890547729657,True,6.057454788355709e-21,0.03985026997919498,0.01798260455114001,9.691927661369135e-21
상권_코드_명,인헌고등학교(인헌중학교),56,17,0.30357142857142855,1.3876462449958253,True,6.057454788355709e-21,0.03985026997919498,0.01798260455114001,9.691927661369135e-21
상권_코드_명,인헌시장(원당종합시장),136,25,0.18382352941176472,0.8402702175580258,False,6.057454788355709e-21,0.03985026997919498,0.01798260455114001,9.691927661369135e-21
상권_코드_명,인현시장,54,7,0.12962962962962962,0.5925461089742522,True,6.057454788355709e-21,0.03985026997919498,0.01798260455114001,9.691927661369135e-21
상권_코드_명,자동차부품상가,12,4,0.3333333333333333,1.52368999450522,True,6.057454788355709e-21,0.03985026997919498,0.01798260455114001,9.691927661369135e-21
상권_코드_명,자양4동주민센터,94,16,0.1702127659574468,0.7780544652792613,True,6.057454788355709e-21,0.03985026997919498,0.01798260455114001,9.691927661369135e-21
상권_코드_명,자양골목전통시장(자양골목시장),66,23,0.3484848484848485,1.5929486306190939,True,6.057454788355709e-21,0.03985026997919498,0.01798260455114001,9.691927661369135e-21
상권_코드_명,자양동우체국,91,19,0.2087912087912088,0.9543992273274455,True,6.057454788355709e-21,0.03985026997919498,0.01798260455114001,9.691927661369135e-21
상권_코드_명,자양한강도서관,106,26,0.24528301886792453,1.1212058450132751,False,6.057454788355709e-21,0.03985026997919498,0.01798260455114001,9.691927661369135e-21
상권_코드_명,자하문터널,28,6,0.21428571428571427,0.9795149964676414,True,6.057454788355709e-21,0.03985026997919498,0.01798260455114001,9.691927661369135e-21
상권_코드_명,잠실 관광특구,211,66,0.3127962085308057,1.429813359772671,False,6.057454788355709e-21,0.03985026997919498,0.01798260455114001,9.691927661369135e-21
상권_코드_명,잠실나루역,72,13,0.18055555555555555,0.8253320803569942,True,6.057454788355709e-21,0.03985026997919498,0.01798260455114001,9.691927661369135e-21
상권_코드_명,잠실새내역(신천),271,43,0.15867158671586715,0.7252989272737025,False,6.057454788355709e-21,0.03985026997919498,0.01798260455114001,9.691927661369135e-21
상권_코드_명,잠실역,179,54,0.3016759776536313,1.3789820062002551,False,6.057454788355709e-21,0.03985026997919498,0.01798260455114001,9.691927661369135e-21
상권_코드_명,잠원역,8,3,0.375,1.7141512438183726,True,6.057454788355709e-21,0.03985026997919498,0.01798260455114001,9.691927661369135e-21
상권_코드_명,장곡초등학교,83,19,0.2289156626506024,1.0463895142987656,True,6.057454788355709e-21,0.03985026997919498,0.01798260455114001,9.691927661369135e-21
상권_코드_명,장로회신학대학교,30,5,0.16666666666666666,0.76184499725261,True,6.057454788355709e-21,0.03985026997919498,0.01798260455114001,9.691927661369135e-21
상권_코드_명,장미원골목시장,59,29,0.4915254237288136,2.246797110541596,True,6.057454788355709e-21,0.03985026997919498,0.01798260455114001,9.691927661369135e-21
상권_코드_명,장미제일시장(중화동제일시장),49,13,0.2653061224489796,1.212732852769461,True,6.057454788355709e-21,0.03985026997919498,0.01798260455114001,9.691927661369135e-21
상권_코드_명,장스여성병원,61,16,0.26229508196721313,1.1989691760041077,True,6.057454788355709e-21,0.03985026997919498,0.01798260455114001,9.691927661369135e-21
상권_코드_명,장승배기역,139,37,0.26618705035971224,1.216759635899852,False,6.057454788355709e-21,0.03985026997919498,0.01798260455114001,9.691927661369135e-21
상권_코드_명,장승배기역 4번,79,22,0.27848101265822783,1.27295619794107,True,6.057454788355709e-21,0.03985026997919498,0.01798260455114001,9.691927661369135e-21
상권_코드_명,장승배기역 5번,9,1,0.1111111111111111,0.5078966648350733,True,6.057454788355709e-21,0.03985026997919498,0.01798260455114001,9.691927661369135e-21
상권_코드_명,장신구 특화거리 상점가,34,9,0.2647058823529412,1.2099891132835572,True,6.057454788355709e-21,0.03985026997919498,0.01798260455114001,9.691927661369135e-21
상권_코드_명,장안1동주민센터,196,39,0.1989795918367347,0.9095496395770957,False,6.057454788355709e-21,0.03985026997919498,0.01798260455114001,9.691927661369135e-21
상권_코드_명,장안근린공원,111,33,0.2972972972972973,1.3589667518560071,False,6.057454788355709e-21,0.03985026997919498,0.01798260455114001,9.691927661369135e-21
상권_코드_명,장안동사거리,288,65,0.22569444444444445,1.0316651004462427,False,6.057454788355709e-21,0.03985026997919498,0.01798260455114001,9.691927661369135e-21
상권_코드_명,장안제일시장,67,17,0.2537313432835821,1.15982372716069,True,6.057454788355709e-21,0.03985026997919498,0.01798260455114001,9.691927661369135e-21
상권_코드_명,장안중학교,83,19,0.2289156626506024,1.0463895142987656,True,6.057454788355709e-21,0.03985026997919498,0.01798260455114001,9.691927661369135e-21
상권_코드_명,장안현대홈타운1차아파트,68,11,0.16176470588235295,0.7394377914510627,True,6.057454788355709e-21,0.03985026997919498,0.01798260455114001,9.691927661369135e-21
상권_코드_명,장위1동주민센터,24,6,0.25,1.1427674958789151,True,6.057454788355709e-21,0.03985026997919498,0.01798260455114001,9.691927661369135e-21
상권_코드_명,장위동성당,6,1,0.16666666666666666,0.76184499725261,True,6.057454788355709e-21,0.03985026997919498,0.01798260455114001,9.691927661369135e-21
상권_코드_명,장위전통시장,63,18,0.2857142857142857,1.3060199952901885,True,6.057454788355709e-21,0.03985026997919498,0.01798260455114001,9.691927661369135e-21
상권_코드_명,장지동주민센터(한림연예예술고교),62,18,0.2903225806451613,1.3270848339239014,True,6.057454788355709e-21,0.03985026997919498,0.01798260455114001,9.691927661369135e-21
상권_코드_명,장지역(가든파이브),263,79,0.30038022813688214,1.3730590444780881,False,6.057454788355709e-21,0.03985026997919498,0.01798260455114001,9.691927661369135e-21
상권_코드_명,장충단 고개,39,14,0.358974358974359,1.6408969171594678,True,6.057454788355709e-21,0.03985026997919498,0.01798260455114001,9.691927661369135e-21
상권_코드_명,장충동족발거리(남소영길),45,2,0.044444444444444446,0.20315866593402934,True,6.057454788355709e-21,0.03985026997919498,0.01798260455114001,9.691927661369135e-21
상권_코드_명,장충동주민센터,21,5,0.23809523809523808,1.088349996075157,True,6.057454788355709e-21,0.03985026997919498,0.01798260455114001,9.691927661369135e-21
상권_코드_명,장충초등학교,54,11,0.2037037037037037,0.9311438855309677,True,6.057454788355709e-21,0.03985026997919498,0.01798260455114001,9.691927661369135e-21
상권_코드_명,장평중학교,108,26,0.24074074074074073,1.1004427738093254,False,6.057454788355709e-21,0.03985026997919498,0.01798260455114001,9.691927661369135e-21
상권_코드_명,장한평역(장한평),219,38,0.1735159817351598,0.7931536957698405,False,6.057454788355709e-21,0.03985026997919498,0.01798260455114001,9.691927661369135e-21
상권_코드_명,장훈고등학교,36,0,0.0,0.0,True,6.057454788355709e-21,0.03985026997919498,0.01798260455114001,9.691927661369135e-21
상권_코드_명,전곡마을마당공원,76,16,0.21052631578947367,0.9623305228454021,True,6.057454788355709e-21,0.03985026997919498,0.01798260455114001,9.691927661369135e-21
상권_코드_명,전곡시장,55,8,0.14545454545454545,0.664882906693187,True,6.057454788355709e-21,0.03985026997919498,0.01798260455114001,9.691927661369135e-21
상권_코드_명,전농119안전센터,6,0,0.0,0.0,True,6.057454788355709e-21,0.03985026997919498,0.01798260455114001,9.691927661369135e-21
상권_코드_명,전농1동주민센터(전농시장),12,4,0.3333333333333333,1.52368999450522,True,6.057454788355709e-21,0.03985026997919498,0.01798260455114001,9.691927661369135e-21
상권_코드_명,전농로터리시장,64,26,0.40625,1.8569971808032368,True,6.057454788355709e-21,0.03985026997919498,0.01798260455114001,9.691927661369135e-21
상권_코드_명,전농중학교,69,11,0.15942028985507245,0.7287213017198878,True,6.057454788355709e-21,0.03985026997919498,0.01798260455114001,9.691927661369135e-21
상권_코드_명,절두산순교성지,6,5,0.8333333333333334,3.8092249862630503,True,6.057454788355709e-21,0.03985026997919498,0.01798260455114001,9.691927661369135e-21
상권_코드_명,정곡초등학교,6,0,0.0,0.0,True,6.057454788355709e-21,0.03985026997919498,0.01798260455114001,9.691927661369135e-21
상권_코드_명,정독도서관,12,4,0.3333333333333333,1.52368999450522,True,6.057454788355709e-21,0.03985026997919498,0.01798260455114001,9.691927661369135e-21
상권_코드_명,정릉3동주민센터,12,1,0.08333333333333333,0.380922498626305,True,6.057454788355709e-21,0.03985026997919498,0.01798260455114001,9.691927661369135e-21
상권_코드_명,정릉골 골목형상점가,32,7,0.21875,0.9999215588940507,True,6.057454788355709e-21,0.03985026997919498,0.01798260455114001,9.691927661369135e-21
상권_코드_명,정릉북한산국립공원입구,1,0,0.0,0.0,True,6.057454788355709e-21,0.03985026997919498,0.01798260455114001,9.691927661369135e-21
상권_코드_명,정릉시장,139,29,0.20863309352517986,0.9536764713809651,False,6.057454788355709e-21,0.03985026997919498,0.01798260455114001,9.691927661369135e-21
상권_코드_명,정릉아리랑시장,21,2,0.09523809523809523,0.4353399984300628,True,6.057454788355709e-21,0.03985026997919498,0.01798260455114001,9.691927661369135e-21
상권_코드_명,정릉역 1번,148,32,0.21621621621621623,0.9883394558952779,False,6.057454788355709e-21,0.03985026997919498,0.01798260455114001,9.691927661369135e-21
상권_코드_명,정릉역 2번,12,2,0.16666666666666666,0.76184499725261,True,6.057454788355709e-21,0.03985026997919498,0.01798260455114001,9.691927661369135e-21
상권_코드_명,정릉우체국,97,33,0.3402061855670103,1.5551062830517195,True,6.057454788355709e-21,0.03985026997919498,0.01798260455114001,9.691927661369135e-21
상권_코드_명,제기동역 1번,16,3,0.1875,0.8570756219091863,True,6.057454788355709e-21,0.03985026997919498,0.01798260455114001,9.691927661369135e-21
상권_코드_명,제기동역 6번,98,26,0.2653061224489796,1.212732852769461,True,6.057454788355709e-21,0.03985026997919498,0.01798260455114001,9.691927661369135e-21
상권_코드_명,제일시장,109,26,0.23853211009174313,1.09034696854502,False,6.057454788355709e-21,0.03985026997919498,0.01798260455114001,9.691927661369135e-21
상권_코드_명,조원동 펭귄시장(신림중앙시장),56,16,0.2857142857142857,1.3060199952901885,True,6.057454788355709e-21,0.03985026997919498,0.01798260455114001,9.691927661369135e-21
상권_코드_명,조원동주민센터,25,5,0.2,0.9142139967031321,True,6.057454788355709e-21,0.03985026997919498,0.01798260455114001,9.691927661369135e-21
상권_코드_명,종각역,240,31,0.12916666666666668,0.5904298728707729,False,6.057454788355709e-21,0.03985026997919498,0.01798260455114001,9.691927661369135e-21
상권_코드_명,종로3가역,248,41,0.16532258064516128,0.7557010859844437,False,6.057454788355709e-21,0.03985026997919498,0.01798260455114001,9.691927661369135e-21
상권_코드_명,종로4가,90,22,0.24444444444444444,1.1173726626371614,True,6.057454788355709e-21,0.03985026997919498,0.01798260455114001,9.691927661369135e-21
상권_코드_명,종로5가역,177,27,0.15254237288135594,0.6972818618922194,False,6.057454788355709e-21,0.03985026997919498,0.01798260455114001,9.691927661369135e-21
상권_코드_명,종로5가역 4번,12,1,0.08333333333333333,0.380922498626305,True,6.057454788355709e-21,0.03985026997919498,0.01798260455114001,9.691927661369135e-21
상권_코드_명,종로6가,97,27,0.27835051546391754,1.2723596861332251,True,6.057454788355709e-21,0.03985026997919498,0.01798260455114001,9.691927661369135e-21
상권_코드_명,종로·청계 관광특구,306,50,0.16339869281045752,0.7469068600515785,False,6.057454788355709e-21,0.03985026997919498,0.01798260455114001,9.691927661369135e-21
상권_코드_명,종로구청,134,26,0.19402985074626866,0.8869240266522923,False,6.057454788355709e-21,0.03985026997919498,0.01798260455114001,9.691927661369135e-21
상권_코드_명,종로신진시장,75,21,0.28,1.279899595384385,True,6.057454788355709e-21,0.03985026997919498,0.01798260455114001,9.691927661369135e-21
상권_코드_명,종암경찰서,142,22,0.15492957746478872,0.70819394110806,False,6.057454788355709e-21,0.03985026997919498,0.01798260455114001,9.691927661369135e-21
상권_코드_명,종암동주민센터,118,19,0.16101694915254236,0.7360197431084538,False,6.057454788355709e-21,0.03985026997919498,0.01798260455114001,9.691927661369135e-21
상권_코드_명,종암아이파크2차,113,32,0.2831858407079646,1.2944622962168242,False,6.057454788355709e-21,0.03985026997919498,0.01798260455114001,9.691927661369135e-21
상권_코드_명,종암중학교,37,4,0.10810810810810811,0.49416972794763897,True,6.057454788355709e-21,0.03985026997919498,0.01798260455114001,9.691927661369135e-21
상권_코드_명,종암초등학교,25,7,0.28,1.279899595384385,True,6.057454788355709e-21,0.03985026997919498,0.01798260455114001,9.691927661369135e-21
상권_코드_명,중계초등학교,42,8,0.19047619047619047,0.8706799968601256,True,6.057454788355709e-21,0.03985026997919498,0.01798260455114001,9.691927661369135e-21
상권_코드_명,중곡1동 마을마당,53,15,0.2830188679245283,1.2936990519383944,True,6.057454788355709e-21,0.03985026997919498,0.01798260455114001,9.691927661369135e-21
상권_코드_명,중곡1동주민센터,12,1,0.08333333333333333,0.380922498626305,True,6.057454788355709e-21,0.03985026997919498,0.01798260455114001,9.691927661369135e-21
상권_코드_명,중곡3동주민센터,118,27,0.2288135593220339,1.045922792838329,False,6.057454788355709e-21,0.03985026997919498,0.01798260455114001,9.691927661369135e-21
상권_코드_명,중곡4동주민센터,6,1,0.16666666666666666,0.76184499725261,True,6.057454788355709e-21,0.03985026997919498,0.01798260455114001,9.691927661369135e-21
상권_코드_명,중곡어린이공원,42,11,0.2619047619047619,1.197184995682673,True,6.057454788355709e-21,0.03985026997919498,0.01798260455114001,9.691927661369135e-21
상권_코드_명,중곡역 3번,116,43,0.3706896551724138,1.6944483559583914,False,6.057454788355709e-21,0.03985026997919498,0.01798260455114001,9.691927661369135e-21
상권_코드_명,"중곡제일시장(중곡제일골목시장, 광성시장)",108,22,0.2037037037037037,0.9311438855309677,False,6.057454788355709e-21,0.03985026997919498,0.01798260455114001,9.691927661369135e-21
상권_코드_명,중곡초등학교,75,18,0.24,1.0970567960437585,True,6.057454788355709e-21,0.03985026997919498,0.01798260455114001,9.691927661369135e-21
상권_코드_명,중구청(퇴계로4가),43,16,0.37209302325581395,1.7008632496802456,True,6.057454788355709e-21,0.03985026997919498,0.01798260455114001,9.691927661369135e-21
상권_코드_명,중구회현체육센터(정화예술대남산캠퍼스),22,1,0.045454545454545456,0.20777590834162094,True,6.057454788355709e-21,0.03985026997919498,0.01798260455114001,9.691927661369135e-21
상권_코드_명,중대부중,2,0,0.0,0.0,True,6.057454788355709e-21,0.03985026997919498,0.01798260455114001,9.691927661369135e-21
상권_코드_명,중랑노인종합복지관,133,35,0.2631578947368421,1.2029131535567525,False,6.057454788355709e-21,0.03985026997919498,0.01798260455114001,9.691927661369135e-21
상권_코드_명,중랑동부시장,144,35,0.24305555555555555,1.1110239543267229,False,6.057454788355709e-21,0.03985026997919498,0.01798260455114001,9.691927661369135e-21
상권_코드_명,중랑동부시장(중랑교종합상가),12,4,0.3333333333333333,1.52368999450522,True,6.057454788355709e-21,0.03985026997919498,0.01798260455114001,9.691927661369135e-21
상권_코드_명,중랑역 1번,42,8,0.19047619047619047,0.8706799968601256,True,6.057454788355709e-21,0.03985026997919498,0.01798260455114001,9.691927661369135e-21
상권_코드_명,중랑역 2번,12,0,0.0,0.0,True,6.057454788355709e-21,0.03985026997919498,0.01798260455114001,9.691927661369135e-21
상권_코드_명,중랑역 4번,32,2,0.0625,0.2856918739697288,True,6.057454788355709e-21,0.03985026997919498,0.01798260455114001,9.691927661369135e-21
상권_코드_명,중림동,173,28,0.16184971098265896,0.7398263557135173,False,6.057454788355709e-21,0.03985026997919498,0.01798260455114001,9.691927661369135e-21
상권_코드_명,중부경찰서(영화인의거리),107,13,0.12149532710280374,0.5553636428570429,False,6.057454788355709e-21,0.03985026997919498,0.01798260455114001,9.691927661369135e-21
상권_코드_명,중부시장(신중부시장),81,20,0.24691358024691357,1.1286592551890517,True,6.057454788355709e-21,0.03985026997919498,0.01798260455114001,9.691927661369135e-21
상권_코드_명,중암중학교,6,3,0.5,2.2855349917578303,True,6.057454788355709e-21,0.03985026997919498,0.01798260455114001,9.691927661369135e-21
상권_코드_명,중앙고등학교,50,16,0.32,1.4627423947250113,True,6.057454788355709e-21,0.03985026997919498,0.01798260455114001,9.691927661369135e-21
상권_코드_명,중앙대학교,90,7,0.07777777777777778,0.35552766538455133,True,6.057454788355709e-21,0.03985026997919498,0.01798260455114001,9.691927661369135e-21
상권_코드_명,중앙보훈병원,12,0,0.0,0.0,True,6.057454788355709e-21,0.03985026997919498,0.01798260455114001,9.691927661369135e-21
상권_코드_명,중화역 1번,144,28,0.19444444444444445,0.8888191634613783,False,6.057454788355709e-21,0.03985026997919498,0.01798260455114001,9.691927661369135e-21
상권_코드_명,중화역 4번,72,19,0.2638888888888889,1.2062545789832992,True,6.057454788355709e-21,0.03985026997919498,0.01798260455114001,9.691927661369135e-21
상권_코드_명,증산3교남측,6,0,0.0,0.0,True,6.057454788355709e-21,0.03985026997919498,0.01798260455114001,9.691927661369135e-21
상권_코드_명,증산골목시장,14,6,0.42857142857142855,1.9590299929352828,True,6.057454788355709e-21,0.03985026997919498,0.01798260455114001,9.691927661369135e-21
상권_코드_명,증산역 1번,46,7,0.15217391304347827,0.6955976061871657,True,6.057454788355709e-21,0.03985026997919498,0.01798260455114001,9.691927661369135e-21
상권_코드_명,증산역 3번,107,20,0.18691588785046728,0.8544056043954504,False,6.057454788355709e-21,0.03985026997919498,0.01798260455114001,9.691927661369135e-21
상권_코드_명,증산역 4번,106,34,0.32075471698113206,1.4661922588635137,False,6.057454788355709e-21,0.03985026997919498,0.01798260455114001,9.691927661369135e-21
상권_코드_명,증산종합시장,15,5,0.3333333333333333,1.52368999450522,True,6.057454788355709e-21,0.03985026997919498,0.01798260455114001,9.691927661369135e-21
상권_코드_명,지향초등학교,34,8,0.23529411764705882,1.075545878474273,True,6.057454788355709e-21,0.03985026997919498,0.01798260455114001,9.691927661369135e-21
상권_코드_명,창2동주민센터,97,34,0.35051546391752575,1.6022307158714684,True,6.057454788355709e-21,0.03985026997919498,0.01798260455114001,9.691927661369135e-21
상권_코드_명,창덕궁,28,16,0.5714285714285714,2.612039990580377,True,6.057454788355709e-21,0.03985026997919498,0.01798260455114001,9.691927661369135e-21
상권_코드_명,창동골목시장,105,14,0.13333333333333333,0.609475997802088,False,6.057454788355709e-21,0.03985026997919498,0.01798260455114001,9.691927661369135e-21
상권_코드_명,창동신창시장,135,44,0.32592592592592595,1.4898302168495485,False,6.057454788355709e-21,0.03985026997919498,0.01798260455114001,9.691927661369135e-21
상권_코드_명,창동역,203,48,0.23645320197044334,1.0808441340332595,False,6.057454788355709e-21,0.03985026997919498,0.01798260455114001,9.691927661369135e-21
상권_코드_명,창동역 2번,110,22,0.2,0.9142139967031321,False,6.057454788355709e-21,0.03985026997919498,0.01798260455114001,9.691927661369135e-21
상권_코드_명,창동역상점가,88,18,0.20454545454545456,0.9349915875372942,True,6.057454788355709e-21,0.03985026997919498,0.01798260455114001,9.691927661369135e-21
상권_코드_명,창동중학교,6,0,0.0,0.0,True,6.057454788355709e-21,0.03985026997919498,0.01798260455114001,9.691927661369135e-21
상권_코드_명,창신1동주민센터,18,4,0.2222222222222222,1.0157933296701467,True,6.057454788355709e-21,0.03985026997919498,0.01798260455114001,9.691927661369135e-21
상권_코드_명,창신골목시장,82,11,0.13414634146341464,0.6131923148618569,True,6.057454788355709e-21,0.03985026997919498,0.01798260455114001,9.691927661369135e-21
상권_코드_명,창신역 1번,6,1,0.16666666666666666,0.76184499725261,True,6.057454788355709e-21,0.03985026997919498,0.01798260455114001,9.691927661369135e-21
상권_코드_명,창신역 4번,28,11,0.39285714285714285,1.7957774935240094,True,6.057454788355709e-21,0.03985026997919498,0.01798260455114001,9.691927661369135e-21
상권_코드_명,천동초등학교,24,4,0.16666666666666666,0.76184499725261,True,6.057454788355709e-21,0.03985026997919498,0.01798260455114001,9.691927661369135e-21
상권_코드_명,"천왕역 3번(오류2동주민센터, 서울오류남초등학교)",6,1,0.16666666666666666,0.76184499725261,True,6.057454788355709e-21,0.03985026997919498,0.01798260455114001,9.691927661369135e-21
상권_코드_명,천일초등학교,24,7,0.2916666666666667,1.3332287451920677,True,6.057454788355709e-21,0.03985026997919498,0.01798260455114001,9.691927661369135e-21
상권_코드_명,천호1동주민센터,57,17,0.2982456140350877,1.3633015740309864,True,6.057454788355709e-21,0.03985026997919498,0.01798260455114001,9.691927661369135e-21
상권_코드_명,천호공원(해공체육문화센터),91,26,0.2857142857142857,1.3060199952901885,True,6.057454788355709e-21,0.03985026997919498,0.01798260455114001,9.691927661369135e-21
상권_코드_명,천호역,215,49,0.22790697674418606,1.0417787404291505,False,6.057454788355709e-21,0.03985026997919498,0.01798260455114001,9.691927661369135e-21
상권_코드_명,천호역 1번(천호문구완구거리),42,12,0.2857142857142857,1.3060199952901885,True,6.057454788355709e-21,0.03985026997919498,0.01798260455114001,9.691927661369135e-21
상권_코드_명,천호역 6번,104,16,0.15384615384615385,0.7032415359254862,False,6.057454788355709e-21,0.03985026997919498,0.01798260455114001,9.691927661369135e-21
상권_코드_명,천호지구대(천호동자전거거리),69,13,0.18840579710144928,0.8612160838507765,True,6.057454788355709e-21,0.03985026997919498,0.01798260455114001,9.691927661369135e-21
상권_코드_명,천호초등학교,25,4,0.16,0.7313711973625057,True,6.057454788355709e-21,0.03985026997919498,0.01798260455114001,9.691927661369135e-21
상권_코드_명,천호태영아파트,14,2,0.14285714285714285,0.6530099976450943,True,6.057454788355709e-21,0.03985026997919498,0.01798260455114001,9.691927661369135e-21
상권_코드_명,청계산원터골,24,6,0.25,1.1427674958789151,True,6.057454788355709e-21,0.03985026997919498,0.01798260455114001,9.691927661369135e-21
상권_코드_명,청계산입구역 2번(내곡동주민센터),6,0,0.0,0.0,True,6.057454788355709e-21,0.03985026997919498,0.01798260455114001,9.691927661369135e-21
상권_코드_명,청계천공구상가,24,10,0.4166666666666667,1.9046124931315251,True,6.057454788355709e-21,0.03985026997919498,0.01798260455114001,9.691927661369135e-21
상권_코드_명,청계천박물관,18,5,0.2777777777777778,1.2697416620876834,True,6.057454788355709e-21,0.03985026997919498,0.01798260455114001,9.691927661369135e-21
상권_코드_명,청구역 1번,48,7,0.14583333333333334,0.6666143725960338,True,6.057454788355709e-21,0.03985026997919498,0.01798260455114001,9.691927661369135e-21
상권_코드_명,청구역 3번,66,15,0.22727272727272727,1.0388795417081045,True,6.057454788355709e-21,0.03985026997919498,0.01798260455114001,9.691927661369135e-21
상권_코드_명,청담근린공원,6,3,0.5,2.2855349917578303,True,6.057454788355709e-21,0.03985026997919498,0.01798260455114001,9.691927661369135e-21
상권_코드_명,청담사거리(청담동명품거리),250,69,0.276,1.2616153154503222,False,6.057454788355709e-21,0.03985026997919498,0.01798260455114001,9.691927661369135e-21
상권_코드_명,청담삼익시장,54,11,0.2037037037037037,0.9311438855309677,True,6.057454788355709e-21,0.03985026997919498,0.01798260455114001,9.691927661369135e-21
상권_코드_명,청담역 12번,5,1,0.2,0.9142139967031321,True,6.057454788355709e-21,0.03985026997919498,0.01798260455114001,9.691927661369135e-21
상권_코드_명,청담역 3번,10,4,0.4,1.8284279934062642,True,6.057454788355709e-21,0.03985026997919498,0.01798260455114001,9.691927661369135e-21
상권_코드_명,청담초등학교,16,3,0.1875,0.8570756219091863,True,6.057454788355709e-21,0.03985026997919498,0.01798260455114001,9.691927661369135e-21
상권_코드_명,청량리농수산물시장,43,6,0.13953488372093023,0.6378237186300921,True,6.057454788355709e-21,0.03985026997919498,0.01798260455114001,9.691927661369135e-21
상권_코드_명,청량리수산시장,12,1,0.08333333333333333,0.380922498626305,True,6.057454788355709e-21,0.03985026997919498,0.01798260455114001,9.691927661369135e-21
상권_코드_명,청량리역(청량리),183,35,0.1912568306010929,0.8742483575029951,False,6.057454788355709e-21,0.03985026997919498,0.01798260455114001,9.691927661369135e-21
상권_코드_명,청량리전통시장,83,10,0.12048192771084337,0.5507313233151397,True,6.057454788355709e-21,0.03985026997919498,0.01798260455114001,9.691927661369135e-21
상권_코드_명,청량리종합시장,48,4,0.08333333333333333,0.380922498626305,True,6.057454788355709e-21,0.03985026997919498,0.01798260455114001,9.691927661369135e-21
상권_코드_명,청량리청과물시장,69,8,0.11594202898550725,0.5299791285235548,True,6.057454788355709e-21,0.03985026997919498,0.01798260455114001,9.691927661369135e-21
상권_코드_명,청량종합도매시장,36,5,0.1388888888888889,0.6348708310438417,True,6.057454788355709e-21,0.03985026997919498,0.01798260455114001,9.691927661369135e-21
상권_코드_명,청량초등학교,18,3,0.16666666666666666,0.76184499725261,True,6.057454788355709e-21,0.03985026997919498,0.01798260455114001,9.691927661369135e-21
상권_코드_명,청룡동주민센터,72,22,0.3055555555555556,1.3967158282964518,True,6.057454788355709e-21,0.03985026997919498,0.01798260455114001,9.691927661369135e-21
상권_코드_명,청림동주민센터(상도중학교),6,1,0.16666666666666666,0.76184499725261,True,6.057454788355709e-21,0.03985026997919498,0.01798260455114001,9.691927661369135e-21
상권_코드_명,청와대사랑채,12,2,0.16666666666666666,0.76184499725261,True,6.057454788355709e-21,0.03985026997919498,0.01798260455114001,9.691927661369135e-21
상권_코드_명,청평화시장,12,0,0.0,0.0,True,6.057454788355709e-21,0.03985026997919498,0.01798260455114001,9.691927661369135e-21
상권_코드_명,체부동홍종문가옥,6,1,0.16666666666666666,0.76184499725261,True,6.057454788355709e-21,0.03985026997919498,0.01798260455114001,9.691927661369135e-21
상권_코드_명,"총신대입구역(이수, 총신대)",261,56,0.21455938697318008,0.9807659734746245,False,6.057454788355709e-21,0.03985026997919498,0.01798260455114001,9.691927661369135e-21
상권_코드_명,총신대학교,18,4,0.2222222222222222,1.0157933296701467,True,6.057454788355709e-21,0.03985026997919498,0.01798260455114001,9.691927661369135e-21
상권_코드_명,촬영소사거리,38,14,0.3684210526315789,1.6840784149794537,True,6.057454788355709e-21,0.03985026997919498,0.01798260455114001,9.691927661369135e-21
상권_코드_명,충무로역,197,20,0.10152284263959391,0.4640680186310315,False,6.057454788355709e-21,0.03985026997919498,0.01798260455114001,9.691927661369135e-21
상권_코드_명,충무초등학교,51,10,0.19607843137254902,0.8962882320618941,True,6.057454788355709e-21,0.03985026997919498,0.01798260455114001,9.691927661369135e-21
상권_코드_명,충신시장옆,6,6,1.0,4.5710699835156605,True,6.057454788355709e-21,0.03985026997919498,0.01798260455114001,9.691927661369135e-21
상권_코드_명,충정로역,58,15,0.25862068965517243,1.1821732715988778,True,6.057454788355709e-21,0.03985026997919498,0.01798260455114001,9.691927661369135e-21
상권_코드_명,충정로역 3번,24,0,0.0,0.0,True,6.057454788355709e-21,0.03985026997919498,0.01798260455114001,9.691927661369135e-21
상권_코드_명,충정로역 6번,39,10,0.2564102564102564,1.1720692265424768,True,6.057454788355709e-21,0.03985026997919498,0.01798260455114001,9.691927661369135e-21
상권_코드_명,충정로역 7번,6,5,0.8333333333333334,3.8092249862630503,True,6.057454788355709e-21,0.03985026997919498,0.01798260455114001,9.691927661369135e-21
상권_코드_명,충정로현대아파트,18,0,0.0,0.0,True,6.057454788355709e-21,0.03985026997919498,0.01798260455114001,9.691927661369135e-21
상권_코드_명,코엑스,139,18,0.12949640287769784,0.5919371201674956,False,6.057454788355709e-21,0.03985026997919498,0.01798260455114001,9.691927661369135e-21
상권_코드_명,큰굴다리,18,9,0.5,2.2855349917578303,True,6.057454788355709e-21,0.03985026997919498,0.01798260455114001,9.691927661369135e-21
상권_코드_명,태능엔터피아(태릉시장),12,2,0.16666666666666666,0.76184499725261,True,6.057454788355709e-21,0.03985026997919498,0.01798260455114001,9.691927661369135e-21
상권_코드_명,태릉시장 특화거리,77,12,0.15584415584415584,0.7123745428855575,True,6.057454788355709e-21,0.03985026997919498,0.01798260455114001,9.691927661369135e-21
상권_코드_명,태릉입구역,148,21,0.14189189189189189,0.6485977679312761,False,6.057454788355709e-21,0.03985026997919498,0.01798260455114001,9.691927661369135e-21
상권_코드_명,태릉입구역 4번,20,2,0.1,0.45710699835156604,True,6.057454788355709e-21,0.03985026997919498,0.01798260455114001,9.691927661369135e-21
상권_코드_명,텃골근린공원,64,13,0.203125,0.9284985904016184,True,6.057454788355709e-21,0.03985026997919498,0.01798260455114001,9.691927661369135e-21
상권_코드_명,테크노상가(엘리시움),18,4,0.2222222222222222,1.0157933296701467,True,6.057454788355709e-21,0.03985026997919498,0.01798260455114001,9.691927661369135e-21
상권_코드_명,통인시장,76,16,0.21052631578947367,0.9623305228454021,True,6.057454788355709e-21,0.03985026997919498,0.01798260455114001,9.691927661369135e-21
상권_코드_명,퇴계로5가,35,4,0.11428571428571428,0.5224079981160754,True,6.057454788355709e-21,0.03985026997919498,0.01798260455114001,9.691927661369135e-21
상권_코드_명,투구봉어린이공원,19,1,0.05263157894736842,0.24058263071135053,True,6.057454788355709e-21,0.03985026997919498,0.01798260455114001,9.691927661369135e-21
상권_코드_명,평창동동측,24,8,0.3333333333333333,1.52368999450522,True,6.057454788355709e-21,0.03985026997919498,0.01798260455114001,9.691927661369135e-21
상권_코드_명,평창동서측,60,22,0.36666666666666664,1.676058993955742,True,6.057454788355709e-21,0.03985026997919498,0.01798260455114001,9.691927661369135e-21
상권_코드_명,"평화시장(남평화시장, 제일평화시장, 신평화패션타운)",18,7,0.3888888888888889,1.7776383269227567,True,6.057454788355709e-21,0.03985026997919498,0.01798260455114001,9.691927661369135e-21
상권_코드_명,포방터시장,61,17,0.2786885245901639,1.2739047495043643,True,6.057454788355709e-21,0.03985026997919498,0.01798260455114001,9.691927661369135e-21
상권_코드_명,포스코사거리,242,34,0.14049586776859505,0.6422164439650101,False,6.057454788355709e-21,0.03985026997919498,0.01798260455114001,9.691927661369135e-21
상권_코드_명,포이사거리(삼호물산),283,61,0.21554770318021202,0.9852836360228102,False,6.057454788355709e-21,0.03985026997919498,0.01798260455114001,9.691927661369135e-21
상권_코드_명,포이초등학교(개포목련어린이공원),94,21,0.22340425531914893,1.0211964856790303,True,6.057454788355709e-21,0.03985026997919498,0.01798260455114001,9.691927661369135e-21
상권_코드_명,푸른동산공원,46,6,0.13043478260869565,0.5962265195889991,True,6.057454788355709e-21,0.03985026997919498,0.01798260455114001,9.691927661369135e-21
상권_코드_명,푸른들청소년도서관,157,36,0.22929936305732485,1.0481434357105972,False,6.057454788355709e-21,0.03985026997919498,0.01798260455114001,9.691927661369135e-21
상권_코드_명,풍납시장,155,40,0.25806451612903225,1.1796309634879123,False,6.057454788355709e-21,0.03985026997919498,0.01798260455114001,9.691927661369135e-21
상권_코드_명,하나고등학교,6,5,0.8333333333333334,3.8092249862630503,True,6.057454788355709e-21,0.03985026997919498,0.01798260455114001,9.691927661369135e-21
상권_코드_명,하나은행 망우동지점,26,1,0.038461538461538464,0.17581038398137155,True,6.057454788355709e-21,0.03985026997919498,0.01798260455114001,9.691927661369135e-21
상권_코드_명,학동근린공원,1,0,0.0,0.0,True,6.057454788355709e-21,0.03985026997919498,0.01798260455114001,9.691927661369135e-21
상권_코드_명,학동사거리,196,35,0.17857142857142858,0.8162624970563679,False,6.057454788355709e-21,0.03985026997919498,0.01798260455114001,9.691927661369135e-21
상권_코드_명,학동역,233,51,0.21888412017167383,1.0005346315849728,False,6.057454788355709e-21,0.03985026997919498,0.01798260455114001,9.691927661369135e-21
상권_코드_명,학동초등학교,6,1,0.16666666666666666,0.76184499725261,True,6.057454788355709e-21,0.03985026997919498,0.01798260455114001,9.691927661369135e-21
상권_코드_명,한강로동땡땡거리(은행나무길),65,11,0.16923076923076924,0.7735656895180348,True,6.057454788355709e-21,0.03985026997919498,0.01798260455114001,9.691927661369135e-21
상권_코드_명,한강미주맨션아파트,12,0,0.0,0.0,True,6.057454788355709e-21,0.03985026997919498,0.01798260455114001,9.691927661369135e-21
상권_코드_명,한강성심병원,49,11,0.22448979591836735,1.0261585677280054,True,6.057454788355709e-21,0.03985026997919498,0.01798260455114001,9.691927661369135e-21
상권_코드_명,한강진역 3번,77,13,0.16883116883116883,0.7717390881260205,True,6.057454788355709e-21,0.03985026997919498,0.01798260455114001,9.691927661369135e-21
상권_코드_명,한겨레신문사,36,6,0.16666666666666666,0.76184499725261,True,6.057454788355709e-21,0.03985026997919498,0.01798260455114001,9.691927661369135e-21
상권_코드_명,한국SGI본부,68,3,0.04411764705882353,0.2016648522139262,True,6.057454788355709e-21,0.03985026997919498,0.01798260455114001,9.691927661369135e-21
상권_코드_명,한국교통안전공단 강남자동차검사소,18,4,0.2222222222222222,1.0157933296701467,True,6.057454788355709e-21,0.03985026997919498,0.01798260455114001,9.691927661369135e-21
상권_코드_명,한국상담대학원대학교,2,0,0.0,0.0,True,6.057454788355709e-21,0.03985026997919498,0.01798260455114001,9.691927661369135e-21
상권_코드_명,한국의류시험연구원,18,1,0.05555555555555555,0.25394833241753667,True,6.057454788355709e-21,0.03985026997919498,0.01798260455114001,9.691927661369135e-21
상권_코드_명,한국폴리텍대학서울정수캠퍼스,59,16,0.2711864406779661,1.239612198919501,True,6.057454788355709e-21,0.03985026997919498,0.01798260455114001,9.691927661369135e-21
상권_코드_명,한남IC,27,2,0.07407407407407407,0.3385977765567155,True,6.057454788355709e-21,0.03985026997919498,0.01798260455114001,9.691927661369135e-21
상권_코드_명,한남오거리,193,44,0.22797927461139897,1.0421092190398396,False,6.057454788355709e-21,0.03985026997919498,0.01798260455114001,9.691927661369135e-21
상권_코드_명,한남힐사이드아파트,30,11,0.36666666666666664,1.676058993955742,True,6.057454788355709e-21,0.03985026997919498,0.01798260455114001,9.691927661369135e-21
상권_코드_명,한림대학교한강성심병원,10,0,0.0,0.0,True,6.057454788355709e-21,0.03985026997919498,0.01798260455114001,9.691927661369135e-21
상권_코드_명,한성대입구역,168,32,0.19047619047619047,0.8706799968601256,False,6.057454788355709e-21,0.03985026997919498,0.01798260455114001,9.691927661369135e-21
상권_코드_명,한성대입구역 3번,88,35,0.3977272727272727,1.818039197989183,True,6.057454788355709e-21,0.03985026997919498,0.01798260455114001,9.691927661369135e-21
상권_코드_명,한성대입구역 5번,42,11,0.2619047619047619,1.197184995682673,True,6.057454788355709e-21,0.03985026997919498,0.01798260455114001,9.691927661369135e-21
상권_코드_명,한성백제역 3번,108,16,0.14814814814814814,0.677195553113431,False,6.057454788355709e-21,0.03985026997919498,0.01798260455114001,9.691927661369135e-21
상권_코드_명,한아름시장,23,5,0.21739130434782608,0.9937108659816652,True,6.057454788355709e-21,0.03985026997919498,0.01798260455114001,9.691927661369135e-21
상권_코드_명,한양공고앞 교차로,17,5,0.29411764705882354,1.3444323480928413,True,6.057454788355709e-21,0.03985026997919498,0.01798260455114001,9.691927661369135e-21
상권_코드_명,"한양대앞상점가(한양시장, 왕십리맛골목)",84,10,0.11904761904761904,0.5441749980375785,True,6.057454788355709e-21,0.03985026997919498,0.01798260455114001,9.691927661369135e-21
상권_코드_명,한양대역 4번,18,0,0.0,0.0,True,6.057454788355709e-21,0.03985026997919498,0.01798260455114001,9.691927661369135e-21
상권_코드_명,한영중고,105,17,0.1619047619047619,0.7400779973311069,False,6.057454788355709e-21,0.03985026997919498,0.01798260455114001,9.691927661369135e-21
상권_코드_명,한울중학교,137,47,0.34306569343065696,1.5681772936148617,False,6.057454788355709e-21,0.03985026997919498,0.01798260455114001,9.691927661369135e-21
상권_코드_명,한일병원,29,3,0.10344827586206896,0.47286930863955107,True,6.057454788355709e-21,0.03985026997919498,0.01798260455114001,9.691927661369135e-21
상권_코드_명,한티역,192,24,0.125,0.5713837479394576,False,6.057454788355709e-21,0.03985026997919498,0.01798260455114001,9.691927661369135e-21
상권_코드_명,합정역,213,34,0.1596244131455399,0.72965436356588,False,6.057454788355709e-21,0.03985026997919498,0.01798260455114001,9.691927661369135e-21
상권_코드_명,합정역 8번,120,36,0.3,1.371320995054698,False,6.057454788355709e-21,0.03985026997919498,0.01798260455114001,9.691927661369135e-21
상권_코드_명,해방촌 남동측,103,35,0.33980582524271846,1.5532762079907583,False,6.057454788355709e-21,0.03985026997919498,0.01798260455114001,9.691927661369135e-21
상권_코드_명,해방촌예술마을,45,9,0.2,0.9142139967031321,True,6.057454788355709e-21,0.03985026997919498,0.01798260455114001,9.691927661369135e-21
상권_코드_명,해오름공원,96,17,0.17708333333333334,0.8094603095808982,True,6.057454788355709e-21,0.03985026997919498,0.01798260455114001,9.691927661369135e-21
상권_코드_명,행당시장상점가,163,38,0.2331288343558282,1.0656482170159207,False,6.057454788355709e-21,0.03985026997919498,0.01798260455114001,9.691927661369135e-21
상권_코드_명,행당역 2번,62,7,0.11290322580645161,0.5160885465259616,True,6.057454788355709e-21,0.03985026997919498,0.01798260455114001,9.691927661369135e-21
상권_코드_명,헌인가구단지,6,3,0.5,2.2855349917578303,True,6.057454788355709e-21,0.03985026997919498,0.01798260455114001,9.691927661369135e-21
상권_코드_명,혜원여고,33,10,0.30303030303030304,1.3851727222774728,True,6.057454788355709e-21,0.03985026997919498,0.01798260455114001,9.691927661369135e-21
상권_코드_명,혜화역 1번,32,4,0.125,0.5713837479394576,True,6.057454788355709e-21,0.03985026997919498,0.01798260455114001,9.691927661369135e-21
상권_코드_명,혜회동주민센터,48,10,0.20833333333333334,0.9523062465657626,True,6.057454788355709e-21,0.03985026997919498,0.01798260455114001,9.691927661369135e-21
상권_코드_명,호림박물관(성보고등학교),42,9,0.21428571428571427,0.9795149964676414,True,6.057454788355709e-21,0.03985026997919498,0.01798260455114001,9.691927661369135e-21
상권_코드_명,홍남교남측,12,0,0.0,0.0,True,6.057454788355709e-21,0.03985026997919498,0.01798260455114001,9.691927661369135e-21
상권_코드_명,홍대 걷고싶은 거리,145,29,0.2,0.9142139967031321,False,6.057454788355709e-21,0.03985026997919498,0.01798260455114001,9.691927661369135e-21
상권_코드_명,홍대땡땡거리,106,30,0.2830188679245283,1.2936990519383944,False,6.057454788355709e-21,0.03985026997919498,0.01798260455114001,9.691927661369135e-21
상권_코드_명,홍대부속여중고앞,107,24,0.22429906542056074,1.0252867252745406,False,6.057454788355709e-21,0.03985026997919498,0.01798260455114001,9.691927661369135e-21
상권_코드_명,홍대부중,41,7,0.17073170731707318,0.7804265825514543,True,6.057454788355709e-21,0.03985026997919498,0.01798260455114001,9.691927661369135e-21
상권_코드_명,홍대소상공인상점가,94,8,0.0851063829787234,0.3890272326396306,True,6.057454788355709e-21,0.03985026997919498,0.01798260455114001,9.691927661369135e-21
상권_코드_명,홍대입구역 3번,85,11,0.12941176470588237,0.5915502331608502,True,6.057454788355709e-21,0.03985026997919498,0.01798260455114001,9.691927661369135e-21
상권_코드_명,홍대입구역(홍대),252,48,0.19047619047619047,0.8706799968601256,False,6.057454788355709e-21,0.03985026997919498,0.01798260455114001,9.691927661369135e-21
상권_코드_명,홍릉근린공원,3,0,0.0,0.0,True,6.057454788355709e-21,0.03985026997919498,0.01798260455114001,9.691927661369135e-21
상권_코드_명,홍릉시장,67,16,0.23880597014925373,1.0915988020335905,True,6.057454788355709e-21,0.03985026997919498,0.01798260455114001,9.691927661369135e-21
상권_코드_명,홍연시장,38,4,0.10526315789473684,0.48116526142270105,True,6.057454788355709e-21,0.03985026997919498,0.01798260455114001,9.691927661369135e-21
상권_코드_명,홍은종합사회복지관,43,9,0.20930232558139536,0.9567355779451382,True,6.057454788355709e-21,0.03985026997919498,0.01798260455114001,9.691927661369135e-21
상권_코드_명,홍은중학교,12,3,0.25,1.1427674958789151,True,6.057454788355709e-21,0.03985026997919498,0.01798260455114001,9.691927661369135e-21
상권_코드_명,홍익대,30,1,0.03333333333333333,0.152368999450522,True,6.057454788355709e-21,0.03985026997919498,0.01798260455114001,9.691927661369135e-21
상권_코드_명,홍익지구대,8,0,0.0,0.0,True,6.057454788355709e-21,0.03985026997919498,0.01798260455114001,9.691927661369135e-21
상권_코드_명,홍제3동주민센터,105,21,0.2,0.9142139967031321,False,6.057454788355709e-21,0.03985026997919498,0.01798260455114001,9.691927661369135e-21
상권_코드_명,홍제성원아파트,12,3,0.25,1.1427674958789151,True,6.057454788355709e-21,0.03985026997919498,0.01798260455114001,9.691927661369135e-21
상권_코드_명,홍제역,196,39,0.1989795918367347,0.9095496395770957,False,6.057454788355709e-21,0.03985026997919498,0.01798260455114001,9.691927661369135e-21
상권_코드_명,홍제역 2번,39,1,0.02564102564102564,0.11720692265424769,True,6.057454788355709e-21,0.03985026997919498,0.01798260455114001,9.691927661369135e-21
상권_코드_명,홍제역 3번,17,4,0.23529411764705882,1.075545878474273,True,6.057454788355709e-21,0.03985026997919498,0.01798260455114001,9.691927661369135e-21
상권_코드_명,홍제역 4번,26,11,0.4230769230769231,1.933914223795087,True,6.057454788355709e-21,0.03985026997919498,0.01798260455114001,9.691927661369135e-21
상권_코드_명,홍파초등학교,42,5,0.11904761904761904,0.5441749980375785,True,6.057454788355709e-21,0.03985026997919498,0.01798260455114001,9.691927661369135e-21
상권_코드_명,화계역 2번,10,0,0.0,0.0,True,6.057454788355709e-21,0.03985026997919498,0.01798260455114001,9.691927661369135e-21
상권_코드_명,화계중학교,11,0,0.0,0.0,True,6.057454788355709e-21,0.03985026997919498,0.01798260455114001,9.691927661369135e-21
상권_코드_명,화곡2동주민센터,136,34,0.25,1.1427674958789151,False,6.057454788355709e-21,0.03985026997919498,0.01798260455114001,9.691927661369135e-21
상권_코드_명,화곡4동주민센터,63,12,0.19047619047619047,0.8706799968601256,True,6.057454788355709e-21,0.03985026997919498,0.01798260455114001,9.691927661369135e-21
상권_코드_명,화곡보람2차아파트,10,2,0.2,0.9142139967031321,True,6.057454788355709e-21,0.03985026997919498,0.01798260455114001,9.691927661369135e-21
상권_코드_명,화곡본동시장,84,19,0.2261904761904762,1.0339324962713994,True,6.057454788355709e-21,0.03985026997919498,0.01798260455114001,9.691927661369135e-21
상권_코드_명,화곡역,174,51,0.29310344827586204,1.3397963744787278,False,6.057454788355709e-21,0.03985026997919498,0.01798260455114001,9.691927661369135e-21
상권_코드_명,화곡역 2번,72,19,0.2638888888888889,1.2062545789832992,True,6.057454788355709e-21,0.03985026997919498,0.01798260455114001,9.691927661369135e-21
상권_코드_명,화곡역 4번,162,45,0.2777777777777778,1.2697416620876834,False,6.057454788355709e-21,0.03985026997919498,0.01798260455114001,9.691927661369135e-21
상권_코드_명,화곡역 5번,114,36,0.3157894736842105,1.443495784268103,False,6.057454788355709e-21,0.03985026997919498,0.01798260455114001,9.691927661369135e-21
상권_코드_명,화곡중앙시장,101,26,0.25742574257425743,1.1767110848654174,False,6.057454788355709e-21,0.03985026997919498,0.01798260455114001,9.691927661369135e-21
상권_코드_명,화곡초등학교,58,11,0.1896551724137931,0.8669270658391769,True,6.057454788355709e-21,0.03985026997919498,0.01798260455114001,9.691927661369135e-21
상권_코드_명,화랑대역 7번,25,6,0.24,1.0970567960437585,True,6.057454788355709e-21,0.03985026997919498,0.01798260455114001,9.691927661369135e-21
상권_코드_명,화랑대철도공원,37,16,0.43243243243243246,1.9766789117905559,True,6.057454788355709e-21,0.03985026997919498,0.01798260455114001,9.691927661369135e-21
상권_코드_명,화양사거리,105,29,0.2761904761904762,1.2624859954471823,False,6.057454788355709e-21,0.03985026997919498,0.01798260455114001,9.691927661369135e-21
상권_코드_명,화양제일골목시장,45,15,0.3333333333333333,1.52368999450522,True,6.057454788355709e-21,0.03985026997919498,0.01798260455114001,9.691927661369135e-21
상권_코드_명,화원어린이공원,19,2,0.10526315789473684,0.48116526142270105,True,6.057454788355709e-21,0.03985026997919498,0.01798260455114001,9.691927661369135e-21
상권_코드_명,화원중학교,94,17,0.18085106382978725,0.8266828693592152,True,6.057454788355709e-21,0.03985026997919498,0.01798260455114001,9.691927661369135e-21
상권_코드_명,황학동벼룩시장,25,13,0.52,2.3769563914281435,True,6.057454788355709e-21,0.03985026997919498,0.01798260455114001,9.691927661369135e-21
상권_코드_명,황학동주방가구거리상점가,45,20,0.4444444444444444,2.0315866593402934,True,6.057454788355709e-21,0.03985026997919498,0.01798260455114001,9.691927661369135e-21
상권_코드_명,"황학시장(서울중앙시장, 신중앙시장)",73,16,0.2191780821917808,1.0018783525513775,True,6.057454788355709e-21,0.03985026997919498,0.01798260455114001,9.691927661369135e-21
상권_코드_명,황학코아루아파트,52,10,0.19230769230769232,0.8790519199068578,True,6.057454788355709e-21,0.03985026997919498,0.01798260455114001,9.691927661369135e-21
상권_코드_명,회기시장,67,14,0.208955223880597,0.9551489517793916,True,6.057454788355709e-21,0.03985026997919498,0.01798260455114001,9.691927661369135e-21
상권_코드_명,회기역,139,21,0.1510791366906475,0.6905933068620782,False,6.057454788355709e-21,0.03985026997919498,0.01798260455114001,9.691927661369135e-21
상권_코드_명,회기역 1번,24,6,0.25,1.1427674958789151,True,6.057454788355709e-21,0.03985026997919498,0.01798260455114001,9.691927661369135e-21
상권_코드_명,회기역 2번,6,0,0.0,0.0,True,6.057454788355709e-21,0.03985026997919498,0.01798260455114001,9.691927661369135e-21
상권_코드_명,회현역,92,11,0.11956521739130435,0.5465409762899159,True,6.057454788355709e-21,0.03985026997919498,0.01798260455114001,9.691927661369135e-21
상권_코드_명,회현역 1번,6,0,0.0,0.0,True,6.057454788355709e-21,0.03985026997919498,0.01798260455114001,9.691927661369135e-21
상권_코드_명,효창공원앞역 2번,77,15,0.19480519480519481,0.8904681786069468,True,6.057454788355709e-21,0.03985026997919498,0.01798260455114001,9.691927661369135e-21
상권_코드_명,효창공원앞역 5번,75,22,0.29333333333333333,1.3408471951645937,True,6.057454788355709e-21,0.03985026997919498,0.01798260455114001,9.691927661369135e-21
상권_코드_명,효창공원앞역 6번,60,17,0.2833333333333333,1.295136495329437,True,6.057454788355709e-21,0.03985026997919498,0.01798260455114001,9.691927661369135e-21
상권_코드_명,효창동주민센터,38,14,0.3684210526315789,1.6840784149794537,True,6.057454788355709e-21,0.03985026997919498,0.01798260455114001,9.691927661369135e-21
상권_코드_명,후암동주민센터,111,20,0.18018018018018017,0.8236162132460648,False,6.057454788355709e-21,0.03985026997919498,0.01798260455114001,9.691927661369135e-21
상권_코드_명,후암시장,62,19,0.3064516129032258,1.400811769141896,True,6.057454788355709e-21,0.03985026997919498,0.01798260455114001,9.691927661369135e-21
상권_코드_명,휘문고교사거리,59,10,0.1694915254237288,0.7747576243246881,True,6.057454788355709e-21,0.03985026997919498,0.01798260455114001,9.691927661369135e-21
상권_코드_명,흑리단길,72,13,0.18055555555555555,0.8253320803569942,True,6.057454788355709e-21,0.03985026997919498,0.01798260455114001,9.691927661369135e-21
상권_코드_명,흑석시장,18,2,0.1111111111111111,0.5078966648350733,True,6.057454788355709e-21,0.03985026997919498,0.01798260455114001,9.691927661369135e-21
서비스_업종_코드,CS100001,8356,672,0.08042125418860699,0.3676111810582245,False,0.0,0.19786137357648068,0.02067101864789578,0.0
서비스_업종_코드,CS100002,2432,370,0.15213815789473684,0.6954341668999976,False,0.0,0.19786137357648068,0.02067101864789578,0.0
서비스_업종_코드,CS100003,1888,286,0.15148305084745764,0.6924396267401901,False,0.0,0.19786137357648068,0.02067101864789578,0.0
서비스_업종_코드,CS100004,1892,298,0.15750528541226216,0.7199676823930585,False,0.0,0.19786137357648068,0.02067101864789578,0.0
서비스_업종_코드,CS100005,2446,589,0.24080130825838103,1.1007196321711872,False,0.0,0.19786137357648068,0.02067101864789578,0.0
서비스_업종_코드,CS100006,2329,743,0.31902103907256335,1.458267495814571,False,0.0,0.19786137357648068,0.02067101864789578,0.0
서비스_업종_코드,CS100007,3345,894,0.2672645739910314,1.2216850718275036,False,0.0,0.19786137357648068,0.02067101864789578,0.0
서비스_업종_코드,CS100008,4586,897,0.1955952900130833,0.8940797590958454,False,0.0,0.19786137357648068,0.02067101864789578,0.0
서비스_업종_코드,CS100009,5309,650,0.12243360331512526,0.5596525690874325,False,0.0,0.19786137357648068,0.02067101864789578,0.0
서비스_업종_코드,CS100010,6099,1272,0.2085587801278898,0.9533367796412394,False,0.0,0.19786137357648068,0.02067101864789578,0.0
서비스_업종_코드,CS200001,3626,897,0.2473800330943188,1.1307914437985513,False,0.0,0.19786137357648068,0.02067101864789578,0.0
서비스_업종_코드,CS200002,341,74,0.21700879765395895,0.9919624011148354,False,0.0,0.19786137357648068,0.02067101864789578,0.0
서비스_업종_코드,CS200003,2779,607,0.21842389348686578,0.9984309032004338,False,0.0,0.19786137357648068,0.02067101864789578,0.0
서비스_업종_코드,CS200005,2493,601,0.24107501002807863,1.101970742115087,False,0.0,0.19786137357648068,0.02067101864789578,0.0
서비스_업종_코드,CS200006,2957,284,0.09604328711531958,0.4390205868510137,False,0.0,0.19786137357648068,0.02067101864789578,0.0
서비스_업종_코드,CS200007,2256,476,0.21099290780141844,0.964463347585751,False,0.0,0.19786137357648068,0.02067101864789578,0.0
서비스_업종_코드,CS200008,1847,491,0.265836491608013,1.2151572073125008,False,0.0,0.19786137357648068,0.02067101864789578,0.0
서비스_업종_코드,CS200016,1942,251,0.12924819773429455,0.5908025570867306,False,0.0,0.19786137357648068,0.02067101864789578,0.0
서비스_업종_코드,CS200017,743,198,0.26648721399730824,1.21813170489381,False,0.0,0.19786137357648068,0.02067101864789578,0.0
서비스_업종_코드,CS200019,785,176,0.22420382165605096,1.024851359361473,False,0.0,0.19786137357648068,0.02067101864789578,0.0
서비스_업종_코드,CS200024,1231,286,0.2323314378554021,1.0620032618078625,False,0.0,0.19786137357648068,0.02067101864789578,0.0
서비스_업종_코드,CS200025,2226,430,0.1931716082659479,0.88300094021192,False,0.0,0.19786137357648068,0.02067101864789578,0.0
서비스_업종_코드,CS200026,269,64,0.2379182156133829,1.0875408139219414,False,0.0,0.19786137357648068,0.02067101864789578,0.0
서비스_업종_코드,CS200028,6541,1508,0.2305457881057942,1.0538409318363575,False,0.0,0.19786137357648068,0.02067101864789578,0.0
서비스_업종_코드,CS200029,1469,411,0.27978216473791695,1.2789038551565257,False,0.0,0.19786137357648068,0.02067101864789578,0.0
서비스_업종_코드,CS200030,1605,395,0.24610591900311526,1.1249673791206765,False,0.0,0.19786137357648068,0.02067101864789578,0.0
서비스_업종_코드,CS200031,2334,289,0.12382176520994002,0.5659979542570804,False,0.0,0.19786137357648068,0.02067101864789578,0.0
서비스_업종_코드,CS200032,252,53,0.21031746031746032,0.9613758298663888,False,0.0,0.19786137357648068,0.02067101864789578,0.0
서비스_업종_코드,CS200033,107,31,0.2897196261682243,1.3243286868129482,False,0.0,0.19786137357648068,0.02067101864789578,0.0
서비스_업종_코드,CS200034,1123,303,0.26981300089047194,1.2333341095327204,False,0.0,0.19786137357648068,0.02067101864789578,0.0
서비스_업종_코드,CS200037,3111,226,0.07264545162327225,0.3320674433540788,False,0.0,0.19786137357648068,0.02067101864789578,0.0
서비스_업종_코드,CS300001,5095,1783,0.34995093228655544,1.599650202278395,False,0.0,0.19786137357648068,0.02067101864789578,0.0
서비스_업종_코드,CS300002,4099,799,0.1949255916077092,0.8910185208170316,False,0.0,0.19786137357648068,0.02067101864789578,0.0
서비스_업종_코드,CS300003,447,145,0.3243847874720358,1.4827855651225297,False,0.0,0.19786137357648068,0.02067101864789578,0.0
서비스_업종_코드,CS300004,1111,329,0.29612961296129614,1.3536291850374909,False,0.0,0.19786137357648068,0.02067101864789578,0.0
서비스_업종_코드,CS300006,327,101,0.308868501529052,1.4118595361929103,False,0.0,0.19786137357648068,0.02067101864789578,0.0
서비스_업종_코드,CS300007,2510,1061,0.42270916334661357,1.9322331683307234,False,0.0,0.19786137357648068,0.02067101864789578,0.0
서비스_업종_코드,CS300008,898,214,0.2383073496659243,1.0893195729090772,False,0.0,0.19786137357648068,0.02067101864789578,0.0
서비스_업종_코드,CS300009,1585,433,0.273186119873817,1.248752872468316,False,0.0,0.19786137357648068,0.02067101864789578,0.0
서비스_업종_코드,CS300010,1860,379,0.20376344086021506,0.9314169482539975,False,0.0,0.19786137357648068,0.02067101864789578,0.0
서비스_업종_코드,CS300011,4896,1216,0.24836601307189543,1.1352984272783992,False,0.0,0.19786137357648068,0.02067101864789578,0.0
서비스_업종_코드,CS300014,781,196,0.25096030729833546,1.1471571277452872,False,0.0,0.19786137357648068,0.02067101864789578,0.0
서비스_업종_코드,CS300015,337,84,0.24925816023738873,1.1393764944074642,False,0.0,0.19786137357648068,0.02067101864789578,0.0
서비스_업종_코드,CS300016,1170,196,0.1675213675213675,0.7657518946744182,False,0.0,0.19786137357648068,0.02067101864789578,0.0
서비스_업종_코드,CS300017,971,278,0.286302780638517,1.3087100467737935,False,0.0,0.19786137357648068,0.02067101864789578,0.0
서비스_업종_코드,CS300018,3397,505,0.1486605828672358,0.6795379280763639,False,0.0,0.19786137357648068,0.02067101864789578,0.0
서비스_업종_코드,CS300019,846,215,0.2541371158392435,1.1616785419100082,False,0.0,0.19786137357648068,0.02067101864789578,0.0
서비스_업종_코드,CS300020,801,252,0.3146067415730337,1.4380894330161627,False,0.0,0.19786137357648068,0.02067101864789578,0.0
서비스_업종_코드,CS300021,1506,472,0.31341301460823373,1.4326328235188523,False,0.0,0.19786137357648068,0.02067101864789578,0.0
서비스_업종_코드,CS300022,2898,918,0.3167701863354037,1.4479786904304264,False,0.0,0.19786137357648068,0.02067101864789578,0.0
서비스_업종_코드,CS300024,708,220,0.3107344632768362,1.420388977928595,False,0.0,0.19786137357648068,0.02067101864789578,0.0
서비스_업종_코드,CS300025,178,72,0.4044943820224719,1.8489721281636378,False,0.0,0.19786137357648068,0.02067101864789578,0.0
서비스_업종_코드,CS300026,66,24,0.36363636363636365,1.6622072667329675,True,0.0,0.19786137357648068,0.02067101864789578,0.0
서비스_업종_코드,CS300027,566,178,0.31448763250883394,1.4375449771480346,False,0.0,0.19786137357648068,0.02067101864789578,0.0
서비스_업종_코드,CS300028,1612,437,0.27109181141439204,1.2391796419332155,False,0.0,0.19786137357648068,0.02067101864789578,0.0
서비스_업종_코드,CS300029,318,143,0.449685534591195,2.0555440491910044,False,0.0,0.19786137357648068,0.02067101864789578,0.0
서비스_업종_코드,CS300031,599,247,0.41235392320534225,1.8848986409488617,False,0.0,0.19786137357648068,0.02067101864789578,0.0
서비스_업종_코드,CS300032,301,133,0.4418604651162791,2.0197751089952916,False,0.0,0.19786137357648068,0.02067101864789578,0.0
서비스_업종_코드,CS300033,970,266,0.27422680412371137,1.2535099130053255,False,0.0,0.19786137357648068,0.02067101864789578,0.0
서비스_업종_코드,CS300035,969,276,0.2848297213622291,1.3019765897320148,False,0.0,0.19786137357648068,0.02067101864789578,0.0
서비스_업종_코드,CS300036,942,286,0.3036093418259023,1.3878195491353278,False,0.0,0.19786137357648068,0.02067101864789578,0.0
서비스_업종_코드,CS300043,528,112,0.21212121212121213,0.969620905594231,False,0.0,0.19786137357648068,0.02067101864789578,0.0
서비스_업종_코드_명,PC방,785,176,0.22420382165605096,1.024851359361473,False,0.0,0.1978613735764807,0.020671018647895778,0.0
서비스_업종_코드_명,가구,599,247,0.41235392320534225,1.8848986409488617,False,0.0,0.1978613735764807,0.020671018647895778,0.0
서비스_업종_코드_명,가방,337,84,0.24925816023738873,1.1393764944074642,False,0.0,0.1978613735764807,0.020671018647895778,0.0
서비스_업종_코드_명,가전제품,301,133,0.4418604651162791,2.0197751089952916,False,0.0,0.1978613735764807,0.020671018647895778,0.0
서비스_업종_코드_명,가전제품수리,252,53,0.21031746031746032,0.9613758298663888,False,0.0,0.1978613735764807,0.020671018647895778,0.0
서비스_업종_코드_명,골프연습장,743,198,0.26648721399730824,1.21813170489381,False,0.0,0.1978613735764807,0.020671018647895778,0.0
서비스_업종_코드_명,네일숍,1469,411,0.27978216473791695,1.2789038551565257,False,0.0,0.1978613735764807,0.020671018647895778,0.0
서비스_업종_코드_명,노래방,3111,226,0.07264545162327225,0.3320674433540788,False,0.0,0.1978613735764807,0.020671018647895778,0.0
서비스_업종_코드_명,당구장,1942,251,0.12924819773429455,0.5908025570867306,False,0.0,0.1978613735764807,0.020671018647895778,0.0
서비스_업종_코드_명,문구,1506,472,0.31341301460823373,1.4326328235188523,False,0.0,0.1978613735764807,0.020671018647895778,0.0
서비스_업종_코드_명,미곡판매,327,101,0.308868501529052,1.4118595361929103,False,0.0,0.1978613735764807,0.020671018647895778,0.0
서비스_업종_코드_명,미용실,6541,1508,0.2305457881057942,1.0538409318363575,False,0.0,0.1978613735764807,0.020671018647895778,0.0
서비스_업종_코드_명,반찬가게,1860,379,0.20376344086021506,0.9314169482539975,False,0.0,0.1978613735764807,0.020671018647895778,0.0
서비스_업종_코드_명,부동산중개업,107,31,0.2897196261682243,1.3243286868129482,False,0.0,0.1978613735764807,0.020671018647895778,0.0
서비스_업종_코드_명,분식전문점,4586,897,0.1955952900130833,0.8940797590958454,False,0.0,0.1978613735764807,0.020671018647895778,0.0
서비스_업종_코드_명,서적,801,252,0.3146067415730337,1.4380894330161627,False,0.0,0.1978613735764807,0.020671018647895778,0.0
서비스_업종_코드_명,섬유제품,566,178,0.31448763250883394,1.4375449771480346,False,0.0,0.1978613735764807,0.020671018647895778,0.0
서비스_업종_코드_명,세탁소,2334,289,0.12382176520994002,0.5659979542570804,False,0.0,0.1978613735764807,0.020671018647895778,0.0
서비스_업종_코드_명,수산물판매,898,214,0.2383073496659243,1.0893195729090772,False,0.0,0.1978613735764807,0.020671018647895778,0.0
서비스_업종_코드_명,슈퍼마켓,5095,1783,0.34995093228655544,1.599650202278395,False,0.0,0.1978613735764807,0.020671018647895778,0.0
서비스_업종_코드_명,스포츠 강습,2493,601,0.24107501002807863,1.101970742115087,False,0.0,0.1978613735764807,0.020671018647895778,0.0
서비스_업종_코드_명,스포츠클럽,1231,286,0.2323314378554021,1.0620032618078625,False,0.0,0.1978613735764807,0.020671018647895778,0.0
서비스_업종_코드_명,시계및귀금속,971,278,0.286302780638517,1.3087100467737935,False,0.0,0.1978613735764807,0.020671018647895778,0.0
서비스_업종_코드_명,신발,781,196,0.25096030729833546,1.1471571277452872,False,0.0,0.1978613735764807,0.020671018647895778,0.0
서비스_업종_코드_명,안경,1170,196,0.1675213675213675,0.7657518946744182,False,0.0,0.1978613735764807,0.020671018647895778,0.0
서비스_업종_코드_명,애완동물,318,143,0.449685534591195,2.0555440491910044,False,0.0,0.1978613735764807,0.020671018647895778,0.0
서비스_업종_코드_명,양식음식점,1892,298,0.15750528541226216,0.7199676823930585,False,0.0,0.1978613735764807,0.020671018647895778,0.0
서비스_업종_코드_명,여관,1123,303,0.26981300089047194,1.2333341095327204,False,0.0,0.1978613735764807,0.020671018647895778,0.0
서비스_업종_코드_명,예술학원,2779,607,0.21842389348686578,0.9984309032004338,False,0.0,0.1978613735764807,0.020671018647895778,0.0
서비스_업종_코드_명,완구,66,24,0.36363636363636365,1.6622072667329675,True,0.0,0.1978613735764807,0.020671018647895778,0.0
서비스_업종_코드_명,외국어학원,341,74,0.21700879765395895,0.9919624011148354,False,0.0,0.1978613735764807,0.020671018647895778,0.0
서비스_업종_코드_명,운동/경기용품,708,220,0.3107344632768362,1.420388977928595,False,0.0,0.1978613735764807,0.020671018647895778,0.0
서비스_업종_코드_명,육류판매,2510,1061,0.42270916334661357,1.9322331683307234,False,0.0,0.1978613735764807,0.020671018647895778,0.0
서비스_업종_코드_명,의료기기,846,215,0.2541371158392435,1.1616785419100082,False,0.0,0.1978613735764807,0.020671018647895778,0.0
서비스_업종_코드_명,의약품,3397,505,0.1486605828672358,0.6795379280763639,False,0.0,0.1978613735764807,0.020671018647895778,0.0
서비스_업종_코드_명,인테리어,969,276,0.2848297213622291,1.3019765897320148,False,0.0,0.1978613735764807,0.020671018647895778,0.0
서비스_업종_코드_명,일반교습학원,3626,897,0.2473800330943188,1.1307914437985513,False,0.0,0.1978613735764807,0.020671018647895778,0.0
서비스_업종_코드_명,일반의류,4896,1216,0.24836601307189543,1.1352984272783992,False,0.0,0.1978613735764807,0.020671018647895778,0.0
서비스_업종_코드_명,일반의원,2957,284,0.09604328711531958,0.4390205868510137,False,0.0,0.1978613735764807,0.020671018647895778,0.0
서비스_업종_코드_명,일식음식점,1888,286,0.15148305084745764,0.6924396267401901,False,0.0,0.1978613735764807,0.020671018647895778,0.0
서비스_업종_코드_명,자동차미용,269,64,0.2379182156133829,1.0875408139219414,False,0.0,0.1978613735764807,0.020671018647895778,0.0
서비스_업종_코드_명,자동차수리,2226,430,0.1931716082659479,0.88300094021192,False,0.0,0.1978613735764807,0.020671018647895778,0.0
서비스_업종_코드_명,자전거 및 기타운송장비,178,72,0.4044943820224719,1.8489721281636378,False,0.0,0.1978613735764807,0.020671018647895778,0.0
서비스_업종_코드_명,전자상거래업,528,112,0.21212121212121213,0.969620905594231,False,0.0,0.1978613735764807,0.020671018647895778,0.0
서비스_업종_코드_명,제과점,2446,589,0.24080130825838103,1.1007196321711872,False,0.0,0.1978613735764807,0.020671018647895778,0.0
서비스_업종_코드_명,조명용품,942,286,0.3036093418259023,1.3878195491353278,False,0.0,0.1978613735764807,0.020671018647895778,0.0
서비스_업종_코드_명,중식음식점,2432,370,0.15213815789473684,0.6954341668999976,False,0.0,0.1978613735764807,0.020671018647895778,0.0
서비스_업종_코드_명,철물점,970,266,0.27422680412371137,1.2535099130053255,False,0.0,0.1978613735764807,0.020671018647895778,0.0
서비스_업종_코드_명,청과상,1585,433,0.273186119873817,1.248752872468316,False,0.0,0.1978613735764807,0.020671018647895778,0.0
서비스_업종_코드_명,치과의원,2256,476,0.21099290780141844,0.964463347585751,False,0.0,0.1978613735764807,0.020671018647895778,0.0
서비스_업종_코드_명,치킨전문점,3345,894,0.2672645739910314,1.2216850718275036,False,0.0,0.1978613735764807,0.020671018647895778,0.0
서비스_업종_코드_명,커피-음료,6099,1272,0.2085587801278898,0.9533367796412394,False,0.0,0.1978613735764807,0.020671018647895778,0.0
서비스_업종_코드_명,컴퓨터및주변장치판매,447,145,0.3243847874720358,1.4827855651225297,False,0.0,0.1978613735764807,0.020671018647895778,0.0
서비스_업종_코드_명,패스트푸드점,2329,743,0.31902103907256335,1.458267495814571,False,0.0,0.1978613735764807,0.020671018647895778,0.0
서비스_업종_코드_명,편의점,4099,799,0.1949255916077092,0.8910185208170316,False,0.0,0.1978613735764807,0.020671018647895778,0.0
서비스_업종_코드_명,피부관리실,1605,395,0.24610591900311526,1.1249673791206765,False,0.0,0.1978613735764807,0.020671018647895778,0.0
서비스_업종_코드_명,한식음식점,8356,672,0.08042125418860699,0.3676111810582245,False,0.0,0.1978613735764807,0.020671018647895778,0.0
서비스_업종_코드_명,한의원,1847,491,0.265836491608013,1.2151572073125008,False,0.0,0.1978613735764807,0.020671018647895778,0.0
서비스_업종_코드_명,핸드폰,1111,329,0.29612961296129614,1.3536291850374909,False,0.0,0.1978613735764807,0.020671018647895778,0.0
서비스_업종_코드_명,호프-간이주점,5309,650,0.12243360331512526,0.5596525690874325,False,0.0,0.1978613735764807,0.020671018647895778,0.0
서비스_업종_코드_명,화장품,2898,918,0.3167701863354037,1.4479786904304264,False,0.0,0.1978613735764807,0.020671018647895778,0.0
서비스_업종_코드_명,화초,1612,437,0.27109181141439204,1.2391796419332155,False,0.0,0.1978613735764807,0.020671018647895778,0.0
변화__상권_변화_지표,HH,35488,7251,0.2043225879170424,0.9339728485818319,False,1.3103734900471912e-20,0.027562938593640646,0.00039308894683096063,1.747164653396255e-20
변화__상권_변화_지표,HL,26128,6103,0.2335808328230251,1.0677143336419195,False,1.3103734900471912e-20,0.027562938593640646,0.00039308894683096063,1.747164653396255e-20
변화__상권_변화_지표,LH,14584,3040,0.20844761382336807,0.9528286306834618,False,1.3103734900471912e-20,0.027562938593640646,0.00039308894683096063,1.747164653396255e-20
변화__상권_변화_지표,LL,45811,10298,0.22479317194560258,1.0275453207798186,False,1.3103734900471912e-20,0.027562938593640646,0.00039308894683096063,1.747164653396255e-20
변화__상권_변화_지표_명,다이나믹,45811,10298,0.22479317194560258,1.0275453207798186,False,1.3103734900471912e-20,0.027562938593640646,0.00039308894683096063,1.747164653396255e-20
변화__상권_변화_지표_명,상권축소,26128,6103,0.2335808328230251,1.0677143336419195,False,1.3103734900471912e-20,0.027562938593640646,0.00039308894683096063,1.747164653396255e-20
변화__상권_변화_지표_명,상권확장,14584,3040,0.20844761382336807,0.9528286306834618,False,1.3103734900471912e-20,0.027562938593640646,0.00039308894683096063,1.747164653396255e-20
변화__상권_변화_지표_명,정체,35488,7251,0.2043225879170424,0.9339728485818319,False,1.3103734900471912e-20,0.027562938593640646,0.00039308894683096063,1.747164653396255e-20
공간__상권_구분_코드,A,60438,13842,0.2290280949071776,1.0469034500119754,False,1.471967397220043e-16,0.024598237051611856,0.0003152532023373636,1.471967397220043e-16
공간__상권_구분_코드,D,41802,8641,0.206712597483374,0.9448977495708057,False,1.471967397220043e-16,0.024598237051611856,0.0003152532023373636,1.471967397220043e-16
공간__상권_구분_코드,R,18341,3908,0.21307453246824054,0.9739785996172073,False,1.471967397220043e-16,0.024598237051611856,0.0003152532023373636,1.471967397220043e-16
공간__상권_구분_코드,U,1430,301,0.21048951048951048,0.9621622832435061,False,1.471967397220043e-16,0.024598237051611856,0.0003152532023373636,1.471967397220043e-16
공간__상권_구분_코드_명,골목상권,60438,13842,0.2290280949071776,1.0469034500119754,False,1.471967397220043e-16,0.024598237051611856,0.0003152532023373636,1.471967397220043e-16
공간__상권_구분_코드_명,관광특구,1430,301,0.21048951048951048,0.9621622832435061,False,1.471967397220043e-16,0.024598237051611856,0.0003152532023373636,1.471967397220043e-16
공간__상권_구분_코드_명,발달상권,41802,8641,0.206712597483374,0.9448977495708057,False,1.471967397220043e-16,0.024598237051611856,0.0003152532023373636,1.471967397220043e-16
공간__상권_구분_코드_명,전통시장,18341,3908,0.21307453246824054,0.9739785996172073,False,1.471967397220043e-16,0.024598237051611856,0.0003152532023373636,1.471967397220043e-16
공간__상권_코드_명,4.19민주묘지역 2번,47,11,0.23404255319148937,1.0698248897589844,True,6.057454788355709e-21,0.03985026997919498,0.01798260455114001,9.691927661369135e-21
공간__상권_코드_명,63빌딩,60,17,0.2833333333333333,1.295136495329437,True,6.057454788355709e-21,0.03985026997919498,0.01798260455114001,9.691927661369135e-21
공간__상권_코드_명,DMC(디지털미디어시티),174,37,0.21264367816091953,0.9720091344257438,False,6.057454788355709e-21,0.03985026997919498,0.01798260455114001,9.691927661369135e-21
공간__상권_코드_명,GS강동자이아파트,86,12,0.13953488372093023,0.6378237186300921,True,6.057454788355709e-21,0.03985026997919498,0.01798260455114001,9.691927661369135e-21
공간__상권_코드_명,G타워,44,4,0.09090909090909091,0.41555181668324187,True,6.057454788355709e-21,0.03985026997919498,0.01798260455114001,9.691927661369135e-21
공간__상권_코드_명,KB국민은행 망원동지점,85,20,0.23529411764705882,1.075545878474273,True,6.057454788355709e-21,0.03985026997919498,0.01798260455114001,9.691927661369135e-21
공간__상권_코드_명,KB국민은행 서강지점,30,4,0.13333333333333333,0.609475997802088,True,6.057454788355709e-21,0.03985026997919498,0.01798260455114001,9.691927661369135e-21
공간__상권_코드_명,KB국민은행 종암동지점,12,0,0.0,0.0,True,6.057454788355709e-21,0.03985026997919498,0.01798260455114001,9.691927661369135e-21
공간__상권_코드_명,KB국민은행 중화동지점,30,8,0.26666666666666666,1.218951995604176,True,6.057454788355709e-21,0.03985026997919498,0.01798260455114001,9.691927661369135e-21
공간__상권_코드_명,KC대학교,12,1,0.08333333333333333,0.380922498626305,True,6.057454788355709e-21,0.03985026997919498,0.01798260455114001,9.691927661369135e-21
공간__상권_코드_명,KT&G 북부지사,18,7,0.3888888888888889,1.7776383269227567,True,6.057454788355709e-21,0.03985026997919498,0.01798260455114001,9.691927661369135e-21
공간__상권_코드_명,KT구로지사,35,5,0.14285714285714285,0.6530099976450943,True,6.057454788355709e-21,0.03985026997919498,0.01798260455114001,9.691927661369135e-21
공간__상권_코드_명,KT금천빌딩(금천구시설관리공단),62,24,0.3870967741935484,1.7694464452318683,True,6.057454788355709e-21,0.03985026997919498,0.01798260455114001,9.691927661369135e-21
공간__상권_코드_명,KT대방빌딩,30,10,0.3333333333333333,1.52368999450522,True,6.057454788355709e-21,0.03985026997919498,0.01798260455114001,9.691927661369135e-21
공간__상권_코드_명,KT월곡지사,24,7,0.2916666666666667,1.3332287451920677,True,6.057454788355709e-21,0.03985026997919498,0.01798260455114001,9.691927661369135e-21
공간__상권_코드_명,NH농협은행 보광동지점,83,28,0.3373493975903614,1.5420477052823913,True,6.057454788355709e-21,0.03985026997919498,0.01798260455114001,9.691927661369135e-21
공간__상권_코드_명,NH농협은행 상도동지점,75,15,0.2,0.9142139967031321,True,6.057454788355709e-21,0.03985026997919498,0.01798260455114001,9.691927661369135e-21
공간__상권_코드_명,Sh수협은행 오금동금융센터(아랫말어린이공원),13,4,0.3076923076923077,1.4064830718509724,True,6.057454788355709e-21,0.03985026997919498,0.01798260455114001,9.691927661369135e-21
공간__상권_코드_명,team204(팀204),6,0,0.0,0.0,True,6.057454788355709e-21,0.03985026997919498,0.01798260455114001,9.691927661369135e-21
공간__상권_코드_명,가락시장,57,5,0.08771929824561403,0.4009710511855842,True,6.057454788355709e-21,0.03985026997919498,0.01798260455114001,9.691927661369135e-21
공간__상권_코드_명,가락시장역,213,55,0.25821596244131456,1.1803232351801,False,6.057454788355709e-21,0.03985026997919498,0.01798260455114001,9.691927661369135e-21
공간__상권_코드_명,가로수길,235,67,0.2851063829787234,1.3032412293427629,False,6.057454788355709e-21,0.03985026997919498,0.01798260455114001,9.691927661369135e-21
공간__상권_코드_명,가리봉시장,60,7,0.11666666666666667,0.5332914980768271,True,6.057454788355709e-21,0.03985026997919498,0.01798260455114001,9.691927661369135e-21
공간__상권_코드_명,가리봉파출소,35,3,0.08571428571428572,0.3918059985870566,True,6.057454788355709e-21,0.03985026997919498,0.01798260455114001,9.691927661369135e-21
공간__상권_코드_명,가산동우체국,88,14,0.1590909090909091,0.7272156791956732,True,6.057454788355709e-21,0.03985026997919498,0.01798260455114001,9.691927661369135e-21
공간__상권_코드_명,가산동주민센터,60,13,0.21666666666666667,0.9903984964283931,True,6.057454788355709e-21,0.03985026997919498,0.01798260455114001,9.691927661369135e-21
공간__상권_코드_명,가산디지털단지,278,53,0.1906474820143885,0.8714629824688129,False,6.057454788355709e-21,0.03985026997919498,0.01798260455114001,9.691927661369135e-21
공간__상권_코드_명,가산디지털단지역 1번 출입구,24,5,0.20833333333333334,0.9523062465657626,True,6.057454788355709e-21,0.03985026997919498,0.01798260455114001,9.691927661369135e-21
공간__상권_코드_명,가산초등학교(세일중학교),89,27,0.30337078651685395,1.3867290961227285,True,6.057454788355709e-21,0.03985026997919498,0.01798260455114001,9.691927661369135e-21
공간__상권_코드_명,가양역 10번,111,20,0.18018018018018017,0.8236162132460648,False,6.057454788355709e-21,0.03985026997919498,0.01798260455114001,9.691927661369135e-21
공간__상권_코드_명,가오리역 1번,47,13,0.2765957446808511,1.2643385060787997,True,6.057454788355709e-21,0.03985026997919498,0.01798260455114001,9.691927661369135e-21
공간__상권_코드_명,가오리역 2번,41,2,0.04878048780487805,0.22297902358612978,True,6.057454788355709e-21,0.03985026997919498,0.01798260455114001,9.691927661369135e-21
공간__상권_코드_명,가인초등학교,52,10,0.19230769230769232,0.8790519199068578,True,6.057454788355709e-21,0.03985026997919498,0.01798260455114001,9.691927661369135e-21
공간__상권_코드_명,가좌역 2번,67,19,0.2835820895522388,1.2962735774148886,True,6.057454788355709e-21,0.03985026997919498,0.01798260455114001,9.691927661369135e-21
공간__상권_코드_명,가좌역 3번,24,1,0.041666666666666664,0.1904612493131525,True,6.057454788355709e-21,0.03985026997919498,0.01798260455114001,9.691927661369135e-21
공간__상권_코드_명,간데메공원,88,27,0.3068181818181818,1.4024873813059413,True,6.057454788355709e-21,0.03985026997919498,0.01798260455114001,9.691927661369135e-21
공간__상권_코드_명,갈산공원,12,0,0.0,0.0,True,6.057454788355709e-21,0.03985026997919498,0.01798260455114001,9.691927661369135e-21
공간__상권_코드_명,갈현건영아파트,30,13,0.43333333333333335,1.9807969928567861,True,6.057454788355709e-21,0.03985026997919498,0.01798260455114001,9.691927661369135e-21
공간__상권_코드_명,강남 마이스 관광특구,168,37,0.22023809523809523,1.0067237463695204,False,6.057454788355709e-21,0.03985026997919498,0.01798260455114001,9.691927661369135e-21
공간__상권_코드_명,강남개포시장,166,28,0.1686746987951807,0.7710238526411957,False,6.057454788355709e-21,0.03985026997919498,0.01798260455114001,9.691927661369135e-21
공간__상권_코드_명,강남골목시장,24,2,0.08333333333333333,0.380922498626305,True,6.057454788355709e-21,0.03985026997919498,0.01798260455114001,9.691927661369135e-21
공간__상권_코드_명,강남구보훈회관,37,4,0.10810810810810811,0.49416972794763897,True,6.057454788355709e-21,0.03985026997919498,0.01798260455114001,9.691927661369135e-21
공간__상권_코드_명,"강남구청(청담역_8번, 강남세무서)",194,38,0.1958762886597938,0.8953642235752324,False,6.057454788355709e-21,0.03985026997919498,0.01798260455114001,9.691927661369135e-21
공간__상권_코드_명,강남구청역,238,45,0.18907563025210083,0.8642779380596837,False,6.057454788355709e-21,0.03985026997919498,0.01798260455114001,9.691927661369135e-21
공간__상권_코드_명,강남구청역 2번,18,7,0.3888888888888889,1.7776383269227567,True,6.057454788355709e-21,0.03985026997919498,0.01798260455114001,9.691927661369135e-21
공간__상권_코드_명,강남구청역 4번,43,5,0.11627906976744186,0.5315197655250767,True,6.057454788355709e-21,0.03985026997919498,0.01798260455114001,9.691927661369135e-21
공간__상권_코드_명,강남세브란스병원미래의학연구센터,19,6,0.3157894736842105,1.443495784268103,True,6.057454788355709e-21,0.03985026997919498,0.01798260455114001,9.691927661369135e-21
공간__상권_코드_명,강남시장(강남구 강남시장),20,7,0.35,1.599874494230481,True,6.057454788355709e-21,0.03985026997919498,0.01798260455114001,9.691927661369135e-21
공간__상권_코드_명,강남시장(동작구 강남시장),9,1,0.1111111111111111,0.5078966648350733,True,6.057454788355709e-21,0.03985026997919498,0.01798260455114001,9.691927661369135e-21
공간__상권_코드_명,강남언주로,42,9,0.21428571428571427,0.9795149964676414,True,6.057454788355709e-21,0.03985026997919498,0.01798260455114001,9.691927661369135e-21
공간__상권_코드_명,강남역,288,53,0.1840277777777778,0.8412038511330903,False,6.057454788355709e-21,0.03985026997919498,0.01798260455114001,9.691927661369135e-21
공간__상권_코드_명,강남을지병원,241,53,0.21991701244813278,1.0052560544660996,False,6.057454788355709e-21,0.03985026997919498,0.01798260455114001,9.691927661369135e-21
공간__상권_코드_명,강동구립 천호도서관,56,20,0.35714285714285715,1.6325249941127358,True,6.057454788355709e-21,0.03985026997919498,0.01798260455114001,9.691927661369135e-21
공간__상권_코드_명,강동구립성내도서관,105,26,0.24761904761904763,1.1318839959181635,False,6.057454788355709e-21,0.03985026997919498,0.01798260455114001,9.691927661369135e-21
공간__상권_코드_명,강동구청(강동구청역 2번),18,4,0.2222222222222222,1.0157933296701467,True,6.057454788355709e-21,0.03985026997919498,0.01798260455114001,9.691927661369135e-21
공간__상권_코드_명,강동구청역,182,40,0.21978021978021978,1.0046307656078375,False,6.057454788355709e-21,0.03985026997919498,0.01798260455114001,9.691927661369135e-21
공간__상권_코드_명,강동성심병원,22,2,0.09090909090909091,0.41555181668324187,True,6.057454788355709e-21,0.03985026997919498,0.01798260455114001,9.691927661369135e-21
공간__상권_코드_명,강동역 4번(강풀만화거리),164,31,0.18902439024390244,0.8640437163962529,False,6.057454788355709e-21,0.03985026997919498,0.01798260455114001,9.691927661369135e-21
공간__상권_코드_명,강변역(테크노마트),211,53,0.25118483412322273,1.1481834555750237,False,6.057454788355709e-21,0.03985026997919498,0.01798260455114001,9.691927661369135e-21
공간__상권_코드_명,강북구청,54,11,0.2037037037037037,0.9311438855309677,True,6.057454788355709e-21,0.03985026997919498,0.01798260455114001,9.691927661369135e-21
공간__상권_코드_명,강북문화예술회관,60,19,0.31666666666666665,1.447505494779959,True,6.057454788355709e-21,0.03985026997919498,0.01798260455114001,9.691927661369135e-21
공간__상권_코드_명,강북문화정보도서관,6,2,0.3333333333333333,1.52368999450522,True,6.057454788355709e-21,0.03985026997919498,0.01798260455114001,9.691927661369135e-21
공간__상권_코드_명,강북북부골목시장,48,12,0.25,1.1427674958789151,True,6.057454788355709e-21,0.03985026997919498,0.01798260455114001,9.691927661369135e-21
공간__상권_코드_명,강북북부시장,6,0,0.0,0.0,True,6.057454788355709e-21,0.03985026997919498,0.01798260455114001,9.691927661369135e-21
공간__상권_코드_명,강북종합전통시장(강북종합골목시장),128,31,0.2421875,1.1070560116326988,False,6.057454788355709e-21,0.03985026997919498,0.01798260455114001,9.691927661369135e-21
공간__상권_코드_명,강북중학교,74,10,0.13513513513513514,0.6177121599345488,True,6.057454788355709e-21,0.03985026997919498,0.01798260455114001,9.691927661369135e-21
공간__상권_코드_명,강서고등학교,53,12,0.22641509433962265,1.0349592415507156,True,6.057454788355709e-21,0.03985026997919498,0.01798260455114001,9.691927661369135e-21
공간__상권_코드_명,강서구다솔마을,71,11,0.15492957746478872,0.70819394110806,True,6.057454788355709e-21,0.03985026997919498,0.01798260455114001,9.691927661369135e-21
공간__상권_코드_명,강서구청,230,54,0.23478260869565218,1.0732077352601985,False,6.057454788355709e-21,0.03985026997919498,0.01798260455114001,9.691927661369135e-21
공간__상권_코드_명,강서구청가양동별관,34,8,0.23529411764705882,1.075545878474273,True,6.057454788355709e-21,0.03985026997919498,0.01798260455114001,9.691927661369135e-21
공간__상권_코드_명,강서구청옆,18,3,0.16666666666666666,0.76184499725261,True,6.057454788355709e-21,0.03985026997919498,0.01798260455114001,9.691927661369135e-21
공간__상권_코드_명,강서농산물도매시장,36,4,0.1111111111111111,0.5078966648350733,True,6.057454788355709e-21,0.03985026997919498,0.01798260455114001,9.691927661369135e-21
공간__상권_코드_명,강서새말어린이공원,24,6,0.25,1.1427674958789151,True,6.057454788355709e-21,0.03985026997919498,0.01798260455114001,9.691927661369135e-21
공간__상권_코드_명,강일동주민센터,104,19,0.18269230769230768,0.8350993239115148,False,6.057454788355709e-21,0.03985026997919498,0.01798260455114001,9.691927661369135e-21
공간__상권_코드_명,개나리아파트,175,58,0.3314285714285714,1.5149831945366188,False,6.057454788355709e-21,0.03985026997919498,0.01798260455114001,9.691927661369135e-21
공간__상권_코드_명,개롱역,224,55,0.24553571428571427,1.1223609334525058,False,6.057454788355709e-21,0.03985026997919498,0.01798260455114001,9.691927661369135e-21
공간__상권_코드_명,개미어린이공원,11,0,0.0,0.0,True,6.057454788355709e-21,0.03985026997919498,0.01798260455114001,9.691927661369135e-21
공간__상권_코드_명,개봉1동주민센터,165,46,0.2787878787878788,1.274358904495275,False,6.057454788355709e-21,0.03985026997919498,0.01798260455114001,9.691927661369135e-21
공간__상권_코드_명,개봉3동주민센터,36,13,0.3611111111111111,1.6506641607139885,True,6.057454788355709e-21,0.03985026997919498,0.01798260455114001,9.691927661369135e-21
공간__상권_코드_명,개봉동 현대아파트,205,45,0.21951219512195122,1.003405606137584,False,6.057454788355709e-21,0.03985026997919498,0.01798260455114001,9.691927661369135e-21
공간__상권_코드_명,개봉역,114,24,0.21052631578947367,0.9623305228454021,False,6.057454788355709e-21,0.03985026997919498,0.01798260455114001,9.691927661369135e-21
공간__상권_코드_명,개봉중앙시장,146,39,0.2671232876712329,1.2210392421719916,False,6.057454788355709e-21,0.03985026997919498,0.01798260455114001,9.691927661369135e-21
공간__상권_코드_명,개봉중학교,78,27,0.34615384615384615,1.5822934558323438,True,6.057454788355709e-21,0.03985026997919498,0.01798260455114001,9.691927661369135e-21
공간__상권_코드_명,개봉초등학교,36,9,0.25,1.1427674958789151,True,6.057454788355709e-21,0.03985026997919498,0.01798260455114001,9.691927661369135e-21
공간__상권_코드_명,개봉프라자(고척근린시장),6,1,0.16666666666666666,0.76184499725261,True,6.057454788355709e-21,0.03985026997919498,0.01798260455114001,9.691927661369135e-21
공간__상권_코드_명,개웅초등학교(개웅중학교),48,18,0.375,1.7141512438183726,True,6.057454788355709e-21,0.03985026997919498,0.01798260455114001,9.691927661369135e-21
공간__상권_코드_명,개포고등학교,98,11,0.11224489795918367,0.5130792838640027,True,6.057454788355709e-21,0.03985026997919498,0.01798260455114001,9.691927661369135e-21
공간__상권_코드_명,개포지구대옆,23,7,0.30434782608695654,1.3911952123743314,True,6.057454788355709e-21,0.03985026997919498,0.01798260455114001,9.691927661369135e-21
공간__상권_코드_명,개화산역 1번,30,4,0.13333333333333333,0.609475997802088,True,6.057454788355709e-21,0.03985026997919498,0.01798260455114001,9.691927661369135e-21
공간__상권_코드_명,거여역,174,34,0.19540229885057472,0.8931975829858187,False,6.057454788355709e-21,0.03985026997919498,0.01798260455114001,9.691927661369135e-21
공간__상권_코드_명,거여역 1번(거여공원),104,19,0.18269230769230768,0.8350993239115148,False,6.057454788355709e-21,0.03985026997919498,0.01798260455114001,9.691927661369135e-21
공간__상권_코드_명,거여초등학교,19,2,0.10526315789473684,0.48116526142270105,True,6.057454788355709e-21,0.03985026997919498,0.01798260455114001,9.691927661369135e-21
공간__상권_코드_명,건대입구역 1번,63,8,0.12698412698412698,0.5804533312400838,True,6.057454788355709e-21,0.03985026997919498,0.01798260455114001,9.691927661369135e-21
공간__상권_코드_명,건대입구역 6번,109,27,0.24770642201834864,1.132283390412136,False,6.057454788355709e-21,0.03985026997919498,0.01798260455114001,9.691927661369135e-21
공간__상권_코드_명,건대입구역(건대),215,34,0.15813953488372093,0.7228668811141044,False,6.057454788355709e-21,0.03985026997919498,0.01798260455114001,9.691927661369135e-21
공간__상권_코드_명,경기고교사거리(경기고교앞사거리),103,21,0.20388349514563106,0.9319657247944549,False,6.057454788355709e-21,0.03985026997919498,0.01798260455114001,9.691927661369135e-21
공간__상권_코드_명,경기대학교,12,1,0.08333333333333333,0.380922498626305,True,6.057454788355709e-21,0.03985026997919498,0.01798260455114001,9.691927661369135e-21
공간__상권_코드_명,경동고등학교,91,31,0.34065934065934067,1.557177686692148,True,6.057454788355709e-21,0.03985026997919498,0.01798260455114001,9.691927661369135e-21
공간__상권_코드_명,경동광성상가(경동시장),42,15,0.35714285714285715,1.6325249941127358,True,6.057454788355709e-21,0.03985026997919498,0.01798260455114001,9.691927661369135e-21
공간__상권_코드_명,경동시장,51,3,0.058823529411764705,0.26888646961856827,True,6.057454788355709e-21,0.03985026997919498,0.01798260455114001,9.691927661369135e-21
공간__상권_코드_명,경리단길남측,89,18,0.20224719101123595,0.9244860640818189,True,6.057454788355709e-21,0.03985026997919498,0.01798260455114001,9.691927661369135e-21
공간__상권_코드_명,경리단길북측,112,41,0.36607142857142855,1.673338118965554,False,6.057454788355709e-21,0.03985026997919498,0.01798260455114001,9.691927661369135e-21
공간__상권_코드_명,경문고등학교(동작동성당),24,8,0.3333333333333333,1.52368999450522,True,6.057454788355709e-21,0.03985026997919498,0.01798260455114001,9.691927661369135e-21
공간__상권_코드_명,경복고등학교,14,2,0.14285714285714285,0.6530099976450943,True,6.057454788355709e-21,0.03985026997919498,0.01798260455114001,9.691927661369135e-21
공간__상권_코드_명,경복아파트교차로,68,15,0.22058823529411764,1.0083242610696308,True,6.057454788355709e-21,0.03985026997919498,0.01798260455114001,9.691927661369135e-21
공간__상권_코드_명,경성고등학교,103,27,0.2621359223300971,1.1982416461642993,False,6.057454788355709e-21,0.03985026997919498,0.01798260455114001,9.691927661369135e-21
공간__상권_코드_명,경수초등학교,84,10,0.11904761904761904,0.5441749980375785,True,6.057454788355709e-21,0.03985026997919498,0.01798260455114001,9.691927661369135e-21
공간__상권_코드_명,경신고등학교,39,5,0.1282051282051282,0.5860346132712384,True,6.057454788355709e-21,0.03985026997919498,0.01798260455114001,9.691927661369135e-21
공간__상권_코드_명,경의선책거리,124,20,0.16129032258064516,0.7372693521799452,False,6.057454788355709e-21,0.03985026997919498,0.01798260455114001,9.691927661369135e-21
공간__상권_코드_명,경의중앙 신촌역,44,11,0.25,1.1427674958789151,True,6.057454788355709e-21,0.03985026997919498,0.01798260455114001,9.691927661369135e-21
공간__상권_코드_명,경찰병원역,235,59,0.251063829787234,1.1476303362869102,False,6.057454788355709e-21,0.03985026997919498,0.01798260455114001,9.691927661369135e-21
공간__상권_코드_명,경찰병원역 3번,31,10,0.3225806451612903,1.4745387043598903,True,6.057454788355709e-21,0.03985026997919498,0.01798260455114001,9.691927661369135e-21
공간__상권_코드_명,경찰병원역 4번(건너말공원),20,0,0.0,0.0,True,6.057454788355709e-21,0.03985026997919498,0.01798260455114001,9.691927661369135e-21
공간__상권_코드_명,경찰청앞교차로,46,8,0.17391304347826086,0.7949686927853322,True,6.057454788355709e-21,0.03985026997919498,0.01798260455114001,9.691927661369135e-21
공간__상권_코드_명,경창시장,110,34,0.3090909090909091,1.4128761767230222,False,6.057454788355709e-21,0.03985026997919498,0.01798260455114001,9.691927661369135e-21
공간__상권_코드_명,경춘선숲길 우측,154,23,0.14935064935064934,0.6826922702653259,False,6.057454788355709e-21,0.03985026997919498,0.01798260455114001,9.691927661369135e-21
공간__상권_코드_명,경향신문사,34,0,0.0,0.0,True,6.057454788355709e-21,0.03985026997919498,0.01798260455114001,9.691927661369135e-21
공간__상권_코드_명,경희대삼거리,102,34,0.3333333333333333,1.52368999450522,False,6.057454788355709e-21,0.03985026997919498,0.01798260455114001,9.691927661369135e-21
공간__상권_코드_명,경희대학교(경희대),120,20,0.16666666666666666,0.76184499725261,False,6.057454788355709e-21,0.03985026997919498,0.01798260455114001,9.691927661369135e-21
공간__상권_코드_명,경희대후문,44,5,0.11363636363636363,0.5194397708540522,True,6.057454788355709e-21,0.03985026997919498,0.01798260455114001,9.691927661369135e-21
공간__상권_코드_명,계남근린공원,19,5,0.2631578947368421,1.2029131535567525,True,6.057454788355709e-21,0.03985026997919498,0.01798260455114001,9.691927661369135e-21
공간__상권_코드_명,계상초등학교,117,29,0.24786324786324787,1.1330002523243945,False,6.057454788355709e-21,0.03985026997919498,0.01798260455114001,9.691927661369135e-21
공간__상권_코드_명,고대앞사거리,32,6,0.1875,0.8570756219091863,True,6.057454788355709e-21,0.03985026997919498,0.01798260455114001,9.691927661369135e-21
공간__상권_코드_명,고덕 골목형상점가,68,7,0.10294117647058823,0.47055132183249443,True,6.057454788355709e-21,0.03985026997919498,0.01798260455114001,9.691927661369135e-21
공간__상권_코드_명,고덕동성당,44,8,0.18181818181818182,0.8311036333664837,True,6.057454788355709e-21,0.03985026997919498,0.01798260455114001,9.691927661369135e-21
공간__상권_코드_명,고덕역,196,46,0.23469387755102042,1.0728021389883693,False,6.057454788355709e-21,0.03985026997919498,0.01798260455114001,9.691927661369135e-21
공간__상권_코드_명,고덕중학교(고덕2동주민센터),47,10,0.2127659574468085,0.9725680815990766,True,6.057454788355709e-21,0.03985026997919498,0.01798260455114001,9.691927661369135e-21
공간__상권_코드_명,고려대역 4번,12,5,0.4166666666666667,1.9046124931315251,True,6.057454788355709e-21,0.03985026997919498,0.01798260455114001,9.691927661369135e-21
공간__상권_코드_명,고려대역 6번,63,17,0.2698412698412698,1.2334633288851782,True,6.057454788355709e-21,0.03985026997919498,0.01798260455114001,9.691927661369135e-21
공간__상권_코드_명,고분다리전통시장,66,12,0.18181818181818182,0.8311036333664837,True,6.057454788355709e-21,0.03985026997919498,0.01798260455114001,9.691927661369135e-21
공간__상권_코드_명,고속터미널(고속터미널역),214,42,0.19626168224299065,0.897125884615223,False,6.057454788355709e-21,0.03985026997919498,0.01798260455114001,9.691927661369135e-21
공간__상권_코드_명,고척골목시장상점가(그라운드 고척),90,24,0.26666666666666666,1.218951995604176,True,6.057454788355709e-21,0.03985026997919498,0.01798260455114001,9.691927661369135e-21
공간__상권_코드_명,고척근린시장,104,29,0.27884615384615385,1.2746252838649437,False,6.057454788355709e-21,0.03985026997919498,0.01798260455114001,9.691927661369135e-21
공간__상권_코드_명,고척동성당,49,9,0.1836734693877551,0.8395842826865498,True,6.057454788355709e-21,0.03985026997919498,0.01798260455114001,9.691927661369135e-21
공간__상권_코드_명,고척중학교,6,1,0.16666666666666666,0.76184499725261,True,6.057454788355709e-21,0.03985026997919498,0.01798260455114001,9.691927661369135e-21
공간__상권_코드_명,고척초등학교,42,20,0.47619047619047616,2.176699992150314,True,6.057454788355709e-21,0.03985026997919498,0.01798260455114001,9.691927661369135e-21
공간__상권_코드_명,고척프라자,27,10,0.37037037037037035,1.6929888827835777,True,6.057454788355709e-21,0.03985026997919498,0.01798260455114001,9.691927661369135e-21
공간__상권_코드_명,곰달래도서관,96,29,0.3020833333333333,1.3808440575203556,True,6.057454788355709e-21,0.03985026997919498,0.01798260455114001,9.691927661369135e-21
공간__상권_코드_명,공군호텔,107,25,0.2336448598130841,1.0680070054943132,False,6.057454788355709e-21,0.03985026997919498,0.01798260455114001,9.691927661369135e-21
공간__상권_코드_명,공덕동주민센터,34,6,0.17647058823529413,0.8066594088557048,True,6.057454788355709e-21,0.03985026997919498,0.01798260455114001,9.691927661369135e-21
공간__상권_코드_명,공덕래미안3차아파트,34,6,0.17647058823529413,0.8066594088557048,True,6.057454788355709e-21,0.03985026997919498,0.01798260455114001,9.691927661369135e-21
공간__상권_코드_명,공덕시장,48,4,0.08333333333333333,0.380922498626305,True,6.057454788355709e-21,0.03985026997919498,0.01798260455114001,9.691927661369135e-21
공간__상권_코드_명,공덕역(공덕오거리),158,31,0.1962025316455696,0.8968555030948446,False,6.057454788355709e-21,0.03985026997919498,0.01798260455114001,9.691927661369135e-21
공간__상권_코드_명,공릉동 국수거리,154,54,0.35064935064935066,1.6028427214925043,False,6.057454788355709e-21,0.03985026997919498,0.01798260455114001,9.691927661369135e-21
공간__상권_코드_명,공릉동 도깨비시장,121,26,0.21487603305785125,0.9822133848876625,False,6.057454788355709e-21,0.03985026997919498,0.01798260455114001,9.691927661369135e-21
공간__상권_코드_명,공릉역,137,22,0.16058394160583941,0.7340404353090841,False,6.057454788355709e-21,0.03985026997919498,0.01798260455114001,9.691927661369135e-21
공간__상권_코드_명,공릉역 2번,66,23,0.3484848484848485,1.5929486306190939,True,6.057454788355709e-21,0.03985026997919498,0.01798260455114001,9.691927661369135e-21
공간__상권_코드_명,공항고등학교,46,12,0.2608695652173913,1.1924530391779982,True,6.057454788355709e-21,0.03985026997919498,0.01798260455114001,9.691927661369135e-21
공간__상권_코드_명,공항시장,20,5,0.25,1.1427674958789151,True,6.057454788355709e-21,0.03985026997919498,0.01798260455114001,9.691927661369135e-21
공간__상권_코드_명,공항시장역 1번,79,17,0.21518987341772153,0.9836479711362813,True,6.057454788355709e-21,0.03985026997919498,0.01798260455114001,9.691927661369135e-21
공간__상권_코드_명,공항시장역 3번,40,7,0.175,0.7999372471152405,True,6.057454788355709e-21,0.03985026997919498,0.01798260455114001,9.691927661369135e-21
공간__상권_코드_명,관성묘,6,0,0.0,0.0,True,6.057454788355709e-21,0.03985026997919498,0.01798260455114001,9.691927661369135e-21
공간__상권_코드_명,관악구 중앙길,165,52,0.3151515151515151,1.4405796311685717,False,6.057454788355709e-21,0.03985026997919498,0.01798260455114001,9.691927661369135e-21
공간__상권_코드_명,관악구신사동주민센터,150,34,0.22666666666666666,1.0361091962635496,False,6.057454788355709e-21,0.03985026997919498,0.01798260455114001,9.691927661369135e-21
공간__상권_코드_명,관악소방서(문영여고),6,0,0.0,0.0,True,6.057454788355709e-21,0.03985026997919498,0.01798260455114001,9.691927661369135e-21
공간__상권_코드_명,관악신사시장,121,25,0.2066115702479339,0.9444359470073679,False,6.057454788355709e-21,0.03985026997919498,0.01798260455114001,9.691927661369135e-21
공간__상권_코드_명,관악우성아파트,44,10,0.22727272727272727,1.0388795417081045,True,6.057454788355709e-21,0.03985026997919498,0.01798260455114001,9.691927661369135e-21
공간__상권_코드_명,관악종합시장(신원시장),12,2,0.16666666666666666,0.76184499725261,True,6.057454788355709e-21,0.03985026997919498,0.01798260455114001,9.691927661369135e-21
공간__상권_코드_명,관악중부시장,92,22,0.2391304347826087,1.0930819525798319,True,6.057454788355709e-21,0.03985026997919498,0.01798260455114001,9.691927661369135e-21
공간__상권_코드_명,관악해태어린이공원,52,15,0.28846153846153844,1.3185778798602865,True,6.057454788355709e-21,0.03985026997919498,0.01798260455114001,9.691927661369135e-21
공간__상권_코드_명,광나루역 1번,36,0,0.0,0.0,True,6.057454788355709e-21,0.03985026997919498,0.01798260455114001,9.691927661369135e-21
공간__상권_코드_명,광산사거리,43,5,0.11627906976744186,0.5315197655250767,True,6.057454788355709e-21,0.03985026997919498,0.01798260455114001,9.691927661369135e-21
공간__상권_코드_명,광운대역 1번,78,17,0.21794871794871795,0.9962588425611054,True,6.057454788355709e-21,0.03985026997919498,0.01798260455114001,9.691927661369135e-21
공간__상권_코드_명,광운대학교 남단,36,4,0.1111111111111111,0.5078966648350733,True,6.057454788355709e-21,0.03985026997919498,0.01798260455114001,9.691927661369135e-21
공간__상권_코드_명,광장시장(광장전통시장),92,12,0.13043478260869565,0.5962265195889991,True,6.057454788355709e-21,0.03985026997919498,0.01798260455114001,9.691927661369135e-21
공간__상권_코드_명,광진경찰서,4,1,0.25,1.1427674958789151,True,6.057454788355709e-21,0.03985026997919498,0.01798260455114001,9.691927661369135e-21
공간__상권_코드_명,광진구청,38,7,0.18421052631578946,0.8420392074897268,True,6.057454788355709e-21,0.03985026997919498,0.01798260455114001,9.691927661369135e-21
공간__상권_코드_명,광진정말공원,149,27,0.18120805369127516,0.828314694999482,False,6.057454788355709e-21,0.03985026997919498,0.01798260455114001,9.691927661369135e-21
공간__상권_코드_명,광진정보도서관,82,19,0.23170731707317074,1.0591503620341165,True,6.057454788355709e-21,0.03985026997919498,0.01798260455114001,9.691927661369135e-21
공간__상권_코드_명,광진초등학교,52,20,0.38461538461538464,1.7581038398137157,True,6.057454788355709e-21,0.03985026997919498,0.01798260455114001,9.691927661369135e-21
공간__상권_코드_명,광화문역,199,36,0.18090452261306533,0.8269272331988129,False,6.057454788355709e-21,0.03985026997919498,0.01798260455114001,9.691927661369135e-21
공간__상권_코드_명,광흥창역 1번,54,15,0.2777777777777778,1.2697416620876834,True,6.057454788355709e-21,0.03985026997919498,0.01798260455114001,9.691927661369135e-21
공간__상권_코드_명,광흥창역 6번,25,5,0.2,0.9142139967031321,True,6.057454788355709e-21,0.03985026997919498,0.01798260455114001,9.691927661369135e-21
공간__상권_코드_명,교대역(법원.검찰청),260,38,0.14615384615384616,0.668079459129212,False,6.057454788355709e-21,0.03985026997919498,0.01798260455114001,9.691927661369135e-21
공간__상권_코드_명,교대입구교차로,206,44,0.21359223300970873,0.9763450450227623,False,6.057454788355709e-21,0.03985026997919498,0.01798260455114001,9.691927661369135e-21
공간__상권_코드_명,교육개발원입구사거리,107,24,0.22429906542056074,1.0252867252745406,False,6.057454788355709e-21,0.03985026997919498,0.01798260455114001,9.691927661369135e-21
공간__상권_코드_명,구남초등학교,30,2,0.06666666666666667,0.304737998901044,True,6.057454788355709e-21,0.03985026997919498,0.01798260455114001,9.691927661369135e-21
공간__상권_코드_명,구로119안전센터,37,15,0.40540540540540543,1.853136479803646,True,6.057454788355709e-21,0.03985026997919498,0.01798260455114001,9.691927661369135e-21
공간__상권_코드_명,구로4동주민센터,170,41,0.2411764705882353,1.1024345254361299,False,6.057454788355709e-21,0.03985026997919498,0.01798260455114001,9.691927661369135e-21
공간__상권_코드_명,구로구민회관,15,5,0.3333333333333333,1.52368999450522,True,6.057454788355709e-21,0.03985026997919498,0.01798260455114001,9.691927661369135e-21
공간__상권_코드_명,구로구청,119,16,0.13445378151260504,0.6145976448424417,False,6.057454788355709e-21,0.03985026997919498,0.01798260455114001,9.691927661369135e-21
공간__상권_코드_명,구로나눔길,49,9,0.1836734693877551,0.8395842826865498,True,6.057454788355709e-21,0.03985026997919498,0.01798260455114001,9.691927661369135e-21
공간__상권_코드_명,구로디지털단지,220,37,0.16818181818181818,0.7687708608639974,False,6.057454788355709e-21,0.03985026997919498,0.01798260455114001,9.691927661369135e-21
공간__상권_코드_명,구로디지털단지역,216,35,0.16203703703703703,0.7406826362178153,False,6.057454788355709e-21,0.03985026997919498,0.01798260455114001,9.691927661369135e-21
공간__상권_코드_명,구로디지털단지역 4번,88,12,0.13636363636363635,0.6233277250248627,True,6.057454788355709e-21,0.03985026997919498,0.01798260455114001,9.691927661369135e-21
공간__상권_코드_명,구로보건소,159,50,0.31446540880503143,1.4374433910426603,False,6.057454788355709e-21,0.03985026997919498,0.01798260455114001,9.691927661369135e-21
공간__상권_코드_명,구로세무서,7,1,0.14285714285714285,0.6530099976450943,True,6.057454788355709e-21,0.03985026997919498,0.01798260455114001,9.691927661369135e-21
공간__상권_코드_명,구로시장,41,2,0.04878048780487805,0.22297902358612978,True,6.057454788355709e-21,0.03985026997919498,0.01798260455114001,9.691927661369135e-21
공간__상권_코드_명,구로역,216,42,0.19444444444444445,0.8888191634613783,False,6.057454788355709e-21,0.03985026997919498,0.01798260455114001,9.691927661369135e-21
공간__상권_코드_명,구로전화국,212,45,0.21226415094339623,0.9702742889537959,False,6.057454788355709e-21,0.03985026997919498,0.01798260455114001,9.691927661369135e-21
공간__상권_코드_명,구로창업지원센터,59,12,0.2033898305084746,0.9297091491896259,True,6.057454788355709e-21,0.03985026997919498,0.01798260455114001,9.691927661369135e-21
공간__상권_코드_명,구로초등학교,120,31,0.25833333333333336,1.1808597457415457,False,6.057454788355709e-21,0.03985026997919498,0.01798260455114001,9.691927661369135e-21
공간__상권_코드_명,구립대학경로당(관악산샘말공원),129,41,0.3178294573643411,1.4528206924352098,False,6.057454788355709e-21,0.03985026997919498,0.01798260455114001,9.691927661369135e-21
공간__상권_코드_명,구반포역,59,25,0.423728813559322,1.9368940608117202,True,6.057454788355709e-21,0.03985026997919498,0.01798260455114001,9.691927661369135e-21
공간__상권_코드_명,구산보건지소,99,29,0.29292929292929293,1.339000298201557,True,6.057454788355709e-21,0.03985026997919498,0.01798260455114001,9.691927661369135e-21
공간__상권_코드_명,구산역,147,31,0.2108843537414966,0.9639671393808535,False,6.057454788355709e-21,0.03985026997919498,0.01798260455114001,9.691927661369135e-21
공간__상권_코드_명,구산역 1번,135,34,0.2518518518518518,1.151232440292833,False,6.057454788355709e-21,0.03985026997919498,0.01798260455114001,9.691927661369135e-21
공간__상권_코드_명,구산역 2번,27,14,0.5185185185185185,2.370184435897009,True,6.057454788355709e-21,0.03985026997919498,0.01798260455114001,9.691927661369135e-21
공간__상권_코드_명,구산역 4번,135,26,0.1925925925925926,0.8803542190474605,False,6.057454788355709e-21,0.03985026997919498,0.01798260455114001,9.691927661369135e-21
공간__상권_코드_명,구산초등학교,12,2,0.16666666666666666,0.76184499725261,True,6.057454788355709e-21,0.03985026997919498,0.01798260455114001,9.691927661369135e-21
공간__상권_코드_명,구삼강변맛길,151,15,0.09933774834437085,0.4540797996869861,False,6.057454788355709e-21,0.03985026997919498,0.01798260455114001,9.691927661369135e-21
공간__상권_코드_명,구암초등학교,42,10,0.23809523809523808,1.088349996075157,True,6.057454788355709e-21,0.03985026997919498,0.01798260455114001,9.691927661369135e-21
공간__상권_코드_명,구역삼세무서,223,67,0.3004484304932735,1.3733708022221938,False,6.057454788355709e-21,0.03985026997919498,0.01798260455114001,9.691927661369135e-21
공간__상권_코드_명,구의1동주민센터,147,34,0.23129251700680273,1.0572542819015813,False,6.057454788355709e-21,0.03985026997919498,0.01798260455114001,9.691927661369135e-21
공간__상권_코드_명,구의사거리,133,32,0.24060150375939848,1.0998063118233166,False,6.057454788355709e-21,0.03985026997919498,0.01798260455114001,9.691927661369135e-21
공간__상권_코드_명,구의역,202,46,0.22772277227722773,1.0409367289194078,False,6.057454788355709e-21,0.03985026997919498,0.01798260455114001,9.691927661369135e-21
공간__상권_코드_명,구의역 4번,198,53,0.2676767676767677,1.2235692380117675,False,6.057454788355709e-21,0.03985026997919498,0.01798260455114001,9.691927661369135e-21
공간__상권_코드_명,구파발역,78,7,0.08974358974358974,0.41022422928986696,True,6.057454788355709e-21,0.03985026997919498,0.01798260455114001,9.691927661369135e-21
공간__상권_코드_명,국기원,9,4,0.4444444444444444,2.0315866593402934,True,6.057454788355709e-21,0.03985026997919498,0.01798260455114001,9.691927661369135e-21
공간__상권_코드_명,국립4.19민주묘지,6,0,0.0,0.0,True,6.057454788355709e-21,0.03985026997919498,0.01798260455114001,9.691927661369135e-21
공간__상권_코드_명,국립국악고등학교,42,8,0.19047619047619047,0.8706799968601256,True,6.057454788355709e-21,0.03985026997919498,0.01798260455114001,9.691927661369135e-21
공간__상권_코드_명,국립재활원,13,5,0.38461538461538464,1.7581038398137157,True,6.057454788355709e-21,0.03985026997919498,0.01798260455114001,9.691927661369135e-21
공간__상권_코드_명,국립정신건강센터,74,14,0.1891891891891892,0.8647970239083682,True,6.057454788355709e-21,0.03985026997919498,0.01798260455114001,9.691927661369135e-21
공간__상권_코드_명,국민대학교앞,15,1,0.06666666666666667,0.304737998901044,True,6.057454788355709e-21,0.03985026997919498,0.01798260455114001,9.691927661369135e-21
공간__상권_코드_명,국민은행방학지점,38,12,0.3157894736842105,1.443495784268103,True,6.057454788355709e-21,0.03985026997919498,0.01798260455114001,9.691927661369135e-21
공간__상권_코드_명,국악고교사거리,73,19,0.2602739726027397,1.1897305436547607,True,6.057454788355709e-21,0.03985026997919498,0.01798260455114001,9.691927661369135e-21
공간__상권_코드_명,국제신학대학원대학교(남서울중학교),43,11,0.2558139534883721,1.1693434841551689,True,6.057454788355709e-21,0.03985026997919498,0.01798260455114001,9.691927661369135e-21
공간__상권_코드_명,국회의사당역(국회의사당),203,19,0.09359605911330049,0.4278341363881652,False,6.057454788355709e-21,0.03985026997919498,0.01798260455114001,9.691927661369135e-21
공간__상권_코드_명,군자역,261,47,0.18007662835249041,0.823142870594774,False,6.057454788355709e-21,0.03985026997919498,0.01798260455114001,9.691927661369135e-21
공간__상권_코드_명,군자역 4번,61,9,0.14754098360655737,0.6744201615023105,True,6.057454788355709e-21,0.03985026997919498,0.01798260455114001,9.691927661369135e-21
공간__상권_코드_명,군자역 5번,64,19,0.296875,1.3570364013562115,True,6.057454788355709e-21,0.03985026997919498,0.01798260455114001,9.691927661369135e-21
공간__상권_코드_명,군자초등학교,11,2,0.18181818181818182,0.8311036333664837,True,6.057454788355709e-21,0.03985026997919498,0.01798260455114001,9.691927661369135e-21
공간__상권_코드_명,굽은다리역,147,31,0.2108843537414966,0.9639671393808535,False,6.057454788355709e-21,0.03985026997919498,0.01798260455114001,9.691927661369135e-21
공간__상권_코드_명,굽은다리역 1번(십자성마을),102,24,0.23529411764705882,1.075545878474273,False,6.057454788355709e-21,0.03985026997919498,0.01798260455114001,9.691927661369135e-21
공간__상권_코드_명,굽은다리역 2번,63,12,0.19047619047619047,0.8706799968601256,True,6.057454788355709e-21,0.03985026997919498,0.01798260455114001,9.691927661369135e-21
공간__상권_코드_명,굽은다리역 3번,67,25,0.373134328358209,1.7056231281774852,True,6.057454788355709e-21,0.03985026997919498,0.01798260455114001,9.691927661369135e-21
공간__상권_코드_명,굽은다리역 4번,206,52,0.2524271844660194,1.153862325935992,False,6.057454788355709e-21,0.03985026997919498,0.01798260455114001,9.691927661369135e-21
공간__상권_코드_명,그라운드 고척,117,14,0.11965811965811966,0.546965639053156,False,6.057454788355709e-21,0.03985026997919498,0.01798260455114001,9.691927661369135e-21
공간__상권_코드_명,금강수목원아파트,15,6,0.4,1.8284279934062642,True,6.057454788355709e-21,0.03985026997919498,0.01798260455114001,9.691927661369135e-21
공간__상권_코드_명,금남시장,62,22,0.3548387096774194,1.6219925747958794,True,6.057454788355709e-21,0.03985026997919498,0.01798260455114001,9.691927661369135e-21
공간__상권_코드_명,금동어린이공원,46,6,0.13043478260869565,0.5962265195889991,True,6.057454788355709e-21,0.03985026997919498,0.01798260455114001,9.691927661369135e-21
공간__상권_코드_명,금북초등학교,21,0,0.0,0.0,True,6.057454788355709e-21,0.03985026997919498,0.01798260455114001,9.691927661369135e-21
공간__상권_코드_명,금빛새마을금고본점,12,1,0.08333333333333333,0.380922498626305,True,6.057454788355709e-21,0.03985026997919498,0.01798260455114001,9.691927661369135e-21
공간__상권_코드_명,금산초등학교(금천고등학교),95,17,0.17894736842105263,0.8179809444185918,True,6.057454788355709e-21,0.03985026997919498,0.01798260455114001,9.691927661369135e-21
공간__상권_코드_명,금천구립가산도서관,24,2,0.08333333333333333,0.380922498626305,True,6.057454788355709e-21,0.03985026997919498,0.01798260455114001,9.691927661369135e-21
공간__상권_코드_명,금천구청역 1번 출입구,81,18,0.2222222222222222,1.0157933296701467,True,6.057454788355709e-21,0.03985026997919498,0.01798260455114001,9.691927661369135e-21
공간__상권_코드_명,금천금빛공원(은행나무사거리서측),36,8,0.2222222222222222,1.0157933296701467,True,6.057454788355709e-21,0.03985026997919498,0.01798260455114001,9.691927661369135e-21
공간__상권_코드_명,금천세무서,30,11,0.36666666666666664,1.676058993955742,True,6.057454788355709e-21,0.03985026997919498,0.01798260455114001,9.691927661369135e-21
공간__상권_코드_명,금천어울림복지센터,6,0,0.0,0.0,True,6.057454788355709e-21,0.03985026997919498,0.01798260455114001,9.691927661369135e-21
공간__상권_코드_명,금천철쭉어린이공원(금하마을),49,11,0.22448979591836735,1.0261585677280054,True,6.057454788355709e-21,0.03985026997919498,0.01798260455114001,9.691927661369135e-21
공간__상권_코드_명,금천파출소,6,0,0.0,0.0,True,6.057454788355709e-21,0.03985026997919498,0.01798260455114001,9.691927661369135e-21
공간__상권_코드_명,금천해태공원,61,12,0.19672131147540983,0.8992268820030807,True,6.057454788355709e-21,0.03985026997919498,0.01798260455114001,9.691927661369135e-21
공간__상권_코드_명,금호사거리,33,6,0.18181818181818182,0.8311036333664837,True,6.057454788355709e-21,0.03985026997919498,0.01798260455114001,9.691927661369135e-21
공간__상권_코드_명,금호삼성래미안아파트,45,12,0.26666666666666666,1.218951995604176,True,6.057454788355709e-21,0.03985026997919498,0.01798260455114001,9.691927661369135e-21
공간__상권_코드_명,금호역,173,53,0.3063583815028902,1.4003856018863006,False,6.057454788355709e-21,0.03985026997919498,0.01798260455114001,9.691927661369135e-21
공간__상권_코드_명,길동복조리시장,87,17,0.19540229885057472,0.8931975829858187,True,6.057454788355709e-21,0.03985026997919498,0.01798260455114001,9.691927661369135e-21
공간__상권_코드_명,길동신동아아파트,12,6,0.5,2.2855349917578303,True,6.057454788355709e-21,0.03985026997919498,0.01798260455114001,9.691927661369135e-21
공간__상권_코드_명,길동역,228,44,0.19298245614035087,0.8821363126082853,False,6.057454788355709e-21,0.03985026997919498,0.01798260455114001,9.691927661369135e-21
공간__상권_코드_명,길동주민센터(강동도서관),196,39,0.1989795918367347,0.9095496395770957,False,6.057454788355709e-21,0.03985026997919498,0.01798260455114001,9.691927661369135e-21
공간__상권_코드_명,길상사,5,1,0.2,0.9142139967031321,True,6.057454788355709e-21,0.03985026997919498,0.01798260455114001,9.691927661369135e-21
공간__상권_코드_명,길음시장,36,2,0.05555555555555555,0.25394833241753667,True,6.057454788355709e-21,0.03985026997919498,0.01798260455114001,9.691927661369135e-21
공간__상권_코드_명,길음역 10번,6,0,0.0,0.0,True,6.057454788355709e-21,0.03985026997919498,0.01798260455114001,9.691927661369135e-21
공간__상권_코드_명,길음역 7번,24,5,0.20833333333333334,0.9523062465657626,True,6.057454788355709e-21,0.03985026997919498,0.01798260455114001,9.691927661369135e-21
공간__상권_코드_명,길음역 8번,78,18,0.23076923076923078,1.0548623038882294,True,6.057454788355709e-21,0.03985026997919498,0.01798260455114001,9.691927661369135e-21
공간__상권_코드_명,김포공항역(김포공항),18,0,0.0,0.0,True,6.057454788355709e-21,0.03985026997919498,0.01798260455114001,9.691927661369135e-21
공간__상권_코드_명,까치산시장,138,34,0.2463768115942029,1.126205648112554,False,6.057454788355709e-21,0.03985026997919498,0.01798260455114001,9.691927661369135e-21
공간__상권_코드_명,까치산역,194,48,0.24742268041237114,1.1309863876739779,False,6.057454788355709e-21,0.03985026997919498,0.01798260455114001,9.691927661369135e-21
공간__상권_코드_명,까치산역 1번,129,23,0.17829457364341086,0.8149969738051177,False,6.057454788355709e-21,0.03985026997919498,0.01798260455114001,9.691927661369135e-21
공간__상권_코드_명,까치산역 3번,116,17,0.14655172413793102,0.6698981872393639,False,6.057454788355709e-21,0.03985026997919498,0.01798260455114001,9.691927661369135e-21
공간__상권_코드_명,까치산역 4번,199,48,0.24120603015075376,1.1025696442650839,False,6.057454788355709e-21,0.03985026997919498,0.01798260455114001,9.691927661369135e-21
공간__상권_코드_명,꿈의숲 장곡 골목형상점가,8,0,0.0,0.0,True,6.057454788355709e-21,0.03985026997919498,0.01798260455114001,9.691927661369135e-21
공간__상권_코드_명,낙성대역 1번(관악구민 종합체육센터),86,15,0.1744186046511628,0.7972796482876152,True,6.057454788355709e-21,0.03985026997919498,0.01798260455114001,9.691927661369135e-21
공간__상권_코드_명,낙성대역 5번(관악중학교),16,5,0.3125,1.4284593698486439,True,6.057454788355709e-21,0.03985026997919498,0.01798260455114001,9.691927661369135e-21
공간__상권_코드_명,낙원시장(낙원지하시장(대일상가)),38,6,0.15789473684210525,0.7217478921340515,True,6.057454788355709e-21,0.03985026997919498,0.01798260455114001,9.691927661369135e-21
공간__상권_코드_명,난곡 골목형상점가,12,1,0.08333333333333333,0.380922498626305,True,6.057454788355709e-21,0.03985026997919498,0.01798260455114001,9.691927661369135e-21
공간__상권_코드_명,난곡중학교,52,21,0.40384615384615385,1.8460090318044013,True,6.057454788355709e-21,0.03985026997919498,0.01798260455114001,9.691927661369135e-21
공간__상권_코드_명,난곡초등학교(난곡동벽화마을),36,5,0.1388888888888889,0.6348708310438417,True,6.057454788355709e-21,0.03985026997919498,0.01798260455114001,9.691927661369135e-21
공간__상권_코드_명,난우중학교,47,15,0.3191489361702128,1.458852122398615,True,6.057454788355709e-21,0.03985026997919498,0.01798260455114001,9.691927661369135e-21
공간__상권_코드_명,난우초등학교,103,27,0.2621359223300971,1.1982416461642993,False,6.057454788355709e-21,0.03985026997919498,0.01798260455114001,9.691927661369135e-21
공간__상권_코드_명,난향초등학교,29,6,0.20689655172413793,0.9457386172791021,True,6.057454788355709e-21,0.03985026997919498,0.01798260455114001,9.691927661369135e-21
공간__상권_코드_명,남가좌동현대아파트,25,8,0.32,1.4627423947250113,True,6.057454788355709e-21,0.03985026997919498,0.01798260455114001,9.691927661369135e-21
공간__상권_코드_명,남가좌파출소,153,35,0.22875816993464052,1.0456696040722098,False,6.057454788355709e-21,0.03985026997919498,0.01798260455114001,9.691927661369135e-21
공간__상권_코드_명,남강고등학교(남강중학교),176,46,0.26136363636363635,1.1947114729643202,False,6.057454788355709e-21,0.03985026997919498,0.01798260455114001,9.691927661369135e-21
공간__상권_코드_명,남구로시장,156,24,0.15384615384615385,0.7032415359254862,False,6.057454788355709e-21,0.03985026997919498,0.01798260455114001,9.691927661369135e-21
공간__상권_코드_명,남구로역 2번,171,44,0.2573099415204678,1.1761817501443803,False,6.057454788355709e-21,0.03985026997919498,0.01798260455114001,9.691927661369135e-21
공간__상권_코드_명,남구로역 3번,124,24,0.1935483870967742,0.8847232226159342,False,6.057454788355709e-21,0.03985026997919498,0.01798260455114001,9.691927661369135e-21
공간__상권_코드_명,남구로역 5번,95,9,0.09473684210526316,0.433048735280431,True,6.057454788355709e-21,0.03985026997919498,0.01798260455114001,9.691927661369135e-21
공간__상권_코드_명,남대문시장(자유상가),198,26,0.13131313131313133,0.600241512986905,False,6.057454788355709e-21,0.03985026997919498,0.01798260455114001,9.691927661369135e-21
공간__상권_코드_명,남문시장,78,18,0.23076923076923078,1.0548623038882294,True,6.057454788355709e-21,0.03985026997919498,0.01798260455114001,9.691927661369135e-21
공간__상권_코드_명,"남부골목시장(남부화곡시장, 남부시장)",183,41,0.22404371584699453,1.0241195045035085,False,6.057454788355709e-21,0.03985026997919498,0.01798260455114001,9.691927661369135e-21
공간__상권_코드_명,남부종합시장,9,0,0.0,0.0,True,6.057454788355709e-21,0.03985026997919498,0.01798260455114001,9.691927661369135e-21
공간__상권_코드_명,남부초등학교,33,6,0.18181818181818182,0.8311036333664837,True,6.057454788355709e-21,0.03985026997919498,0.01798260455114001,9.691927661369135e-21
공간__상권_코드_명,남부터미널역,234,43,0.18376068376068377,0.8399829456887752,False,6.057454788355709e-21,0.03985026997919498,0.01798260455114001,9.691927661369135e-21
공간__상권_코드_명,남부터미널역 1번,43,16,0.37209302325581395,1.7008632496802456,True,6.057454788355709e-21,0.03985026997919498,0.01798260455114001,9.691927661369135e-21
공간__상권_코드_명,남산골공원옆,12,1,0.08333333333333333,0.380922498626305,True,6.057454788355709e-21,0.03985026997919498,0.01798260455114001,9.691927661369135e-21
공간__상권_코드_명,남산케이블카,34,4,0.11764705882352941,0.5377729392371365,True,6.057454788355709e-21,0.03985026997919498,0.01798260455114001,9.691927661369135e-21
공간__상권_코드_명,남서울상가,6,1,0.16666666666666666,0.76184499725261,True,6.057454788355709e-21,0.03985026997919498,0.01798260455114001,9.691927661369135e-21
공간__상권_코드_명,남성사계시장(남성시장),178,35,0.19662921348314608,0.8988058956351017,False,6.057454788355709e-21,0.03985026997919498,0.01798260455114001,9.691927661369135e-21
공간__상권_코드_명,남성역 1번,141,30,0.2127659574468085,0.9725680815990766,False,6.057454788355709e-21,0.03985026997919498,0.01798260455114001,9.691927661369135e-21
공간__상권_코드_명,남성역골목시장,132,31,0.23484848484848486,1.0735088597650415,False,6.057454788355709e-21,0.03985026997919498,0.01798260455114001,9.691927661369135e-21
공간__상권_코드_명,남영동 먹자골목,115,16,0.1391304347826087,0.6359749542282658,False,6.057454788355709e-21,0.03985026997919498,0.01798260455114001,9.691927661369135e-21
공간__상권_코드_명,남영역 1번,89,22,0.24719101123595505,1.1299274116555564,True,6.057454788355709e-21,0.03985026997919498,0.01798260455114001,9.691927661369135e-21
공간__상권_코드_명,남정초등학교,6,1,0.16666666666666666,0.76184499725261,True,6.057454788355709e-21,0.03985026997919498,0.01798260455114001,9.691927661369135e-21
공간__상권_코드_명,남천초등학교,140,24,0.17142857142857143,0.7836119971741132,False,6.057454788355709e-21,0.03985026997919498,0.01798260455114001,9.691927661369135e-21
공간__상권_코드_명,내를건너서숲으로도서관,29,10,0.3448275862068966,1.5762310287985035,True,6.057454788355709e-21,0.03985026997919498,0.01798260455114001,9.691927661369135e-21
공간__상권_코드_명,내방역,228,53,0.2324561403508772,1.0625732856417982,False,6.057454788355709e-21,0.03985026997919498,0.01798260455114001,9.691927661369135e-21
공간__상권_코드_명,내방역 1번,15,2,0.13333333333333333,0.609475997802088,True,6.057454788355709e-21,0.03985026997919498,0.01798260455114001,9.691927661369135e-21
공간__상권_코드_명,내방역 4번,54,11,0.2037037037037037,0.9311438855309677,True,6.057454788355709e-21,0.03985026997919498,0.01798260455114001,9.691927661369135e-21
공간__상권_코드_명,내방역 5번,12,4,0.3333333333333333,1.52368999450522,True,6.057454788355709e-21,0.03985026997919498,0.01798260455114001,9.691927661369135e-21
공간__상권_코드_명,내방역 8번,10,2,0.2,0.9142139967031321,True,6.057454788355709e-21,0.03985026997919498,0.01798260455114001,9.691927661369135e-21
공간__상권_코드_명,노량진역 6번,107,32,0.29906542056074764,1.3670489670327206,False,6.057454788355709e-21,0.03985026997919498,0.01798260455114001,9.691927661369135e-21
공간__상권_코드_명,노량진역(노량진),221,39,0.17647058823529413,0.8066594088557048,False,6.057454788355709e-21,0.03985026997919498,0.01798260455114001,9.691927661369135e-21
공간__상권_코드_명,노량진중앙시장,48,9,0.1875,0.8570756219091863,True,6.057454788355709e-21,0.03985026997919498,0.01798260455114001,9.691927661369135e-21
공간__상권_코드_명,노량진초등학교,27,13,0.48148148148148145,2.200885547618651,True,6.057454788355709e-21,0.03985026997919498,0.01798260455114001,9.691927661369135e-21
공간__상권_코드_명,노룬산시장(노룬산골목시장),18,5,0.2777777777777778,1.2697416620876834,True,6.057454788355709e-21,0.03985026997919498,0.01798260455114001,9.691927661369135e-21
공간__상권_코드_명,노원 을지대학교병원,1,0,0.0,0.0,True,6.057454788355709e-21,0.03985026997919498,0.01798260455114001,9.691927661369135e-21
공간__상권_코드_명,노원역,288,78,0.2708333333333333,1.2379981205354913,False,6.057454788355709e-21,0.03985026997919498,0.01798260455114001,9.691927661369135e-21
공간__상권_코드_명,노원역 9번,35,11,0.3142857142857143,1.4366219948192074,True,6.057454788355709e-21,0.03985026997919498,0.01798260455114001,9.691927661369135e-21
공간__상권_코드_명,노원초등학교,117,31,0.26495726495726496,1.2111382007605596,False,6.057454788355709e-21,0.03985026997919498,0.01798260455114001,9.691927661369135e-21
공간__상권_코드_명,녹두거리(대학동),172,33,0.19186046511627908,0.8770076131163766,False,6.057454788355709e-21,0.03985026997919498,0.01798260455114001,9.691927661369135e-21
공간__상권_코드_명,녹번동근린공원,25,8,0.32,1.4627423947250113,True,6.057454788355709e-21,0.03985026997919498,0.01798260455114001,9.691927661369135e-21
공간__상권_코드_명,논현2동주민센터,84,22,0.2619047619047619,1.197184995682673,True,6.057454788355709e-21,0.03985026997919498,0.01798260455114001,9.691927661369135e-21
공간__상권_코드_명,논현로18길,12,3,0.25,1.1427674958789151,True,6.057454788355709e-21,0.03985026997919498,0.01798260455114001,9.691927661369135e-21
공간__상권_코드_명,논현역,265,43,0.16226415094339622,0.7417207897780127,False,6.057454788355709e-21,0.03985026997919498,0.01798260455114001,9.691927661369135e-21
공간__상권_코드_명,논현역 4번,56,25,0.44642857142857145,2.04065624264092,True,6.057454788355709e-21,0.03985026997919498,0.01798260455114001,9.691927661369135e-21
공간__상권_코드_명,논현역 5번,34,11,0.3235294117647059,1.4788755829021254,True,6.057454788355709e-21,0.03985026997919498,0.01798260455114001,9.691927661369135e-21
공간__상권_코드_명,논현종합시장,1,0,0.0,0.0,True,6.057454788355709e-21,0.03985026997919498,0.01798260455114001,9.691927661369135e-21
공간__상권_코드_명,논현초등학교,92,19,0.20652173913043478,0.944025322682582,True,6.057454788355709e-21,0.03985026997919498,0.01798260455114001,9.691927661369135e-21
공간__상권_코드_명,누원고등학교,15,4,0.26666666666666666,1.218951995604176,True,6.057454788355709e-21,0.03985026997919498,0.01798260455114001,9.691927661369135e-21
공간__상권_코드_명,능동로골목시장,66,12,0.18181818181818182,0.8311036333664837,True,6.057454788355709e-21,0.03985026997919498,0.01798260455114001,9.691927661369135e-21
공간__상권_코드_명,능동우편취급국,94,20,0.2127659574468085,0.9725680815990766,True,6.057454788355709e-21,0.03985026997919498,0.01798260455114001,9.691927661369135e-21
공간__상권_코드_명,달마을공원,54,12,0.2222222222222222,1.0157933296701467,True,6.057454788355709e-21,0.03985026997919498,0.01798260455114001,9.691927661369135e-21
공간__상권_코드_명,답십리 건축자재시장,18,2,0.1111111111111111,0.5078966648350733,True,6.057454788355709e-21,0.03985026997919498,0.01798260455114001,9.691927661369135e-21
공간__상권_코드_명,답십리 장령당공원,6,4,0.6666666666666666,3.04737998901044,True,6.057454788355709e-21,0.03985026997919498,0.01798260455114001,9.691927661369135e-21
공간__상권_코드_명,답십리공원,56,13,0.23214285714285715,1.0611412461732783,True,6.057454788355709e-21,0.03985026997919498,0.01798260455114001,9.691927661369135e-21
공간__상권_코드_명,답십리사거리,78,14,0.1794871794871795,0.8204484585797339,True,6.057454788355709e-21,0.03985026997919498,0.01798260455114001,9.691927661369135e-21
공간__상권_코드_명,답십리시장,68,15,0.22058823529411764,1.0083242610696308,True,6.057454788355709e-21,0.03985026997919498,0.01798260455114001,9.691927661369135e-21
공간__상권_코드_명,답십리역 6번,18,6,0.3333333333333333,1.52368999450522,True,6.057454788355709e-21,0.03985026997919498,0.01798260455114001,9.691927661369135e-21
공간__상권_코드_명,답십리초등학교,91,14,0.15384615384615385,0.7032415359254862,True,6.057454788355709e-21,0.03985026997919498,0.01798260455114001,9.691927661369135e-21
공간__상권_코드_명,답십리현대시장,33,3,0.09090909090909091,0.41555181668324187,True,6.057454788355709e-21,0.03985026997919498,0.01798260455114001,9.691927661369135e-21
공간__상권_코드_명,당고개역 2번,51,6,0.11764705882352941,0.5377729392371365,True,6.057454788355709e-21,0.03985026997919498,0.01798260455114001,9.691927661369135e-21
공간__상권_코드_명,당고개역 5번,54,19,0.35185185185185186,1.608339438644399,True,6.057454788355709e-21,0.03985026997919498,0.01798260455114001,9.691927661369135e-21
공간__상권_코드_명,당곡중학교,157,46,0.2929936305732484,1.339294390074652,False,6.057454788355709e-21,0.03985026997919498,0.01798260455114001,9.691927661369135e-21
공간__상권_코드_명,당산2동(영등포우체국),118,45,0.3813559322033898,1.7432046547305482,False,6.057454788355709e-21,0.03985026997919498,0.01798260455114001,9.691927661369135e-21
공간__상권_코드_명,당산반도유보라팰리스아파트,53,8,0.1509433962264151,0.689972827700477,True,6.057454788355709e-21,0.03985026997919498,0.01798260455114001,9.691927661369135e-21
공간__상권_코드_명,당산역,202,37,0.18316831683168316,0.8372751950003932,False,6.057454788355709e-21,0.03985026997919498,0.01798260455114001,9.691927661369135e-21
공간__상권_코드_명,당산역 13번,4,2,0.5,2.2855349917578303,True,6.057454788355709e-21,0.03985026997919498,0.01798260455114001,9.691927661369135e-21
공간__상권_코드_명,당산역 8번,9,0,0.0,0.0,True,6.057454788355709e-21,0.03985026997919498,0.01798260455114001,9.691927661369135e-21
공간__상권_코드_명,대광초등학교,24,11,0.4583333333333333,2.0950737424446775,True,6.057454788355709e-21,0.03985026997919498,0.01798260455114001,9.691927661369135e-21
공간__상권_코드_명,대동초등학교,42,9,0.21428571428571427,0.9795149964676414,True,6.057454788355709e-21,0.03985026997919498,0.01798260455114001,9.691927661369135e-21
공간__상권_코드_명,대림1동주민센터,83,25,0.30120481927710846,1.3768283082878496,True,6.057454788355709e-21,0.03985026997919498,0.01798260455114001,9.691927661369135e-21
공간__상권_코드_명,대림3동사거리,191,36,0.18848167539267016,0.8615629288301768,False,6.057454788355709e-21,0.03985026997919498,0.01798260455114001,9.691927661369135e-21
공간__상권_코드_명,대림갑을명가아파트,6,0,0.0,0.0,True,6.057454788355709e-21,0.03985026997919498,0.01798260455114001,9.691927661369135e-21
공간__상권_코드_명,"대림골목시장(대림시장, 양지시장)",72,20,0.2777777777777778,1.2697416620876834,True,6.057454788355709e-21,0.03985026997919498,0.01798260455114001,9.691927661369135e-21
공간__상권_코드_명,대림상가(청계상가),44,6,0.13636363636363635,0.6233277250248627,True,6.057454788355709e-21,0.03985026997919498,0.01798260455114001,9.691927661369135e-21
공간__상권_코드_명,대림성모병원,105,17,0.1619047619047619,0.7400779973311069,False,6.057454788355709e-21,0.03985026997919498,0.01798260455114001,9.691927661369135e-21
공간__상권_코드_명,대림썬프라자,12,1,0.08333333333333333,0.380922498626305,True,6.057454788355709e-21,0.03985026997919498,0.01798260455114001,9.691927661369135e-21
공간__상권_코드_명,대림역,168,40,0.23809523809523808,1.088349996075157,False,6.057454788355709e-21,0.03985026997919498,0.01798260455114001,9.691927661369135e-21
공간__상권_코드_명,대림역 11번,6,0,0.0,0.0,True,6.057454788355709e-21,0.03985026997919498,0.01798260455114001,9.691927661369135e-21
공간__상권_코드_명,대림역 2번,77,19,0.24675324675324675,1.1279263595687992,True,6.057454788355709e-21,0.03985026997919498,0.01798260455114001,9.691927661369135e-21
공간__상권_코드_명,대림역 5번,68,16,0.23529411764705882,1.075545878474273,True,6.057454788355709e-21,0.03985026997919498,0.01798260455114001,9.691927661369135e-21
공간__상권_코드_명,대림중앙 골목형상점가,32,3,0.09375,0.42853781095459315,True,6.057454788355709e-21,0.03985026997919498,0.01798260455114001,9.691927661369135e-21
공간__상권_코드_명,대림중앙시장,83,15,0.18072289156626506,0.8260969849727097,True,6.057454788355709e-21,0.03985026997919498,0.01798260455114001,9.691927661369135e-21
공간__상권_코드_명,대림차이나타운(대림역 12번),31,5,0.16129032258064516,0.7372693521799452,True,6.057454788355709e-21,0.03985026997919498,0.01798260455114001,9.691927661369135e-21
공간__상권_코드_명,대림한신아파트,76,17,0.2236842105263158,1.0224761805232399,True,6.057454788355709e-21,0.03985026997919498,0.01798260455114001,9.691927661369135e-21
공간__상권_코드_명,대명여울빛거리시장(대명시장),125,22,0.176,0.8045083170987561,False,6.057454788355709e-21,0.03985026997919498,0.01798260455114001,9.691927661369135e-21
공간__상권_코드_명,대방역 3번,47,7,0.14893617021276595,0.6807976571193536,True,6.057454788355709e-21,0.03985026997919498,0.01798260455114001,9.691927661369135e-21
공간__상권_코드_명,대방역 4번,24,5,0.20833333333333334,0.9523062465657626,True,6.057454788355709e-21,0.03985026997919498,0.01798260455114001,9.691927661369135e-21
공간__상권_코드_명,대방역 6번,15,14,0.9333333333333333,4.266331984614617,True,6.057454788355709e-21,0.03985026997919498,0.01798260455114001,9.691927661369135e-21
공간__상권_코드_명,대신고등학교,12,1,0.08333333333333333,0.380922498626305,True,6.057454788355709e-21,0.03985026997919498,0.01798260455114001,9.691927661369135e-21
공간__상권_코드_명,대신시장,6,0,0.0,0.0,True,6.057454788355709e-21,0.03985026997919498,0.01798260455114001,9.691927661369135e-21
공간__상권_코드_명,대왕초등학교(세곡동사거리서남측),17,6,0.35294117647058826,1.6133188177114095,True,6.057454788355709e-21,0.03985026997919498,0.01798260455114001,9.691927661369135e-21
공간__상권_코드_명,대원고등학교,39,12,0.3076923076923077,1.4064830718509724,True,6.057454788355709e-21,0.03985026997919498,0.01798260455114001,9.691927661369135e-21
공간__상권_코드_명,대원종합시장,6,1,0.16666666666666666,0.76184499725261,True,6.057454788355709e-21,0.03985026997919498,0.01798260455114001,9.691927661369135e-21
공간__상권_코드_명,대조시장,76,19,0.25,1.1427674958789151,True,6.057454788355709e-21,0.03985026997919498,0.01798260455114001,9.691927661369135e-21
공간__상권_코드_명,대진고등학교,55,17,0.3090909090909091,1.4128761767230222,True,6.057454788355709e-21,0.03985026997919498,0.01798260455114001,9.691927661369135e-21
공간__상권_코드_명,대청초등학교,235,42,0.17872340425531916,0.8169571885432244,False,6.057454788355709e-21,0.03985026997919498,0.01798260455114001,9.691927661369135e-21
공간__상권_코드_명,대치2동주민센터,30,4,0.13333333333333333,0.609475997802088,True,6.057454788355709e-21,0.03985026997919498,0.01798260455114001,9.691927661369135e-21
공간__상권_코드_명,대치동아우편취급국,39,11,0.28205128205128205,1.2892761491967246,True,6.057454788355709e-21,0.03985026997919498,0.01798260455114001,9.691927661369135e-21
공간__상권_코드_명,대치사거리,162,27,0.16666666666666666,0.76184499725261,False,6.057454788355709e-21,0.03985026997919498,0.01798260455114001,9.691927661369135e-21
공간__상권_코드_명,대치역,197,46,0.233502538071066,1.0673564428513724,False,6.057454788355709e-21,0.03985026997919498,0.01798260455114001,9.691927661369135e-21
공간__상권_코드_명,대학로(혜화역),210,29,0.1380952380952381,0.6312429977235912,False,6.057454788355709e-21,0.03985026997919498,0.01798260455114001,9.691927661369135e-21
공간__상권_코드_명,대흥동주민센터,18,1,0.05555555555555555,0.25394833241753667,True,6.057454788355709e-21,0.03985026997919498,0.01798260455114001,9.691927661369135e-21
공간__상권_코드_명,대흥역 2번,146,31,0.21232876712328766,0.970569654034147,False,6.057454788355709e-21,0.03985026997919498,0.01798260455114001,9.691927661369135e-21
공간__상권_코드_명,대흥역 3번,100,9,0.09,0.4113962985164094,False,6.057454788355709e-21,0.03985026997919498,0.01798260455114001,9.691927661369135e-21
공간__상권_코드_명,더케이호텔(양재리본타워2단지아파트),24,8,0.3333333333333333,1.52368999450522,True,6.057454788355709e-21,0.03985026997919498,0.01798260455114001,9.691927661369135e-21
공간__상권_코드_명,덕성여대시반거리,64,22,0.34375,1.571305306833508,True,6.057454788355709e-21,0.03985026997919498,0.01798260455114001,9.691927661369135e-21
공간__상권_코드_명,덕수교,24,2,0.08333333333333333,0.380922498626305,True,6.057454788355709e-21,0.03985026997919498,0.01798260455114001,9.691927661369135e-21
공간__상권_코드_명,덕의초등학교,86,26,0.3023255813953488,1.3819513903651994,True,6.057454788355709e-21,0.03985026997919498,0.01798260455114001,9.691927661369135e-21
공간__상권_코드_명,도곡1동,226,80,0.35398230088495575,1.6180778702710301,False,6.057454788355709e-21,0.03985026997919498,0.01798260455114001,9.691927661369135e-21
공간__상권_코드_명,도곡2동주민센터(대치중학교),1,0,0.0,0.0,True,6.057454788355709e-21,0.03985026997919498,0.01798260455114001,9.691927661369135e-21
공간__상권_코드_명,도곡시장,38,15,0.39473684210526316,1.8043697303351292,True,6.057454788355709e-21,0.03985026997919498,0.01798260455114001,9.691927661369135e-21
공간__상권_코드_명,도곡초등학교,109,17,0.1559633027522936,0.7129191717409745,False,6.057454788355709e-21,0.03985026997919498,0.01798260455114001,9.691927661369135e-21
공간__상권_코드_명,도림2동유수지내체육시설,18,4,0.2222222222222222,1.0157933296701467,True,6.057454788355709e-21,0.03985026997919498,0.01798260455114001,9.691927661369135e-21
공간__상권_코드_명,도림동주민센터,6,3,0.5,2.2855349917578303,True,6.057454788355709e-21,0.03985026997919498,0.01798260455114001,9.691927661369135e-21
공간__상권_코드_명,도림초등학교,6,1,0.16666666666666666,0.76184499725261,True,6.057454788355709e-21,0.03985026997919498,0.01798260455114001,9.691927661369135e-21
공간__상권_코드_명,도봉구 정병원,58,16,0.27586206896551724,1.2609848230388028,True,6.057454788355709e-21,0.03985026997919498,0.01798260455114001,9.691927661369135e-21
공간__상권_코드_명,도봉구민회관,17,0,0.0,0.0,True,6.057454788355709e-21,0.03985026997919498,0.01798260455114001,9.691927661369135e-21
공간__상권_코드_명,도봉구보건소,83,26,0.3132530120481928,1.4319014406193635,True,6.057454788355709e-21,0.03985026997919498,0.01798260455114001,9.691927661369135e-21
공간__상권_코드_명,도봉산역 1번,42,5,0.11904761904761904,0.5441749980375785,True,6.057454788355709e-21,0.03985026997919498,0.01798260455114001,9.691927661369135e-21
공간__상권_코드_명,도봉산입구,155,40,0.25806451612903225,1.1796309634879123,False,6.057454788355709e-21,0.03985026997919498,0.01798260455114001,9.691927661369135e-21
공간__상권_코드_명,도봉세무서,62,14,0.22580645161290322,1.0321770930519232,True,6.057454788355709e-21,0.03985026997919498,0.01798260455114001,9.691927661369135e-21
공간__상권_코드_명,도봉역 2번,100,29,0.29,1.3256102952195414,False,6.057454788355709e-21,0.03985026997919498,0.01798260455114001,9.691927661369135e-21
공간__상권_코드_명,도봉역 3번,18,1,0.05555555555555555,0.25394833241753667,True,6.057454788355709e-21,0.03985026997919498,0.01798260455114001,9.691927661369135e-21
공간__상권_코드_명,도봉우체국,48,14,0.2916666666666667,1.3332287451920677,True,6.057454788355709e-21,0.03985026997919498,0.01798260455114001,9.691927661369135e-21
공간__상권_코드_명,도산공원교차로,158,51,0.3227848101265823,1.4754719567044219,False,6.057454788355709e-21,0.03985026997919498,0.01798260455114001,9.691927661369135e-21
공간__상권_코드_명,도산공원북측,24,5,0.20833333333333334,0.9523062465657626,True,6.057454788355709e-21,0.03985026997919498,0.01798260455114001,9.691927661369135e-21
공간__상권_코드_명,도성초등학교,128,18,0.140625,0.6428067164318897,False,6.057454788355709e-21,0.03985026997919498,0.01798260455114001,9.691927661369135e-21
공간__상권_코드_명,도신초등학교,75,20,0.26666666666666666,1.218951995604176,True,6.057454788355709e-21,0.03985026997919498,0.01798260455114001,9.691927661369135e-21
공간__상권_코드_명,도화동 상점가,190,32,0.16842105263157894,0.7698644182763217,False,6.057454788355709e-21,0.03985026997919498,0.01798260455114001,9.691927661369135e-21
공간__상권_코드_명,독립문역 1번,45,4,0.08888888888888889,0.4063173318680587,True,6.057454788355709e-21,0.03985026997919498,0.01798260455114001,9.691927661369135e-21
공간__상권_코드_명,독산119안전센터,66,12,0.18181818181818182,0.8311036333664837,True,6.057454788355709e-21,0.03985026997919498,0.01798260455114001,9.691927661369135e-21
공간__상권_코드_명,독산2동주민센터,105,34,0.3238095238095238,1.4801559946622138,False,6.057454788355709e-21,0.03985026997919498,0.01798260455114001,9.691927661369135e-21
공간__상권_코드_명,독산동,243,63,0.25925925925925924,1.1850922179485044,False,6.057454788355709e-21,0.03985026997919498,0.01798260455114001,9.691927661369135e-21
공간__상권_코드_명,독산동 맛나는거리상점가(독산동 맛나는거리),43,7,0.16279069767441862,0.7441276717351075,True,6.057454788355709e-21,0.03985026997919498,0.01798260455114001,9.691927661369135e-21
공간__상권_코드_명,독산동 우시장,22,2,0.09090909090909091,0.41555181668324187,True,6.057454788355709e-21,0.03985026997919498,0.01798260455114001,9.691927661369135e-21
공간__상권_코드_명,독산동성당,139,21,0.1510791366906475,0.6905933068620782,False,6.057454788355709e-21,0.03985026997919498,0.01798260455114001,9.691927661369135e-21
공간__상권_코드_명,독산동정훈단지,108,40,0.37037037037037035,1.6929888827835777,False,6.057454788355709e-21,0.03985026997919498,0.01798260455114001,9.691927661369135e-21
공간__상권_코드_명,독산역 1번 출입구,21,4,0.19047619047619047,0.8706799968601256,True,6.057454788355709e-21,0.03985026997919498,0.01798260455114001,9.691927661369135e-21
공간__상권_코드_명,돈암시장(돈암제일시장),88,14,0.1590909090909091,0.7272156791956732,True,6.057454788355709e-21,0.03985026997919498,0.01798260455114001,9.691927661369135e-21
공간__상권_코드_명,돈의문센트레빌아파트입구,26,5,0.19230769230769232,0.8790519199068578,True,6.057454788355709e-21,0.03985026997919498,0.01798260455114001,9.691927661369135e-21
공간__상권_코드_명,돌곶이시장(석관황금시장),73,24,0.3287671232876712,1.5028175288270662,True,6.057454788355709e-21,0.03985026997919498,0.01798260455114001,9.691927661369135e-21
공간__상권_코드_명,돌곶이역 1번,36,2,0.05555555555555555,0.25394833241753667,True,6.057454788355709e-21,0.03985026997919498,0.01798260455114001,9.691927661369135e-21
공간__상권_코드_명,돌곶이역 3번,17,5,0.29411764705882354,1.3444323480928413,True,6.057454788355709e-21,0.03985026997919498,0.01798260455114001,9.691927661369135e-21
공간__상권_코드_명,돌곶이역 5번,101,12,0.1188118811881188,0.5430974237840388,False,6.057454788355709e-21,0.03985026997919498,0.01798260455114001,9.691927661369135e-21
공간__상권_코드_명,돌곶이역 8번,97,27,0.27835051546391754,1.2723596861332251,True,6.057454788355709e-21,0.03985026997919498,0.01798260455114001,9.691927661369135e-21
공간__상권_코드_명,동교초등학교,115,35,0.30434782608695654,1.3911952123743314,False,6.057454788355709e-21,0.03985026997919498,0.01798260455114001,9.691927661369135e-21
공간__상권_코드_명,동구여중,24,11,0.4583333333333333,2.0950737424446775,True,6.057454788355709e-21,0.03985026997919498,0.01798260455114001,9.691927661369135e-21
공간__상권_코드_명,동남상가,30,2,0.06666666666666667,0.304737998901044,True,6.057454788355709e-21,0.03985026997919498,0.01798260455114001,9.691927661369135e-21
공간__상권_코드_명,동대문경찰서,6,0,0.0,0.0,True,6.057454788355709e-21,0.03985026997919498,0.01798260455114001,9.691927661369135e-21
공간__상권_코드_명,동대문구청,78,11,0.14102564102564102,0.6446380745983623,True,6.057454788355709e-21,0.03985026997919498,0.01798260455114001,9.691927661369135e-21
공간__상권_코드_명,동대문문구완구거리(동대문문구완구시장),56,12,0.21428571428571427,0.9795149964676414,True,6.057454788355709e-21,0.03985026997919498,0.01798260455114001,9.691927661369135e-21
공간__상권_코드_명,동대문상가A동,6,0,0.0,0.0,True,6.057454788355709e-21,0.03985026997919498,0.01798260455114001,9.691927661369135e-21
공간__상권_코드_명,동대문상가B동,6,0,0.0,0.0,True,6.057454788355709e-21,0.03985026997919498,0.01798260455114001,9.691927661369135e-21
공간__상권_코드_명,동대문역,96,16,0.16666666666666666,0.76184499725261,True,6.057454788355709e-21,0.03985026997919498,0.01798260455114001,9.691927661369135e-21
공간__상권_코드_명,동대문역 1번,53,17,0.32075471698113206,1.4661922588635137,True,6.057454788355709e-21,0.03985026997919498,0.01798260455114001,9.691927661369135e-21
공간__상권_코드_명,동대문역 3번,17,1,0.058823529411764705,0.26888646961856827,True,6.057454788355709e-21,0.03985026997919498,0.01798260455114001,9.691927661369135e-21
공간__상권_코드_명,동대문역사문화공원역,204,31,0.15196078431372548,0.694623379847968,False,6.057454788355709e-21,0.03985026997919498,0.01798260455114001,9.691927661369135e-21
공간__상권_코드_명,동대문역사문화공원역 5번,52,7,0.1346153846153846,0.6153363439348004,True,6.057454788355709e-21,0.03985026997919498,0.01798260455114001,9.691927661369135e-21
공간__상권_코드_명,"동대문종합시장(동대문종합시장 신관, 동대문종합시장D동상가)",12,0,0.0,0.0,True,6.057454788355709e-21,0.03985026997919498,0.01798260455114001,9.691927661369135e-21
공간__상권_코드_명,동대문중앙새마을금고본점,18,7,0.3888888888888889,1.7776383269227567,True,6.057454788355709e-21,0.03985026997919498,0.01798260455114001,9.691927661369135e-21
공간__상권_코드_명,동대문패션타운 관광특구,217,32,0.14746543778801843,0.674074836278807,False,6.057454788355709e-21,0.03985026997919498,0.01798260455114001,9.691927661369135e-21
공간__상권_코드_명,동대부고,119,25,0.21008403361344538,0.9603088200663151,False,6.057454788355709e-21,0.03985026997919498,0.01798260455114001,9.691927661369135e-21
공간__상권_코드_명,동대부여고,96,21,0.21875,0.9999215588940507,True,6.057454788355709e-21,0.03985026997919498,0.01798260455114001,9.691927661369135e-21
공간__상권_코드_명,동묘시장(동묘벼룩시장),43,11,0.2558139534883721,1.1693434841551689,True,6.057454788355709e-21,0.03985026997919498,0.01798260455114001,9.691927661369135e-21
공간__상권_코드_명,동묘앞역 2번,63,14,0.2222222222222222,1.0157933296701467,True,6.057454788355709e-21,0.03985026997919498,0.01798260455114001,9.691927661369135e-21
공간__상권_코드_명,동묘앞역 3번,12,4,0.3333333333333333,1.52368999450522,True,6.057454788355709e-21,0.03985026997919498,0.01798260455114001,9.691927661369135e-21
공간__상권_코드_명,동묘앞역(동묘),118,24,0.2033898305084746,0.9297091491896259,False,6.057454788355709e-21,0.03985026997919498,0.01798260455114001,9.691927661369135e-21
공간__상권_코드_명,동문시장,19,0,0.0,0.0,True,6.057454788355709e-21,0.03985026997919498,0.01798260455114001,9.691927661369135e-21
공간__상권_코드_명,동부시장,14,0,0.0,0.0,True,6.057454788355709e-21,0.03985026997919498,0.01798260455114001,9.691927661369135e-21
공간__상권_코드_명,동북프라자,15,5,0.3333333333333333,1.52368999450522,True,6.057454788355709e-21,0.03985026997919498,0.01798260455114001,9.691927661369135e-21
공간__상권_코드_명,동서시장,6,2,0.3333333333333333,1.52368999450522,True,6.057454788355709e-21,0.03985026997919498,0.01798260455114001,9.691927661369135e-21
공간__상권_코드_명,동성타워프라자,20,12,0.6,2.742641990109396,True,6.057454788355709e-21,0.03985026997919498,0.01798260455114001,9.691927661369135e-21
공간__상권_코드_명,"동원전통종합시장(동원시장, 동원전통시장 상점가)",174,31,0.1781609195402299,0.8143860315458935,False,6.057454788355709e-21,0.03985026997919498,0.01798260455114001,9.691927661369135e-21
공간__상권_코드_명,동의보감타워,59,7,0.11864406779661017,0.5423303370272817,True,6.057454788355709e-21,0.03985026997919498,0.01798260455114001,9.691927661369135e-21
공간__상권_코드_명,동의초등학교,11,1,0.09090909090909091,0.41555181668324187,True,6.057454788355709e-21,0.03985026997919498,0.01798260455114001,9.691927661369135e-21
공간__상권_코드_명,동일여자고등학교,66,10,0.15151515151515152,0.6925863611387364,True,6.057454788355709e-21,0.03985026997919498,0.01798260455114001,9.691927661369135e-21
공간__상권_코드_명,동작구자원봉사센터,9,1,0.1111111111111111,0.5078966648350733,True,6.057454788355709e-21,0.03985026997919498,0.01798260455114001,9.691927661369135e-21
공간__상권_코드_명,동진시장,11,2,0.18181818181818182,0.8311036333664837,True,6.057454788355709e-21,0.03985026997919498,0.01798260455114001,9.691927661369135e-21
공간__상권_코드_명,동평화시장,29,4,0.13793103448275862,0.6304924115194014,True,6.057454788355709e-21,0.03985026997919498,0.01798260455114001,9.691927661369135e-21
공간__상권_코드_명,동화동 골목형상점가,108,32,0.2962962962962963,1.354391106226862,False,6.057454788355709e-21,0.03985026997919498,0.01798260455114001,9.691927661369135e-21
공간__상권_코드_명,두산초등학교,13,4,0.3076923076923077,1.4064830718509724,True,6.057454788355709e-21,0.03985026997919498,0.01798260455114001,9.691927661369135e-21
공간__상권_코드_명,둔촌2동주민센터,70,29,0.4142857142857143,1.8937289931707737,True,6.057454788355709e-21,0.03985026997919498,0.01798260455114001,9.691927661369135e-21
공간__상권_코드_명,둔촌고등학교(둔촌중학교),37,8,0.21621621621621623,0.9883394558952779,True,6.057454788355709e-21,0.03985026997919498,0.01798260455114001,9.691927661369135e-21
공간__상권_코드_명,둔촌동역 1번(한산중학교),156,36,0.23076923076923078,1.0548623038882294,False,6.057454788355709e-21,0.03985026997919498,0.01798260455114001,9.691927661369135e-21
공간__상권_코드_명,둔촌동역 3번(성내3동주민센터),74,13,0.17567567567567569,0.8030258079149133,True,6.057454788355709e-21,0.03985026997919498,0.01798260455114001,9.691927661369135e-21
공간__상권_코드_명,둔촌동역 4번,75,20,0.26666666666666666,1.218951995604176,True,6.057454788355709e-21,0.03985026997919498,0.01798260455114001,9.691927661369135e-21
공간__상권_코드_명,둔촌역,244,51,0.20901639344262296,0.9554285621282733,False,6.057454788355709e-21,0.03985026997919498,0.01798260455114001,9.691927661369135e-21
공간__상권_코드_명,둔촌역전통시장,94,15,0.1595744680851064,0.7294260611993075,True,6.057454788355709e-21,0.03985026997919498,0.01798260455114001,9.691927661369135e-21
공간__상권_코드_명,등나무근린공원,222,38,0.17117117117117117,0.7824354025837617,False,6.057454788355709e-21,0.03985026997919498,0.01798260455114001,9.691927661369135e-21
공간__상권_코드_명,등마루시장,6,0,0.0,0.0,True,6.057454788355709e-21,0.03985026997919498,0.01798260455114001,9.691927661369135e-21
공간__상권_코드_명,등촌1동주민센터,129,48,0.37209302325581395,1.7008632496802456,False,6.057454788355709e-21,0.03985026997919498,0.01798260455114001,9.691927661369135e-21
공간__상권_코드_명,등촌3동주민센터,211,48,0.22748815165876776,1.0398642616528515,False,6.057454788355709e-21,0.03985026997919498,0.01798260455114001,9.691927661369135e-21
공간__상권_코드_명,등촌역,219,60,0.273972602739726,1.252347940689222,False,6.057454788355709e-21,0.03985026997919498,0.01798260455114001,9.691927661369135e-21
공간__상권_코드_명,등촌역 1번,9,0,0.0,0.0,True,6.057454788355709e-21,0.03985026997919498,0.01798260455114001,9.691927661369135e-21
공간__상권_코드_명,등촌역 4번,16,4,0.25,1.1427674958789151,True,6.057454788355709e-21,0.03985026997919498,0.01798260455114001,9.691927661369135e-21
공간__상권_코드_명,등촌역 7번,19,5,0.2631578947368421,1.2029131535567525,True,6.057454788355709e-21,0.03985026997919498,0.01798260455114001,9.691927661369135e-21
공간__상권_코드_명,디지털단지오거리,81,19,0.2345679012345679,1.0722262924295993,True,6.057454788355709e-21,0.03985026997919498,0.01798260455114001,9.691927661369135e-21
공간__상권_코드_명,떡전교사거리,26,9,0.34615384615384615,1.5822934558323438,True,6.057454788355709e-21,0.03985026997919498,0.01798260455114001,9.691927661369135e-21
공간__상권_코드_명,뚝도시장,99,7,0.0707070707070707,0.3232069685314103,True,6.057454788355709e-21,0.03985026997919498,0.01798260455114001,9.691927661369135e-21
공간__상권_코드_명,뚝섬역,155,38,0.24516129032258063,1.1206494153135167,False,6.057454788355709e-21,0.03985026997919498,0.01798260455114001,9.691927661369135e-21
공간__상권_코드_명,뚝섬역교차로,28,4,0.14285714285714285,0.6530099976450943,True,6.057454788355709e-21,0.03985026997919498,0.01798260455114001,9.691927661369135e-21
공간__상권_코드_명,뚝섬역상점가,146,31,0.21232876712328766,0.970569654034147,False,6.057454788355709e-21,0.03985026997919498,0.01798260455114001,9.691927661369135e-21
공간__상권_코드_명,뚝섬유원지역 1번,18,7,0.3888888888888889,1.7776383269227567,True,6.057454788355709e-21,0.03985026997919498,0.01798260455114001,9.691927661369135e-21
공간__상권_코드_명,뜸부기어린이공원,85,26,0.3058823529411765,1.398209642016555,True,6.057454788355709e-21,0.03985026997919498,0.01798260455114001,9.691927661369135e-21
공간__상권_코드_명,러스크서울병원,62,20,0.3225806451612903,1.4745387043598903,True,6.057454788355709e-21,0.03985026997919498,0.01798260455114001,9.691927661369135e-21
공간__상권_코드_명,로데오거리상점가,159,37,0.23270440251572327,1.0637081093715688,False,6.057454788355709e-21,0.03985026997919498,0.01798260455114001,9.691927661369135e-21
공간__상권_코드_명,롯데백화점(시청광장 지하쇼핑센터),89,17,0.19101123595505617,0.8731257271883845,True,6.057454788355709e-21,0.03985026997919498,0.01798260455114001,9.691927661369135e-21
공간__상권_코드_명,르네상스호텔사거리,139,41,0.2949640287769784,1.3483012181592955,False,6.057454788355709e-21,0.03985026997919498,0.01798260455114001,9.691927661369135e-21
공간__상권_코드_명,리움미술관,27,11,0.4074074074074074,1.8622877710619354,True,6.057454788355709e-21,0.03985026997919498,0.01798260455114001,9.691927661369135e-21
공간__상권_코드_명,마곡역(마곡),26,1,0.038461538461538464,0.17581038398137155,True,6.057454788355709e-21,0.03985026997919498,0.01798260455114001,9.691927661369135e-21
공간__상권_코드_명,마들역,182,43,0.23626373626373626,1.0799780730284252,False,6.057454788355709e-21,0.03985026997919498,0.01798260455114001,9.691927661369135e-21
공간__상권_코드_명,마장역 2번,84,17,0.20238095238095238,0.9250974966638836,True,6.057454788355709e-21,0.03985026997919498,0.01798260455114001,9.691927661369135e-21
공간__상권_코드_명,마장역 3번,44,4,0.09090909090909091,0.41555181668324187,True,6.057454788355709e-21,0.03985026997919498,0.01798260455114001,9.691927661369135e-21
공간__상권_코드_명,마장축산물시장,68,14,0.20588235294117646,0.9411026436649889,True,6.057454788355709e-21,0.03985026997919498,0.01798260455114001,9.691927661369135e-21
공간__상권_코드_명,마전교지하쇼핑센터(구 한일상가),6,1,0.16666666666666666,0.76184499725261,True,6.057454788355709e-21,0.03985026997919498,0.01798260455114001,9.691927661369135e-21
공간__상권_코드_명,마천1치안센터,29,4,0.13793103448275862,0.6304924115194014,True,6.057454788355709e-21,0.03985026997919498,0.01798260455114001,9.691927661369135e-21
공간__상권_코드_명,마천공원,12,0,0.0,0.0,True,6.057454788355709e-21,0.03985026997919498,0.01798260455114001,9.691927661369135e-21
공간__상권_코드_명,마천시장,30,8,0.26666666666666666,1.218951995604176,True,6.057454788355709e-21,0.03985026997919498,0.01798260455114001,9.691927661369135e-21
공간__상권_코드_명,마천역(마천초등학교),195,61,0.3128205128205128,1.4299244563818219,False,6.057454788355709e-21,0.03985026997919498,0.01798260455114001,9.691927661369135e-21
공간__상권_코드_명,마천중앙시장,83,16,0.1927710843373494,0.8811701173042237,True,6.057454788355709e-21,0.03985026997919498,0.01798260455114001,9.691927661369135e-21
공간__상권_코드_명,마포FM,33,7,0.21212121212121213,0.969620905594231,True,6.057454788355709e-21,0.03985026997919498,0.01798260455114001,9.691927661369135e-21
공간__상권_코드_명,마포경찰서,6,2,0.3333333333333333,1.52368999450522,True,6.057454788355709e-21,0.03985026997919498,0.01798260455114001,9.691927661369135e-21
공간__상권_코드_명,마포구청역 1번,76,20,0.2631578947368421,1.2029131535567525,True,6.057454788355709e-21,0.03985026997919498,0.01798260455114001,9.691927661369135e-21
공간__상권_코드_명,마포구청역 4번,49,9,0.1836734693877551,0.8395842826865498,True,6.057454788355709e-21,0.03985026997919498,0.01798260455114001,9.691927661369135e-21
공간__상권_코드_명,마포구청역 7번,108,21,0.19444444444444445,0.8888191634613783,False,6.057454788355709e-21,0.03985026997919498,0.01798260455114001,9.691927661369135e-21
공간__상권_코드_명,마포농수산물시장,9,0,0.0,0.0,True,6.057454788355709e-21,0.03985026997919498,0.01798260455114001,9.691927661369135e-21
공간__상권_코드_명,마포시장,60,21,0.35,1.599874494230481,True,6.057454788355709e-21,0.03985026997919498,0.01798260455114001,9.691927661369135e-21
공간__상권_코드_명,마포역,171,28,0.16374269005847952,0.7484792955464239,False,6.057454788355709e-21,0.03985026997919498,0.01798260455114001,9.691927661369135e-21
공간__상권_코드_명,마포역 4번,18,0,0.0,0.0,True,6.057454788355709e-21,0.03985026997919498,0.01798260455114001,9.691927661369135e-21
공간__상권_코드_명,만리시장,29,4,0.13793103448275862,0.6304924115194014,True,6.057454788355709e-21,0.03985026997919498,0.01798260455114001,9.691927661369135e-21
공간__상권_코드_명,만리재,54,14,0.25925925925925924,1.1850922179485044,True,6.057454788355709e-21,0.03985026997919498,0.01798260455114001,9.691927661369135e-21
공간__상권_코드_명,만양로상점가,12,0,0.0,0.0,True,6.057454788355709e-21,0.03985026997919498,0.01798260455114001,9.691927661369135e-21
공간__상권_코드_명,말미고개,83,24,0.2891566265060241,1.3217551759563355,True,6.057454788355709e-21,0.03985026997919498,0.01798260455114001,9.691927661369135e-21
공간__상권_코드_명,망리단길,236,42,0.17796610169491525,0.8134955055409225,False,6.057454788355709e-21,0.03985026997919498,0.01798260455114001,9.691927661369135e-21
공간__상권_코드_명,망우3동주민센터,29,2,0.06896551724137931,0.3152462057597007,True,6.057454788355709e-21,0.03985026997919498,0.01798260455114001,9.691927661369135e-21
공간__상권_코드_명,망우본동주민센터,129,37,0.2868217054263566,1.3110820882951895,False,6.057454788355709e-21,0.03985026997919498,0.01798260455114001,9.691927661369135e-21
공간__상권_코드_명,망우역 1번,63,9,0.14285714285714285,0.6530099976450943,True,6.057454788355709e-21,0.03985026997919498,0.01798260455114001,9.691927661369135e-21
공간__상권_코드_명,망우역 2번,95,19,0.2,0.9142139967031321,True,6.057454788355709e-21,0.03985026997919498,0.01798260455114001,9.691927661369135e-21
공간__상권_코드_명,망원나들목체육관,18,5,0.2777777777777778,1.2697416620876834,True,6.057454788355709e-21,0.03985026997919498,0.01798260455114001,9.691927661369135e-21
공간__상권_코드_명,망원시장,89,12,0.1348314606741573,0.6163240427212126,True,6.057454788355709e-21,0.03985026997919498,0.01798260455114001,9.691927661369135e-21
공간__상권_코드_명,망원역,155,21,0.13548387096774195,0.6193062558311541,False,6.057454788355709e-21,0.03985026997919498,0.01798260455114001,9.691927661369135e-21
공간__상권_코드_명,망원역 1번,58,18,0.3103448275862069,1.4186079259186533,True,6.057454788355709e-21,0.03985026997919498,0.01798260455114001,9.691927661369135e-21
공간__상권_코드_명,망원월드컵시장,100,23,0.23,1.0513460962086019,False,6.057454788355709e-21,0.03985026997919498,0.01798260455114001,9.691927661369135e-21
공간__상권_코드_명,매봉역,165,35,0.21212121212121213,0.969620905594231,False,6.057454788355709e-21,0.03985026997919498,0.01798260455114001,9.691927661369135e-21
공간__상권_코드_명,매봉역 1번,12,2,0.16666666666666666,0.76184499725261,True,6.057454788355709e-21,0.03985026997919498,0.01798260455114001,9.691927661369135e-21
공간__상권_코드_명,먹골역 1번,134,27,0.20149253731343283,0.921036489215842,False,6.057454788355709e-21,0.03985026997919498,0.01798260455114001,9.691927661369135e-21
공간__상권_코드_명,먹골역 5번,123,24,0.1951219512195122,0.8919160943445191,False,6.057454788355709e-21,0.03985026997919498,0.01798260455114001,9.691927661369135e-21
공간__상권_코드_명,먹골파출소,18,6,0.3333333333333333,1.52368999450522,True,6.057454788355709e-21,0.03985026997919498,0.01798260455114001,9.691927661369135e-21
공간__상권_코드_명,메가박스 상봉,105,22,0.20952380952380953,0.9577479965461383,False,6.057454788355709e-21,0.03985026997919498,0.01798260455114001,9.691927661369135e-21
공간__상권_코드_명,메디힐병원,108,22,0.2037037037037037,0.9311438855309677,False,6.057454788355709e-21,0.03985026997919498,0.01798260455114001,9.691927661369135e-21
공간__상권_코드_명,면곡골목시장,18,2,0.1111111111111111,0.5078966648350733,True,6.057454788355709e-21,0.03985026997919498,0.01798260455114001,9.691927661369135e-21
공간__상권_코드_명,면동초등학교,64,15,0.234375,1.0713445273864828,True,6.057454788355709e-21,0.03985026997919498,0.01798260455114001,9.691927661369135e-21
공간__상권_코드_명,면목2동체육관,102,25,0.24509803921568626,1.1203602900773677,False,6.057454788355709e-21,0.03985026997919498,0.01798260455114001,9.691927661369135e-21
공간__상권_코드_명,면목5동주민센터,67,14,0.208955223880597,0.9551489517793916,True,6.057454788355709e-21,0.03985026997919498,0.01798260455114001,9.691927661369135e-21
공간__상권_코드_명,면목골목시장(면목시장),145,32,0.2206896551724138,1.0087878584310421,False,6.057454788355709e-21,0.03985026997919498,0.01798260455114001,9.691927661369135e-21
공간__상권_코드_명,면목동우체국,90,25,0.2777777777777778,1.2697416620876834,True,6.057454788355709e-21,0.03985026997919498,0.01798260455114001,9.691927661369135e-21
공간__상권_코드_명,면목역 1번,44,6,0.13636363636363635,0.6233277250248627,True,6.057454788355709e-21,0.03985026997919498,0.01798260455114001,9.691927661369135e-21
공간__상권_코드_명,면목역 2번,138,46,0.3333333333333333,1.52368999450522,False,6.057454788355709e-21,0.03985026997919498,0.01798260455114001,9.691927661369135e-21
공간__상권_코드_명,면목역 3번,90,16,0.17777777777777778,0.8126346637361174,True,6.057454788355709e-21,0.03985026997919498,0.01798260455114001,9.691927661369135e-21
공간__상권_코드_명,명동 남대문 북창동 다동 무교동 관광특구,316,51,0.16139240506329114,0.7377359783522109,False,6.057454788355709e-21,0.03985026997919498,0.01798260455114001,9.691927661369135e-21
공간__상권_코드_명,명동(명동거리),181,27,0.14917127071823205,0.6818723179829991,False,6.057454788355709e-21,0.03985026997919498,0.01798260455114001,9.691927661369135e-21
공간__상권_코드_명,명동역(명동재미로),173,42,0.24277456647398843,1.1097395335702758,False,6.057454788355709e-21,0.03985026997919498,0.01798260455114001,9.691927661369135e-21
공간__상권_코드_명,명일역,227,55,0.2422907488986784,1.1075279695742788,False,6.057454788355709e-21,0.03985026997919498,0.01798260455114001,9.691927661369135e-21
공간__상권_코드_명,명일역 1번,42,3,0.07142857142857142,0.32650499882254713,True,6.057454788355709e-21,0.03985026997919498,0.01798260455114001,9.691927661369135e-21
공간__상권_코드_명,명일전통시장,60,16,0.26666666666666666,1.218951995604176,True,6.057454788355709e-21,0.03985026997919498,0.01798260455114001,9.691927661369135e-21
공간__상권_코드_명,명지대학교,203,51,0.2512315270935961,1.1483968924103385,False,6.057454788355709e-21,0.03985026997919498,0.01798260455114001,9.691927661369135e-21
공간__상권_코드_명,명지대학교교회,131,21,0.16030534351145037,0.7327669439223576,False,6.057454788355709e-21,0.03985026997919498,0.01798260455114001,9.691927661369135e-21
공간__상권_코드_명,모래내시장(서중시장),75,9,0.12,0.5485283980218792,True,6.057454788355709e-21,0.03985026997919498,0.01798260455114001,9.691927661369135e-21
공간__상권_코드_명,모래내우체국,106,12,0.11320754716981132,0.5174796207753578,False,6.057454788355709e-21,0.03985026997919498,0.01798260455114001,9.691927661369135e-21
공간__상권_코드_명,목2동시장,131,21,0.16030534351145037,0.7327669439223576,False,6.057454788355709e-21,0.03985026997919498,0.01798260455114001,9.691927661369135e-21
공간__상권_코드_명,목4동주민센터,24,3,0.125,0.5713837479394576,True,6.057454788355709e-21,0.03985026997919498,0.01798260455114001,9.691927661369135e-21
공간__상권_코드_명,목동깨비시장(목3동시장),163,31,0.1901840490797546,0.8693445980919354,False,6.057454788355709e-21,0.03985026997919498,0.01798260455114001,9.691927661369135e-21
공간__상권_코드_명,목동로데오거리,48,18,0.375,1.7141512438183726,True,6.057454788355709e-21,0.03985026997919498,0.01798260455114001,9.691927661369135e-21
공간__상권_코드_명,목동문화체육센터,15,5,0.3333333333333333,1.52368999450522,True,6.057454788355709e-21,0.03985026997919498,0.01798260455114001,9.691927661369135e-21
공간__상권_코드_명,목동보건지소,174,25,0.14367816091954022,0.6567629286660431,False,6.057454788355709e-21,0.03985026997919498,0.01798260455114001,9.691927661369135e-21
공간__상권_코드_명,목동사거리,189,59,0.31216931216931215,1.4269477726318727,False,6.057454788355709e-21,0.03985026997919498,0.01798260455114001,9.691927661369135e-21
공간__상권_코드_명,목동센트럴아이파크앞,29,1,0.034482758620689655,0.15762310287985035,True,6.057454788355709e-21,0.03985026997919498,0.01798260455114001,9.691927661369135e-21
공간__상권_코드_명,목동신시가지,246,48,0.1951219512195122,0.8919160943445191,False,6.057454788355709e-21,0.03985026997919498,0.01798260455114001,9.691927661369135e-21
공간__상권_코드_명,목동역 5번,39,3,0.07692307692307693,0.3516207679627431,True,6.057454788355709e-21,0.03985026997919498,0.01798260455114001,9.691927661369135e-21
공간__상권_코드_명,목동역 8번출구,229,47,0.2052401746724891,0.9381672018569259,False,6.057454788355709e-21,0.03985026997919498,0.01798260455114001,9.691927661369135e-21
공간__상권_코드_명,목사랑시장(목4동시장),74,23,0.3108108108108108,1.4207379678494618,True,6.057454788355709e-21,0.03985026997919498,0.01798260455114001,9.691927661369135e-21
공간__상권_코드_명,몽촌토성역,106,16,0.1509433962264151,0.689972827700477,False,6.057454788355709e-21,0.03985026997919498,0.01798260455114001,9.691927661369135e-21
공간__상권_코드_명,묘곡초등학교(고덕아이파크아파트),131,30,0.22900763358778625,1.0468099198890823,False,6.057454788355709e-21,0.03985026997919498,0.01798260455114001,9.691927661369135e-21
공간__상권_코드_명,무너미어린이공원,51,14,0.27450980392156865,1.2548035248866518,True,6.057454788355709e-21,0.03985026997919498,0.01798260455114001,9.691927661369135e-21
공간__상권_코드_명,무학봉상점가,95,29,0.30526315789473685,1.395379258125833,True,6.057454788355709e-21,0.03985026997919498,0.01798260455114001,9.691927661369135e-21
공간__상권_코드_명,묵1동도깨비시장,36,4,0.1111111111111111,0.5078966648350733,True,6.057454788355709e-21,0.03985026997919498,0.01798260455114001,9.691927661369135e-21
공간__상권_코드_명,문래동사거리,14,0,0.0,0.0,True,6.057454788355709e-21,0.03985026997919498,0.01798260455114001,9.691927661369135e-21
공간__상권_코드_명,문래동주민센터,99,16,0.16161616161616163,0.7387587852146522,True,6.057454788355709e-21,0.03985026997919498,0.01798260455114001,9.691927661369135e-21
공간__상권_코드_명,문래소공원,12,3,0.25,1.1427674958789151,True,6.057454788355709e-21,0.03985026997919498,0.01798260455114001,9.691927661369135e-21
공간__상권_코드_명,문래역(문래로데오거리),54,4,0.07407407407407407,0.3385977765567155,True,6.057454788355709e-21,0.03985026997919498,0.01798260455114001,9.691927661369135e-21
공간__상권_코드_명,문래예술촌(문래창작촌),124,16,0.12903225806451613,0.5898154817439561,False,6.057454788355709e-21,0.03985026997919498,0.01798260455114001,9.691927661369135e-21
공간__상권_코드_명,문래중학교,24,16,0.6666666666666666,3.04737998901044,True,6.057454788355709e-21,0.03985026997919498,0.01798260455114001,9.691927661369135e-21
공간__상권_코드_명,문성초등학교,122,27,0.22131147540983606,1.0116302422534658,False,6.057454788355709e-21,0.03985026997919498,0.01798260455114001,9.691927661369135e-21
공간__상권_코드_명,문정동 로데오거리 상점가(문정동 로데오거리),127,33,0.25984251968503935,1.1877583421733604,False,6.057454788355709e-21,0.03985026997919498,0.01798260455114001,9.691927661369135e-21
공간__상권_코드_명,문정동성당,19,2,0.10526315789473684,0.48116526142270105,True,6.057454788355709e-21,0.03985026997919498,0.01798260455114001,9.691927661369135e-21
공간__상권_코드_명,문정역,162,30,0.18518518518518517,0.8464944413917889,False,6.057454788355709e-21,0.03985026997919498,0.01798260455114001,9.691927661369135e-21
공간__상권_코드_명,문정역 1번,60,6,0.1,0.45710699835156604,True,6.057454788355709e-21,0.03985026997919498,0.01798260455114001,9.691927661369135e-21
공간__상권_코드_명,문정역 2번,112,15,0.13392857142857142,0.6121968727922759,False,6.057454788355709e-21,0.03985026997919498,0.01798260455114001,9.691927661369135e-21
공간__상권_코드_명,문정초등학교,132,40,0.30303030303030304,1.3851727222774728,False,6.057454788355709e-21,0.03985026997919498,0.01798260455114001,9.691927661369135e-21
공간__상권_코드_명,문현중학교(장지역 1번),90,13,0.14444444444444443,0.6602656642855953,True,6.057454788355709e-21,0.03985026997919498,0.01798260455114001,9.691927661369135e-21
공간__상권_코드_명,미근동,30,5,0.16666666666666666,0.76184499725261,True,6.057454788355709e-21,0.03985026997919498,0.01798260455114001,9.691927661369135e-21
공간__상권_코드_명,미림여고,6,2,0.3333333333333333,1.52368999450522,True,6.057454788355709e-21,0.03985026997919498,0.01798260455114001,9.691927661369135e-21
공간__상권_코드_명,미성동 도깨비시장 골목형상점가,65,19,0.2923076923076923,1.336158918258424,True,6.057454788355709e-21,0.03985026997919498,0.01798260455114001,9.691927661369135e-21
공간__상권_코드_명,미성동주민센터,64,7,0.109375,0.4999607794470253,True,6.057454788355709e-21,0.03985026997919498,0.01798260455114001,9.691927661369135e-21
공간__상권_코드_명,미성초등학교,140,30,0.21428571428571427,0.9795149964676414,False,6.057454788355709e-21,0.03985026997919498,0.01798260455114001,9.691927661369135e-21
공간__상권_코드_명,미아사거리,113,19,0.168141592920354,0.7685869883787394,False,6.057454788355709e-21,0.03985026997919498,0.01798260455114001,9.691927661369135e-21
공간__상권_코드_명,미아사거리역,148,25,0.16891891891891891,0.7721401999181858,False,6.057454788355709e-21,0.03985026997919498,0.01798260455114001,9.691927661369135e-21
공간__상권_코드_명,미아사거리역 3번,48,11,0.22916666666666666,1.0475368712223387,True,6.057454788355709e-21,0.03985026997919498,0.01798260455114001,9.691927661369135e-21
공간__상권_코드_명,미아역,185,50,0.2702702702702703,1.2354243198690975,False,6.057454788355709e-21,0.03985026997919498,0.01798260455114001,9.691927661369135e-21
공간__상권_코드_명,미아역 5번,48,12,0.25,1.1427674958789151,True,6.057454788355709e-21,0.03985026997919498,0.01798260455114001,9.691927661369135e-21
공간__상권_코드_명,미아역 8번,62,8,0.12903225806451613,0.5898154817439561,True,6.057454788355709e-21,0.03985026997919498,0.01798260455114001,9.691927661369135e-21
공간__상권_코드_명,미아초등학교,25,8,0.32,1.4627423947250113,True,6.057454788355709e-21,0.03985026997919498,0.01798260455114001,9.691927661369135e-21
공간__상권_코드_명,바우뫼공원,28,1,0.03571428571428571,0.16325249941127357,True,6.057454788355709e-21,0.03985026997919498,0.01798260455114001,9.691927661369135e-21
공간__상권_코드_명,반포4동주민센터(몽마르뜨공원),22,4,0.18181818181818182,0.8311036333664837,True,6.057454788355709e-21,0.03985026997919498,0.01798260455114001,9.691927661369135e-21
공간__상권_코드_명,발바닥공원,39,9,0.23076923076923078,1.0548623038882294,True,6.057454788355709e-21,0.03985026997919498,0.01798260455114001,9.691927661369135e-21
공간__상권_코드_명,발산역 5번,82,17,0.2073170731707317,0.9476608502410514,True,6.057454788355709e-21,0.03985026997919498,0.01798260455114001,9.691927661369135e-21
공간__상권_코드_명,발산역(마곡),202,44,0.21782178217821782,0.9956786102707379,False,6.057454788355709e-21,0.03985026997919498,0.01798260455114001,9.691927661369135e-21
공간__상권_코드_명,밤나무골시장,6,3,0.5,2.2855349917578303,True,6.057454788355709e-21,0.03985026997919498,0.01798260455114001,9.691927661369135e-21
공간__상권_코드_명,방배노인종합복지관(이수중학교),50,18,0.36,1.6455851940656376,True,6.057454788355709e-21,0.03985026997919498,0.01798260455114001,9.691927661369135e-21
공간__상권_코드_명,방배동가구거리(사당동가구거리),57,13,0.22807017543859648,1.042524733082519,True,6.057454788355709e-21,0.03985026997919498,0.01798260455114001,9.691927661369135e-21
공간__상권_코드_명,방배동사이길,72,8,0.1111111111111111,0.5078966648350733,True,6.057454788355709e-21,0.03985026997919498,0.01798260455114001,9.691927661369135e-21
공간__상권_코드_명,방배동카페골목,165,31,0.18787878787878787,0.8588070878120331,False,6.057454788355709e-21,0.03985026997919498,0.01798260455114001,9.691927661369135e-21
공간__상권_코드_명,방배아이파크아파트,73,22,0.3013698630136986,1.3775827347581442,True,6.057454788355709e-21,0.03985026997919498,0.01798260455114001,9.691927661369135e-21
공간__상권_코드_명,방배역,243,52,0.2139917695473251,0.9781713544971783,False,6.057454788355709e-21,0.03985026997919498,0.01798260455114001,9.691927661369135e-21
공간__상권_코드_명,방배역 3번,30,1,0.03333333333333333,0.152368999450522,True,6.057454788355709e-21,0.03985026997919498,0.01798260455114001,9.691927661369135e-21
공간__상권_코드_명,방배초등학교,82,11,0.13414634146341464,0.6131923148618569,True,6.057454788355709e-21,0.03985026997919498,0.01798260455114001,9.691927661369135e-21
공간__상권_코드_명,방산종합시장(방산시장),94,27,0.2872340425531915,1.3129669101587536,True,6.057454788355709e-21,0.03985026997919498,0.01798260455114001,9.691927661369135e-21
공간__상권_코드_명,방신전통시장,89,34,0.38202247191011235,1.746251454376769,True,6.057454788355709e-21,0.03985026997919498,0.01798260455114001,9.691927661369135e-21
공간__상권_코드_명,방아다리근린공원(횃불트리니티신학대학원대학교),22,1,0.045454545454545456,0.20777590834162094,True,6.057454788355709e-21,0.03985026997919498,0.01798260455114001,9.691927661369135e-21
공간__상권_코드_명,방이동고분군(방산고등학교),84,20,0.23809523809523808,1.088349996075157,True,6.057454788355709e-21,0.03985026997919498,0.01798260455114001,9.691927661369135e-21
공간__상권_코드_명,방이동먹자골목,166,38,0.2289156626506024,1.0463895142987656,False,6.057454788355709e-21,0.03985026997919498,0.01798260455114001,9.691927661369135e-21
공간__상권_코드_명,방이시장,208,47,0.22596153846153846,1.0328860058905578,False,6.057454788355709e-21,0.03985026997919498,0.01798260455114001,9.691927661369135e-21
공간__상권_코드_명,방이역,117,36,0.3076923076923077,1.4064830718509724,False,6.057454788355709e-21,0.03985026997919498,0.01798260455114001,9.691927661369135e-21
공간__상권_코드_명,방이역 1번,114,24,0.21052631578947367,0.9623305228454021,False,6.057454788355709e-21,0.03985026997919498,0.01798260455114001,9.691927661369135e-21
공간__상권_코드_명,방이역 2번,90,23,0.25555555555555554,1.1681623291206686,True,6.057454788355709e-21,0.03985026997919498,0.01798260455114001,9.691927661369135e-21
공간__상권_코드_명,방이역 4번,179,36,0.2011173184357542,0.9193213374668368,False,6.057454788355709e-21,0.03985026997919498,0.01798260455114001,9.691927661369135e-21
공간__상권_코드_명,방천골목시장,42,14,0.3333333333333333,1.52368999450522,True,6.057454788355709e-21,0.03985026997919498,0.01798260455114001,9.691927661369135e-21
공간__상권_코드_명,방학1동주민센터,124,47,0.3790322580645161,1.7325829776228712,False,6.057454788355709e-21,0.03985026997919498,0.01798260455114001,9.691927661369135e-21
공간__상권_코드_명,방학동도깨비시장,101,12,0.1188118811881188,0.5430974237840388,False,6.057454788355709e-21,0.03985026997919498,0.01798260455114001,9.691927661369135e-21
공간__상권_코드_명,방학역 1번,185,56,0.3027027027027027,1.383675238253389,False,6.057454788355709e-21,0.03985026997919498,0.01798260455114001,9.691927661369135e-21
공간__상권_코드_명,방학역 2번,132,24,0.18181818181818182,0.8311036333664837,False,6.057454788355709e-21,0.03985026997919498,0.01798260455114001,9.691927661369135e-21
공간__상권_코드_명,방학중학교,96,25,0.2604166666666667,1.1903828082072032,True,6.057454788355709e-21,0.03985026997919498,0.01798260455114001,9.691927661369135e-21
공간__상권_코드_명,방학초등학교,98,25,0.25510204081632654,1.166089281509097,True,6.057454788355709e-21,0.03985026997919498,0.01798260455114001,9.691927661369135e-21
공간__상권_코드_명,방현초등학교(방배119안전센터),45,15,0.3333333333333333,1.52368999450522,True,6.057454788355709e-21,0.03985026997919498,0.01798260455114001,9.691927661369135e-21
공간__상권_코드_명,방화역 1번,65,17,0.26153846153846155,1.1955106110733267,True,6.057454788355709e-21,0.03985026997919498,0.01798260455114001,9.691927661369135e-21
공간__상권_코드_명,방화역 2번,53,6,0.11320754716981132,0.5174796207753578,True,6.057454788355709e-21,0.03985026997919498,0.01798260455114001,9.691927661369135e-21
공간__상권_코드_명,방화역 3번,67,21,0.31343283582089554,1.4327234276690877,True,6.057454788355709e-21,0.03985026997919498,0.01798260455114001,9.691927661369135e-21
공간__상권_코드_명,방화초등학교,42,11,0.2619047619047619,1.197184995682673,True,6.057454788355709e-21,0.03985026997919498,0.01798260455114001,9.691927661369135e-21
공간__상권_코드_명,배문고등학교,68,10,0.14705882352941177,0.6722161740464206,True,6.057454788355709e-21,0.03985026997919498,0.01798260455114001,9.691927661369135e-21
공간__상권_코드_명,배화여자대학교(박노수미술관),78,18,0.23076923076923078,1.0548623038882294,True,6.057454788355709e-21,0.03985026997919498,0.01798260455114001,9.691927661369135e-21
공간__상권_코드_명,백련산해모로아파트,57,14,0.24561403508771928,1.1227189433196358,True,6.057454788355709e-21,0.03985026997919498,0.01798260455114001,9.691927661369135e-21
공간__상권_코드_명,백련시장,6,0,0.0,0.0,True,6.057454788355709e-21,0.03985026997919498,0.01798260455114001,9.691927661369135e-21
공간__상권_코드_명,백산초등학교,60,24,0.4,1.8284279934062642,True,6.057454788355709e-21,0.03985026997919498,0.01798260455114001,9.691927661369135e-21
공간__상권_코드_명,백석중학교,15,1,0.06666666666666667,0.304737998901044,True,6.057454788355709e-21,0.03985026997919498,0.01798260455114001,9.691927661369135e-21
공간__상권_코드_명,백운시장,5,3,0.6,2.742641990109396,True,6.057454788355709e-21,0.03985026997919498,0.01798260455114001,9.691927661369135e-21
공간__상권_코드_명,백학시장,114,27,0.23684210526315788,1.0826218382010773,False,6.057454788355709e-21,0.03985026997919498,0.01798260455114001,9.691927661369135e-21
공간__상권_코드_명,뱅뱅사거리,251,65,0.2589641434262948,1.1837432228227804,False,6.057454788355709e-21,0.03985026997919498,0.01798260455114001,9.691927661369135e-21
공간__상권_코드_명,번동주공2단지,18,1,0.05555555555555555,0.25394833241753667,True,6.057454788355709e-21,0.03985026997919498,0.01798260455114001,9.691927661369135e-21
공간__상권_코드_명,벌말어린이공원,54,14,0.25925925925925924,1.1850922179485044,True,6.057454788355709e-21,0.03985026997919498,0.01798260455114001,9.691927661369135e-21
공간__상권_코드_명,법제교육센터(버들어린이공원),51,12,0.23529411764705882,1.075545878474273,True,6.057454788355709e-21,0.03985026997919498,0.01798260455114001,9.691927661369135e-21
공간__상권_코드_명,베르사이유1아파트,18,4,0.2222222222222222,1.0157933296701467,True,6.057454788355709e-21,0.03985026997919498,0.01798260455114001,9.691927661369135e-21
공간__상권_코드_명,보광시장,22,3,0.13636363636363635,0.6233277250248627,True,6.057454788355709e-21,0.03985026997919498,0.01798260455114001,9.691927661369135e-21
공간__상권_코드_명,보라매공원,189,37,0.19576719576719576,0.8948655523284625,False,6.057454788355709e-21,0.03985026997919498,0.01798260455114001,9.691927661369135e-21
공간__상권_코드_명,보라매동주민센터(당곡고등학교),31,4,0.12903225806451613,0.5898154817439561,True,6.057454788355709e-21,0.03985026997919498,0.01798260455114001,9.691927661369135e-21
공간__상권_코드_명,보라매역,125,33,0.264,1.2067624756481343,False,6.057454788355709e-21,0.03985026997919498,0.01798260455114001,9.691927661369135e-21
공간__상권_코드_명,보라매역 2번,56,10,0.17857142857142858,0.8162624970563679,True,6.057454788355709e-21,0.03985026997919498,0.01798260455114001,9.691927661369135e-21
공간__상권_코드_명,보라매역 4번,24,3,0.125,0.5713837479394576,True,6.057454788355709e-21,0.03985026997919498,0.01798260455114001,9.691927661369135e-21
공간__상권_코드_명,보라매역 6번,71,18,0.2535211267605634,1.15886281272228,True,6.057454788355709e-21,0.03985026997919498,0.01798260455114001,9.691927661369135e-21
공간__상권_코드_명,보문역 4번,43,2,0.046511627906976744,0.2126079062100307,True,6.057454788355709e-21,0.03985026997919498,0.01798260455114001,9.691927661369135e-21
공간__상권_코드_명,보문역 5번,45,6,0.13333333333333333,0.609475997802088,True,6.057454788355709e-21,0.03985026997919498,0.01798260455114001,9.691927661369135e-21
공간__상권_코드_명,보문역 8번,87,19,0.21839080459770116,0.9982796515723856,True,6.057454788355709e-21,0.03985026997919498,0.01798260455114001,9.691927661369135e-21
공간__상권_코드_명,보인중학교,86,18,0.20930232558139536,0.9567355779451382,True,6.057454788355709e-21,0.03985026997919498,0.01798260455114001,9.691927661369135e-21
공간__상권_코드_명,본동인정시장(기능상실),12,4,0.3333333333333333,1.52368999450522,True,6.057454788355709e-21,0.03985026997919498,0.01798260455114001,9.691927661369135e-21
공간__상권_코드_명,본마을노인복지센터(서초구립내곡도서관),2,1,0.5,2.2855349917578303,True,6.057454788355709e-21,0.03985026997919498,0.01798260455114001,9.691927661369135e-21
공간__상권_코드_명,본서부병원,163,39,0.2392638036809816,1.0936915911479188,False,6.057454788355709e-21,0.03985026997919498,0.01798260455114001,9.691927661369135e-21
공간__상권_코드_명,봉원사,24,6,0.25,1.1427674958789151,True,6.057454788355709e-21,0.03985026997919498,0.01798260455114001,9.691927661369135e-21
공간__상권_코드_명,봉은사역,129,39,0.3023255813953488,1.3819513903651994,False,6.057454788355709e-21,0.03985026997919498,0.01798260455114001,9.691927661369135e-21
공간__상권_코드_명,봉은사역 4번,32,7,0.21875,0.9999215588940507,True,6.057454788355709e-21,0.03985026997919498,0.01798260455114001,9.691927661369135e-21
공간__상권_코드_명,봉일시장,18,1,0.05555555555555555,0.25394833241753667,True,6.057454788355709e-21,0.03985026997919498,0.01798260455114001,9.691927661369135e-21
공간__상권_코드_명,봉천역 1번(관악초등학교),60,8,0.13333333333333333,0.609475997802088,True,6.057454788355709e-21,0.03985026997919498,0.01798260455114001,9.691927661369135e-21
공간__상권_코드_명,봉천역 4번(봉천110안전센터),44,14,0.3181818181818182,1.4544313583913464,True,6.057454788355709e-21,0.03985026997919498,0.01798260455114001,9.691927661369135e-21
공간__상권_코드_명,봉천역 6번,13,5,0.38461538461538464,1.7581038398137157,True,6.057454788355709e-21,0.03985026997919498,0.01798260455114001,9.691927661369135e-21
공간__상권_코드_명,봉천제일종합시장,5,0,0.0,0.0,True,6.057454788355709e-21,0.03985026997919498,0.01798260455114001,9.691927661369135e-21
공간__상권_코드_명,봉천중앙시장,17,2,0.11764705882352941,0.5377729392371365,True,6.057454788355709e-21,0.03985026997919498,0.01798260455114001,9.691927661369135e-21
공간__상권_코드_명,봉천현대시장,18,10,0.5555555555555556,2.5394833241753667,True,6.057454788355709e-21,0.03985026997919498,0.01798260455114001,9.691927661369135e-21
공간__상권_코드_명,부암동주민센터,6,0,0.0,0.0,True,6.057454788355709e-21,0.03985026997919498,0.01798260455114001,9.691927661369135e-21
공간__상권_코드_명,북가좌2동주민센터,126,33,0.2619047619047619,1.197184995682673,False,6.057454788355709e-21,0.03985026997919498,0.01798260455114001,9.691927661369135e-21
공간__상권_코드_명,북가좌초등학교,24,5,0.20833333333333334,0.9523062465657626,True,6.057454788355709e-21,0.03985026997919498,0.01798260455114001,9.691927661369135e-21
공간__상권_코드_명,북정마을,6,1,0.16666666666666666,0.76184499725261,True,6.057454788355709e-21,0.03985026997919498,0.01798260455114001,9.691927661369135e-21
공간__상권_코드_명,북창동(시청역_6번),136,34,0.25,1.1427674958789151,False,6.057454788355709e-21,0.03985026997919498,0.01798260455114001,9.691927661369135e-21
공간__상권_코드_명,북촌(안국역),138,19,0.13768115942028986,0.6293502151217213,False,6.057454788355709e-21,0.03985026997919498,0.01798260455114001,9.691927661369135e-21
공간__상권_코드_명,북한산보국문역 1번,6,1,0.16666666666666666,0.76184499725261,True,6.057454788355709e-21,0.03985026997919498,0.01798260455114001,9.691927661369135e-21
공간__상권_코드_명,북한산보국문역 2번,27,9,0.3333333333333333,1.52368999450522,True,6.057454788355709e-21,0.03985026997919498,0.01798260455114001,9.691927661369135e-21
공간__상권_코드_명,북한산우이역 2번,43,3,0.06976744186046512,0.31891185931504606,True,6.057454788355709e-21,0.03985026997919498,0.01798260455114001,9.691927661369135e-21
공간__상권_코드_명,불광먹자골목 골목형상점가,108,18,0.16666666666666666,0.76184499725261,False,6.057454788355709e-21,0.03985026997919498,0.01798260455114001,9.691927661369135e-21
공간__상권_코드_명,불광역,77,22,0.2857142857142857,1.3060199952901885,True,6.057454788355709e-21,0.03985026997919498,0.01798260455114001,9.691927661369135e-21
공간__상권_코드_명,불광역 3번,26,4,0.15384615384615385,0.7032415359254862,True,6.057454788355709e-21,0.03985026997919498,0.01798260455114001,9.691927661369135e-21
공간__상권_코드_명,불광역 7번,75,32,0.4266666666666667,1.9503231929666818,True,6.057454788355709e-21,0.03985026997919498,0.01798260455114001,9.691927661369135e-21
공간__상권_코드_명,불광역 8번,30,10,0.3333333333333333,1.52368999450522,True,6.057454788355709e-21,0.03985026997919498,0.01798260455114001,9.691927661369135e-21
공간__상권_코드_명,불광중학교,6,1,0.16666666666666666,0.76184499725261,True,6.057454788355709e-21,0.03985026997919498,0.01798260455114001,9.691927661369135e-21
공간__상권_코드_명,비단길현대시장(현대시장),163,37,0.22699386503067484,1.0376048428839229,False,6.057454788355709e-21,0.03985026997919498,0.01798260455114001,9.691927661369135e-21
공간__상권_코드_명,사가정시장,145,44,0.30344827586206896,1.387083305342683,False,6.057454788355709e-21,0.03985026997919498,0.01798260455114001,9.691927661369135e-21
공간__상권_코드_명,사가정역,144,26,0.18055555555555555,0.8253320803569942,False,6.057454788355709e-21,0.03985026997919498,0.01798260455114001,9.691927661369135e-21
공간__상권_코드_명,사가정역 1번,81,15,0.18518518518518517,0.8464944413917889,True,6.057454788355709e-21,0.03985026997919498,0.01798260455114001,9.691927661369135e-21
공간__상권_코드_명,사가정역 4번,85,13,0.15294117647058825,0.6991048210082775,True,6.057454788355709e-21,0.03985026997919498,0.01798260455114001,9.691927661369135e-21
공간__상권_코드_명,사근동살곶이상점가,67,16,0.23880597014925373,1.0915988020335905,True,6.057454788355709e-21,0.03985026997919498,0.01798260455114001,9.691927661369135e-21
공간__상권_코드_명,사당1동먹자골목상점가(사당1동먹자골목),94,10,0.10638297872340426,0.4862840407995383,True,6.057454788355709e-21,0.03985026997919498,0.01798260455114001,9.691927661369135e-21
공간__상권_코드_명,사당5동주민센터,22,1,0.045454545454545456,0.20777590834162094,True,6.057454788355709e-21,0.03985026997919498,0.01798260455114001,9.691927661369135e-21
공간__상권_코드_명,사당시장,6,1,0.16666666666666666,0.76184499725261,True,6.057454788355709e-21,0.03985026997919498,0.01798260455114001,9.691927661369135e-21
공간__상권_코드_명,사당역 10번,178,36,0.20224719101123595,0.9244860640818189,False,6.057454788355709e-21,0.03985026997919498,0.01798260455114001,9.691927661369135e-21
공간__상권_코드_명,사당역 11번(사당역먹자골목),76,13,0.17105263157894737,0.7818935498118893,True,6.057454788355709e-21,0.03985026997919498,0.01798260455114001,9.691927661369135e-21
공간__상권_코드_명,사당역 4번,154,34,0.22077922077922077,1.009197269087873,False,6.057454788355709e-21,0.03985026997919498,0.01798260455114001,9.691927661369135e-21
공간__상권_코드_명,사당역(사당),237,49,0.20675105485232068,0.9450735408956428,False,6.057454788355709e-21,0.03985026997919498,0.01798260455114001,9.691927661369135e-21
공간__상권_코드_명,사당종합체육관,17,4,0.23529411764705882,1.075545878474273,True,6.057454788355709e-21,0.03985026997919498,0.01798260455114001,9.691927661369135e-21
공간__상권_코드_명,사직공원(한국사회과학도서관),8,3,0.375,1.7141512438183726,True,6.057454788355709e-21,0.03985026997919498,0.01798260455114001,9.691927661369135e-21
공간__상권_코드_명,삼각산119안전센터,29,4,0.13793103448275862,0.6304924115194014,True,6.057454788355709e-21,0.03985026997919498,0.01798260455114001,9.691927661369135e-21
공간__상권_코드_명,삼각지역,109,19,0.1743119266055046,0.7967920154752068,False,6.057454788355709e-21,0.03985026997919498,0.01798260455114001,9.691927661369135e-21
공간__상권_코드_명,삼각지역 14번,15,2,0.13333333333333333,0.609475997802088,True,6.057454788355709e-21,0.03985026997919498,0.01798260455114001,9.691927661369135e-21
공간__상권_코드_명,삼각지역 3번,6,1,0.16666666666666666,0.76184499725261,True,6.057454788355709e-21,0.03985026997919498,0.01798260455114001,9.691927661369135e-21
공간__상권_코드_명,삼광초등학교,32,5,0.15625,0.7142296849243219,True,6.057454788355709e-21,0.03985026997919498,0.01798260455114001,9.691927661369135e-21
공간__상권_코드_명,삼구시장(로타리상가),15,0,0.0,0.0,True,6.057454788355709e-21,0.03985026997919498,0.01798260455114001,9.691927661369135e-21
공간__상권_코드_명,삼선동주민센터,67,12,0.1791044776119403,0.8186991015251929,True,6.057454788355709e-21,0.03985026997919498,0.01798260455114001,9.691927661369135e-21
공간__상권_코드_명,삼선중학교,75,14,0.18666666666666668,0.8532663969229233,True,6.057454788355709e-21,0.03985026997919498,0.01798260455114001,9.691927661369135e-21
공간__상권_코드_명,삼성동 시장(삼성동시장),27,5,0.18518518518518517,0.8464944413917889,True,6.057454788355709e-21,0.03985026997919498,0.01798260455114001,9.691927661369135e-21
공간__상권_코드_명,삼성산자연공원(서울금천초등학교),89,19,0.21348314606741572,0.9758464009752532,True,6.057454788355709e-21,0.03985026997919498,0.01798260455114001,9.691927661369135e-21
공간__상권_코드_명,삼성역,204,46,0.22549019607843138,1.0307314668711782,False,6.057454788355709e-21,0.03985026997919498,0.01798260455114001,9.691927661369135e-21
공간__상권_코드_명,삼성전자서울R&D(서울우면초등학교),6,5,0.8333333333333334,3.8092249862630503,True,6.057454788355709e-21,0.03985026997919498,0.01798260455114001,9.691927661369135e-21
공간__상권_코드_명,삼성중앙역,190,45,0.23684210526315788,1.0826218382010773,False,6.057454788355709e-21,0.03985026997919498,0.01798260455114001,9.691927661369135e-21
공간__상권_코드_명,삼성중앙역 5번,18,2,0.1111111111111111,0.5078966648350733,True,6.057454788355709e-21,0.03985026997919498,0.01798260455114001,9.691927661369135e-21
공간__상권_코드_명,삼성중앙역 7번,6,1,0.16666666666666666,0.76184499725261,True,6.057454788355709e-21,0.03985026997919498,0.01798260455114001,9.691927661369135e-21
공간__상권_코드_명,삼양골목시장(삼양시장),100,28,0.28,1.279899595384385,False,6.057454788355709e-21,0.03985026997919498,0.01798260455114001,9.691927661369135e-21
공간__상권_코드_명,삼양사거리역 1번,31,7,0.22580645161290322,1.0321770930519232,True,6.057454788355709e-21,0.03985026997919498,0.01798260455114001,9.691927661369135e-21
공간__상권_코드_명,삼양사거리역 2번,70,15,0.21428571428571427,0.9795149964676414,True,6.057454788355709e-21,0.03985026997919498,0.01798260455114001,9.691927661369135e-21
공간__상권_코드_명,삼양입구사거리,72,27,0.375,1.7141512438183726,True,6.057454788355709e-21,0.03985026997919498,0.01798260455114001,9.691927661369135e-21
공간__상권_코드_명,삼육보건대학교,123,24,0.1951219512195122,0.8919160943445191,False,6.057454788355709e-21,0.03985026997919498,0.01798260455114001,9.691927661369135e-21
공간__상권_코드_명,삼익패션타운(남대문시장),30,3,0.1,0.45710699835156604,True,6.057454788355709e-21,0.03985026997919498,0.01798260455114001,9.691927661369135e-21
공간__상권_코드_명,삼전역 1번,216,40,0.18518518518518517,0.8464944413917889,False,6.057454788355709e-21,0.03985026997919498,0.01798260455114001,9.691927661369135e-21
공간__상권_코드_명,삼전역 3번,151,38,0.25165562913907286,1.1503354925403648,False,6.057454788355709e-21,0.03985026997919498,0.01798260455114001,9.691927661369135e-21
공간__상권_코드_명,삼전역 4번,209,53,0.2535885167464115,1.1591708570637798,False,6.057454788355709e-21,0.03985026997919498,0.01798260455114001,9.691927661369135e-21
공간__상권_코드_명,삼청동,84,10,0.11904761904761904,0.5441749980375785,True,6.057454788355709e-21,0.03985026997919498,0.01798260455114001,9.691927661369135e-21
공간__상권_코드_명,삼호가든사거리,149,29,0.19463087248322147,0.8896713390735177,False,6.057454788355709e-21,0.03985026997919498,0.01798260455114001,9.691927661369135e-21
공간__상권_코드_명,상계2동주민센터,83,33,0.39759036144578314,1.8174133669399613,True,6.057454788355709e-21,0.03985026997919498,0.01798260455114001,9.691927661369135e-21
공간__상권_코드_명,상계3동4동주민센터,2,0,0.0,0.0,True,6.057454788355709e-21,0.03985026997919498,0.01798260455114001,9.691927661369135e-21
공간__상권_코드_명,상계5동주민센터,120,36,0.3,1.371320995054698,False,6.057454788355709e-21,0.03985026997919498,0.01798260455114001,9.691927661369135e-21
공간__상권_코드_명,상계백병원,97,22,0.2268041237113402,1.0367375220344797,True,6.057454788355709e-21,0.03985026997919498,0.01798260455114001,9.691927661369135e-21
공간__상권_코드_명,상계역,162,27,0.16666666666666666,0.76184499725261,False,6.057454788355709e-21,0.03985026997919498,0.01798260455114001,9.691927661369135e-21
공간__상권_코드_명,상계제일중학교,35,7,0.2,0.9142139967031321,True,6.057454788355709e-21,0.03985026997919498,0.01798260455114001,9.691927661369135e-21
공간__상권_코드_명,상계주공1단지(가)상가,36,11,0.3055555555555556,1.3967158282964518,True,6.057454788355709e-21,0.03985026997919498,0.01798260455114001,9.691927661369135e-21
공간__상권_코드_명,상계중앙시장,100,38,0.38,1.737006593735951,False,6.057454788355709e-21,0.03985026997919498,0.01798260455114001,9.691927661369135e-21
공간__상권_코드_명,상계초등학교,99,32,0.32323232323232326,1.4775175704293044,True,6.057454788355709e-21,0.03985026997919498,0.01798260455114001,9.691927661369135e-21
공간__상권_코드_명,상도1동주민센터앞,21,3,0.14285714285714285,0.6530099976450943,True,6.057454788355709e-21,0.03985026997919498,0.01798260455114001,9.691927661369135e-21
공간__상권_코드_명,상도4동주민센터,39,7,0.1794871794871795,0.8204484585797339,True,6.057454788355709e-21,0.03985026997919498,0.01798260455114001,9.691927661369135e-21
공간__상권_코드_명,상도도깨비 골목형상점가,24,14,0.5833333333333334,2.6664574903841354,True,6.057454788355709e-21,0.03985026997919498,0.01798260455114001,9.691927661369135e-21
공간__상권_코드_명,상도약수골목형상점가,19,2,0.10526315789473684,0.48116526142270105,True,6.057454788355709e-21,0.03985026997919498,0.01798260455114001,9.691927661369135e-21
공간__상권_코드_명,상도역 1번,28,6,0.21428571428571427,0.9795149964676414,True,6.057454788355709e-21,0.03985026997919498,0.01798260455114001,9.691927661369135e-21
공간__상권_코드_명,상도역 2번,42,12,0.2857142857142857,1.3060199952901885,True,6.057454788355709e-21,0.03985026997919498,0.01798260455114001,9.691927661369135e-21
공간__상권_코드_명,상도역 5번,170,39,0.22941176470588234,1.048657231512416,False,6.057454788355709e-21,0.03985026997919498,0.01798260455114001,9.691927661369135e-21
공간__상권_코드_명,상도전통시장,101,20,0.19801980198019803,0.9051623729733981,False,6.057454788355709e-21,0.03985026997919498,0.01798260455114001,9.691927661369135e-21
공간__상권_코드_명,상도초등학교,42,17,0.40476190476190477,1.8501949933277673,True,6.057454788355709e-21,0.03985026997919498,0.01798260455114001,9.691927661369135e-21
공간__상권_코드_명,상봉역,169,26,0.15384615384615385,0.7032415359254862,False,6.057454788355709e-21,0.03985026997919498,0.01798260455114001,9.691927661369135e-21
공간__상권_코드_명,상봉역 3번,117,41,0.3504273504273504,1.601827942941385,False,6.057454788355709e-21,0.03985026997919498,0.01798260455114001,9.691927661369135e-21
공간__상권_코드_명,상봉역 4번,150,38,0.25333333333333335,1.1580043958239674,False,6.057454788355709e-21,0.03985026997919498,0.01798260455114001,9.691927661369135e-21
공간__상권_코드_명,상봉역 7번,39,4,0.10256410256410256,0.46882769061699076,True,6.057454788355709e-21,0.03985026997919498,0.01798260455114001,9.691927661369135e-21
공간__상권_코드_명,상수역 3번,6,3,0.5,2.2855349917578303,True,6.057454788355709e-21,0.03985026997919498,0.01798260455114001,9.691927661369135e-21
공간__상권_코드_명,상수역 4번,46,4,0.08695652173913043,0.3974843463926661,True,6.057454788355709e-21,0.03985026997919498,0.01798260455114001,9.691927661369135e-21
공간__상권_코드_명,상수역(홍대),125,32,0.256,1.170193915780009,False,6.057454788355709e-21,0.03985026997919498,0.01798260455114001,9.691927661369135e-21
공간__상권_코드_명,상신초등학교입구,10,3,0.3,1.371320995054698,True,6.057454788355709e-21,0.03985026997919498,0.01798260455114001,9.691927661369135e-21
공간__상권_코드_명,상암동상점가,111,14,0.12612612612612611,0.5765313492722454,False,6.057454788355709e-21,0.03985026997919498,0.01798260455114001,9.691927661369135e-21
공간__상권_코드_명,상왕십리역 3번,64,10,0.15625,0.7142296849243219,True,6.057454788355709e-21,0.03985026997919498,0.01798260455114001,9.691927661369135e-21
공간__상권_코드_명,상왕십리역 6번,36,5,0.1388888888888889,0.6348708310438417,True,6.057454788355709e-21,0.03985026997919498,0.01798260455114001,9.691927661369135e-21
공간__상권_코드_명,상월곡역 1번,83,17,0.20481927710843373,0.9362432496357376,True,6.057454788355709e-21,0.03985026997919498,0.01798260455114001,9.691927661369135e-21
공간__상권_코드_명,상월곡역 2번,55,9,0.16363636363636364,0.7479932700298353,True,6.057454788355709e-21,0.03985026997919498,0.01798260455114001,9.691927661369135e-21
공간__상권_코드_명,상월곡역 3번,27,3,0.1111111111111111,0.5078966648350733,True,6.057454788355709e-21,0.03985026997919498,0.01798260455114001,9.691927661369135e-21
공간__상권_코드_명,상일여고(상일초등학교),184,52,0.2826086956521739,1.2918241257761647,False,6.057454788355709e-21,0.03985026997919498,0.01798260455114001,9.691927661369135e-21
공간__상권_코드_명,새남터성지,82,18,0.21951219512195122,1.003405606137584,True,6.057454788355709e-21,0.03985026997919498,0.01798260455114001,9.691927661369135e-21
공간__상권_코드_명,새마을시장,202,42,0.2079207920792079,0.9504204916220679,False,6.057454788355709e-21,0.03985026997919498,0.01798260455114001,9.691927661369135e-21
공간__상권_코드_명,새석관시장,6,1,0.16666666666666666,0.76184499725261,True,6.057454788355709e-21,0.03985026997919498,0.01798260455114001,9.691927661369135e-21
공간__상권_코드_명,새절역 2번,27,4,0.14814814814814814,0.677195553113431,True,6.057454788355709e-21,0.03985026997919498,0.01798260455114001,9.691927661369135e-21
공간__상권_코드_명,새절역 3번,76,13,0.17105263157894737,0.7818935498118893,True,6.057454788355709e-21,0.03985026997919498,0.01798260455114001,9.691927661369135e-21
공간__상권_코드_명,새터산,27,5,0.18518518518518517,0.8464944413917889,True,6.057454788355709e-21,0.03985026997919498,0.01798260455114001,9.691927661369135e-21
공간__상권_코드_명,샘말어린이공원,31,5,0.16129032258064516,0.7372693521799452,True,6.057454788355709e-21,0.03985026997919498,0.01798260455114001,9.691927661369135e-21
공간__상권_코드_명,샤로수길,134,29,0.21641791044776118,0.9892614143429413,False,6.057454788355709e-21,0.03985026997919498,0.01798260455114001,9.691927661369135e-21
공간__상권_코드_명,서강대역 1번,101,27,0.26732673267326734,1.2219692035140874,False,6.057454788355709e-21,0.03985026997919498,0.01798260455114001,9.691927661369135e-21
공간__상권_코드_명,서경대학교,79,8,0.10126582278481013,0.4628931628876618,True,6.057454788355709e-21,0.03985026997919498,0.01798260455114001,9.691927661369135e-21
공간__상권_코드_명,서교동(홍대),190,51,0.26842105263157895,1.2269714166278878,False,6.057454788355709e-21,0.03985026997919498,0.01798260455114001,9.691927661369135e-21
공간__상권_코드_명,서교시장,7,1,0.14285714285714285,0.6530099976450943,True,6.057454788355709e-21,0.03985026997919498,0.01798260455114001,9.691927661369135e-21
공간__상권_코드_명,서대문구보건소별관,41,6,0.14634146341463414,0.6689370707583893,True,6.057454788355709e-21,0.03985026997919498,0.01798260455114001,9.691927661369135e-21
공간__상권_코드_명,서대문소방서,42,11,0.2619047619047619,1.197184995682673,True,6.057454788355709e-21,0.03985026997919498,0.01798260455114001,9.691927661369135e-21
공간__상권_코드_명,서대문역,181,37,0.20441988950276244,0.9344176209396654,False,6.057454788355709e-21,0.03985026997919498,0.01798260455114001,9.691927661369135e-21
공간__상권_코드_명,서대문우체국,29,9,0.3103448275862069,1.4186079259186533,True,6.057454788355709e-21,0.03985026997919498,0.01798260455114001,9.691927661369135e-21
공간__상권_코드_명,서래마을카페거리(서래마을),203,43,0.21182266009852216,0.968256203404795,False,6.057454788355709e-21,0.03985026997919498,0.01798260455114001,9.691927661369135e-21
공간__상권_코드_명,서래초등학교,24,8,0.3333333333333333,1.52368999450522,True,6.057454788355709e-21,0.03985026997919498,0.01798260455114001,9.691927661369135e-21
공간__상권_코드_명,서문여고,4,4,1.0,4.5710699835156605,True,6.057454788355709e-21,0.03985026997919498,0.01798260455114001,9.691927661369135e-21
공간__상권_코드_명,서빙고동주민센터,18,3,0.16666666666666666,0.76184499725261,True,6.057454788355709e-21,0.03985026997919498,0.01798260455114001,9.691927661369135e-21
공간__상권_코드_명,서빙고역 1번,12,4,0.3333333333333333,1.52368999450522,True,6.057454788355709e-21,0.03985026997919498,0.01798260455114001,9.691927661369135e-21
공간__상권_코드_명,서서울 골목형상점가,64,11,0.171875,0.785652653416754,True,6.057454788355709e-21,0.03985026997919498,0.01798260455114001,9.691927661369135e-21
공간__상권_코드_명,서서울호수공원,42,11,0.2619047619047619,1.197184995682673,True,6.057454788355709e-21,0.03985026997919498,0.01798260455114001,9.691927661369135e-21
공간__상권_코드_명,서연중학교,40,8,0.2,0.9142139967031321,True,6.057454788355709e-21,0.03985026997919498,0.01798260455114001,9.691927661369135e-21
공간__상권_코드_명,서울고교교차로,31,4,0.12903225806451613,0.5898154817439561,True,6.057454788355709e-21,0.03985026997919498,0.01798260455114001,9.691927661369135e-21
공간__상권_코드_명,서울공연예술고등학교,41,8,0.1951219512195122,0.8919160943445191,True,6.057454788355709e-21,0.03985026997919498,0.01798260455114001,9.691927661369135e-21
공간__상권_코드_명,서울과학기술대,48,6,0.125,0.5713837479394576,True,6.057454788355709e-21,0.03985026997919498,0.01798260455114001,9.691927661369135e-21
공간__상권_코드_명,서울교통공사,18,4,0.2222222222222222,1.0157933296701467,True,6.057454788355709e-21,0.03985026997919498,0.01798260455114001,9.691927661369135e-21
공간__상권_코드_명,서울국제고등학교,65,4,0.06153846153846154,0.2812966143701945,True,6.057454788355709e-21,0.03985026997919498,0.01798260455114001,9.691927661369135e-21
공간__상권_코드_명,서울금융고등학교,14,1,0.07142857142857142,0.32650499882254713,True,6.057454788355709e-21,0.03985026997919498,0.01798260455114001,9.691927661369135e-21
공간__상권_코드_명,서울남부지방법원,192,50,0.2604166666666667,1.1903828082072032,False,6.057454788355709e-21,0.03985026997919498,0.01798260455114001,9.691927661369135e-21
공간__상권_코드_명,서울대병원,18,3,0.16666666666666666,0.76184499725261,True,6.057454788355709e-21,0.03985026997919498,0.01798260455114001,9.691927661369135e-21
공간__상권_코드_명,서울대입구역,253,61,0.24110671936758893,1.1021156877251197,False,6.057454788355709e-21,0.03985026997919498,0.01798260455114001,9.691927661369135e-21
공간__상권_코드_명,서울대입구역 8번,75,17,0.22666666666666666,1.0361091962635496,True,6.057454788355709e-21,0.03985026997919498,0.01798260455114001,9.691927661369135e-21
공간__상권_코드_명,서울독일학교,30,10,0.3333333333333333,1.52368999450522,True,6.057454788355709e-21,0.03985026997919498,0.01798260455114001,9.691927661369135e-21
공간__상권_코드_명,서울북부고용노동지청,23,4,0.17391304347826086,0.7949686927853322,True,6.057454788355709e-21,0.03985026997919498,0.01798260455114001,9.691927661369135e-21
공간__상권_코드_명,서울산업정보학교(서울삼성초등학교),11,1,0.09090909090909091,0.41555181668324187,True,6.057454788355709e-21,0.03985026997919498,0.01798260455114001,9.691927661369135e-21
공간__상권_코드_명,서울서부지방법원,95,14,0.14736842105263157,0.6736313659917814,True,6.057454788355709e-21,0.03985026997919498,0.01798260455114001,9.691927661369135e-21
공간__상권_코드_명,서울세관,135,38,0.2814814814814815,1.2866715509155193,False,6.057454788355709e-21,0.03985026997919498,0.01798260455114001,9.691927661369135e-21
공간__상권_코드_명,서울숲역,40,7,0.175,0.7999372471152405,True,6.057454788355709e-21,0.03985026997919498,0.01798260455114001,9.691927661369135e-21
공간__상권_코드_명,서울숲역 1번,6,0,0.0,0.0,True,6.057454788355709e-21,0.03985026997919498,0.01798260455114001,9.691927661369135e-21
공간__상권_코드_명,서울숲카페거리,12,0,0.0,0.0,True,6.057454788355709e-21,0.03985026997919498,0.01798260455114001,9.691927661369135e-21
공간__상권_코드_명,서울시립대,58,6,0.10344827586206896,0.47286930863955107,True,6.057454788355709e-21,0.03985026997919498,0.01798260455114001,9.691927661369135e-21
공간__상권_코드_명,서울시인재개발원,6,0,0.0,0.0,True,6.057454788355709e-21,0.03985026997919498,0.01798260455114001,9.691927661369135e-21
공간__상권_코드_명,서울시청,117,14,0.11965811965811966,0.546965639053156,False,6.057454788355709e-21,0.03985026997919498,0.01798260455114001,9.691927661369135e-21
공간__상권_코드_명,서울시흥동우체국(홈플러스시흥점),118,27,0.2288135593220339,1.045922792838329,False,6.057454788355709e-21,0.03985026997919498,0.01798260455114001,9.691927661369135e-21
공간__상권_코드_명,서울약령시장,100,26,0.26,1.1884781957140718,False,6.057454788355709e-21,0.03985026997919498,0.01798260455114001,9.691927661369135e-21
공간__상권_코드_명,서울여자간호대학교,56,11,0.19642857142857142,0.8978887467620047,True,6.057454788355709e-21,0.03985026997919498,0.01798260455114001,9.691927661369135e-21
공간__상권_코드_명,서울역,173,34,0.19653179190751446,0.8983605747949853,False,6.057454788355709e-21,0.03985026997919498,0.01798260455114001,9.691927661369135e-21
공간__상권_코드_명,서울역 12번,95,14,0.14736842105263157,0.6736313659917814,True,6.057454788355709e-21,0.03985026997919498,0.01798260455114001,9.691927661369135e-21
공간__상권_코드_명,서울역 15번,48,13,0.2708333333333333,1.2379981205354913,True,6.057454788355709e-21,0.03985026997919498,0.01798260455114001,9.691927661369135e-21
공간__상권_코드_명,서울중앙시장(신중앙시장),94,13,0.13829787234042554,0.6321692530393999,True,6.057454788355709e-21,0.03985026997919498,0.01798260455114001,9.691927661369135e-21
공간__상권_코드_명,서울지방병무청,72,12,0.16666666666666666,0.76184499725261,True,6.057454788355709e-21,0.03985026997919498,0.01798260455114001,9.691927661369135e-21
공간__상권_코드_명,서울축산농협 독산역지점(독산파출소),53,14,0.2641509433962264,1.2074524484758347,True,6.057454788355709e-21,0.03985026997919498,0.01798260455114001,9.691927661369135e-21
공간__상권_코드_명,서울프랑스학교,25,6,0.24,1.0970567960437585,True,6.057454788355709e-21,0.03985026997919498,0.01798260455114001,9.691927661369135e-21
공간__상권_코드_명,서원동상점가,127,30,0.23622047244094488,1.0797803110666913,False,6.057454788355709e-21,0.03985026997919498,0.01798260455114001,9.691927661369135e-21
공간__상권_코드_명,서원동주민센터(신관중학교),27,4,0.14814814814814814,0.677195553113431,True,6.057454788355709e-21,0.03985026997919498,0.01798260455114001,9.691927661369135e-21
공간__상권_코드_명,서일대학교,153,36,0.23529411764705882,1.075545878474273,False,6.057454788355709e-21,0.03985026997919498,0.01798260455114001,9.691927661369135e-21
공간__상권_코드_명,서초3동사거리,165,24,0.14545454545454545,0.664882906693187,False,6.057454788355709e-21,0.03985026997919498,0.01798260455114001,9.691927661369135e-21
공간__상권_코드_명,서초동성당,34,7,0.20588235294117646,0.9411026436649889,True,6.057454788355709e-21,0.03985026997919498,0.01798260455114001,9.691927661369135e-21
공간__상권_코드_명,서초소방서,7,0,0.0,0.0,True,6.057454788355709e-21,0.03985026997919498,0.01798260455114001,9.691927661369135e-21
공간__상권_코드_명,서초역,165,30,0.18181818181818182,0.8311036333664837,False,6.057454788355709e-21,0.03985026997919498,0.01798260455114001,9.691927661369135e-21
공간__상권_코드_명,서초중학교,51,5,0.09803921568627451,0.44814411603094706,True,6.057454788355709e-21,0.03985026997919498,0.01798260455114001,9.691927661369135e-21
공간__상권_코드_명,서촌(경복궁역),158,31,0.1962025316455696,0.8968555030948446,False,6.057454788355709e-21,0.03985026997919498,0.01798260455114001,9.691927661369135e-21
공간__상권_코드_명,석계역 1번,102,20,0.19607843137254902,0.8962882320618941,False,6.057454788355709e-21,0.03985026997919498,0.01798260455114001,9.691927661369135e-21
공간__상권_코드_명,석계역 2번,49,7,0.14285714285714285,0.6530099976450943,True,6.057454788355709e-21,0.03985026997919498,0.01798260455114001,9.691927661369135e-21
공간__상권_코드_명,석계역 7번,128,32,0.25,1.1427674958789151,False,6.057454788355709e-21,0.03985026997919498,0.01798260455114001,9.691927661369135e-21
공간__상권_코드_명,석관고등학교,18,5,0.2777777777777778,1.2697416620876834,True,6.057454788355709e-21,0.03985026997919498,0.01798260455114001,9.691927661369135e-21
공간__상권_코드_명,석관중앙교회,52,15,0.28846153846153844,1.3185778798602865,True,6.057454788355709e-21,0.03985026997919498,0.01798260455114001,9.691927661369135e-21
공간__상권_코드_명,석수역 1번 출입구,34,7,0.20588235294117646,0.9411026436649889,True,6.057454788355709e-21,0.03985026997919498,0.01798260455114001,9.691927661369135e-21
공간__상권_코드_명,석촌고분역,206,51,0.24757281553398058,1.1316726658218381,False,6.057454788355709e-21,0.03985026997919498,0.01798260455114001,9.691927661369135e-21
공간__상권_코드_명,석촌고분역 1번,171,41,0.23976608187134502,1.0959875399072634,False,6.057454788355709e-21,0.03985026997919498,0.01798260455114001,9.691927661369135e-21
공간__상권_코드_명,석촌고분역 3번,94,44,0.46808510638297873,2.1396497795179688,True,6.057454788355709e-21,0.03985026997919498,0.01798260455114001,9.691927661369135e-21
공간__상권_코드_명,석촌고분역 4번,93,30,0.3225806451612903,1.4745387043598903,True,6.057454788355709e-21,0.03985026997919498,0.01798260455114001,9.691927661369135e-21
공간__상권_코드_명,석촌시장,140,33,0.2357142857142857,1.0774664961144056,False,6.057454788355709e-21,0.03985026997919498,0.01798260455114001,9.691927661369135e-21
공간__상권_코드_명,석촌역 3번,150,24,0.16,0.7313711973625057,False,6.057454788355709e-21,0.03985026997919498,0.01798260455114001,9.691927661369135e-21
공간__상권_코드_명,석촌역 6번,91,24,0.26373626373626374,1.2055569187294048,True,6.057454788355709e-21,0.03985026997919498,0.01798260455114001,9.691927661369135e-21
공간__상권_코드_명,석촌역 7번,132,35,0.26515151515151514,1.2120261319927885,False,6.057454788355709e-21,0.03985026997919498,0.01798260455114001,9.691927661369135e-21
공간__상권_코드_명,석촌역(석촌호수),225,57,0.25333333333333335,1.1580043958239674,False,6.057454788355709e-21,0.03985026997919498,0.01798260455114001,9.691927661369135e-21
공간__상권_코드_명,석촌중학교(방이육교),36,9,0.25,1.1427674958789151,True,6.057454788355709e-21,0.03985026997919498,0.01798260455114001,9.691927661369135e-21
공간__상권_코드_명,선릉역,257,50,0.19455252918287938,0.8893132263649144,False,6.057454788355709e-21,0.03985026997919498,0.01798260455114001,9.691927661369135e-21
공간__상권_코드_명,선사초등학교,6,1,0.16666666666666666,0.76184499725261,True,6.057454788355709e-21,0.03985026997919498,0.01798260455114001,9.691927661369135e-21
공간__상권_코드_명,선유도역 1번,191,29,0.1518324607329843,0.6940368037798647,False,6.057454788355709e-21,0.03985026997919498,0.01798260455114001,9.691927661369135e-21
공간__상권_코드_명,선유도역 6번,42,13,0.30952380952380953,1.4148549948977043,True,6.057454788355709e-21,0.03985026997919498,0.01798260455114001,9.691927661369135e-21
공간__상권_코드_명,선유도역 골목형상점가,78,11,0.14102564102564102,0.6446380745983623,True,6.057454788355709e-21,0.03985026997919498,0.01798260455114001,9.691927661369135e-21
공간__상권_코드_명,선일여고,138,54,0.391304347826087,1.7886795587669975,False,6.057454788355709e-21,0.03985026997919498,0.01798260455114001,9.691927661369135e-21
공간__상권_코드_명,선정릉역,214,66,0.308411214953271,1.4097692472524932,False,6.057454788355709e-21,0.03985026997919498,0.01798260455114001,9.691927661369135e-21
공간__상권_코드_명,선정릉역 4번,42,8,0.19047619047619047,0.8706799968601256,True,6.057454788355709e-21,0.03985026997919498,0.01798260455114001,9.691927661369135e-21
공간__상권_코드_명,선정중학교,51,9,0.17647058823529413,0.8066594088557048,True,6.057454788355709e-21,0.03985026997919498,0.01798260455114001,9.691927661369135e-21
공간__상권_코드_명,성곡미술관,24,3,0.125,0.5713837479394576,True,6.057454788355709e-21,0.03985026997919498,0.01798260455114001,9.691927661369135e-21
공간__상권_코드_명,성균관대학교,55,12,0.21818181818181817,0.9973243600397803,True,6.057454788355709e-21,0.03985026997919498,0.01798260455114001,9.691927661369135e-21
공간__상권_코드_명,성남고등학교,102,21,0.20588235294117646,0.9411026436649889,False,6.057454788355709e-21,0.03985026997919498,0.01798260455114001,9.691927661369135e-21
공간__상권_코드_명,성내전통시장,101,34,0.33663366336633666,1.5387760340547767,False,6.057454788355709e-21,0.03985026997919498,0.01798260455114001,9.691927661369135e-21
공간__상권_코드_명,성내중학교,19,7,0.3684210526315789,1.6840784149794537,True,6.057454788355709e-21,0.03985026997919498,0.01798260455114001,9.691927661369135e-21
공간__상권_코드_명,성내천어린이공원(하니사랑길),78,20,0.2564102564102564,1.1720692265424768,True,6.057454788355709e-21,0.03985026997919498,0.01798260455114001,9.691927661369135e-21
공간__상권_코드_명,성대전통시장(성대시장),145,36,0.2482758620689655,1.1348863407349226,False,6.057454788355709e-21,0.03985026997919498,0.01798260455114001,9.691927661369135e-21
공간__상권_코드_명,성동구보건소,28,8,0.2857142857142857,1.3060199952901885,True,6.057454788355709e-21,0.03985026997919498,0.01798260455114001,9.691927661369135e-21
공간__상권_코드_명,성동세무서,25,3,0.12,0.5485283980218792,True,6.057454788355709e-21,0.03985026997919498,0.01798260455114001,9.691927661369135e-21
공간__상권_코드_명,성동용답상가시장,178,32,0.1797752808988764,0.8217653902949501,False,6.057454788355709e-21,0.03985026997919498,0.01798260455114001,9.691927661369135e-21
공간__상권_코드_명,성동초등학교,44,14,0.3181818181818182,1.4544313583913464,True,6.057454788355709e-21,0.03985026997919498,0.01798260455114001,9.691927661369135e-21
공간__상권_코드_명,성미산체육관,39,12,0.3076923076923077,1.4064830718509724,True,6.057454788355709e-21,0.03985026997919498,0.01798260455114001,9.691927661369135e-21
공간__상권_코드_명,성북구청,78,19,0.24358974358974358,1.113465765215353,True,6.057454788355709e-21,0.03985026997919498,0.01798260455114001,9.691927661369135e-21
공간__상권_코드_명,성북초등학교앞,24,4,0.16666666666666666,0.76184499725261,True,6.057454788355709e-21,0.03985026997919498,0.01798260455114001,9.691927661369135e-21
공간__상권_코드_명,성산중학교,72,13,0.18055555555555555,0.8253320803569942,True,6.057454788355709e-21,0.03985026997919498,0.01798260455114001,9.691927661369135e-21
공간__상권_코드_명,성서초등학교,78,31,0.3974358974358974,1.8167073011408392,True,6.057454788355709e-21,0.03985026997919498,0.01798260455114001,9.691927661369135e-21
공간__상권_코드_명,성수119안전센터,112,25,0.22321428571428573,1.02032812132046,False,6.057454788355709e-21,0.03985026997919498,0.01798260455114001,9.691927661369135e-21
공간__상권_코드_명,성수1가1동주민센터,22,3,0.13636363636363635,0.6233277250248627,True,6.057454788355709e-21,0.03985026997919498,0.01798260455114001,9.691927661369135e-21
공간__상권_코드_명,성수2가3동주민센터,27,8,0.2962962962962963,1.354391106226862,True,6.057454788355709e-21,0.03985026997919498,0.01798260455114001,9.691927661369135e-21
공간__상권_코드_명,성수대교남단,163,26,0.15950920245398773,0.7291277274319458,False,6.057454788355709e-21,0.03985026997919498,0.01798260455114001,9.691927661369135e-21
공간__상권_코드_명,성수동카페거리,110,20,0.18181818181818182,0.8311036333664837,False,6.057454788355709e-21,0.03985026997919498,0.01798260455114001,9.691927661369135e-21
공간__상권_코드_명,성수역,232,45,0.1939655172413793,0.8866299536991582,False,6.057454788355709e-21,0.03985026997919498,0.01798260455114001,9.691927661369135e-21
공간__상권_코드_명,성수역 골목형상점가,8,2,0.25,1.1427674958789151,True,6.057454788355709e-21,0.03985026997919498,0.01798260455114001,9.691927661369135e-21
공간__상권_코드_명,성수초등학교,125,37,0.296,1.3530367151206353,False,6.057454788355709e-21,0.03985026997919498,0.01798260455114001,9.691927661369135e-21
공간__상권_코드_명,성신여대,246,49,0.1991869918699187,0.9104976796433633,False,6.057454788355709e-21,0.03985026997919498,0.01798260455114001,9.691927661369135e-21
공간__상권_코드_명,성신여대운정그린캠퍼스,120,36,0.3,1.371320995054698,False,6.057454788355709e-21,0.03985026997919498,0.01798260455114001,9.691927661369135e-21
공간__상권_코드_명,성신여대입구역 1번,56,10,0.17857142857142858,0.8162624970563679,True,6.057454788355709e-21,0.03985026997919498,0.01798260455114001,9.691927661369135e-21
공간__상권_코드_명,성신여대입구역 4번,48,10,0.20833333333333334,0.9523062465657626,True,6.057454788355709e-21,0.03985026997919498,0.01798260455114001,9.691927661369135e-21
공간__상권_코드_명,성신여대입구역 7번,32,3,0.09375,0.42853781095459315,True,6.057454788355709e-21,0.03985026997919498,0.01798260455114001,9.691927661369135e-21
공간__상권_코드_명,성심여자고등학교,72,16,0.2222222222222222,1.0157933296701467,True,6.057454788355709e-21,0.03985026997919498,0.01798260455114001,9.691927661369135e-21
공간__상권_코드_명,성원어린이공원,29,0,0.0,0.0,True,6.057454788355709e-21,0.03985026997919498,0.01798260455114001,9.691927661369135e-21
공간__상권_코드_명,성원중학교,205,56,0.2731707317073171,1.2486825320823267,False,6.057454788355709e-21,0.03985026997919498,0.01798260455114001,9.691927661369135e-21
공간__상권_코드_명,성자초등학교,102,27,0.2647058823529412,1.2099891132835572,False,6.057454788355709e-21,0.03985026997919498,0.01798260455114001,9.691927661369135e-21
공간__상권_코드_명,세검정,33,7,0.21212121212121213,0.969620905594231,True,6.057454788355709e-21,0.03985026997919498,0.01798260455114001,9.691927661369135e-21
공간__상권_코드_명,세검정초등학교,62,12,0.1935483870967742,0.8847232226159342,True,6.057454788355709e-21,0.03985026997919498,0.01798260455114001,9.691927661369135e-21
공간__상권_코드_명,세곡초등학교,114,39,0.34210526315789475,1.5637870996237786,False,6.057454788355709e-21,0.03985026997919498,0.01798260455114001,9.691927661369135e-21
공간__상권_코드_명,세명컴퓨터고등학교,37,6,0.16216216216216217,0.7412545919214585,True,6.057454788355709e-21,0.03985026997919498,0.01798260455114001,9.691927661369135e-21
공간__상권_코드_명,세운상가가동,23,8,0.34782608695652173,1.5899373855706644,True,6.057454788355709e-21,0.03985026997919498,0.01798260455114001,9.691927661369135e-21
공간__상권_코드_명,세종대왕기념관교차로,17,2,0.11764705882352941,0.5377729392371365,True,6.057454788355709e-21,0.03985026997919498,0.01798260455114001,9.691927661369135e-21
공간__상권_코드_명,세종대학교,8,1,0.125,0.5713837479394576,True,6.057454788355709e-21,0.03985026997919498,0.01798260455114001,9.691927661369135e-21
공간__상권_코드_명,세종마을음식문화거리(금천교시장),109,21,0.1926605504587156,0.8806648592094392,False,6.057454788355709e-21,0.03985026997919498,0.01798260455114001,9.691927661369135e-21
공간__상권_코드_명,세화어린이공원,3,2,0.6666666666666666,3.04737998901044,True,6.057454788355709e-21,0.03985026997919498,0.01798260455114001,9.691927661369135e-21
공간__상권_코드_명,솔밭공원역 1번,30,8,0.26666666666666666,1.218951995604176,True,6.057454788355709e-21,0.03985026997919498,0.01798260455114001,9.691927661369135e-21
공간__상권_코드_명,솔밭공원역 2번,72,20,0.2777777777777778,1.2697416620876834,True,6.057454788355709e-21,0.03985026997919498,0.01798260455114001,9.691927661369135e-21
공간__상권_코드_명,"솔샘시장(미아6,7동골목시장)",88,8,0.09090909090909091,0.41555181668324187,True,6.057454788355709e-21,0.03985026997919498,0.01798260455114001,9.691927661369135e-21
공간__상권_코드_명,솔숲어린이공원,15,3,0.2,0.9142139967031321,True,6.057454788355709e-21,0.03985026997919498,0.01798260455114001,9.691927661369135e-21
공간__상권_코드_명,송정역,87,18,0.20689655172413793,0.9457386172791021,True,6.057454788355709e-21,0.03985026997919498,0.01798260455114001,9.691927661369135e-21
공간__상권_코드_명,송정역 2번,12,3,0.25,1.1427674958789151,True,6.057454788355709e-21,0.03985026997919498,0.01798260455114001,9.691927661369135e-21
공간__상권_코드_명,송정역 3번,164,52,0.3170731707317073,1.4493636533098435,False,6.057454788355709e-21,0.03985026997919498,0.01798260455114001,9.691927661369135e-21
공간__상권_코드_명,송정체육공원,82,17,0.2073170731707317,0.9476608502410514,True,6.057454788355709e-21,0.03985026997919498,0.01798260455114001,9.691927661369135e-21
공간__상권_코드_명,송중동주민센터,60,11,0.18333333333333332,0.838029496977871,True,6.057454788355709e-21,0.03985026997919498,0.01798260455114001,9.691927661369135e-21
공간__상권_코드_명,송중초등학교,109,36,0.3302752293577982,1.5097111872161815,False,6.057454788355709e-21,0.03985026997919498,0.01798260455114001,9.691927661369135e-21
공간__상권_코드_명,송천동주민센터,18,8,0.4444444444444444,2.0315866593402934,True,6.057454788355709e-21,0.03985026997919498,0.01798260455114001,9.691927661369135e-21
공간__상권_코드_명,송천초등학교,65,21,0.3230769230769231,1.4768072254435212,True,6.057454788355709e-21,0.03985026997919498,0.01798260455114001,9.691927661369135e-21
공간__상권_코드_명,송파나루역,105,30,0.2857142857142857,1.3060199952901885,False,6.057454788355709e-21,0.03985026997919498,0.01798260455114001,9.691927661369135e-21
공간__상권_코드_명,송파나루역 1번(송리단길),147,41,0.2789115646258503,1.2749242811166126,False,6.057454788355709e-21,0.03985026997919498,0.01798260455114001,9.691927661369135e-21
공간__상권_코드_명,송파나루역 2번,49,18,0.3673469387755102,1.6791685653730997,True,6.057454788355709e-21,0.03985026997919498,0.01798260455114001,9.691927661369135e-21
공간__상권_코드_명,송파나루역 3번,12,0,0.0,0.0,True,6.057454788355709e-21,0.03985026997919498,0.01798260455114001,9.691927661369135e-21
공간__상권_코드_명,송파사거리(송파역),166,49,0.29518072289156627,1.3492917421220925,False,6.057454788355709e-21,0.03985026997919498,0.01798260455114001,9.691927661369135e-21
공간__상권_코드_명,송파역 2번,41,8,0.1951219512195122,0.8919160943445191,True,6.057454788355709e-21,0.03985026997919498,0.01798260455114001,9.691927661369135e-21
공간__상권_코드_명,송파책박물관,28,6,0.21428571428571427,0.9795149964676414,True,6.057454788355709e-21,0.03985026997919498,0.01798260455114001,9.691927661369135e-21
공간__상권_코드_명,송화벽화시장(송화골목시장),120,29,0.24166666666666667,1.1046752460162845,False,6.057454788355709e-21,0.03985026997919498,0.01798260455114001,9.691927661369135e-21
공간__상권_코드_명,수궁동주민센터,98,23,0.23469387755102042,1.0728021389883693,True,6.057454788355709e-21,0.03985026997919498,0.01798260455114001,9.691927661369135e-21
공간__상권_코드_명,수락산디자인거리,135,27,0.2,0.9142139967031321,False,6.057454788355709e-21,0.03985026997919498,0.01798260455114001,9.691927661369135e-21
공간__상권_코드_명,수락산역 4번,209,35,0.1674641148325359,0.7654901886270244,False,6.057454788355709e-21,0.03985026997919498,0.01798260455114001,9.691927661369135e-21
공간__상권_코드_명,수색성당,6,0,0.0,0.0,True,6.057454788355709e-21,0.03985026997919498,0.01798260455114001,9.691927661369135e-21
공간__상권_코드_명,수서역,204,27,0.1323529411764706,0.6049945566417786,False,6.057454788355709e-21,0.03985026997919498,0.01798260455114001,9.691927661369135e-21
공간__상권_코드_명,수송초등학교,133,36,0.2706766917293233,1.2372821008012314,False,6.057454788355709e-21,0.03985026997919498,0.01798260455114001,9.691927661369135e-21
공간__상권_코드_명,수유1동주민센터,86,30,0.3488372093023256,1.5945592965752304,True,6.057454788355709e-21,0.03985026997919498,0.01798260455114001,9.691927661369135e-21
공간__상권_코드_명,수유동우체국,34,8,0.23529411764705882,1.075545878474273,True,6.057454788355709e-21,0.03985026997919498,0.01798260455114001,9.691927661369135e-21
공간__상권_코드_명,수유북부시장옆,61,12,0.19672131147540983,0.8992268820030807,True,6.057454788355709e-21,0.03985026997919498,0.01798260455114001,9.691927661369135e-21
공간__상권_코드_명,수유시장옆,52,22,0.4230769230769231,1.933914223795087,True,6.057454788355709e-21,0.03985026997919498,0.01798260455114001,9.691927661369135e-21
공간__상권_코드_명,수유역,235,36,0.15319148936170213,0.7002490187513352,False,6.057454788355709e-21,0.03985026997919498,0.01798260455114001,9.691927661369135e-21
공간__상권_코드_명,수유역 2번,52,14,0.2692307692307692,1.2306726878696008,True,6.057454788355709e-21,0.03985026997919498,0.01798260455114001,9.691927661369135e-21
공간__상권_코드_명,수유재래시장,12,4,0.3333333333333333,1.52368999450522,True,6.057454788355709e-21,0.03985026997919498,0.01798260455114001,9.691927661369135e-21
공간__상권_코드_명,"수유전통시장(수유시장, 수유골목시장)",110,23,0.20909090909090908,0.9557691783714561,False,6.057454788355709e-21,0.03985026997919498,0.01798260455114001,9.691927661369135e-21
공간__상권_코드_명,수유중앙골목시장(수유중앙시장),57,7,0.12280701754385964,0.5613594716598179,True,6.057454788355709e-21,0.03985026997919498,0.01798260455114001,9.691927661369135e-21
공간__상권_코드_명,수유초등학교,76,28,0.3684210526315789,1.6840784149794537,True,6.057454788355709e-21,0.03985026997919498,0.01798260455114001,9.691927661369135e-21
공간__상권_코드_명,수유프라자,18,6,0.3333333333333333,1.52368999450522,True,6.057454788355709e-21,0.03985026997919498,0.01798260455114001,9.691927661369135e-21
공간__상권_코드_명,수일시장,16,4,0.25,1.1427674958789151,True,6.057454788355709e-21,0.03985026997919498,0.01798260455114001,9.691927661369135e-21
공간__상권_코드_명,수족관거리,12,6,0.5,2.2855349917578303,True,6.057454788355709e-21,0.03985026997919498,0.01798260455114001,9.691927661369135e-21
공간__상권_코드_명,숙대입구,162,18,0.1111111111111111,0.5078966648350733,False,6.057454788355709e-21,0.03985026997919498,0.01798260455114001,9.691927661369135e-21
공간__상권_코드_명,숙대입구역 1번,55,13,0.23636363636363636,1.0804347233764287,True,6.057454788355709e-21,0.03985026997919498,0.01798260455114001,9.691927661369135e-21
공간__상권_코드_명,"숙대입구역(남영역, 남영동)",168,24,0.14285714285714285,0.6530099976450943,False,6.057454788355709e-21,0.03985026997919498,0.01798260455114001,9.691927661369135e-21
공간__상권_코드_명,숭곡초등학교,177,44,0.24858757062146894,1.136311182342876,False,6.057454788355709e-21,0.03985026997919498,0.01798260455114001,9.691927661369135e-21
공간__상권_코드_명,숭례문수입상가(남대문시장),71,17,0.23943661971830985,1.09448154534882,True,6.057454788355709e-21,0.03985026997919498,0.01798260455114001,9.691927661369135e-21
공간__상권_코드_명,숭실대입구역 1번,143,33,0.23076923076923078,1.0548623038882294,False,6.057454788355709e-21,0.03985026997919498,0.01798260455114001,9.691927661369135e-21
공간__상권_코드_명,숭실대입구역 4번,102,10,0.09803921568627451,0.44814411603094706,False,6.057454788355709e-21,0.03985026997919498,0.01798260455114001,9.691927661369135e-21
공간__상권_코드_명,숭인시장,88,23,0.26136363636363635,1.1947114729643202,True,6.057454788355709e-21,0.03985026997919498,0.01798260455114001,9.691927661369135e-21
공간__상권_코드_명,시립대앞사거리,30,4,0.13333333333333333,0.609475997802088,True,6.057454788355709e-21,0.03985026997919498,0.01798260455114001,9.691927661369135e-21
공간__상권_코드_명,시립서북병원,133,39,0.2932330827067669,1.3403889425346671,False,6.057454788355709e-21,0.03985026997919498,0.01798260455114001,9.691927661369135e-21
공간__상권_코드_명,시조사삼거리,11,3,0.2727272727272727,1.2466554500497253,True,6.057454788355709e-21,0.03985026997919498,0.01798260455114001,9.691927661369135e-21
공간__상권_코드_명,시청역_1번,72,8,0.1111111111111111,0.5078966648350733,True,6.057454788355709e-21,0.03985026997919498,0.01798260455114001,9.691927661369135e-21
공간__상권_코드_명,시청역_8번,123,17,0.13821138211382114,0.631773900160701,False,6.057454788355709e-21,0.03985026997919498,0.01798260455114001,9.691927661369135e-21
공간__상권_코드_명,시흥3동 우편취급국,6,1,0.16666666666666666,0.76184499725261,True,6.057454788355709e-21,0.03985026997919498,0.01798260455114001,9.691927661369135e-21
공간__상권_코드_명,시흥4동주민센터(서울신흥초등학교),89,17,0.19101123595505617,0.8731257271883845,True,6.057454788355709e-21,0.03985026997919498,0.01798260455114001,9.691927661369135e-21
공간__상권_코드_명,시흥동 은행나무사거리,113,23,0.20353982300884957,0.9303947754058424,False,6.057454788355709e-21,0.03985026997919498,0.01798260455114001,9.691927661369135e-21
공간__상권_코드_명,시흥초등학교(시흥1동우체국),112,19,0.16964285714285715,0.7754493722035495,False,6.057454788355709e-21,0.03985026997919498,0.01798260455114001,9.691927661369135e-21
공간__상권_코드_명,신곡종합시장(신월6동 골목시장),98,10,0.10204081632653061,0.4664357126036388,True,6.057454788355709e-21,0.03985026997919498,0.01798260455114001,9.691927661369135e-21
공간__상권_코드_명,신곡초등학교,60,17,0.2833333333333333,1.295136495329437,True,6.057454788355709e-21,0.03985026997919498,0.01798260455114001,9.691927661369135e-21
공간__상권_코드_명,신광명마을,12,0,0.0,0.0,True,6.057454788355709e-21,0.03985026997919498,0.01798260455114001,9.691927661369135e-21
공간__상권_코드_명,신구중학교,12,1,0.08333333333333333,0.380922498626305,True,6.057454788355709e-21,0.03985026997919498,0.01798260455114001,9.691927661369135e-21
공간__상권_코드_명,신금호역 4번,33,2,0.06060606060606061,0.2770345444554946,True,6.057454788355709e-21,0.03985026997919498,0.01798260455114001,9.691927661369135e-21
공간__상권_코드_명,신금호역 골목형상점가,60,11,0.18333333333333332,0.838029496977871,True,6.057454788355709e-21,0.03985026997919498,0.01798260455114001,9.691927661369135e-21
공간__상권_코드_명,신길2동우편취급국,48,6,0.125,0.5713837479394576,True,6.057454788355709e-21,0.03985026997919498,0.01798260455114001,9.691927661369135e-21
공간__상권_코드_명,신길3동주민센터,121,31,0.256198347107438,1.171100574289136,False,6.057454788355709e-21,0.03985026997919498,0.01798260455114001,9.691927661369135e-21
공간__상권_코드_명,신길6동주민센터,54,9,0.16666666666666666,0.76184499725261,True,6.057454788355709e-21,0.03985026997919498,0.01798260455114001,9.691927661369135e-21
공간__상권_코드_명,신길대성유니드아파트,30,4,0.13333333333333333,0.609475997802088,True,6.057454788355709e-21,0.03985026997919498,0.01798260455114001,9.691927661369135e-21
공간__상권_코드_명,신길동홍어거리,29,4,0.13793103448275862,0.6304924115194014,True,6.057454788355709e-21,0.03985026997919498,0.01798260455114001,9.691927661369135e-21
공간__상권_코드_명,신길새마을금고신길4동지점,23,12,0.5217391304347826,2.3849060783559963,True,6.057454788355709e-21,0.03985026997919498,0.01798260455114001,9.691927661369135e-21
공간__상권_코드_명,신길역 1번,6,3,0.5,2.2855349917578303,True,6.057454788355709e-21,0.03985026997919498,0.01798260455114001,9.691927661369135e-21
공간__상권_코드_명,신길역 3번,12,2,0.16666666666666666,0.76184499725261,True,6.057454788355709e-21,0.03985026997919498,0.01798260455114001,9.691927661369135e-21
공간__상권_코드_명,신내1동주민센터,176,48,0.2727272727272727,1.2466554500497253,False,6.057454788355709e-21,0.03985026997919498,0.01798260455114001,9.691927661369135e-21
공간__상권_코드_명,신내IC북측,1,0,0.0,0.0,True,6.057454788355709e-21,0.03985026997919498,0.01798260455114001,9.691927661369135e-21
공간__상권_코드_명,신내역 1번,6,0,0.0,0.0,True,6.057454788355709e-21,0.03985026997919498,0.01798260455114001,9.691927661369135e-21
공간__상권_코드_명,신내역 2번,1,0,0.0,0.0,True,6.057454788355709e-21,0.03985026997919498,0.01798260455114001,9.691927661369135e-21
공간__상권_코드_명,신노량진시장(기능상실),18,2,0.1111111111111111,0.5078966648350733,True,6.057454788355709e-21,0.03985026997919498,0.01798260455114001,9.691927661369135e-21
공간__상권_코드_명,신논현역,250,68,0.272,1.2433310355162597,False,6.057454788355709e-21,0.03985026997919498,0.01798260455114001,9.691927661369135e-21
공간__상권_코드_명,신논현역 1번,113,25,0.22123893805309736,1.011298668919394,False,6.057454788355709e-21,0.03985026997919498,0.01798260455114001,9.691927661369135e-21
공간__상권_코드_명,신당 미래유산 먹거리 골목형상점가,6,0,0.0,0.0,True,6.057454788355709e-21,0.03985026997919498,0.01798260455114001,9.691927661369135e-21
공간__상권_코드_명,신당역,190,31,0.1631578947368421,0.7458061552051867,False,6.057454788355709e-21,0.03985026997919498,0.01798260455114001,9.691927661369135e-21
공간__상권_코드_명,신당역 3번,82,25,0.3048780487804878,1.393618897413311,True,6.057454788355709e-21,0.03985026997919498,0.01798260455114001,9.691927661369135e-21
공간__상권_코드_명,신대림초등학교,23,10,0.43478260869565216,1.9874217319633305,True,6.057454788355709e-21,0.03985026997919498,0.01798260455114001,9.691927661369135e-21
공간__상권_코드_명,신대방1동골목상권,86,11,0.12790697674418605,0.5846717420775844,True,6.057454788355709e-21,0.03985026997919498,0.01798260455114001,9.691927661369135e-21
공간__상권_코드_명,신대방삼거리역,183,33,0.18032786885245902,0.824291308502824,False,6.057454788355709e-21,0.03985026997919498,0.01798260455114001,9.691927661369135e-21
공간__상권_코드_명,신대방삼거리역 1번,68,22,0.3235294117647059,1.4788755829021254,True,6.057454788355709e-21,0.03985026997919498,0.01798260455114001,9.691927661369135e-21
공간__상권_코드_명,신대방삼거리역 3번,31,6,0.1935483870967742,0.8847232226159342,True,6.057454788355709e-21,0.03985026997919498,0.01798260455114001,9.691927661369135e-21
공간__상권_코드_명,신대방삼거리역 4번(대림초등학교),16,10,0.625,2.8569187396972877,True,6.057454788355709e-21,0.03985026997919498,0.01798260455114001,9.691927661369135e-21
공간__상권_코드_명,신대방역 1번,55,8,0.14545454545454545,0.664882906693187,True,6.057454788355709e-21,0.03985026997919498,0.01798260455114001,9.691927661369135e-21
공간__상권_코드_명,신대방역 2번,138,32,0.2318840579710145,1.0599582570471096,False,6.057454788355709e-21,0.03985026997919498,0.01798260455114001,9.691927661369135e-21
공간__상권_코드_명,신대방역 3번,11,8,0.7272727272727273,3.324414533465935,True,6.057454788355709e-21,0.03985026997919498,0.01798260455114001,9.691927661369135e-21
공간__상권_코드_명,신대방역 4번,129,30,0.23255813953488372,1.0630395310501535,False,6.057454788355709e-21,0.03985026997919498,0.01798260455114001,9.691927661369135e-21
공간__상권_코드_명,신도림역,241,60,0.24896265560165975,1.1380257220370937,False,6.057454788355709e-21,0.03985026997919498,0.01798260455114001,9.691927661369135e-21
공간__상권_코드_명,신도봉시장,12,1,0.08333333333333333,0.380922498626305,True,6.057454788355709e-21,0.03985026997919498,0.01798260455114001,9.691927661369135e-21
공간__상권_코드_명,신동시장,11,5,0.45454545454545453,2.077759083416209,True,6.057454788355709e-21,0.03985026997919498,0.01798260455114001,9.691927661369135e-21
공간__상권_코드_명,신림역 1번,12,0,0.0,0.0,True,6.057454788355709e-21,0.03985026997919498,0.01798260455114001,9.691927661369135e-21
공간__상권_코드_명,"신림역 5번(신림동주민센터, 신림동별빛거리)",107,21,0.19626168224299065,0.897125884615223,False,6.057454788355709e-21,0.03985026997919498,0.01798260455114001,9.691927661369135e-21
공간__상권_코드_명,신림역 8번,87,18,0.20689655172413793,0.9457386172791021,True,6.057454788355709e-21,0.03985026997919498,0.01798260455114001,9.691927661369135e-21
공간__상권_코드_명,신림역(신림),240,59,0.24583333333333332,1.1237213709475997,False,6.057454788355709e-21,0.03985026997919498,0.01798260455114001,9.691927661369135e-21
공간__상권_코드_명,신림우방아파트,32,9,0.28125,1.2856134328637794,True,6.057454788355709e-21,0.03985026997919498,0.01798260455114001,9.691927661369135e-21
공간__상권_코드_명,신림주공2단지(광신고등학교),2,1,0.5,2.2855349917578303,True,6.057454788355709e-21,0.03985026997919498,0.01798260455114001,9.691927661369135e-21
공간__상권_코드_명,신림중앙시장(조원동 펭귄시장),9,3,0.3333333333333333,1.52368999450522,True,6.057454788355709e-21,0.03985026997919498,0.01798260455114001,9.691927661369135e-21
공간__상권_코드_명,신림초등학교,16,3,0.1875,0.8570756219091863,True,6.057454788355709e-21,0.03985026997919498,0.01798260455114001,9.691927661369135e-21
공간__상권_코드_명,신림현대아파트,24,6,0.25,1.1427674958789151,True,6.057454788355709e-21,0.03985026997919498,0.01798260455114001,9.691927661369135e-21
공간__상권_코드_명,신림현대종합상가,12,1,0.08333333333333333,0.380922498626305,True,6.057454788355709e-21,0.03985026997919498,0.01798260455114001,9.691927661369135e-21
공간__상권_코드_명,신목동역,5,0,0.0,0.0,True,6.057454788355709e-21,0.03985026997919498,0.01798260455114001,9.691927661369135e-21
공간__상권_코드_명,신묵초등학교,101,33,0.32673267326732675,1.493517915406107,False,6.057454788355709e-21,0.03985026997919498,0.01798260455114001,9.691927661369135e-21
공간__상권_코드_명,신방화역 2번,219,50,0.228310502283105,1.0436232839076849,False,6.057454788355709e-21,0.03985026997919498,0.01798260455114001,9.691927661369135e-21
공간__상권_코드_명,신방화역 8번,41,13,0.3170731707317073,1.4493636533098435,True,6.057454788355709e-21,0.03985026997919498,0.01798260455114001,9.691927661369135e-21
공간__상권_코드_명,신사1동주민센터,102,20,0.19607843137254902,0.8962882320618941,False,6.057454788355709e-21,0.03985026997919498,0.01798260455114001,9.691927661369135e-21
공간__상권_코드_명,신사상가,27,3,0.1111111111111111,0.5078966648350733,True,6.057454788355709e-21,0.03985026997919498,0.01798260455114001,9.691927661369135e-21
공간__상권_코드_명,신사역,256,46,0.1796875,0.8213641376629702,False,6.057454788355709e-21,0.03985026997919498,0.01798260455114001,9.691927661369135e-21
공간__상권_코드_명,신사은행나무공원,29,4,0.13793103448275862,0.6304924115194014,True,6.057454788355709e-21,0.03985026997919498,0.01798260455114001,9.691927661369135e-21
공간__상권_코드_명,신서초등학교,63,15,0.23809523809523808,1.088349996075157,True,6.057454788355709e-21,0.03985026997919498,0.01798260455114001,9.691927661369135e-21
공간__상권_코드_명,신설동역,220,34,0.15454545454545454,0.7064380883615111,False,6.057454788355709e-21,0.03985026997919498,0.01798260455114001,9.691927661369135e-21
공간__상권_코드_명,신설동역 12번,32,9,0.28125,1.2856134328637794,True,6.057454788355709e-21,0.03985026997919498,0.01798260455114001,9.691927661369135e-21
공간__상권_코드_명,신설동역 9번,38,9,0.23684210526315788,1.0826218382010773,True,6.057454788355709e-21,0.03985026997919498,0.01798260455114001,9.691927661369135e-21
공간__상권_코드_명,신성시장(신성골목시장),54,6,0.1111111111111111,0.5078966648350733,True,6.057454788355709e-21,0.03985026997919498,0.01798260455114001,9.691927661369135e-21
공간__상권_코드_명,신성초등학교,85,13,0.15294117647058825,0.6991048210082775,True,6.057454788355709e-21,0.03985026997919498,0.01798260455114001,9.691927661369135e-21
공간__상권_코드_명,신수동주민센터,38,10,0.2631578947368421,1.2029131535567525,True,6.057454788355709e-21,0.03985026997919498,0.01798260455114001,9.691927661369135e-21
공간__상권_코드_명,신신림시장(삼성동시장),6,0,0.0,0.0,True,6.057454788355709e-21,0.03985026997919498,0.01798260455114001,9.691927661369135e-21
공간__상권_코드_명,신아타운,89,23,0.25842696629213485,1.181287748548991,True,6.057454788355709e-21,0.03985026997919498,0.01798260455114001,9.691927661369135e-21
공간__상권_코드_명,신영시장,135,15,0.1111111111111111,0.5078966648350733,False,6.057454788355709e-21,0.03985026997919498,0.01798260455114001,9.691927661369135e-21
공간__상권_코드_명,신용산역(용산역),184,34,0.18478260869565216,0.8446542360844154,False,6.057454788355709e-21,0.03985026997919498,0.01798260455114001,9.691927661369135e-21
공간__상권_코드_명,신우어린이공원,19,3,0.15789473684210525,0.7217478921340515,True,6.057454788355709e-21,0.03985026997919498,0.01798260455114001,9.691927661369135e-21
공간__상권_코드_명,신원동주민센터,84,15,0.17857142857142858,0.8162624970563679,True,6.057454788355709e-21,0.03985026997919498,0.01798260455114001,9.691927661369135e-21
공간__상권_코드_명,신원시장,73,7,0.0958904109589041,0.43832177924122767,True,6.057454788355709e-21,0.03985026997919498,0.01798260455114001,9.691927661369135e-21
공간__상권_코드_명,신월1동우편취급국,85,16,0.18823529411764706,0.8604367027794184,True,6.057454788355709e-21,0.03985026997919498,0.01798260455114001,9.691927661369135e-21
공간__상권_코드_명,신월1동주민센터,80,12,0.15,0.685660497527349,True,6.057454788355709e-21,0.03985026997919498,0.01798260455114001,9.691927661369135e-21
공간__상권_코드_명,신월1파출소,82,18,0.21951219512195122,1.003405606137584,True,6.057454788355709e-21,0.03985026997919498,0.01798260455114001,9.691927661369135e-21
공간__상권_코드_명,신월2동주민센터,64,13,0.203125,0.9284985904016184,True,6.057454788355709e-21,0.03985026997919498,0.01798260455114001,9.691927661369135e-21
공간__상권_코드_명,신월3동 골목시장,15,4,0.26666666666666666,1.218951995604176,True,6.057454788355709e-21,0.03985026997919498,0.01798260455114001,9.691927661369135e-21
공간__상권_코드_명,신월3동주민센터,110,26,0.23636363636363636,1.0804347233764287,False,6.057454788355709e-21,0.03985026997919498,0.01798260455114001,9.691927661369135e-21
공간__상권_코드_명,신월4동주민센터,82,11,0.13414634146341464,0.6131923148618569,True,6.057454788355709e-21,0.03985026997919498,0.01798260455114001,9.691927661369135e-21
공간__상권_코드_명,"신월7동 골목시장(약수시장, 우성상가)",29,14,0.4827586206896552,2.206723440317905,True,6.057454788355709e-21,0.03985026997919498,0.01798260455114001,9.691927661369135e-21
공간__상권_코드_명,신월7동주민센터,90,18,0.2,0.9142139967031321,True,6.057454788355709e-21,0.03985026997919498,0.01798260455114001,9.691927661369135e-21
공간__상권_코드_명,신월문화체육센터,135,39,0.28888888888888886,1.3205313285711906,False,6.057454788355709e-21,0.03985026997919498,0.01798260455114001,9.691927661369135e-21
공간__상권_코드_명,신월시영아파트중문,24,13,0.5416666666666666,2.4759962410709826,True,6.057454788355709e-21,0.03985026997919498,0.01798260455114001,9.691927661369135e-21
공간__상권_코드_명,신월중앙시장,6,0,0.0,0.0,True,6.057454788355709e-21,0.03985026997919498,0.01798260455114001,9.691927661369135e-21
공간__상권_코드_명,신월중학교,49,13,0.2653061224489796,1.212732852769461,True,6.057454788355709e-21,0.03985026997919498,0.01798260455114001,9.691927661369135e-21
공간__상권_코드_명,신자초등학교,93,27,0.2903225806451613,1.3270848339239014,True,6.057454788355709e-21,0.03985026997919498,0.01798260455114001,9.691927661369135e-21
공간__상권_코드_명,신정1동 골목시장(신정제일시장),47,10,0.2127659574468085,0.9725680815990766,True,6.057454788355709e-21,0.03985026997919498,0.01798260455114001,9.691927661369135e-21
공간__상권_코드_명,신정2동 골목시장(오목교중앙시장),36,8,0.2222222222222222,1.0157933296701467,True,6.057454788355709e-21,0.03985026997919498,0.01798260455114001,9.691927661369135e-21
공간__상권_코드_명,신정2동주민센터,168,34,0.20238095238095238,0.9250974966638836,False,6.057454788355709e-21,0.03985026997919498,0.01798260455114001,9.691927661369135e-21
공간__상권_코드_명,신정3동 골목시장,18,5,0.2777777777777778,1.2697416620876834,True,6.057454788355709e-21,0.03985026997919498,0.01798260455114001,9.691927661369135e-21
공간__상권_코드_명,신정네거리역,262,54,0.20610687022900764,0.9421289279001743,False,6.057454788355709e-21,0.03985026997919498,0.01798260455114001,9.691927661369135e-21
공간__상권_코드_명,신정네거리역 2번,18,5,0.2777777777777778,1.2697416620876834,True,6.057454788355709e-21,0.03985026997919498,0.01798260455114001,9.691927661369135e-21
공간__상권_코드_명,신정네거리역 4번,26,3,0.11538461538461539,0.5274311519441147,True,6.057454788355709e-21,0.03985026997919498,0.01798260455114001,9.691927661369135e-21
공간__상권_코드_명,신정롯데캐슬아파트,117,16,0.13675213675213677,0.6251035874893212,False,6.057454788355709e-21,0.03985026997919498,0.01798260455114001,9.691927661369135e-21
공간__상권_코드_명,신정역 1번,25,8,0.32,1.4627423947250113,True,6.057454788355709e-21,0.03985026997919498,0.01798260455114001,9.691927661369135e-21
공간__상권_코드_명,신정역 5번,100,26,0.26,1.1884781957140718,False,6.057454788355709e-21,0.03985026997919498,0.01798260455114001,9.691927661369135e-21
공간__상권_코드_명,신중초등학교,38,10,0.2631578947368421,1.2029131535567525,True,6.057454788355709e-21,0.03985026997919498,0.01798260455114001,9.691927661369135e-21
공간__상권_코드_명,신진과학기술고등학교,43,6,0.13953488372093023,0.6378237186300921,True,6.057454788355709e-21,0.03985026997919498,0.01798260455114001,9.691927661369135e-21
공간__상권_코드_명,신창초등학교,180,32,0.17777777777777778,0.8126346637361174,False,6.057454788355709e-21,0.03985026997919498,0.01798260455114001,9.691927661369135e-21
공간__상권_코드_명,신촌 상인회(신촌상점가),40,5,0.125,0.5713837479394576,True,6.057454788355709e-21,0.03985026997919498,0.01798260455114001,9.691927661369135e-21
공간__상권_코드_명,신촌역 6번,18,3,0.16666666666666666,0.76184499725261,True,6.057454788355709e-21,0.03985026997919498,0.01798260455114001,9.691927661369135e-21
공간__상권_코드_명,"신촌역(신촌역, 신촌로터리)",259,59,0.2277992277992278,1.0412862124610962,False,6.057454788355709e-21,0.03985026997919498,0.01798260455114001,9.691927661369135e-21
공간__상권_코드_명,신풍역 1번,83,26,0.3132530120481928,1.4319014406193635,True,6.057454788355709e-21,0.03985026997919498,0.01798260455114001,9.691927661369135e-21
공간__상권_코드_명,신풍역 2번,6,0,0.0,0.0,True,6.057454788355709e-21,0.03985026997919498,0.01798260455114001,9.691927661369135e-21
공간__상권_코드_명,신풍역 3번,28,3,0.10714285714285714,0.4897574982338207,True,6.057454788355709e-21,0.03985026997919498,0.01798260455114001,9.691927661369135e-21
공간__상권_코드_명,신풍역 6번(신길6동공영주차장),6,5,0.8333333333333334,3.8092249862630503,True,6.057454788355709e-21,0.03985026997919498,0.01798260455114001,9.691927661369135e-21
공간__상권_코드_명,신한은행 방학동지점,52,16,0.3076923076923077,1.4064830718509724,True,6.057454788355709e-21,0.03985026997919498,0.01798260455114001,9.691927661369135e-21
공간__상권_코드_명,신한은행 신월동지점,124,19,0.1532258064516129,0.700405884570948,False,6.057454788355709e-21,0.03985026997919498,0.01798260455114001,9.691927661369135e-21
공간__상권_코드_명,신흥시장,19,1,0.05263157894736842,0.24058263071135053,True,6.057454788355709e-21,0.03985026997919498,0.01798260455114001,9.691927661369135e-21
공간__상권_코드_명,쌍문2동우체국,96,19,0.19791666666666666,0.9046909342374744,True,6.057454788355709e-21,0.03985026997919498,0.01798260455114001,9.691927661369135e-21
공간__상권_코드_명,쌍문시장(쌍문역골목시장),186,48,0.25806451612903225,1.1796309634879123,False,6.057454788355709e-21,0.03985026997919498,0.01798260455114001,9.691927661369135e-21
공간__상권_코드_명,쌍문역1번(쌍리단길),121,25,0.2066115702479339,0.9444359470073679,False,6.057454788355709e-21,0.03985026997919498,0.01798260455114001,9.691927661369135e-21
공간__상권_코드_명,쌍문역동측상점가,108,25,0.23148148148148148,1.0581180517397362,False,6.057454788355709e-21,0.03985026997919498,0.01798260455114001,9.691927661369135e-21
공간__상권_코드_명,쌍문역둘리상점가,47,6,0.1276595744680851,0.5835408489594459,True,6.057454788355709e-21,0.03985026997919498,0.01798260455114001,9.691927661369135e-21
공간__상권_코드_명,쌍문초등학교,93,22,0.23655913978494625,1.081328383197253,True,6.057454788355709e-21,0.03985026997919498,0.01798260455114001,9.691927661369135e-21
공간__상권_코드_명,아래방죽마을공원(율현초등학교),22,2,0.09090909090909091,0.41555181668324187,True,6.057454788355709e-21,0.03985026997919498,0.01798260455114001,9.691927661369135e-21
공간__상권_코드_명,아차산역,207,47,0.22705314009661837,1.0378757933586282,False,6.057454788355709e-21,0.03985026997919498,0.01798260455114001,9.691927661369135e-21
공간__상권_코드_명,아차산역 1번,94,26,0.2765957446808511,1.2643385060787997,True,6.057454788355709e-21,0.03985026997919498,0.01798260455114001,9.691927661369135e-21
공간__상권_코드_명,아차산역 5번,6,1,0.16666666666666666,0.76184499725261,True,6.057454788355709e-21,0.03985026997919498,0.01798260455114001,9.691927661369135e-21
공간__상권_코드_명,아카데미하우스,18,3,0.16666666666666666,0.76184499725261,True,6.057454788355709e-21,0.03985026997919498,0.01798260455114001,9.691927661369135e-21
공간__상권_코드_명,아현가구거리상점가,31,6,0.1935483870967742,0.8847232226159342,True,6.057454788355709e-21,0.03985026997919498,0.01798260455114001,9.691927661369135e-21
공간__상권_코드_명,아현시장,99,29,0.29292929292929293,1.339000298201557,True,6.057454788355709e-21,0.03985026997919498,0.01798260455114001,9.691927661369135e-21
공간__상권_코드_명,아현역 1번,12,1,0.08333333333333333,0.380922498626305,True,6.057454788355709e-21,0.03985026997919498,0.01798260455114001,9.691927661369135e-21
공간__상권_코드_명,아현역 2번,78,6,0.07692307692307693,0.3516207679627431,True,6.057454788355709e-21,0.03985026997919498,0.01798260455114001,9.691927661369135e-21
공간__상권_코드_명,아현역 4번,18,3,0.16666666666666666,0.76184499725261,True,6.057454788355709e-21,0.03985026997919498,0.01798260455114001,9.691927661369135e-21
공간__상권_코드_명,안암역,84,10,0.11904761904761904,0.5441749980375785,True,6.057454788355709e-21,0.03985026997919498,0.01798260455114001,9.691927661369135e-21
공간__상권_코드_명,안암역 2번,60,6,0.1,0.45710699835156604,True,6.057454788355709e-21,0.03985026997919498,0.01798260455114001,9.691927661369135e-21
공간__상권_코드_명,안암역 3번,119,26,0.2184873949579832,0.9987211728689678,False,6.057454788355709e-21,0.03985026997919498,0.01798260455114001,9.691927661369135e-21
공간__상권_코드_명,암사동성당(효정하나플러스아파트),63,19,0.30158730158730157,1.378576661695199,True,6.057454788355709e-21,0.03985026997919498,0.01798260455114001,9.691927661369135e-21
공간__상권_코드_명,암사역,177,42,0.23728813559322035,1.0846606740545635,False,6.057454788355709e-21,0.03985026997919498,0.01798260455114001,9.691927661369135e-21
공간__상권_코드_명,암사역 1번,142,41,0.2887323943661972,1.31981598115593,False,6.057454788355709e-21,0.03985026997919498,0.01798260455114001,9.691927661369135e-21
공간__상권_코드_명,암사역 2번(서울강동초등학교),179,49,0.2737430167597765,1.2512984871076387,False,6.057454788355709e-21,0.03985026997919498,0.01798260455114001,9.691927661369135e-21
공간__상권_코드_명,암사역 3번(천호동자전거거리),116,37,0.31896551724137934,1.4580137016386159,False,6.057454788355709e-21,0.03985026997919498,0.01798260455114001,9.691927661369135e-21
공간__상권_코드_명,암사역 4번(삼성광나루아파트),15,3,0.2,0.9142139967031321,True,6.057454788355709e-21,0.03985026997919498,0.01798260455114001,9.691927661369135e-21
공간__상권_코드_명,암사종합시장,123,34,0.2764227642276423,1.263547800321402,False,6.057454788355709e-21,0.03985026997919498,0.01798260455114001,9.691927661369135e-21
공간__상권_코드_명,압구정로데오역(압구정로데오),235,53,0.225531914893617,1.0309221664950212,False,6.057454788355709e-21,0.03985026997919498,0.01798260455114001,9.691927661369135e-21
공간__상권_코드_명,압구정역,222,43,0.19369369369369369,0.8853874292395197,False,6.057454788355709e-21,0.03985026997919498,0.01798260455114001,9.691927661369135e-21
공간__상권_코드_명,애오개역 3번,16,0,0.0,0.0,True,6.057454788355709e-21,0.03985026997919498,0.01798260455114001,9.691927661369135e-21
공간__상권_코드_명,약수시장,109,28,0.25688073394495414,1.1742198122792522,False,6.057454788355709e-21,0.03985026997919498,0.01798260455114001,9.691927661369135e-21
공간__상권_코드_명,약수역,219,45,0.2054794520547945,0.9392609555169165,False,6.057454788355709e-21,0.03985026997919498,0.01798260455114001,9.691927661369135e-21
공간__상권_코드_명,약수역 7번,12,0,0.0,0.0,True,6.057454788355709e-21,0.03985026997919498,0.01798260455114001,9.691927661369135e-21
공간__상권_코드_명,양목초등학교,12,2,0.16666666666666666,0.76184499725261,True,6.057454788355709e-21,0.03985026997919498,0.01798260455114001,9.691927661369135e-21
공간__상권_코드_명,양원초등학교,22,7,0.3181818181818182,1.4544313583913464,True,6.057454788355709e-21,0.03985026997919498,0.01798260455114001,9.691927661369135e-21
공간__상권_코드_명,양재근린공원(양재2동주민센터),17,0,0.0,0.0,True,6.057454788355709e-21,0.03985026997919498,0.01798260455114001,9.691927661369135e-21
공간__상권_코드_명,"양재시민의숲역(양재동꽃시장, aT센터)",158,27,0.17088607594936708,0.7811322123729293,False,6.057454788355709e-21,0.03985026997919498,0.01798260455114001,9.691927661369135e-21
공간__상권_코드_명,양재시장,18,1,0.05555555555555555,0.25394833241753667,True,6.057454788355709e-21,0.03985026997919498,0.01798260455114001,9.691927661369135e-21
공간__상권_코드_명,양재역,243,51,0.20987654320987653,0.959360366910694,False,6.057454788355709e-21,0.03985026997919498,0.01798260455114001,9.691927661369135e-21
공간__상권_코드_명,양재역 8번(양재동우체국),163,31,0.1901840490797546,0.8693445980919354,False,6.057454788355709e-21,0.03985026997919498,0.01798260455114001,9.691927661369135e-21
공간__상권_코드_명,양재천카페거리,93,14,0.15053763440860216,0.6881180620346156,True,6.057454788355709e-21,0.03985026997919498,0.01798260455114001,9.691927661369135e-21
공간__상권_코드_명,양재화물트럭터미널앞,69,14,0.2028985507246377,0.9274634749162209,True,6.057454788355709e-21,0.03985026997919498,0.01798260455114001,9.691927661369135e-21
공간__상권_코드_명,양지어린이공원,81,27,0.3333333333333333,1.52368999450522,True,6.057454788355709e-21,0.03985026997919498,0.01798260455114001,9.691927661369135e-21
공간__상권_코드_명,양천향교역 2번,36,12,0.3333333333333333,1.52368999450522,True,6.057454788355709e-21,0.03985026997919498,0.01798260455114001,9.691927661369135e-21
공간__상권_코드_명,양천향교역 5번,98,8,0.08163265306122448,0.373148570082911,True,6.057454788355709e-21,0.03985026997919498,0.01798260455114001,9.691927661369135e-21
공간__상권_코드_명,양천향교역 7번,77,9,0.11688311688311688,0.5342809071641681,True,6.057454788355709e-21,0.03985026997919498,0.01798260455114001,9.691927661369135e-21
공간__상권_코드_명,양평역,22,5,0.22727272727272727,1.0388795417081045,True,6.057454788355709e-21,0.03985026997919498,0.01798260455114001,9.691927661369135e-21
공간__상권_코드_명,양평역 2번,97,21,0.21649484536082475,0.9896130892147306,True,6.057454788355709e-21,0.03985026997919498,0.01798260455114001,9.691927661369135e-21
공간__상권_코드_명,양화대교북단,19,5,0.2631578947368421,1.2029131535567525,True,6.057454788355709e-21,0.03985026997919498,0.01798260455114001,9.691927661369135e-21
공간__상권_코드_명,양화초등학교,52,18,0.34615384615384615,1.5822934558323438,True,6.057454788355709e-21,0.03985026997919498,0.01798260455114001,9.691927661369135e-21
공간__상권_코드_명,어린이대공원역,210,42,0.2,0.9142139967031321,False,6.057454788355709e-21,0.03985026997919498,0.01798260455114001,9.691927661369135e-21
공간__상권_코드_명,어린이대공원역 3번,48,4,0.08333333333333333,0.380922498626305,True,6.057454788355709e-21,0.03985026997919498,0.01798260455114001,9.691927661369135e-21
공간__상권_코드_명,어린이대공원역 4번,36,10,0.2777777777777778,1.2697416620876834,True,6.057454788355709e-21,0.03985026997919498,0.01798260455114001,9.691927661369135e-21
공간__상권_코드_명,언남고등학교,11,2,0.18181818181818182,0.8311036333664837,True,6.057454788355709e-21,0.03985026997919498,0.01798260455114001,9.691927661369135e-21
공간__상권_코드_명,언북중학교,55,14,0.2545454545454545,1.163545086713077,True,6.057454788355709e-21,0.03985026997919498,0.01798260455114001,9.691927661369135e-21
공간__상권_코드_명,언북초등학교,45,9,0.2,0.9142139967031321,True,6.057454788355709e-21,0.03985026997919498,0.01798260455114001,9.691927661369135e-21
공간__상권_코드_명,언주역 3번,49,9,0.1836734693877551,0.8395842826865498,True,6.057454788355709e-21,0.03985026997919498,0.01798260455114001,9.691927661369135e-21
공간__상권_코드_명,언주역 6번,40,10,0.25,1.1427674958789151,True,6.057454788355709e-21,0.03985026997919498,0.01798260455114001,9.691927661369135e-21
공간__상권_코드_명,언주역 8번,12,6,0.5,2.2855349917578303,True,6.057454788355709e-21,0.03985026997919498,0.01798260455114001,9.691927661369135e-21
공간__상권_코드_명,언주역(차병원),164,43,0.2621951219512195,1.1985122517754476,False,6.057454788355709e-21,0.03985026997919498,0.01798260455114001,9.691927661369135e-21
공간__상권_코드_명,언주중학교,9,4,0.4444444444444444,2.0315866593402934,True,6.057454788355709e-21,0.03985026997919498,0.01798260455114001,9.691927661369135e-21
공간__상권_코드_명,여의도역(여의도),252,45,0.17857142857142858,0.8162624970563679,False,6.057454788355709e-21,0.03985026997919498,0.01798260455114001,9.691927661369135e-21
공간__상권_코드_명,역삼역,283,47,0.16607773851590105,0.759152965460198,False,6.057454788355709e-21,0.03985026997919498,0.01798260455114001,9.691927661369135e-21
공간__상권_코드_명,역삼역 4번,10,7,0.7,3.199748988460962,True,6.057454788355709e-21,0.03985026997919498,0.01798260455114001,9.691927661369135e-21
공간__상권_코드_명,역삼역 8번,54,11,0.2037037037037037,0.9311438855309677,True,6.057454788355709e-21,0.03985026997919498,0.01798260455114001,9.691927661369135e-21
공간__상권_코드_명,역삼월드메르디앙아파트,18,0,0.0,0.0,True,6.057454788355709e-21,0.03985026997919498,0.01798260455114001,9.691927661369135e-21
공간__상권_코드_명,역촌노인복지관,126,26,0.20634920634920634,0.9432366632651362,False,6.057454788355709e-21,0.03985026997919498,0.01798260455114001,9.691927661369135e-21
공간__상권_코드_명,역촌역 2번,12,1,0.08333333333333333,0.380922498626305,True,6.057454788355709e-21,0.03985026997919498,0.01798260455114001,9.691927661369135e-21
공간__상권_코드_명,역촌역 3번,55,13,0.23636363636363636,1.0804347233764287,True,6.057454788355709e-21,0.03985026997919498,0.01798260455114001,9.691927661369135e-21
공간__상권_코드_명,연가초등학교,54,19,0.35185185185185186,1.608339438644399,True,6.057454788355709e-21,0.03985026997919498,0.01798260455114001,9.691927661369135e-21
공간__상권_코드_명,연남동(홍대),260,79,0.3038461538461538,1.388902033452835,False,6.057454788355709e-21,0.03985026997919498,0.01798260455114001,9.691927661369135e-21
공간__상권_코드_명,연산군묘,6,3,0.5,2.2855349917578303,True,6.057454788355709e-21,0.03985026997919498,0.01798260455114001,9.691927661369135e-21
공간__상권_코드_명,연서시장,120,14,0.11666666666666667,0.5332914980768271,False,6.057454788355709e-21,0.03985026997919498,0.01798260455114001,9.691927661369135e-21
공간__상권_코드_명,연신내상점가(연빛거리),212,38,0.1792452830188679,0.8193427328943164,False,6.057454788355709e-21,0.03985026997919498,0.01798260455114001,9.691927661369135e-21
공간__상권_코드_명,연신내역,200,48,0.24,1.0970567960437585,False,6.057454788355709e-21,0.03985026997919498,0.01798260455114001,9.691927661369135e-21
공간__상권_코드_명,연신내역 2번,60,21,0.35,1.599874494230481,True,6.057454788355709e-21,0.03985026997919498,0.01798260455114001,9.691927661369135e-21
공간__상권_코드_명,연신내역 3번,42,9,0.21428571428571427,0.9795149964676414,True,6.057454788355709e-21,0.03985026997919498,0.01798260455114001,9.691927661369135e-21
공간__상권_코드_명,연신내역 4번,104,33,0.3173076923076923,1.4504356678463153,False,6.057454788355709e-21,0.03985026997919498,0.01798260455114001,9.691927661369135e-21
공간__상권_코드_명,연신내역 5번,69,20,0.2898550724637681,1.324947821308887,True,6.057454788355709e-21,0.03985026997919498,0.01798260455114001,9.691927661369135e-21
공간__상권_코드_명,연신내역 7번,99,29,0.29292929292929293,1.339000298201557,True,6.057454788355709e-21,0.03985026997919498,0.01798260455114001,9.691927661369135e-21
공간__상권_코드_명,연신내우체국,35,3,0.08571428571428572,0.3918059985870566,True,6.057454788355709e-21,0.03985026997919498,0.01798260455114001,9.691927661369135e-21
공간__상권_코드_명,연신초등학교,45,14,0.3111111111111111,1.4221106615382053,True,6.057454788355709e-21,0.03985026997919498,0.01798260455114001,9.691927661369135e-21
공간__상권_코드_명,연천초등학교,26,6,0.23076923076923078,1.0548623038882294,True,6.057454788355709e-21,0.03985026997919498,0.01798260455114001,9.691927661369135e-21
공간__상권_코드_명,연트럴파크(연남동주민센터),66,14,0.21212121212121213,0.969620905594231,True,6.057454788355709e-21,0.03985026997919498,0.01798260455114001,9.691927661369135e-21
공간__상권_코드_명,연희대우아파트앞,54,16,0.2962962962962963,1.354391106226862,True,6.057454788355709e-21,0.03985026997919498,0.01798260455114001,9.691927661369135e-21
공간__상권_코드_명,연희동,222,44,0.1981981981981982,0.9059778345706714,False,6.057454788355709e-21,0.03985026997919498,0.01798260455114001,9.691927661369135e-21
공간__상권_코드_명,연희사러가,12,2,0.16666666666666666,0.76184499725261,True,6.057454788355709e-21,0.03985026997919498,0.01798260455114001,9.691927661369135e-21
공간__상권_코드_명,연희세브란스병원,29,2,0.06896551724137931,0.3152462057597007,True,6.057454788355709e-21,0.03985026997919498,0.01798260455114001,9.691927661369135e-21
공간__상권_코드_명,연희어린이공원,12,6,0.5,2.2855349917578303,True,6.057454788355709e-21,0.03985026997919498,0.01798260455114001,9.691927661369135e-21
공간__상권_코드_명,연희임광아파트,10,2,0.2,0.9142139967031321,True,6.057454788355709e-21,0.03985026997919498,0.01798260455114001,9.691927661369135e-21
공간__상권_코드_명,연희지하차도,11,2,0.18181818181818182,0.8311036333664837,True,6.057454788355709e-21,0.03985026997919498,0.01798260455114001,9.691927661369135e-21
공간__상권_코드_명,연희초등학교,49,6,0.12244897959183673,0.5597228551243666,True,6.057454788355709e-21,0.03985026997919498,0.01798260455114001,9.691927661369135e-21
공간__상권_코드_명,연희파출소,42,5,0.11904761904761904,0.5441749980375785,True,6.057454788355709e-21,0.03985026997919498,0.01798260455114001,9.691927661369135e-21
공간__상권_코드_명,열정도,21,1,0.047619047619047616,0.2176699992150314,True,6.057454788355709e-21,0.03985026997919498,0.01798260455114001,9.691927661369135e-21
공간__상권_코드_명,염곡동 구룡사(포이동성당),108,20,0.18518518518518517,0.8464944413917889,False,6.057454788355709e-21,0.03985026997919498,0.01798260455114001,9.691927661369135e-21
공간__상권_코드_명,염창무학아파트,1,0,0.0,0.0,True,6.057454788355709e-21,0.03985026997919498,0.01798260455114001,9.691927661369135e-21
공간__상권_코드_명,염창역 2번,24,3,0.125,0.5713837479394576,True,6.057454788355709e-21,0.03985026997919498,0.01798260455114001,9.691927661369135e-21
공간__상권_코드_명,영동교골목시장,24,7,0.2916666666666667,1.3332287451920677,True,6.057454788355709e-21,0.03985026997919498,0.01798260455114001,9.691927661369135e-21
공간__상권_코드_명,영동대교남단교차로,83,17,0.20481927710843373,0.9362432496357376,True,6.057454788355709e-21,0.03985026997919498,0.01798260455114001,9.691927661369135e-21
공간__상권_코드_명,영동전통시장,114,28,0.24561403508771928,1.1227189433196358,False,6.057454788355709e-21,0.03985026997919498,0.01798260455114001,9.691927661369135e-21
공간__상권_코드_명,영동초등학교,54,10,0.18518518518518517,0.8464944413917889,True,6.057454788355709e-21,0.03985026997919498,0.01798260455114001,9.691927661369135e-21
공간__상권_코드_명,영등포구청역,235,51,0.2170212765957447,0.9920194432310582,False,6.057454788355709e-21,0.03985026997919498,0.01798260455114001,9.691927661369135e-21
공간__상권_코드_명,영등포구청역 2번,45,8,0.17777777777777778,0.8126346637361174,True,6.057454788355709e-21,0.03985026997919498,0.01798260455114001,9.691927661369135e-21
공간__상권_코드_명,영등포구청역 6번,36,6,0.16666666666666666,0.76184499725261,True,6.057454788355709e-21,0.03985026997919498,0.01798260455114001,9.691927661369135e-21
공간__상권_코드_명,영등포동성당,21,5,0.23809523809523808,1.088349996075157,True,6.057454788355709e-21,0.03985026997919498,0.01798260455114001,9.691927661369135e-21
공간__상권_코드_명,영등포본동주민센터,6,4,0.6666666666666666,3.04737998901044,True,6.057454788355709e-21,0.03985026997919498,0.01798260455114001,9.691927661369135e-21
공간__상권_코드_명,영등포시장기계공구상가,26,6,0.23076923076923078,1.0548623038882294,True,6.057454788355709e-21,0.03985026997919498,0.01798260455114001,9.691927661369135e-21
공간__상권_코드_명,영등포시장역 1번,42,5,0.11904761904761904,0.5441749980375785,True,6.057454788355709e-21,0.03985026997919498,0.01798260455114001,9.691927661369135e-21
공간__상권_코드_명,영등포시장역 3번,12,0,0.0,0.0,True,6.057454788355709e-21,0.03985026997919498,0.01798260455114001,9.691927661369135e-21
공간__상권_코드_명,영등포시장역 4번,12,1,0.08333333333333333,0.380922498626305,True,6.057454788355709e-21,0.03985026997919498,0.01798260455114001,9.691927661369135e-21
공간__상권_코드_명,영등포역 2번,101,22,0.21782178217821782,0.9956786102707379,False,6.057454788355709e-21,0.03985026997919498,0.01798260455114001,9.691927661369135e-21
공간__상권_코드_명,영등포역(영등포),252,49,0.19444444444444445,0.8888191634613783,False,6.057454788355709e-21,0.03985026997919498,0.01798260455114001,9.691927661369135e-21
공간__상권_코드_명,영등포역지하도상점가,104,25,0.2403846153846154,1.0988148998835723,False,6.057454788355709e-21,0.03985026997919498,0.01798260455114001,9.691927661369135e-21
공간__상권_코드_명,영등포유통상가,58,22,0.3793103448275862,1.7338541316783538,True,6.057454788355709e-21,0.03985026997919498,0.01798260455114001,9.691927661369135e-21
공간__상권_코드_명,영등포전통시장,47,12,0.2553191489361702,1.1670816979188918,True,6.057454788355709e-21,0.03985026997919498,0.01798260455114001,9.691927661369135e-21
공간__상권_코드_명,영등포청과시장(조광시장),70,21,0.3,1.371320995054698,True,6.057454788355709e-21,0.03985026997919498,0.01798260455114001,9.691927661369135e-21
공간__상권_코드_명,영등포청과시장교차로,80,24,0.3,1.371320995054698,True,6.057454788355709e-21,0.03985026997919498,0.01798260455114001,9.691927661369135e-21
공간__상권_코드_명,영등포푸르지오아파트,76,17,0.2236842105263158,1.0224761805232399,True,6.057454788355709e-21,0.03985026997919498,0.01798260455114001,9.691927661369135e-21
공간__상권_코드_명,영락고등학교,96,23,0.23958333333333334,1.095152183550627,True,6.057454788355709e-21,0.03985026997919498,0.01798260455114001,9.691927661369135e-21
공간__상권_코드_명,영림시장,223,50,0.2242152466367713,1.024903583747906,False,6.057454788355709e-21,0.03985026997919498,0.01798260455114001,9.691927661369135e-21
공간__상권_코드_명,영서중학교,6,4,0.6666666666666666,3.04737998901044,True,6.057454788355709e-21,0.03985026997919498,0.01798260455114001,9.691927661369135e-21
공간__상권_코드_명,영신상가(제일상가),36,6,0.16666666666666666,0.76184499725261,True,6.057454788355709e-21,0.03985026997919498,0.01798260455114001,9.691927661369135e-21
공간__상권_코드_명,영신여고,84,17,0.20238095238095238,0.9250974966638836,True,6.057454788355709e-21,0.03985026997919498,0.01798260455114001,9.691927661369135e-21
공간__상권_코드_명,영신초등학교,167,23,0.1377245508982036,0.6295485606039533,False,6.057454788355709e-21,0.03985026997919498,0.01798260455114001,9.691927661369135e-21
공간__상권_코드_명,영일시장,24,8,0.3333333333333333,1.52368999450522,True,6.057454788355709e-21,0.03985026997919498,0.01798260455114001,9.691927661369135e-21
공간__상권_코드_명,영중로,113,29,0.25663716814159293,1.173106455946497,False,6.057454788355709e-21,0.03985026997919498,0.01798260455114001,9.691927661369135e-21
공간__상권_코드_명,영진시장A동,12,6,0.5,2.2855349917578303,True,6.057454788355709e-21,0.03985026997919498,0.01798260455114001,9.691927661369135e-21
공간__상권_코드_명,영천시장,108,13,0.12037037037037036,0.5502213869046627,False,6.057454788355709e-21,0.03985026997919498,0.01798260455114001,9.691927661369135e-21
공간__상권_코드_명,영천시장입구,36,16,0.4444444444444444,2.0315866593402934,True,6.057454788355709e-21,0.03985026997919498,0.01798260455114001,9.691927661369135e-21
공간__상권_코드_명,예술인마을,24,11,0.4583333333333333,2.0950737424446775,True,6.057454788355709e-21,0.03985026997919498,0.01798260455114001,9.691927661369135e-21
공간__상권_코드_명,예일여고,49,14,0.2857142857142857,1.3060199952901885,True,6.057454788355709e-21,0.03985026997919498,0.01798260455114001,9.691927661369135e-21
공간__상권_코드_명,오!도봉거리 상점가,30,2,0.06666666666666667,0.304737998901044,True,6.057454788355709e-21,0.03985026997919498,0.01798260455114001,9.691927661369135e-21
공간__상권_코드_명,오거리공원,137,34,0.24817518248175183,1.1344261272958573,False,6.057454788355709e-21,0.03985026997919498,0.01798260455114001,9.691927661369135e-21
공간__상권_코드_명,오금공원(오주중학교),48,6,0.125,0.5713837479394576,True,6.057454788355709e-21,0.03985026997919498,0.01798260455114001,9.691927661369135e-21
공간__상권_코드_명,오금역,141,33,0.23404255319148937,1.0698248897589844,False,6.057454788355709e-21,0.03985026997919498,0.01798260455114001,9.691927661369135e-21
공간__상권_코드_명,오금역 4번,26,4,0.15384615384615385,0.7032415359254862,True,6.057454788355709e-21,0.03985026997919498,0.01798260455114001,9.691927661369135e-21
공간__상권_코드_명,오동나무공원(송파레미니스1단지),106,11,0.10377358490566038,0.474356319044078,False,6.057454788355709e-21,0.03985026997919498,0.01798260455114001,9.691927661369135e-21
공간__상권_코드_명,오류2동버들시장,169,35,0.20710059171597633,0.9466712983612314,False,6.057454788355709e-21,0.03985026997919498,0.01798260455114001,9.691927661369135e-21
공간__상권_코드_명,오류고등학교,8,5,0.625,2.8569187396972877,True,6.057454788355709e-21,0.03985026997919498,0.01798260455114001,9.691927661369135e-21
공간__상권_코드_명,오류동역,150,42,0.28,1.279899595384385,False,6.057454788355709e-21,0.03985026997919498,0.01798260455114001,9.691927661369135e-21
공간__상권_코드_명,오류동역 1번,24,4,0.16666666666666666,0.76184499725261,True,6.057454788355709e-21,0.03985026997919498,0.01798260455114001,9.691927661369135e-21
공간__상권_코드_명,오류동역 3번,54,12,0.2222222222222222,1.0157933296701467,True,6.057454788355709e-21,0.03985026997919498,0.01798260455114001,9.691927661369135e-21
공간__상권_코드_명,오류동역 4번,6,1,0.16666666666666666,0.76184499725261,True,6.057454788355709e-21,0.03985026997919498,0.01798260455114001,9.691927661369135e-21
공간__상권_코드_명,오류시장,60,23,0.38333333333333336,1.7522434936810032,True,6.057454788355709e-21,0.03985026997919498,0.01798260455114001,9.691927661369135e-21
공간__상권_코드_명,오류지구대,23,4,0.17391304347826086,0.7949686927853322,True,6.057454788355709e-21,0.03985026997919498,0.01798260455114001,9.691927661369135e-21
공간__상권_코드_명,오목교역,217,41,0.1889400921658986,0.8636583839822215,False,6.057454788355709e-21,0.03985026997919498,0.01798260455114001,9.691927661369135e-21
공간__상권_코드_명,오산고등학교,54,23,0.42592592592592593,1.9469372152011146,True,6.057454788355709e-21,0.03985026997919498,0.01798260455114001,9.691927661369135e-21
공간__상권_코드_명,오산중학교,13,0,0.0,0.0,True,6.057454788355709e-21,0.03985026997919498,0.01798260455114001,9.691927661369135e-21
공간__상권_코드_명,옥수역 6번,82,23,0.2804878048780488,1.2821293856202463,True,6.057454788355709e-21,0.03985026997919498,0.01798260455114001,9.691927661369135e-21
공간__상권_코드_명,옥수터널,2,0,0.0,0.0,True,6.057454788355709e-21,0.03985026997919498,0.01798260455114001,9.691927661369135e-21
공간__상권_코드_명,온수역 1번,12,1,0.08333333333333333,0.380922498626305,True,6.057454788355709e-21,0.03985026997919498,0.01798260455114001,9.691927661369135e-21
공간__상권_코드_명,온수역 5번(온수산업단지),42,9,0.21428571428571427,0.9795149964676414,True,6.057454788355709e-21,0.03985026997919498,0.01798260455114001,9.691927661369135e-21
공간__상권_코드_명,올림픽대교북단,114,13,0.11403508771929824,0.5212623665412595,False,6.057454788355709e-21,0.03985026997919498,0.01798260455114001,9.691927661369135e-21
공간__상권_코드_명,왕십리도선동상점가,166,32,0.1927710843373494,0.8811701173042237,False,6.057454788355709e-21,0.03985026997919498,0.01798260455114001,9.691927661369135e-21
공간__상권_코드_명,왕십리역 9번,80,17,0.2125,0.9713523714970778,True,6.057454788355709e-21,0.03985026997919498,0.01798260455114001,9.691927661369135e-21
공간__상권_코드_명,왕십리역(왕십리),165,25,0.15151515151515152,0.6925863611387364,False,6.057454788355709e-21,0.03985026997919498,0.01798260455114001,9.691927661369135e-21
공간__상권_코드_명,왕십리파출소,12,1,0.08333333333333333,0.380922498626305,True,6.057454788355709e-21,0.03985026997919498,0.01798260455114001,9.691927661369135e-21
공간__상권_코드_명,외대앞역 1번,136,31,0.22794117647058823,1.0419350697719518,False,6.057454788355709e-21,0.03985026997919498,0.01798260455114001,9.691927661369135e-21
공간__상권_코드_명,외대앞역 2번,22,6,0.2727272727272727,1.2466554500497253,True,6.057454788355709e-21,0.03985026997919498,0.01798260455114001,9.691927661369135e-21
공간__상권_코드_명,용강동 상점가,55,10,0.18181818181818182,0.8311036333664837,True,6.057454788355709e-21,0.03985026997919498,0.01798260455114001,9.691927661369135e-21
공간__상권_코드_명,용강동주민센터,72,11,0.1527777777777778,0.6983579141482259,True,6.057454788355709e-21,0.03985026997919498,0.01798260455114001,9.691927661369135e-21
공간__상권_코드_명,용두동신동아아파트,85,19,0.2235294117647059,1.0217685845505593,True,6.057454788355709e-21,0.03985026997919498,0.01798260455114001,9.691927661369135e-21
공간__상권_코드_명,용두사거리,12,1,0.08333333333333333,0.380922498626305,True,6.057454788355709e-21,0.03985026997919498,0.01798260455114001,9.691927661369135e-21
공간__상권_코드_명,용두초등학교,18,6,0.3333333333333333,1.52368999450522,True,6.057454788355709e-21,0.03985026997919498,0.01798260455114001,9.691927661369135e-21
공간__상권_코드_명,용두희망어린이공원,20,11,0.55,2.5140884909336134,True,6.057454788355709e-21,0.03985026997919498,0.01798260455114001,9.691927661369135e-21
공간__상권_코드_명,용마문화복지센터,40,9,0.225,1.0284907462910235,True,6.057454788355709e-21,0.03985026997919498,0.01798260455114001,9.691927661369135e-21
공간__상권_코드_명,용마초등학교,126,36,0.2857142857142857,1.3060199952901885,False,6.057454788355709e-21,0.03985026997919498,0.01798260455114001,9.691927661369135e-21
공간__상권_코드_명,용산구청,42,10,0.23809523809523808,1.088349996075157,True,6.057454788355709e-21,0.03985026997919498,0.01798260455114001,9.691927661369135e-21
공간__상권_코드_명,용산세무서,5,0,0.0,0.0,True,6.057454788355709e-21,0.03985026997919498,0.01798260455114001,9.691927661369135e-21
공간__상권_코드_명,용산용문시장,144,21,0.14583333333333334,0.6666143725960338,False,6.057454788355709e-21,0.03985026997919498,0.01798260455114001,9.691927661369135e-21
공간__상권_코드_명,용산전자상가(용산역),173,27,0.15606936416184972,0.7134039858666059,False,6.057454788355709e-21,0.03985026997919498,0.01798260455114001,9.691927661369135e-21
공간__상권_코드_명,우리시장,50,20,0.4,1.8284279934062642,True,6.057454788355709e-21,0.03985026997919498,0.01798260455114001,9.691927661369135e-21
공간__상권_코드_명,우리은행응암동지점,71,17,0.23943661971830985,1.09448154534882,True,6.057454788355709e-21,0.03985026997919498,0.01798260455114001,9.691927661369135e-21
공간__상권_코드_명,우리은행체육관,26,5,0.19230769230769232,0.8790519199068578,True,6.057454788355709e-21,0.03985026997919498,0.01798260455114001,9.691927661369135e-21
공간__상권_코드_명,우림골목시장,146,34,0.2328767123287671,1.0644957495858387,False,6.057454788355709e-21,0.03985026997919498,0.01798260455114001,9.691927661369135e-21
공간__상권_코드_명,우림시장,26,5,0.19230769230769232,0.8790519199068578,True,6.057454788355709e-21,0.03985026997919498,0.01798260455114001,9.691927661369135e-21
공간__상권_코드_명,우면주공아파트,72,20,0.2777777777777778,1.2697416620876834,True,6.057454788355709e-21,0.03985026997919498,0.01798260455114001,9.691927661369135e-21
공간__상권_코드_명,우사단길,76,25,0.32894736842105265,1.503641441945941,True,6.057454788355709e-21,0.03985026997919498,0.01798260455114001,9.691927661369135e-21
공간__상권_코드_명,우이골목시장(우이시장),71,14,0.19718309859154928,0.90133774322844,True,6.057454788355709e-21,0.03985026997919498,0.01798260455114001,9.691927661369135e-21
공간__상권_코드_명,우이천 계성교,77,16,0.2077922077922078,0.94983272384741,True,6.057454788355709e-21,0.03985026997919498,0.01798260455114001,9.691927661369135e-21
공간__상권_코드_명,우장산롯데캐슬아파트앞,35,14,0.4,1.8284279934062642,True,6.057454788355709e-21,0.03985026997919498,0.01798260455114001,9.691927661369135e-21
공간__상권_코드_명,우장산역 1번,81,12,0.14814814814814814,0.677195553113431,True,6.057454788355709e-21,0.03985026997919498,0.01798260455114001,9.691927661369135e-21
공간__상권_코드_명,우장산역 4번,147,49,0.3333333333333333,1.52368999450522,False,6.057454788355709e-21,0.03985026997919498,0.01798260455114001,9.691927661369135e-21
공간__상권_코드_명,우장산힐스테이트,24,1,0.041666666666666664,0.1904612493131525,True,6.057454788355709e-21,0.03985026997919498,0.01798260455114001,9.691927661369135e-21
공간__상권_코드_명,원남동사거리,58,13,0.22413793103448276,1.0245501687190273,True,6.057454788355709e-21,0.03985026997919498,0.01798260455114001,9.691927661369135e-21
공간__상권_코드_명,원신초등학교(구세군관악영문교회),31,6,0.1935483870967742,0.8847232226159342,True,6.057454788355709e-21,0.03985026997919498,0.01798260455114001,9.691927661369135e-21
공간__상권_코드_명,월계역 3번,36,12,0.3333333333333333,1.52368999450522,True,6.057454788355709e-21,0.03985026997919498,0.01798260455114001,9.691927661369135e-21
공간__상권_코드_명,월곡역,148,23,0.1554054054054054,0.7103689839247309,False,6.057454788355709e-21,0.03985026997919498,0.01798260455114001,9.691927661369135e-21
공간__상권_코드_명,월드순복음교회,43,6,0.13953488372093023,0.6378237186300921,True,6.057454788355709e-21,0.03985026997919498,0.01798260455114001,9.691927661369135e-21
공간__상권_코드_명,월드컵경기장역(월드컵경기장),36,5,0.1388888888888889,0.6348708310438417,True,6.057454788355709e-21,0.03985026997919498,0.01798260455114001,9.691927661369135e-21
공간__상권_코드_명,월정로시장,35,7,0.2,0.9142139967031321,True,6.057454788355709e-21,0.03985026997919498,0.01798260455114001,9.691927661369135e-21
공간__상권_코드_명,윗방죽마을공원,54,13,0.24074074074074073,1.1004427738093254,True,6.057454788355709e-21,0.03985026997919498,0.01798260455114001,9.691927661369135e-21
공간__상권_코드_명,유엔빌리지길,14,4,0.2857142857142857,1.3060199952901885,True,6.057454788355709e-21,0.03985026997919498,0.01798260455114001,9.691927661369135e-21
공간__상권_코드_명,유진상가,42,3,0.07142857142857142,0.32650499882254713,True,6.057454788355709e-21,0.03985026997919498,0.01798260455114001,9.691927661369135e-21
공간__상권_코드_명,은곡마을(은곡마을공원),15,4,0.26666666666666666,1.218951995604176,True,6.057454788355709e-21,0.03985026997919498,0.01798260455114001,9.691927661369135e-21
공간__상권_코드_명,은광여고,6,0,0.0,0.0,True,6.057454788355709e-21,0.03985026997919498,0.01798260455114001,9.691927661369135e-21
공간__상권_코드_명,은마아파트,195,21,0.1076923076923077,0.49226907514784035,False,6.057454788355709e-21,0.03985026997919498,0.01798260455114001,9.691927661369135e-21
공간__상권_코드_명,은천초등학교(은천교앞),134,38,0.2835820895522388,1.2962735774148886,False,6.057454788355709e-21,0.03985026997919498,0.01798260455114001,9.691927661369135e-21
공간__상권_코드_명,은평구청,74,10,0.13513513513513514,0.6177121599345488,True,6.057454788355709e-21,0.03985026997919498,0.01798260455114001,9.691927661369135e-21
공간__상권_코드_명,은평세무서,63,6,0.09523809523809523,0.4353399984300628,True,6.057454788355709e-21,0.03985026997919498,0.01798260455114001,9.691927661369135e-21
공간__상권_코드_명,은평요양병원,86,21,0.2441860465116279,1.1161915076026612,True,6.057454788355709e-21,0.03985026997919498,0.01798260455114001,9.691927661369135e-21
공간__상권_코드_명,은행나무시장,101,21,0.2079207920792079,0.9504204916220679,False,6.057454788355709e-21,0.03985026997919498,0.01798260455114001,9.691927661369135e-21
공간__상권_코드_명,은행사거리,198,33,0.16666666666666666,0.76184499725261,False,6.057454788355709e-21,0.03985026997919498,0.01798260455114001,9.691927661369135e-21
공간__상권_코드_명,을지로2가,53,11,0.20754716981132076,0.948712638088156,True,6.057454788355709e-21,0.03985026997919498,0.01798260455114001,9.691927661369135e-21
공간__상권_코드_명,을지로3가역,174,21,0.1206896551724138,0.5516808600794763,False,6.057454788355709e-21,0.03985026997919498,0.01798260455114001,9.691927661369135e-21
공간__상권_코드_명,을지로4가역,59,1,0.01694915254237288,0.07747576243246881,True,6.057454788355709e-21,0.03985026997919498,0.01798260455114001,9.691927661369135e-21
공간__상권_코드_명,을지로입구역,122,13,0.10655737704918032,0.4870812277516687,False,6.057454788355709e-21,0.03985026997919498,0.01798260455114001,9.691927661369135e-21
공간__상권_코드_명,응봉산,28,7,0.25,1.1427674958789151,True,6.057454788355709e-21,0.03985026997919498,0.01798260455114001,9.691927661369135e-21
공간__상권_코드_명,응암1동주민센터,43,13,0.3023255813953488,1.3819513903651994,True,6.057454788355709e-21,0.03985026997919498,0.01798260455114001,9.691927661369135e-21
공간__상권_코드_명,응암3동주민센터,42,13,0.30952380952380953,1.4148549948977043,True,6.057454788355709e-21,0.03985026997919498,0.01798260455114001,9.691927661369135e-21
공간__상권_코드_명,응암동우체국,57,15,0.2631578947368421,1.2029131535567525,True,6.057454788355709e-21,0.03985026997919498,0.01798260455114001,9.691927661369135e-21
공간__상권_코드_명,응암시장(신응암시장),30,1,0.03333333333333333,0.152368999450522,True,6.057454788355709e-21,0.03985026997919498,0.01798260455114001,9.691927661369135e-21
공간__상권_코드_명,응암역,123,29,0.23577235772357724,1.0777319473329605,False,6.057454788355709e-21,0.03985026997919498,0.01798260455114001,9.691927661369135e-21
공간__상권_코드_명,응암역 2번,72,23,0.3194444444444444,1.4602029114008357,True,6.057454788355709e-21,0.03985026997919498,0.01798260455114001,9.691927661369135e-21
공간__상권_코드_명,응암역 3번,143,31,0.21678321678321677,0.9909312551677305,False,6.057454788355709e-21,0.03985026997919498,0.01798260455114001,9.691927661369135e-21
공간__상권_코드_명,응암오거리상점가,102,33,0.3235294117647059,1.4788755829021254,False,6.057454788355709e-21,0.03985026997919498,0.01798260455114001,9.691927661369135e-21
공간__상권_코드_명,응암정보도서관,200,71,0.355,1.6227298441480593,False,6.057454788355709e-21,0.03985026997919498,0.01798260455114001,9.691927661369135e-21
공간__상권_코드_명,의릉,18,0,0.0,0.0,True,6.057454788355709e-21,0.03985026997919498,0.01798260455114001,9.691927661369135e-21
공간__상권_코드_명,이경시장,12,1,0.08333333333333333,0.380922498626305,True,6.057454788355709e-21,0.03985026997919498,0.01798260455114001,9.691927661369135e-21
공간__상권_코드_명,이대 앞 스타트업 상점가,54,17,0.3148148148148148,1.4390405503660413,True,6.057454788355709e-21,0.03985026997919498,0.01798260455114001,9.691927661369135e-21
공간__상권_코드_명,이대역 5번,89,14,0.15730337078651685,0.7190447165080813,True,6.057454788355709e-21,0.03985026997919498,0.01798260455114001,9.691927661369135e-21
공간__상권_코드_명,이문제일시장,6,0,0.0,0.0,True,6.057454788355709e-21,0.03985026997919498,0.01798260455114001,9.691927661369135e-21
공간__상권_코드_명,이북5도청사,27,4,0.14814814814814814,0.677195553113431,True,6.057454788355709e-21,0.03985026997919498,0.01798260455114001,9.691927661369135e-21
공간__상권_코드_명,이수역 10번,37,6,0.16216216216216217,0.7412545919214585,True,6.057454788355709e-21,0.03985026997919498,0.01798260455114001,9.691927661369135e-21
공간__상권_코드_명,이수역 5번,42,17,0.40476190476190477,1.8501949933277673,True,6.057454788355709e-21,0.03985026997919498,0.01798260455114001,9.691927661369135e-21
공간__상권_코드_명,이수역 9번,54,11,0.2037037037037037,0.9311438855309677,True,6.057454788355709e-21,0.03985026997919498,0.01798260455114001,9.691927661369135e-21
공간__상권_코드_명,이촌동점보아파트,52,9,0.17307692307692307,0.7911467279161719,True,6.057454788355709e-21,0.03985026997919498,0.01798260455114001,9.691927661369135e-21
공간__상권_코드_명,이촌종합시장,72,17,0.2361111111111111,1.0792804127745308,True,6.057454788355709e-21,0.03985026997919498,0.01798260455114001,9.691927661369135e-21
공간__상권_코드_명,이태원 관광특구,212,65,0.30660377358490565,1.401507306266594,False,6.057454788355709e-21,0.03985026997919498,0.01798260455114001,9.691927661369135e-21
공간__상권_코드_명,이태원(이태원역),222,68,0.3063063063063063,1.4001475625183102,False,6.057454788355709e-21,0.03985026997919498,0.01798260455114001,9.691927661369135e-21
공간__상권_코드_명,이태원시장,30,11,0.36666666666666664,1.676058993955742,True,6.057454788355709e-21,0.03985026997919498,0.01798260455114001,9.691927661369135e-21
공간__상권_코드_명,이태원엔틱가구거리,26,13,0.5,2.2855349917578303,True,6.057454788355709e-21,0.03985026997919498,0.01798260455114001,9.691927661369135e-21
공간__상권_코드_명,이화달팽이길,59,7,0.11864406779661017,0.5423303370272817,True,6.057454788355709e-21,0.03985026997919498,0.01798260455114001,9.691927661369135e-21
공간__상권_코드_명,이화사거리,89,17,0.19101123595505617,0.8731257271883845,True,6.057454788355709e-21,0.03985026997919498,0.01798260455114001,9.691927661369135e-21
공간__상권_코드_명,"이화여대 3,5,7길 상점가",144,25,0.1736111111111111,0.7935885388048021,False,6.057454788355709e-21,0.03985026997919498,0.01798260455114001,9.691927661369135e-21
공간__상권_코드_명,"이화여대(이대역, 이대)",169,29,0.17159763313609466,0.7843847900707346,False,6.057454788355709e-21,0.03985026997919498,0.01798260455114001,9.691927661369135e-21
공간__상권_코드_명,인사동,156,33,0.21153846153846154,0.9669571118975435,False,6.057454788355709e-21,0.03985026997919498,0.01798260455114001,9.691927661369135e-21
공간__상권_코드_명,인수동 우편취급국,37,19,0.5135135135135135,2.3473062077512847,True,6.057454788355709e-21,0.03985026997919498,0.01798260455114001,9.691927661369135e-21
공간__상권_코드_명,인수중학교,18,7,0.3888888888888889,1.7776383269227567,True,6.057454788355709e-21,0.03985026997919498,0.01798260455114001,9.691927661369135e-21
공간__상권_코드_명,인왕시장(홍제골목형상점가),64,3,0.046875,0.21426890547729657,True,6.057454788355709e-21,0.03985026997919498,0.01798260455114001,9.691927661369135e-21
공간__상권_코드_명,인헌고등학교(인헌중학교),56,17,0.30357142857142855,1.3876462449958253,True,6.057454788355709e-21,0.03985026997919498,0.01798260455114001,9.691927661369135e-21
공간__상권_코드_명,인헌시장(원당종합시장),136,25,0.18382352941176472,0.8402702175580258,False,6.057454788355709e-21,0.03985026997919498,0.01798260455114001,9.691927661369135e-21
공간__상권_코드_명,인현시장,54,7,0.12962962962962962,0.5925461089742522,True,6.057454788355709e-21,0.03985026997919498,0.01798260455114001,9.691927661369135e-21
공간__상권_코드_명,자동차부품상가,12,4,0.3333333333333333,1.52368999450522,True,6.057454788355709e-21,0.03985026997919498,0.01798260455114001,9.691927661369135e-21
공간__상권_코드_명,자양4동주민센터,94,16,0.1702127659574468,0.7780544652792613,True,6.057454788355709e-21,0.03985026997919498,0.01798260455114001,9.691927661369135e-21
공간__상권_코드_명,자양골목전통시장(자양골목시장),66,23,0.3484848484848485,1.5929486306190939,True,6.057454788355709e-21,0.03985026997919498,0.01798260455114001,9.691927661369135e-21
공간__상권_코드_명,자양동우체국,91,19,0.2087912087912088,0.9543992273274455,True,6.057454788355709e-21,0.03985026997919498,0.01798260455114001,9.691927661369135e-21
공간__상권_코드_명,자양한강도서관,106,26,0.24528301886792453,1.1212058450132751,False,6.057454788355709e-21,0.03985026997919498,0.01798260455114001,9.691927661369135e-21
공간__상권_코드_명,자하문터널,28,6,0.21428571428571427,0.9795149964676414,True,6.057454788355709e-21,0.03985026997919498,0.01798260455114001,9.691927661369135e-21
공간__상권_코드_명,잠실 관광특구,211,66,0.3127962085308057,1.429813359772671,False,6.057454788355709e-21,0.03985026997919498,0.01798260455114001,9.691927661369135e-21
공간__상권_코드_명,잠실나루역,72,13,0.18055555555555555,0.8253320803569942,True,6.057454788355709e-21,0.03985026997919498,0.01798260455114001,9.691927661369135e-21
공간__상권_코드_명,잠실새내역(신천),271,43,0.15867158671586715,0.7252989272737025,False,6.057454788355709e-21,0.03985026997919498,0.01798260455114001,9.691927661369135e-21
공간__상권_코드_명,잠실역,179,54,0.3016759776536313,1.3789820062002551,False,6.057454788355709e-21,0.03985026997919498,0.01798260455114001,9.691927661369135e-21
공간__상권_코드_명,잠원역,8,3,0.375,1.7141512438183726,True,6.057454788355709e-21,0.03985026997919498,0.01798260455114001,9.691927661369135e-21
공간__상권_코드_명,장곡초등학교,83,19,0.2289156626506024,1.0463895142987656,True,6.057454788355709e-21,0.03985026997919498,0.01798260455114001,9.691927661369135e-21
공간__상권_코드_명,장로회신학대학교,30,5,0.16666666666666666,0.76184499725261,True,6.057454788355709e-21,0.03985026997919498,0.01798260455114001,9.691927661369135e-21
공간__상권_코드_명,장미원골목시장,59,29,0.4915254237288136,2.246797110541596,True,6.057454788355709e-21,0.03985026997919498,0.01798260455114001,9.691927661369135e-21
공간__상권_코드_명,장미제일시장(중화동제일시장),49,13,0.2653061224489796,1.212732852769461,True,6.057454788355709e-21,0.03985026997919498,0.01798260455114001,9.691927661369135e-21
공간__상권_코드_명,장스여성병원,61,16,0.26229508196721313,1.1989691760041077,True,6.057454788355709e-21,0.03985026997919498,0.01798260455114001,9.691927661369135e-21
공간__상권_코드_명,장승배기역,139,37,0.26618705035971224,1.216759635899852,False,6.057454788355709e-21,0.03985026997919498,0.01798260455114001,9.691927661369135e-21
공간__상권_코드_명,장승배기역 4번,79,22,0.27848101265822783,1.27295619794107,True,6.057454788355709e-21,0.03985026997919498,0.01798260455114001,9.691927661369135e-21
공간__상권_코드_명,장승배기역 5번,9,1,0.1111111111111111,0.5078966648350733,True,6.057454788355709e-21,0.03985026997919498,0.01798260455114001,9.691927661369135e-21
공간__상권_코드_명,장신구 특화거리 상점가,34,9,0.2647058823529412,1.2099891132835572,True,6.057454788355709e-21,0.03985026997919498,0.01798260455114001,9.691927661369135e-21
공간__상권_코드_명,장안1동주민센터,196,39,0.1989795918367347,0.9095496395770957,False,6.057454788355709e-21,0.03985026997919498,0.01798260455114001,9.691927661369135e-21
공간__상권_코드_명,장안근린공원,111,33,0.2972972972972973,1.3589667518560071,False,6.057454788355709e-21,0.03985026997919498,0.01798260455114001,9.691927661369135e-21
공간__상권_코드_명,장안동사거리,288,65,0.22569444444444445,1.0316651004462427,False,6.057454788355709e-21,0.03985026997919498,0.01798260455114001,9.691927661369135e-21
공간__상권_코드_명,장안제일시장,67,17,0.2537313432835821,1.15982372716069,True,6.057454788355709e-21,0.03985026997919498,0.01798260455114001,9.691927661369135e-21
공간__상권_코드_명,장안중학교,83,19,0.2289156626506024,1.0463895142987656,True,6.057454788355709e-21,0.03985026997919498,0.01798260455114001,9.691927661369135e-21
공간__상권_코드_명,장안현대홈타운1차아파트,68,11,0.16176470588235295,0.7394377914510627,True,6.057454788355709e-21,0.03985026997919498,0.01798260455114001,9.691927661369135e-21
공간__상권_코드_명,장위1동주민센터,24,6,0.25,1.1427674958789151,True,6.057454788355709e-21,0.03985026997919498,0.01798260455114001,9.691927661369135e-21
공간__상권_코드_명,장위동성당,6,1,0.16666666666666666,0.76184499725261,True,6.057454788355709e-21,0.03985026997919498,0.01798260455114001,9.691927661369135e-21
공간__상권_코드_명,장위전통시장,63,18,0.2857142857142857,1.3060199952901885,True,6.057454788355709e-21,0.03985026997919498,0.01798260455114001,9.691927661369135e-21
공간__상권_코드_명,장지동주민센터(한림연예예술고교),62,18,0.2903225806451613,1.3270848339239014,True,6.057454788355709e-21,0.03985026997919498,0.01798260455114001,9.691927661369135e-21
공간__상권_코드_명,장지역(가든파이브),263,79,0.30038022813688214,1.3730590444780881,False,6.057454788355709e-21,0.03985026997919498,0.01798260455114001,9.691927661369135e-21
공간__상권_코드_명,장충단 고개,39,14,0.358974358974359,1.6408969171594678,True,6.057454788355709e-21,0.03985026997919498,0.01798260455114001,9.691927661369135e-21
공간__상권_코드_명,장충동족발거리(남소영길),45,2,0.044444444444444446,0.20315866593402934,True,6.057454788355709e-21,0.03985026997919498,0.01798260455114001,9.691927661369135e-21
공간__상권_코드_명,장충동주민센터,21,5,0.23809523809523808,1.088349996075157,True,6.057454788355709e-21,0.03985026997919498,0.01798260455114001,9.691927661369135e-21
공간__상권_코드_명,장충초등학교,54,11,0.2037037037037037,0.9311438855309677,True,6.057454788355709e-21,0.03985026997919498,0.01798260455114001,9.691927661369135e-21
공간__상권_코드_명,장평중학교,108,26,0.24074074074074073,1.1004427738093254,False,6.057454788355709e-21,0.03985026997919498,0.01798260455114001,9.691927661369135e-21
공간__상권_코드_명,장한평역(장한평),219,38,0.1735159817351598,0.7931536957698405,False,6.057454788355709e-21,0.03985026997919498,0.01798260455114001,9.691927661369135e-21
공간__상권_코드_명,장훈고등학교,36,0,0.0,0.0,True,6.057454788355709e-21,0.03985026997919498,0.01798260455114001,9.691927661369135e-21
공간__상권_코드_명,전곡마을마당공원,76,16,0.21052631578947367,0.9623305228454021,True,6.057454788355709e-21,0.03985026997919498,0.01798260455114001,9.691927661369135e-21
공간__상권_코드_명,전곡시장,55,8,0.14545454545454545,0.664882906693187,True,6.057454788355709e-21,0.03985026997919498,0.01798260455114001,9.691927661369135e-21
공간__상권_코드_명,전농119안전센터,6,0,0.0,0.0,True,6.057454788355709e-21,0.03985026997919498,0.01798260455114001,9.691927661369135e-21
공간__상권_코드_명,전농1동주민센터(전농시장),12,4,0.3333333333333333,1.52368999450522,True,6.057454788355709e-21,0.03985026997919498,0.01798260455114001,9.691927661369135e-21
공간__상권_코드_명,전농로터리시장,64,26,0.40625,1.8569971808032368,True,6.057454788355709e-21,0.03985026997919498,0.01798260455114001,9.691927661369135e-21
공간__상권_코드_명,전농중학교,69,11,0.15942028985507245,0.7287213017198878,True,6.057454788355709e-21,0.03985026997919498,0.01798260455114001,9.691927661369135e-21
공간__상권_코드_명,절두산순교성지,6,5,0.8333333333333334,3.8092249862630503,True,6.057454788355709e-21,0.03985026997919498,0.01798260455114001,9.691927661369135e-21
공간__상권_코드_명,정곡초등학교,6,0,0.0,0.0,True,6.057454788355709e-21,0.03985026997919498,0.01798260455114001,9.691927661369135e-21
공간__상권_코드_명,정독도서관,12,4,0.3333333333333333,1.52368999450522,True,6.057454788355709e-21,0.03985026997919498,0.01798260455114001,9.691927661369135e-21
공간__상권_코드_명,정릉3동주민센터,12,1,0.08333333333333333,0.380922498626305,True,6.057454788355709e-21,0.03985026997919498,0.01798260455114001,9.691927661369135e-21
공간__상권_코드_명,정릉골 골목형상점가,32,7,0.21875,0.9999215588940507,True,6.057454788355709e-21,0.03985026997919498,0.01798260455114001,9.691927661369135e-21
공간__상권_코드_명,정릉북한산국립공원입구,1,0,0.0,0.0,True,6.057454788355709e-21,0.03985026997919498,0.01798260455114001,9.691927661369135e-21
공간__상권_코드_명,정릉시장,139,29,0.20863309352517986,0.9536764713809651,False,6.057454788355709e-21,0.03985026997919498,0.01798260455114001,9.691927661369135e-21
공간__상권_코드_명,정릉아리랑시장,21,2,0.09523809523809523,0.4353399984300628,True,6.057454788355709e-21,0.03985026997919498,0.01798260455114001,9.691927661369135e-21
공간__상권_코드_명,정릉역 1번,148,32,0.21621621621621623,0.9883394558952779,False,6.057454788355709e-21,0.03985026997919498,0.01798260455114001,9.691927661369135e-21
공간__상권_코드_명,정릉역 2번,12,2,0.16666666666666666,0.76184499725261,True,6.057454788355709e-21,0.03985026997919498,0.01798260455114001,9.691927661369135e-21
공간__상권_코드_명,정릉우체국,97,33,0.3402061855670103,1.5551062830517195,True,6.057454788355709e-21,0.03985026997919498,0.01798260455114001,9.691927661369135e-21
공간__상권_코드_명,제기동역 1번,16,3,0.1875,0.8570756219091863,True,6.057454788355709e-21,0.03985026997919498,0.01798260455114001,9.691927661369135e-21
공간__상권_코드_명,제기동역 6번,98,26,0.2653061224489796,1.212732852769461,True,6.057454788355709e-21,0.03985026997919498,0.01798260455114001,9.691927661369135e-21
공간__상권_코드_명,제일시장,109,26,0.23853211009174313,1.09034696854502,False,6.057454788355709e-21,0.03985026997919498,0.01798260455114001,9.691927661369135e-21
공간__상권_코드_명,조원동 펭귄시장(신림중앙시장),56,16,0.2857142857142857,1.3060199952901885,True,6.057454788355709e-21,0.03985026997919498,0.01798260455114001,9.691927661369135e-21
공간__상권_코드_명,조원동주민센터,25,5,0.2,0.9142139967031321,True,6.057454788355709e-21,0.03985026997919498,0.01798260455114001,9.691927661369135e-21
공간__상권_코드_명,종각역,240,31,0.12916666666666668,0.5904298728707729,False,6.057454788355709e-21,0.03985026997919498,0.01798260455114001,9.691927661369135e-21
공간__상권_코드_명,종로3가역,248,41,0.16532258064516128,0.7557010859844437,False,6.057454788355709e-21,0.03985026997919498,0.01798260455114001,9.691927661369135e-21
공간__상권_코드_명,종로4가,90,22,0.24444444444444444,1.1173726626371614,True,6.057454788355709e-21,0.03985026997919498,0.01798260455114001,9.691927661369135e-21
공간__상권_코드_명,종로5가역,177,27,0.15254237288135594,0.6972818618922194,False,6.057454788355709e-21,0.03985026997919498,0.01798260455114001,9.691927661369135e-21
공간__상권_코드_명,종로5가역 4번,12,1,0.08333333333333333,0.380922498626305,True,6.057454788355709e-21,0.03985026997919498,0.01798260455114001,9.691927661369135e-21
공간__상권_코드_명,종로6가,97,27,0.27835051546391754,1.2723596861332251,True,6.057454788355709e-21,0.03985026997919498,0.01798260455114001,9.691927661369135e-21
공간__상권_코드_명,종로·청계 관광특구,306,50,0.16339869281045752,0.7469068600515785,False,6.057454788355709e-21,0.03985026997919498,0.01798260455114001,9.691927661369135e-21
공간__상권_코드_명,종로구청,134,26,0.19402985074626866,0.8869240266522923,False,6.057454788355709e-21,0.03985026997919498,0.01798260455114001,9.691927661369135e-21
공간__상권_코드_명,종로신진시장,75,21,0.28,1.279899595384385,True,6.057454788355709e-21,0.03985026997919498,0.01798260455114001,9.691927661369135e-21
공간__상권_코드_명,종암경찰서,142,22,0.15492957746478872,0.70819394110806,False,6.057454788355709e-21,0.03985026997919498,0.01798260455114001,9.691927661369135e-21
공간__상권_코드_명,종암동주민센터,118,19,0.16101694915254236,0.7360197431084538,False,6.057454788355709e-21,0.03985026997919498,0.01798260455114001,9.691927661369135e-21
공간__상권_코드_명,종암아이파크2차,113,32,0.2831858407079646,1.2944622962168242,False,6.057454788355709e-21,0.03985026997919498,0.01798260455114001,9.691927661369135e-21
공간__상권_코드_명,종암중학교,37,4,0.10810810810810811,0.49416972794763897,True,6.057454788355709e-21,0.03985026997919498,0.01798260455114001,9.691927661369135e-21
공간__상권_코드_명,종암초등학교,25,7,0.28,1.279899595384385,True,6.057454788355709e-21,0.03985026997919498,0.01798260455114001,9.691927661369135e-21
공간__상권_코드_명,중계초등학교,42,8,0.19047619047619047,0.8706799968601256,True,6.057454788355709e-21,0.03985026997919498,0.01798260455114001,9.691927661369135e-21
공간__상권_코드_명,중곡1동 마을마당,53,15,0.2830188679245283,1.2936990519383944,True,6.057454788355709e-21,0.03985026997919498,0.01798260455114001,9.691927661369135e-21
공간__상권_코드_명,중곡1동주민센터,12,1,0.08333333333333333,0.380922498626305,True,6.057454788355709e-21,0.03985026997919498,0.01798260455114001,9.691927661369135e-21
공간__상권_코드_명,중곡3동주민센터,118,27,0.2288135593220339,1.045922792838329,False,6.057454788355709e-21,0.03985026997919498,0.01798260455114001,9.691927661369135e-21
공간__상권_코드_명,중곡4동주민센터,6,1,0.16666666666666666,0.76184499725261,True,6.057454788355709e-21,0.03985026997919498,0.01798260455114001,9.691927661369135e-21
공간__상권_코드_명,중곡어린이공원,42,11,0.2619047619047619,1.197184995682673,True,6.057454788355709e-21,0.03985026997919498,0.01798260455114001,9.691927661369135e-21
공간__상권_코드_명,중곡역 3번,116,43,0.3706896551724138,1.6944483559583914,False,6.057454788355709e-21,0.03985026997919498,0.01798260455114001,9.691927661369135e-21
공간__상권_코드_명,"중곡제일시장(중곡제일골목시장, 광성시장)",108,22,0.2037037037037037,0.9311438855309677,False,6.057454788355709e-21,0.03985026997919498,0.01798260455114001,9.691927661369135e-21
공간__상권_코드_명,중곡초등학교,75,18,0.24,1.0970567960437585,True,6.057454788355709e-21,0.03985026997919498,0.01798260455114001,9.691927661369135e-21
공간__상권_코드_명,중구청(퇴계로4가),43,16,0.37209302325581395,1.7008632496802456,True,6.057454788355709e-21,0.03985026997919498,0.01798260455114001,9.691927661369135e-21
공간__상권_코드_명,중구회현체육센터(정화예술대남산캠퍼스),22,1,0.045454545454545456,0.20777590834162094,True,6.057454788355709e-21,0.03985026997919498,0.01798260455114001,9.691927661369135e-21
공간__상권_코드_명,중대부중,2,0,0.0,0.0,True,6.057454788355709e-21,0.03985026997919498,0.01798260455114001,9.691927661369135e-21
공간__상권_코드_명,중랑노인종합복지관,133,35,0.2631578947368421,1.2029131535567525,False,6.057454788355709e-21,0.03985026997919498,0.01798260455114001,9.691927661369135e-21
공간__상권_코드_명,중랑동부시장,144,35,0.24305555555555555,1.1110239543267229,False,6.057454788355709e-21,0.03985026997919498,0.01798260455114001,9.691927661369135e-21
공간__상권_코드_명,중랑동부시장(중랑교종합상가),12,4,0.3333333333333333,1.52368999450522,True,6.057454788355709e-21,0.03985026997919498,0.01798260455114001,9.691927661369135e-21
공간__상권_코드_명,중랑역 1번,42,8,0.19047619047619047,0.8706799968601256,True,6.057454788355709e-21,0.03985026997919498,0.01798260455114001,9.691927661369135e-21
공간__상권_코드_명,중랑역 2번,12,0,0.0,0.0,True,6.057454788355709e-21,0.03985026997919498,0.01798260455114001,9.691927661369135e-21
공간__상권_코드_명,중랑역 4번,32,2,0.0625,0.2856918739697288,True,6.057454788355709e-21,0.03985026997919498,0.01798260455114001,9.691927661369135e-21
공간__상권_코드_명,중림동,173,28,0.16184971098265896,0.7398263557135173,False,6.057454788355709e-21,0.03985026997919498,0.01798260455114001,9.691927661369135e-21
공간__상권_코드_명,중부경찰서(영화인의거리),107,13,0.12149532710280374,0.5553636428570429,False,6.057454788355709e-21,0.03985026997919498,0.01798260455114001,9.691927661369135e-21
공간__상권_코드_명,중부시장(신중부시장),81,20,0.24691358024691357,1.1286592551890517,True,6.057454788355709e-21,0.03985026997919498,0.01798260455114001,9.691927661369135e-21
공간__상권_코드_명,중암중학교,6,3,0.5,2.2855349917578303,True,6.057454788355709e-21,0.03985026997919498,0.01798260455114001,9.691927661369135e-21
공간__상권_코드_명,중앙고등학교,50,16,0.32,1.4627423947250113,True,6.057454788355709e-21,0.03985026997919498,0.01798260455114001,9.691927661369135e-21
공간__상권_코드_명,중앙대학교,90,7,0.07777777777777778,0.35552766538455133,True,6.057454788355709e-21,0.03985026997919498,0.01798260455114001,9.691927661369135e-21
공간__상권_코드_명,중앙보훈병원,12,0,0.0,0.0,True,6.057454788355709e-21,0.03985026997919498,0.01798260455114001,9.691927661369135e-21
공간__상권_코드_명,중화역 1번,144,28,0.19444444444444445,0.8888191634613783,False,6.057454788355709e-21,0.03985026997919498,0.01798260455114001,9.691927661369135e-21
공간__상권_코드_명,중화역 4번,72,19,0.2638888888888889,1.2062545789832992,True,6.057454788355709e-21,0.03985026997919498,0.01798260455114001,9.691927661369135e-21
공간__상권_코드_명,증산3교남측,6,0,0.0,0.0,True,6.057454788355709e-21,0.03985026997919498,0.01798260455114001,9.691927661369135e-21
공간__상권_코드_명,증산골목시장,14,6,0.42857142857142855,1.9590299929352828,True,6.057454788355709e-21,0.03985026997919498,0.01798260455114001,9.691927661369135e-21
공간__상권_코드_명,증산역 1번,46,7,0.15217391304347827,0.6955976061871657,True,6.057454788355709e-21,0.03985026997919498,0.01798260455114001,9.691927661369135e-21
공간__상권_코드_명,증산역 3번,107,20,0.18691588785046728,0.8544056043954504,False,6.057454788355709e-21,0.03985026997919498,0.01798260455114001,9.691927661369135e-21
공간__상권_코드_명,증산역 4번,106,34,0.32075471698113206,1.4661922588635137,False,6.057454788355709e-21,0.03985026997919498,0.01798260455114001,9.691927661369135e-21
공간__상권_코드_명,증산종합시장,15,5,0.3333333333333333,1.52368999450522,True,6.057454788355709e-21,0.03985026997919498,0.01798260455114001,9.691927661369135e-21
공간__상권_코드_명,지향초등학교,34,8,0.23529411764705882,1.075545878474273,True,6.057454788355709e-21,0.03985026997919498,0.01798260455114001,9.691927661369135e-21
공간__상권_코드_명,창2동주민센터,97,34,0.35051546391752575,1.6022307158714684,True,6.057454788355709e-21,0.03985026997919498,0.01798260455114001,9.691927661369135e-21
공간__상권_코드_명,창덕궁,28,16,0.5714285714285714,2.612039990580377,True,6.057454788355709e-21,0.03985026997919498,0.01798260455114001,9.691927661369135e-21
공간__상권_코드_명,창동골목시장,105,14,0.13333333333333333,0.609475997802088,False,6.057454788355709e-21,0.03985026997919498,0.01798260455114001,9.691927661369135e-21
공간__상권_코드_명,창동신창시장,135,44,0.32592592592592595,1.4898302168495485,False,6.057454788355709e-21,0.03985026997919498,0.01798260455114001,9.691927661369135e-21
공간__상권_코드_명,창동역,203,48,0.23645320197044334,1.0808441340332595,False,6.057454788355709e-21,0.03985026997919498,0.01798260455114001,9.691927661369135e-21
공간__상권_코드_명,창동역 2번,110,22,0.2,0.9142139967031321,False,6.057454788355709e-21,0.03985026997919498,0.01798260455114001,9.691927661369135e-21
공간__상권_코드_명,창동역상점가,88,18,0.20454545454545456,0.9349915875372942,True,6.057454788355709e-21,0.03985026997919498,0.01798260455114001,9.691927661369135e-21
공간__상권_코드_명,창동중학교,6,0,0.0,0.0,True,6.057454788355709e-21,0.03985026997919498,0.01798260455114001,9.691927661369135e-21
공간__상권_코드_명,창신1동주민센터,18,4,0.2222222222222222,1.0157933296701467,True,6.057454788355709e-21,0.03985026997919498,0.01798260455114001,9.691927661369135e-21
공간__상권_코드_명,창신골목시장,82,11,0.13414634146341464,0.6131923148618569,True,6.057454788355709e-21,0.03985026997919498,0.01798260455114001,9.691927661369135e-21
공간__상권_코드_명,창신역 1번,6,1,0.16666666666666666,0.76184499725261,True,6.057454788355709e-21,0.03985026997919498,0.01798260455114001,9.691927661369135e-21
공간__상권_코드_명,창신역 4번,28,11,0.39285714285714285,1.7957774935240094,True,6.057454788355709e-21,0.03985026997919498,0.01798260455114001,9.691927661369135e-21
공간__상권_코드_명,천동초등학교,24,4,0.16666666666666666,0.76184499725261,True,6.057454788355709e-21,0.03985026997919498,0.01798260455114001,9.691927661369135e-21
공간__상권_코드_명,"천왕역 3번(오류2동주민센터, 서울오류남초등학교)",6,1,0.16666666666666666,0.76184499725261,True,6.057454788355709e-21,0.03985026997919498,0.01798260455114001,9.691927661369135e-21
공간__상권_코드_명,천일초등학교,24,7,0.2916666666666667,1.3332287451920677,True,6.057454788355709e-21,0.03985026997919498,0.01798260455114001,9.691927661369135e-21
공간__상권_코드_명,천호1동주민센터,57,17,0.2982456140350877,1.3633015740309864,True,6.057454788355709e-21,0.03985026997919498,0.01798260455114001,9.691927661369135e-21
공간__상권_코드_명,천호공원(해공체육문화센터),91,26,0.2857142857142857,1.3060199952901885,True,6.057454788355709e-21,0.03985026997919498,0.01798260455114001,9.691927661369135e-21
공간__상권_코드_명,천호역,215,49,0.22790697674418606,1.0417787404291505,False,6.057454788355709e-21,0.03985026997919498,0.01798260455114001,9.691927661369135e-21
공간__상권_코드_명,천호역 1번(천호문구완구거리),42,12,0.2857142857142857,1.3060199952901885,True,6.057454788355709e-21,0.03985026997919498,0.01798260455114001,9.691927661369135e-21
공간__상권_코드_명,천호역 6번,104,16,0.15384615384615385,0.7032415359254862,False,6.057454788355709e-21,0.03985026997919498,0.01798260455114001,9.691927661369135e-21
공간__상권_코드_명,천호지구대(천호동자전거거리),69,13,0.18840579710144928,0.8612160838507765,True,6.057454788355709e-21,0.03985026997919498,0.01798260455114001,9.691927661369135e-21
공간__상권_코드_명,천호초등학교,25,4,0.16,0.7313711973625057,True,6.057454788355709e-21,0.03985026997919498,0.01798260455114001,9.691927661369135e-21
공간__상권_코드_명,천호태영아파트,14,2,0.14285714285714285,0.6530099976450943,True,6.057454788355709e-21,0.03985026997919498,0.01798260455114001,9.691927661369135e-21
공간__상권_코드_명,청계산원터골,24,6,0.25,1.1427674958789151,True,6.057454788355709e-21,0.03985026997919498,0.01798260455114001,9.691927661369135e-21
공간__상권_코드_명,청계산입구역 2번(내곡동주민센터),6,0,0.0,0.0,True,6.057454788355709e-21,0.03985026997919498,0.01798260455114001,9.691927661369135e-21
공간__상권_코드_명,청계천공구상가,24,10,0.4166666666666667,1.9046124931315251,True,6.057454788355709e-21,0.03985026997919498,0.01798260455114001,9.691927661369135e-21
공간__상권_코드_명,청계천박물관,18,5,0.2777777777777778,1.2697416620876834,True,6.057454788355709e-21,0.03985026997919498,0.01798260455114001,9.691927661369135e-21
공간__상권_코드_명,청구역 1번,48,7,0.14583333333333334,0.6666143725960338,True,6.057454788355709e-21,0.03985026997919498,0.01798260455114001,9.691927661369135e-21
공간__상권_코드_명,청구역 3번,66,15,0.22727272727272727,1.0388795417081045,True,6.057454788355709e-21,0.03985026997919498,0.01798260455114001,9.691927661369135e-21
공간__상권_코드_명,청담근린공원,6,3,0.5,2.2855349917578303,True,6.057454788355709e-21,0.03985026997919498,0.01798260455114001,9.691927661369135e-21
공간__상권_코드_명,청담사거리(청담동명품거리),250,69,0.276,1.2616153154503222,False,6.057454788355709e-21,0.03985026997919498,0.01798260455114001,9.691927661369135e-21
공간__상권_코드_명,청담삼익시장,54,11,0.2037037037037037,0.9311438855309677,True,6.057454788355709e-21,0.03985026997919498,0.01798260455114001,9.691927661369135e-21
공간__상권_코드_명,청담역 12번,5,1,0.2,0.9142139967031321,True,6.057454788355709e-21,0.03985026997919498,0.01798260455114001,9.691927661369135e-21
공간__상권_코드_명,청담역 3번,10,4,0.4,1.8284279934062642,True,6.057454788355709e-21,0.03985026997919498,0.01798260455114001,9.691927661369135e-21
공간__상권_코드_명,청담초등학교,16,3,0.1875,0.8570756219091863,True,6.057454788355709e-21,0.03985026997919498,0.01798260455114001,9.691927661369135e-21
공간__상권_코드_명,청량리농수산물시장,43,6,0.13953488372093023,0.6378237186300921,True,6.057454788355709e-21,0.03985026997919498,0.01798260455114001,9.691927661369135e-21
공간__상권_코드_명,청량리수산시장,12,1,0.08333333333333333,0.380922498626305,True,6.057454788355709e-21,0.03985026997919498,0.01798260455114001,9.691927661369135e-21
공간__상권_코드_명,청량리역(청량리),183,35,0.1912568306010929,0.8742483575029951,False,6.057454788355709e-21,0.03985026997919498,0.01798260455114001,9.691927661369135e-21
공간__상권_코드_명,청량리전통시장,83,10,0.12048192771084337,0.5507313233151397,True,6.057454788355709e-21,0.03985026997919498,0.01798260455114001,9.691927661369135e-21
공간__상권_코드_명,청량리종합시장,48,4,0.08333333333333333,0.380922498626305,True,6.057454788355709e-21,0.03985026997919498,0.01798260455114001,9.691927661369135e-21
공간__상권_코드_명,청량리청과물시장,69,8,0.11594202898550725,0.5299791285235548,True,6.057454788355709e-21,0.03985026997919498,0.01798260455114001,9.691927661369135e-21
공간__상권_코드_명,청량종합도매시장,36,5,0.1388888888888889,0.6348708310438417,True,6.057454788355709e-21,0.03985026997919498,0.01798260455114001,9.691927661369135e-21
공간__상권_코드_명,청량초등학교,18,3,0.16666666666666666,0.76184499725261,True,6.057454788355709e-21,0.03985026997919498,0.01798260455114001,9.691927661369135e-21
공간__상권_코드_명,청룡동주민센터,72,22,0.3055555555555556,1.3967158282964518,True,6.057454788355709e-21,0.03985026997919498,0.01798260455114001,9.691927661369135e-21
공간__상권_코드_명,청림동주민센터(상도중학교),6,1,0.16666666666666666,0.76184499725261,True,6.057454788355709e-21,0.03985026997919498,0.01798260455114001,9.691927661369135e-21
공간__상권_코드_명,청와대사랑채,12,2,0.16666666666666666,0.76184499725261,True,6.057454788355709e-21,0.03985026997919498,0.01798260455114001,9.691927661369135e-21
공간__상권_코드_명,청평화시장,12,0,0.0,0.0,True,6.057454788355709e-21,0.03985026997919498,0.01798260455114001,9.691927661369135e-21
공간__상권_코드_명,체부동홍종문가옥,6,1,0.16666666666666666,0.76184499725261,True,6.057454788355709e-21,0.03985026997919498,0.01798260455114001,9.691927661369135e-21
공간__상권_코드_명,"총신대입구역(이수, 총신대)",261,56,0.21455938697318008,0.9807659734746245,False,6.057454788355709e-21,0.03985026997919498,0.01798260455114001,9.691927661369135e-21
공간__상권_코드_명,총신대학교,18,4,0.2222222222222222,1.0157933296701467,True,6.057454788355709e-21,0.03985026997919498,0.01798260455114001,9.691927661369135e-21
공간__상권_코드_명,촬영소사거리,38,14,0.3684210526315789,1.6840784149794537,True,6.057454788355709e-21,0.03985026997919498,0.01798260455114001,9.691927661369135e-21
공간__상권_코드_명,충무로역,197,20,0.10152284263959391,0.4640680186310315,False,6.057454788355709e-21,0.03985026997919498,0.01798260455114001,9.691927661369135e-21
공간__상권_코드_명,충무초등학교,51,10,0.19607843137254902,0.8962882320618941,True,6.057454788355709e-21,0.03985026997919498,0.01798260455114001,9.691927661369135e-21
공간__상권_코드_명,충신시장옆,6,6,1.0,4.5710699835156605,True,6.057454788355709e-21,0.03985026997919498,0.01798260455114001,9.691927661369135e-21
공간__상권_코드_명,충정로역,58,15,0.25862068965517243,1.1821732715988778,True,6.057454788355709e-21,0.03985026997919498,0.01798260455114001,9.691927661369135e-21
공간__상권_코드_명,충정로역 3번,24,0,0.0,0.0,True,6.057454788355709e-21,0.03985026997919498,0.01798260455114001,9.691927661369135e-21
공간__상권_코드_명,충정로역 6번,39,10,0.2564102564102564,1.1720692265424768,True,6.057454788355709e-21,0.03985026997919498,0.01798260455114001,9.691927661369135e-21
공간__상권_코드_명,충정로역 7번,6,5,0.8333333333333334,3.8092249862630503,True,6.057454788355709e-21,0.03985026997919498,0.01798260455114001,9.691927661369135e-21
공간__상권_코드_명,충정로현대아파트,18,0,0.0,0.0,True,6.057454788355709e-21,0.03985026997919498,0.01798260455114001,9.691927661369135e-21
공간__상권_코드_명,코엑스,139,18,0.12949640287769784,0.5919371201674956,False,6.057454788355709e-21,0.03985026997919498,0.01798260455114001,9.691927661369135e-21
공간__상권_코드_명,큰굴다리,18,9,0.5,2.2855349917578303,True,6.057454788355709e-21,0.03985026997919498,0.01798260455114001,9.691927661369135e-21
공간__상권_코드_명,태능엔터피아(태릉시장),12,2,0.16666666666666666,0.76184499725261,True,6.057454788355709e-21,0.03985026997919498,0.01798260455114001,9.691927661369135e-21
공간__상권_코드_명,태릉시장 특화거리,77,12,0.15584415584415584,0.7123745428855575,True,6.057454788355709e-21,0.03985026997919498,0.01798260455114001,9.691927661369135e-21
공간__상권_코드_명,태릉입구역,148,21,0.14189189189189189,0.6485977679312761,False,6.057454788355709e-21,0.03985026997919498,0.01798260455114001,9.691927661369135e-21
공간__상권_코드_명,태릉입구역 4번,20,2,0.1,0.45710699835156604,True,6.057454788355709e-21,0.03985026997919498,0.01798260455114001,9.691927661369135e-21
공간__상권_코드_명,텃골근린공원,64,13,0.203125,0.9284985904016184,True,6.057454788355709e-21,0.03985026997919498,0.01798260455114001,9.691927661369135e-21
공간__상권_코드_명,테크노상가(엘리시움),18,4,0.2222222222222222,1.0157933296701467,True,6.057454788355709e-21,0.03985026997919498,0.01798260455114001,9.691927661369135e-21
공간__상권_코드_명,통인시장,76,16,0.21052631578947367,0.9623305228454021,True,6.057454788355709e-21,0.03985026997919498,0.01798260455114001,9.691927661369135e-21
공간__상권_코드_명,퇴계로5가,35,4,0.11428571428571428,0.5224079981160754,True,6.057454788355709e-21,0.03985026997919498,0.01798260455114001,9.691927661369135e-21
공간__상권_코드_명,투구봉어린이공원,19,1,0.05263157894736842,0.24058263071135053,True,6.057454788355709e-21,0.03985026997919498,0.01798260455114001,9.691927661369135e-21
공간__상권_코드_명,평창동동측,24,8,0.3333333333333333,1.52368999450522,True,6.057454788355709e-21,0.03985026997919498,0.01798260455114001,9.691927661369135e-21
공간__상권_코드_명,평창동서측,60,22,0.36666666666666664,1.676058993955742,True,6.057454788355709e-21,0.03985026997919498,0.01798260455114001,9.691927661369135e-21
공간__상권_코드_명,"평화시장(남평화시장, 제일평화시장, 신평화패션타운)",18,7,0.3888888888888889,1.7776383269227567,True,6.057454788355709e-21,0.03985026997919498,0.01798260455114001,9.691927661369135e-21
공간__상권_코드_명,포방터시장,61,17,0.2786885245901639,1.2739047495043643,True,6.057454788355709e-21,0.03985026997919498,0.01798260455114001,9.691927661369135e-21
공간__상권_코드_명,포스코사거리,242,34,0.14049586776859505,0.6422164439650101,False,6.057454788355709e-21,0.03985026997919498,0.01798260455114001,9.691927661369135e-21
공간__상권_코드_명,포이사거리(삼호물산),283,61,0.21554770318021202,0.9852836360228102,False,6.057454788355709e-21,0.03985026997919498,0.01798260455114001,9.691927661369135e-21
공간__상권_코드_명,포이초등학교(개포목련어린이공원),94,21,0.22340425531914893,1.0211964856790303,True,6.057454788355709e-21,0.03985026997919498,0.01798260455114001,9.691927661369135e-21
공간__상권_코드_명,푸른동산공원,46,6,0.13043478260869565,0.5962265195889991,True,6.057454788355709e-21,0.03985026997919498,0.01798260455114001,9.691927661369135e-21
공간__상권_코드_명,푸른들청소년도서관,157,36,0.22929936305732485,1.0481434357105972,False,6.057454788355709e-21,0.03985026997919498,0.01798260455114001,9.691927661369135e-21
공간__상권_코드_명,풍납시장,155,40,0.25806451612903225,1.1796309634879123,False,6.057454788355709e-21,0.03985026997919498,0.01798260455114001,9.691927661369135e-21
공간__상권_코드_명,하나고등학교,6,5,0.8333333333333334,3.8092249862630503,True,6.057454788355709e-21,0.03985026997919498,0.01798260455114001,9.691927661369135e-21
공간__상권_코드_명,하나은행 망우동지점,26,1,0.038461538461538464,0.17581038398137155,True,6.057454788355709e-21,0.03985026997919498,0.01798260455114001,9.691927661369135e-21
공간__상권_코드_명,학동근린공원,1,0,0.0,0.0,True,6.057454788355709e-21,0.03985026997919498,0.01798260455114001,9.691927661369135e-21
공간__상권_코드_명,학동사거리,196,35,0.17857142857142858,0.8162624970563679,False,6.057454788355709e-21,0.03985026997919498,0.01798260455114001,9.691927661369135e-21
공간__상권_코드_명,학동역,233,51,0.21888412017167383,1.0005346315849728,False,6.057454788355709e-21,0.03985026997919498,0.01798260455114001,9.691927661369135e-21
공간__상권_코드_명,학동초등학교,6,1,0.16666666666666666,0.76184499725261,True,6.057454788355709e-21,0.03985026997919498,0.01798260455114001,9.691927661369135e-21
공간__상권_코드_명,한강로동땡땡거리(은행나무길),65,11,0.16923076923076924,0.7735656895180348,True,6.057454788355709e-21,0.03985026997919498,0.01798260455114001,9.691927661369135e-21
공간__상권_코드_명,한강미주맨션아파트,12,0,0.0,0.0,True,6.057454788355709e-21,0.03985026997919498,0.01798260455114001,9.691927661369135e-21
공간__상권_코드_명,한강성심병원,49,11,0.22448979591836735,1.0261585677280054,True,6.057454788355709e-21,0.03985026997919498,0.01798260455114001,9.691927661369135e-21
공간__상권_코드_명,한강진역 3번,77,13,0.16883116883116883,0.7717390881260205,True,6.057454788355709e-21,0.03985026997919498,0.01798260455114001,9.691927661369135e-21
공간__상권_코드_명,한겨레신문사,36,6,0.16666666666666666,0.76184499725261,True,6.057454788355709e-21,0.03985026997919498,0.01798260455114001,9.691927661369135e-21
공간__상권_코드_명,한국SGI본부,68,3,0.04411764705882353,0.2016648522139262,True,6.057454788355709e-21,0.03985026997919498,0.01798260455114001,9.691927661369135e-21
공간__상권_코드_명,한국교통안전공단 강남자동차검사소,18,4,0.2222222222222222,1.0157933296701467,True,6.057454788355709e-21,0.03985026997919498,0.01798260455114001,9.691927661369135e-21
공간__상권_코드_명,한국상담대학원대학교,2,0,0.0,0.0,True,6.057454788355709e-21,0.03985026997919498,0.01798260455114001,9.691927661369135e-21
공간__상권_코드_명,한국의류시험연구원,18,1,0.05555555555555555,0.25394833241753667,True,6.057454788355709e-21,0.03985026997919498,0.01798260455114001,9.691927661369135e-21
공간__상권_코드_명,한국폴리텍대학서울정수캠퍼스,59,16,0.2711864406779661,1.239612198919501,True,6.057454788355709e-21,0.03985026997919498,0.01798260455114001,9.691927661369135e-21
공간__상권_코드_명,한남IC,27,2,0.07407407407407407,0.3385977765567155,True,6.057454788355709e-21,0.03985026997919498,0.01798260455114001,9.691927661369135e-21
공간__상권_코드_명,한남오거리,193,44,0.22797927461139897,1.0421092190398396,False,6.057454788355709e-21,0.03985026997919498,0.01798260455114001,9.691927661369135e-21
공간__상권_코드_명,한남힐사이드아파트,30,11,0.36666666666666664,1.676058993955742,True,6.057454788355709e-21,0.03985026997919498,0.01798260455114001,9.691927661369135e-21
공간__상권_코드_명,한림대학교한강성심병원,10,0,0.0,0.0,True,6.057454788355709e-21,0.03985026997919498,0.01798260455114001,9.691927661369135e-21
공간__상권_코드_명,한성대입구역,168,32,0.19047619047619047,0.8706799968601256,False,6.057454788355709e-21,0.03985026997919498,0.01798260455114001,9.691927661369135e-21
공간__상권_코드_명,한성대입구역 3번,88,35,0.3977272727272727,1.818039197989183,True,6.057454788355709e-21,0.03985026997919498,0.01798260455114001,9.691927661369135e-21
공간__상권_코드_명,한성대입구역 5번,42,11,0.2619047619047619,1.197184995682673,True,6.057454788355709e-21,0.03985026997919498,0.01798260455114001,9.691927661369135e-21
공간__상권_코드_명,한성백제역 3번,108,16,0.14814814814814814,0.677195553113431,False,6.057454788355709e-21,0.03985026997919498,0.01798260455114001,9.691927661369135e-21
공간__상권_코드_명,한아름시장,23,5,0.21739130434782608,0.9937108659816652,True,6.057454788355709e-21,0.03985026997919498,0.01798260455114001,9.691927661369135e-21
공간__상권_코드_명,한양공고앞 교차로,17,5,0.29411764705882354,1.3444323480928413,True,6.057454788355709e-21,0.03985026997919498,0.01798260455114001,9.691927661369135e-21
공간__상권_코드_명,"한양대앞상점가(한양시장, 왕십리맛골목)",84,10,0.11904761904761904,0.5441749980375785,True,6.057454788355709e-21,0.03985026997919498,0.01798260455114001,9.691927661369135e-21
공간__상권_코드_명,한양대역 4번,18,0,0.0,0.0,True,6.057454788355709e-21,0.03985026997919498,0.01798260455114001,9.691927661369135e-21
공간__상권_코드_명,한영중고,105,17,0.1619047619047619,0.7400779973311069,False,6.057454788355709e-21,0.03985026997919498,0.01798260455114001,9.691927661369135e-21
공간__상권_코드_명,한울중학교,137,47,0.34306569343065696,1.5681772936148617,False,6.057454788355709e-21,0.03985026997919498,0.01798260455114001,9.691927661369135e-21
공간__상권_코드_명,한일병원,29,3,0.10344827586206896,0.47286930863955107,True,6.057454788355709e-21,0.03985026997919498,0.01798260455114001,9.691927661369135e-21
공간__상권_코드_명,한티역,192,24,0.125,0.5713837479394576,False,6.057454788355709e-21,0.03985026997919498,0.01798260455114001,9.691927661369135e-21
공간__상권_코드_명,합정역,213,34,0.1596244131455399,0.72965436356588,False,6.057454788355709e-21,0.03985026997919498,0.01798260455114001,9.691927661369135e-21
공간__상권_코드_명,합정역 8번,120,36,0.3,1.371320995054698,False,6.057454788355709e-21,0.03985026997919498,0.01798260455114001,9.691927661369135e-21
공간__상권_코드_명,해방촌 남동측,103,35,0.33980582524271846,1.5532762079907583,False,6.057454788355709e-21,0.03985026997919498,0.01798260455114001,9.691927661369135e-21
공간__상권_코드_명,해방촌예술마을,45,9,0.2,0.9142139967031321,True,6.057454788355709e-21,0.03985026997919498,0.01798260455114001,9.691927661369135e-21
공간__상권_코드_명,해오름공원,96,17,0.17708333333333334,0.8094603095808982,True,6.057454788355709e-21,0.03985026997919498,0.01798260455114001,9.691927661369135e-21
공간__상권_코드_명,행당시장상점가,163,38,0.2331288343558282,1.0656482170159207,False,6.057454788355709e-21,0.03985026997919498,0.01798260455114001,9.691927661369135e-21
공간__상권_코드_명,행당역 2번,62,7,0.11290322580645161,0.5160885465259616,True,6.057454788355709e-21,0.03985026997919498,0.01798260455114001,9.691927661369135e-21
공간__상권_코드_명,헌인가구단지,6,3,0.5,2.2855349917578303,True,6.057454788355709e-21,0.03985026997919498,0.01798260455114001,9.691927661369135e-21
공간__상권_코드_명,혜원여고,33,10,0.30303030303030304,1.3851727222774728,True,6.057454788355709e-21,0.03985026997919498,0.01798260455114001,9.691927661369135e-21
공간__상권_코드_명,혜화역 1번,32,4,0.125,0.5713837479394576,True,6.057454788355709e-21,0.03985026997919498,0.01798260455114001,9.691927661369135e-21
공간__상권_코드_명,혜회동주민센터,48,10,0.20833333333333334,0.9523062465657626,True,6.057454788355709e-21,0.03985026997919498,0.01798260455114001,9.691927661369135e-21
공간__상권_코드_명,호림박물관(성보고등학교),42,9,0.21428571428571427,0.9795149964676414,True,6.057454788355709e-21,0.03985026997919498,0.01798260455114001,9.691927661369135e-21
공간__상권_코드_명,홍남교남측,12,0,0.0,0.0,True,6.057454788355709e-21,0.03985026997919498,0.01798260455114001,9.691927661369135e-21
공간__상권_코드_명,홍대 걷고싶은 거리,145,29,0.2,0.9142139967031321,False,6.057454788355709e-21,0.03985026997919498,0.01798260455114001,9.691927661369135e-21
공간__상권_코드_명,홍대땡땡거리,106,30,0.2830188679245283,1.2936990519383944,False,6.057454788355709e-21,0.03985026997919498,0.01798260455114001,9.691927661369135e-21
공간__상권_코드_명,홍대부속여중고앞,107,24,0.22429906542056074,1.0252867252745406,False,6.057454788355709e-21,0.03985026997919498,0.01798260455114001,9.691927661369135e-21
공간__상권_코드_명,홍대부중,41,7,0.17073170731707318,0.7804265825514543,True,6.057454788355709e-21,0.03985026997919498,0.01798260455114001,9.691927661369135e-21
공간__상권_코드_명,홍대소상공인상점가,94,8,0.0851063829787234,0.3890272326396306,True,6.057454788355709e-21,0.03985026997919498,0.01798260455114001,9.691927661369135e-21
공간__상권_코드_명,홍대입구역 3번,85,11,0.12941176470588237,0.5915502331608502,True,6.057454788355709e-21,0.03985026997919498,0.01798260455114001,9.691927661369135e-21
공간__상권_코드_명,홍대입구역(홍대),252,48,0.19047619047619047,0.8706799968601256,False,6.057454788355709e-21,0.03985026997919498,0.01798260455114001,9.691927661369135e-21
공간__상권_코드_명,홍릉근린공원,3,0,0.0,0.0,True,6.057454788355709e-21,0.03985026997919498,0.01798260455114001,9.691927661369135e-21
공간__상권_코드_명,홍릉시장,67,16,0.23880597014925373,1.0915988020335905,True,6.057454788355709e-21,0.03985026997919498,0.01798260455114001,9.691927661369135e-21
공간__상권_코드_명,홍연시장,38,4,0.10526315789473684,0.48116526142270105,True,6.057454788355709e-21,0.03985026997919498,0.01798260455114001,9.691927661369135e-21
공간__상권_코드_명,홍은종합사회복지관,43,9,0.20930232558139536,0.9567355779451382,True,6.057454788355709e-21,0.03985026997919498,0.01798260455114001,9.691927661369135e-21
공간__상권_코드_명,홍은중학교,12,3,0.25,1.1427674958789151,True,6.057454788355709e-21,0.03985026997919498,0.01798260455114001,9.691927661369135e-21
공간__상권_코드_명,홍익대,30,1,0.03333333333333333,0.152368999450522,True,6.057454788355709e-21,0.03985026997919498,0.01798260455114001,9.691927661369135e-21
공간__상권_코드_명,홍익지구대,8,0,0.0,0.0,True,6.057454788355709e-21,0.03985026997919498,0.01798260455114001,9.691927661369135e-21
공간__상권_코드_명,홍제3동주민센터,105,21,0.2,0.9142139967031321,False,6.057454788355709e-21,0.03985026997919498,0.01798260455114001,9.691927661369135e-21
공간__상권_코드_명,홍제성원아파트,12,3,0.25,1.1427674958789151,True,6.057454788355709e-21,0.03985026997919498,0.01798260455114001,9.691927661369135e-21
공간__상권_코드_명,홍제역,196,39,0.1989795918367347,0.9095496395770957,False,6.057454788355709e-21,0.03985026997919498,0.01798260455114001,9.691927661369135e-21
공간__상권_코드_명,홍제역 2번,39,1,0.02564102564102564,0.11720692265424769,True,6.057454788355709e-21,0.03985026997919498,0.01798260455114001,9.691927661369135e-21
공간__상권_코드_명,홍제역 3번,17,4,0.23529411764705882,1.075545878474273,True,6.057454788355709e-21,0.03985026997919498,0.01798260455114001,9.691927661369135e-21
공간__상권_코드_명,홍제역 4번,26,11,0.4230769230769231,1.933914223795087,True,6.057454788355709e-21,0.03985026997919498,0.01798260455114001,9.691927661369135e-21
공간__상권_코드_명,홍파초등학교,42,5,0.11904761904761904,0.5441749980375785,True,6.057454788355709e-21,0.03985026997919498,0.01798260455114001,9.691927661369135e-21
공간__상권_코드_명,화계역 2번,10,0,0.0,0.0,True,6.057454788355709e-21,0.03985026997919498,0.01798260455114001,9.691927661369135e-21
공간__상권_코드_명,화계중학교,11,0,0.0,0.0,True,6.057454788355709e-21,0.03985026997919498,0.01798260455114001,9.691927661369135e-21
공간__상권_코드_명,화곡2동주민센터,136,34,0.25,1.1427674958789151,False,6.057454788355709e-21,0.03985026997919498,0.01798260455114001,9.691927661369135e-21
공간__상권_코드_명,화곡4동주민센터,63,12,0.19047619047619047,0.8706799968601256,True,6.057454788355709e-21,0.03985026997919498,0.01798260455114001,9.691927661369135e-21
공간__상권_코드_명,화곡보람2차아파트,10,2,0.2,0.9142139967031321,True,6.057454788355709e-21,0.03985026997919498,0.01798260455114001,9.691927661369135e-21
공간__상권_코드_명,화곡본동시장,84,19,0.2261904761904762,1.0339324962713994,True,6.057454788355709e-21,0.03985026997919498,0.01798260455114001,9.691927661369135e-21
공간__상권_코드_명,화곡역,174,51,0.29310344827586204,1.3397963744787278,False,6.057454788355709e-21,0.03985026997919498,0.01798260455114001,9.691927661369135e-21
공간__상권_코드_명,화곡역 2번,72,19,0.2638888888888889,1.2062545789832992,True,6.057454788355709e-21,0.03985026997919498,0.01798260455114001,9.691927661369135e-21
공간__상권_코드_명,화곡역 4번,162,45,0.2777777777777778,1.2697416620876834,False,6.057454788355709e-21,0.03985026997919498,0.01798260455114001,9.691927661369135e-21
공간__상권_코드_명,화곡역 5번,114,36,0.3157894736842105,1.443495784268103,False,6.057454788355709e-21,0.03985026997919498,0.01798260455114001,9.691927661369135e-21
공간__상권_코드_명,화곡중앙시장,101,26,0.25742574257425743,1.1767110848654174,False,6.057454788355709e-21,0.03985026997919498,0.01798260455114001,9.691927661369135e-21
공간__상권_코드_명,화곡초등학교,58,11,0.1896551724137931,0.8669270658391769,True,6.057454788355709e-21,0.03985026997919498,0.01798260455114001,9.691927661369135e-21
공간__상권_코드_명,화랑대역 7번,25,6,0.24,1.0970567960437585,True,6.057454788355709e-21,0.03985026997919498,0.01798260455114001,9.691927661369135e-21
공간__상권_코드_명,화랑대철도공원,37,16,0.43243243243243246,1.9766789117905559,True,6.057454788355709e-21,0.03985026997919498,0.01798260455114001,9.691927661369135e-21
공간__상권_코드_명,화양사거리,105,29,0.2761904761904762,1.2624859954471823,False,6.057454788355709e-21,0.03985026997919498,0.01798260455114001,9.691927661369135e-21
공간__상권_코드_명,화양제일골목시장,45,15,0.3333333333333333,1.52368999450522,True,6.057454788355709e-21,0.03985026997919498,0.01798260455114001,9.691927661369135e-21
공간__상권_코드_명,화원어린이공원,19,2,0.10526315789473684,0.48116526142270105,True,6.057454788355709e-21,0.03985026997919498,0.01798260455114001,9.691927661369135e-21
공간__상권_코드_명,화원중학교,94,17,0.18085106382978725,0.8266828693592152,True,6.057454788355709e-21,0.03985026997919498,0.01798260455114001,9.691927661369135e-21
공간__상권_코드_명,황학동벼룩시장,25,13,0.52,2.3769563914281435,True,6.057454788355709e-21,0.03985026997919498,0.01798260455114001,9.691927661369135e-21
공간__상권_코드_명,황학동주방가구거리상점가,45,20,0.4444444444444444,2.0315866593402934,True,6.057454788355709e-21,0.03985026997919498,0.01798260455114001,9.691927661369135e-21
공간__상권_코드_명,"황학시장(서울중앙시장, 신중앙시장)",73,16,0.2191780821917808,1.0018783525513775,True,6.057454788355709e-21,0.03985026997919498,0.01798260455114001,9.691927661369135e-21
공간__상권_코드_명,황학코아루아파트,52,10,0.19230769230769232,0.8790519199068578,True,6.057454788355709e-21,0.03985026997919498,0.01798260455114001,9.691927661369135e-21
공간__상권_코드_명,회기시장,67,14,0.208955223880597,0.9551489517793916,True,6.057454788355709e-21,0.03985026997919498,0.01798260455114001,9.691927661369135e-21
공간__상권_코드_명,회기역,139,21,0.1510791366906475,0.6905933068620782,False,6.057454788355709e-21,0.03985026997919498,0.01798260455114001,9.691927661369135e-21
공간__상권_코드_명,회기역 1번,24,6,0.25,1.1427674958789151,True,6.057454788355709e-21,0.03985026997919498,0.01798260455114001,9.691927661369135e-21
공간__상권_코드_명,회기역 2번,6,0,0.0,0.0,True,6.057454788355709e-21,0.03985026997919498,0.01798260455114001,9.691927661369135e-21
공간__상권_코드_명,회현역,92,11,0.11956521739130435,0.5465409762899159,True,6.057454788355709e-21,0.03985026997919498,0.01798260455114001,9.691927661369135e-21
공간__상권_코드_명,회현역 1번,6,0,0.0,0.0,True,6.057454788355709e-21,0.03985026997919498,0.01798260455114001,9.691927661369135e-21
공간__상권_코드_명,효창공원앞역 2번,77,15,0.19480519480519481,0.8904681786069468,True,6.057454788355709e-21,0.03985026997919498,0.01798260455114001,9.691927661369135e-21
공간__상권_코드_명,효창공원앞역 5번,75,22,0.29333333333333333,1.3408471951645937,True,6.057454788355709e-21,0.03985026997919498,0.01798260455114001,9.691927661369135e-21
공간__상권_코드_명,효창공원앞역 6번,60,17,0.2833333333333333,1.295136495329437,True,6.057454788355709e-21,0.03985026997919498,0.01798260455114001,9.691927661369135e-21
공간__상권_코드_명,효창동주민센터,38,14,0.3684210526315789,1.6840784149794537,True,6.057454788355709e-21,0.03985026997919498,0.01798260455114001,9.691927661369135e-21
공간__상권_코드_명,후암동주민센터,111,20,0.18018018018018017,0.8236162132460648,False,6.057454788355709e-21,0.03985026997919498,0.01798260455114001,9.691927661369135e-21
공간__상권_코드_명,후암시장,62,19,0.3064516129032258,1.400811769141896,True,6.057454788355709e-21,0.03985026997919498,0.01798260455114001,9.691927661369135e-21
공간__상권_코드_명,휘문고교사거리,59,10,0.1694915254237288,0.7747576243246881,True,6.057454788355709e-21,0.03985026997919498,0.01798260455114001,9.691927661369135e-21
공간__상권_코드_명,흑리단길,72,13,0.18055555555555555,0.8253320803569942,True,6.057454788355709e-21,0.03985026997919498,0.01798260455114001,9.691927661369135e-21
공간__상권_코드_명,흑석시장,18,2,0.1111111111111111,0.5078966648350733,True,6.057454788355709e-21,0.03985026997919498,0.01798260455114001,9.691927661369135e-21
공간__자치구_코드,11110,4526,856,0.18912947414935927,0.8645240622822371,False,6.076646041949627e-30,0.03811146897242,0.0008342309172180602,1.3889476667313434e-29
공간__자치구_코드,11140,5256,936,0.1780821917808219,0.8140261614479942,False,6.076646041949627e-30,0.03811146897242,0.0008342309172180602,1.3889476667313434e-29
공간__자치구_코드,11170,3910,889,0.22736572890025575,1.039304658656118,False,6.076646041949627e-30,0.03811146897242,0.0008342309172180602,1.3889476667313434e-29
공간__자치구_코드,11200,3600,735,0.20416666666666666,0.9332601216344473,False,6.076646041949627e-30,0.03811146897242,0.0008342309172180602,1.3889476667313434e-29
공간__자치구_코드,11215,4963,1089,0.21942373564376386,1.0030012516720843,False,6.076646041949627e-30,0.03811146897242,0.0008342309172180602,1.3889476667313434e-29
공간__자치구_코드,11230,4532,922,0.20344218887908208,0.9299484829658956,False,6.076646041949627e-30,0.03811146897242,0.0008342309172180602,1.3889476667313434e-29
공간__자치구_코드,11260,4683,1077,0.22998078155028828,1.051258247329995,False,6.076646041949627e-30,0.03811146897242,0.0008342309172180602,1.3889476667313434e-29
공간__자치구_코드,11290,4225,879,0.2080473372781065,0.9509989385823113,False,6.076646041949627e-30,0.03811146897242,0.0008342309172180602,1.3889476667313434e-29
공간__자치구_코드,11305,3509,849,0.24194927329723567,1.105967060702421,False,6.076646041949627e-30,0.03811146897242,0.0008342309172180602,1.3889476667313434e-29
공간__자치구_코드,11320,3235,775,0.23956723338485317,1.095078589559393,False,6.076646041949627e-30,0.03811146897242,0.0008342309172180602,1.3889476667313434e-29
공간__자치구_코드,11350,3710,851,0.2293800539083558,1.0485122792376893,False,6.076646041949627e-30,0.03811146897242,0.0008342309172180602,1.3889476667313434e-29
공간__자치구_코드,11380,4763,1179,0.24753306739449926,1.1314909742945545,False,6.076646041949627e-30,0.03811146897242,0.0008342309172180602,1.3889476667313434e-29
공간__자치구_코드,11410,3468,674,0.19434832756632064,0.8883798064848775,False,6.076646041949627e-30,0.03811146897242,0.0008342309172180602,1.3889476667313434e-29
공간__자치구_코드,11440,5669,1179,0.20797318751102487,0.9506599948077197,False,6.076646041949627e-30,0.03811146897242,0.0008342309172180602,1.3889476667313434e-29
공간__자치구_코드,11470,4524,949,0.20977011494252873,0.9588738758524229,False,6.076646041949627e-30,0.03811146897242,0.0008342309172180602,1.3889476667313434e-29
공간__자치구_코드,11500,5594,1329,0.2375759742581337,1.0859764047358442,False,6.076646041949627e-30,0.03811146897242,0.0008342309172180602,1.3889476667313434e-29
공간__자치구_코드,11530,4793,1094,0.2282495305654079,1.0433445779190762,False,6.076646041949627e-30,0.03811146897242,0.0008342309172180602,1.3889476667313434e-29
공간__자치구_코드,11545,3562,825,0.23161145423919147,1.058712166311179,False,6.076646041949627e-30,0.03811146897242,0.0008342309172180602,1.3889476667313434e-29
공간__자치구_코드,11560,5434,1136,0.20905410379094588,0.9556009387695601,False,6.076646041949627e-30,0.03811146897242,0.0008342309172180602,1.3889476667313434e-29
공간__자치구_코드,11590,4133,896,0.21679167674812486,0.9909699262593834,False,6.076646041949627e-30,0.03811146897242,0.0008342309172180602,1.3889476667313434e-29
공간__자치구_코드,11620,4956,1130,0.22800645682001613,1.0422334708177352,False,6.076646041949627e-30,0.03811146897242,0.0008342309172180602,1.3889476667313434e-29
공간__자치구_코드,11650,5708,1169,0.20480028030833916,0.9361564139330425,False,6.076646041949627e-30,0.03811146897242,0.0008342309172180602,1.3889476667313434e-29
공간__자치구_코드,11680,9783,2135,0.21823571501584382,0.9975707262400015,False,6.076646041949627e-30,0.03811146897242,0.0008342309172180602,1.3889476667313434e-29
공간__자치구_코드,11710,7821,1824,0.23321825853471423,1.0660569811958271,False,6.076646041949627e-30,0.03811146897242,0.0008342309172180602,1.3889476667313434e-29
공간__자치구_코드,11740,5654,1315,0.23257870534135125,1.063133538790784,False,6.076646041949627e-30,0.03811146897242,0.0008342309172180602,1.3889476667313434e-29
공간__자치구_명,강남구,9783,2135,0.21823571501584382,0.9975707262400015,False,6.076646041949627e-30,0.03811146897242,0.0008342309172180602,1.3889476667313434e-29
공간__자치구_명,강동구,5654,1315,0.23257870534135125,1.063133538790784,False,6.076646041949627e-30,0.03811146897242,0.0008342309172180602,1.3889476667313434e-29
공간__자치구_명,강북구,3509,849,0.24194927329723567,1.105967060702421,False,6.076646041949627e-30,0.03811146897242,0.0008342309172180602,1.3889476667313434e-29
공간__자치구_명,강서구,5594,1329,0.2375759742581337,1.0859764047358442,False,6.076646041949627e-30,0.03811146897242,0.0008342309172180602,1.3889476667313434e-29
공간__자치구_명,관악구,4956,1130,0.22800645682001613,1.0422334708177352,False,6.076646041949627e-30,0.03811146897242,0.0008342309172180602,1.3889476667313434e-29
공간__자치구_명,광진구,4963,1089,0.21942373564376386,1.0030012516720843,False,6.076646041949627e-30,0.03811146897242,0.0008342309172180602,1.3889476667313434e-29
공간__자치구_명,구로구,4793,1094,0.2282495305654079,1.0433445779190762,False,6.076646041949627e-30,0.03811146897242,0.0008342309172180602,1.3889476667313434e-29
공간__자치구_명,금천구,3562,825,0.23161145423919147,1.058712166311179,False,6.076646041949627e-30,0.03811146897242,0.0008342309172180602,1.3889476667313434e-29
공간__자치구_명,노원구,3710,851,0.2293800539083558,1.0485122792376893,False,6.076646041949627e-30,0.03811146897242,0.0008342309172180602,1.3889476667313434e-29
공간__자치구_명,도봉구,3235,775,0.23956723338485317,1.095078589559393,False,6.076646041949627e-30,0.03811146897242,0.0008342309172180602,1.3889476667313434e-29
공간__자치구_명,동대문구,4532,922,0.20344218887908208,0.9299484829658956,False,6.076646041949627e-30,0.03811146897242,0.0008342309172180602,1.3889476667313434e-29
공간__자치구_명,동작구,4133,896,0.21679167674812486,0.9909699262593834,False,6.076646041949627e-30,0.03811146897242,0.0008342309172180602,1.3889476667313434e-29
공간__자치구_명,마포구,5669,1179,0.20797318751102487,0.9506599948077197,False,6.076646041949627e-30,0.03811146897242,0.0008342309172180602,1.3889476667313434e-29
공간__자치구_명,서대문구,3468,674,0.19434832756632064,0.8883798064848775,False,6.076646041949627e-30,0.03811146897242,0.0008342309172180602,1.3889476667313434e-29
공간__자치구_명,서초구,5708,1169,0.20480028030833916,0.9361564139330425,False,6.076646041949627e-30,0.03811146897242,0.0008342309172180602,1.3889476667313434e-29
공간__자치구_명,성동구,3600,735,0.20416666666666666,0.9332601216344473,False,6.076646041949627e-30,0.03811146897242,0.0008342309172180602,1.3889476667313434e-29
공간__자치구_명,성북구,4225,879,0.2080473372781065,0.9509989385823113,False,6.076646041949627e-30,0.03811146897242,0.0008342309172180602,1.3889476667313434e-29
공간__자치구_명,송파구,7821,1824,0.23321825853471423,1.0660569811958271,False,6.076646041949627e-30,0.03811146897242,0.0008342309172180602,1.3889476667313434e-29
공간__자치구_명,양천구,4524,949,0.20977011494252873,0.9588738758524229,False,6.076646041949627e-30,0.03811146897242,0.0008342309172180602,1.3889476667313434e-29
공간__자치구_명,영등포구,5434,1136,0.20905410379094588,0.9556009387695601,False,6.076646041949627e-30,0.03811146897242,0.0008342309172180602,1.3889476667313434e-29
공간__자치구_명,용산구,3910,889,0.22736572890025575,1.039304658656118,False,6.076646041949627e-30,0.03811146897242,0.0008342309172180602,1.3889476667313434e-29
공간__자치구_명,은평구,4763,1179,0.24753306739449926,1.1314909742945545,False,6.076646041949627e-30,0.03811146897242,0.0008342309172180602,1.3889476667313434e-29
공간__자치구_명,종로구,4526,856,0.18912947414935927,0.8645240622822371,False,6.076646041949627e-30,0.03811146897242,0.0008342309172180602,1.3889476667313434e-29
공간__자치구_명,중구,5256,936,0.1780821917808219,0.8140261614479942,False,6.076646041949627e-30,0.03811146897242,0.0008342309172180602,1.3889476667313434e-29
공간__자치구_명,중랑구,4683,1077,0.22998078155028828,1.051258247329995,False,6.076646041949627e-30,0.03811146897242,0.0008342309172180602,1.3889476667313434e-29
공간__행정동_코드,11110515,180,38,0.2111111111111111,0.9650036631866393,False,5.055073006599526e-53,0.05665183338537909,0.005158063118582436,1.7868336083968282e-52
공간__행정동_코드,11110530,504,95,0.1884920634920635,0.8616104135594994,False,5.055073006599526e-53,0.05665183338537909,0.005158063118582436,1.7868336083968282e-52
공간__행정동_코드,11110540,84,10,0.11904761904761904,0.5441749980375785,True,5.055073006599526e-53,0.05665183338537909,0.005158063118582436,1.7868336083968282e-52
공간__행정동_코드,11110550,129,25,0.1937984496124031,0.885866275875128,False,5.055073006599526e-53,0.05665183338537909,0.005158063118582436,1.7868336083968282e-52
공간__행정동_코드,11110560,111,34,0.3063063063063063,1.4001475625183102,False,5.055073006599526e-53,0.05665183338537909,0.005158063118582436,1.7868336083968282e-52
공간__행정동_코드,11110570,45,4,0.08888888888888889,0.4063173318680587,True,5.055073006599526e-53,0.05665183338537909,0.005158063118582436,1.7868336083968282e-52
공간__행정동_코드,11110580,193,38,0.19689119170984457,0.9000034164434979,False,5.055073006599526e-53,0.05665183338537909,0.005158063118582436,1.7868336083968282e-52
공간__행정동_코드,11110600,200,39,0.195,0.8913586467855538,False,5.055073006599526e-53,0.05665183338537909,0.005158063118582436,1.7868336083968282e-52
공간__행정동_코드,11110615,1413,258,0.18259023354564755,0.8346327358436236,False,5.055073006599526e-53,0.05665183338537909,0.005158063118582436,1.7868336083968282e-52
공간__행정동_코드,11110630,474,100,0.2109704641350211,0.964360756015962,False,5.055073006599526e-53,0.05665183338537909,0.005158063118582436,1.7868336083968282e-52
공간__행정동_코드,11110640,109,14,0.12844036697247707,0.5871099061396261,False,5.055073006599526e-53,0.05665183338537909,0.005158063118582436,1.7868336083968282e-52
공간__행정동_코드,11110650,417,60,0.14388489208633093,0.6577079112972173,False,5.055073006599526e-53,0.05665183338537909,0.005158063118582436,1.7868336083968282e-52
공간__행정동_코드,11110670,348,63,0.1810344827586207,0.8275212901192144,False,5.055073006599526e-53,0.05665183338537909,0.005158063118582436,1.7868336083968282e-52
공간__행정동_코드,11110680,135,28,0.2074074074074074,0.9480737743588036,False,5.055073006599526e-53,0.05665183338537909,0.005158063118582436,1.7868336083968282e-52
공간__행정동_코드,11110690,6,1,0.16666666666666666,0.76184499725261,True,5.055073006599526e-53,0.05665183338537909,0.005158063118582436,1.7868336083968282e-52
공간__행정동_코드,11110700,28,11,0.39285714285714285,1.7957774935240094,True,5.055073006599526e-53,0.05665183338537909,0.005158063118582436,1.7868336083968282e-52
공간__행정동_코드,11110710,150,38,0.25333333333333335,1.1580043958239674,False,5.055073006599526e-53,0.05665183338537909,0.005158063118582436,1.7868336083968282e-52
공간__행정동_코드,11140520,816,135,0.16544117647058823,0.7562431958022232,False,5.055073006599526e-53,0.05665183338537909,0.005158063118582436,1.7868336083968282e-52
공간__행정동_코드,11140540,592,92,0.1554054054054054,0.7103689839247309,False,5.055073006599526e-53,0.05665183338537909,0.005158063118582436,1.7868336083968282e-52
공간__행정동_코드,11140550,787,124,0.15756035578144853,0.7202194129046274,False,5.055073006599526e-53,0.05665183338537909,0.005158063118582436,1.7868336083968282e-52
공간__행정동_코드,11140570,209,21,0.10047846889952153,0.45929411317621466,False,5.055073006599526e-53,0.05665183338537909,0.005158063118582436,1.7868336083968282e-52
공간__행정동_코드,11140580,175,24,0.13714285714285715,0.6268895977392905,False,5.055073006599526e-53,0.05665183338537909,0.005158063118582436,1.7868336083968282e-52
공간__행정동_코드,11140590,634,110,0.17350157728706625,0.7930878520295309,False,5.055073006599526e-53,0.05665183338537909,0.005158063118582436,1.7868336083968282e-52
공간__행정동_코드,11140605,395,65,0.16455696202531644,0.7522013896924503,False,5.055073006599526e-53,0.05665183338537909,0.005158063118582436,1.7868336083968282e-52
공간__행정동_코드,11140615,344,58,0.1686046511627907,0.7707036600113613,False,5.055073006599526e-53,0.05665183338537909,0.005158063118582436,1.7868336083968282e-52
공간__행정동_코드,11140625,312,70,0.22435897435897437,1.0255605732246673,False,5.055073006599526e-53,0.05665183338537909,0.005158063118582436,1.7868336083968282e-52
공간__행정동_코드,11140635,121,28,0.23140495867768596,1.057768260648252,False,5.055073006599526e-53,0.05665183338537909,0.005158063118582436,1.7868336083968282e-52
공간__행정동_코드,11140645,66,15,0.22727272727272727,1.0388795417081045,True,5.055073006599526e-53,0.05665183338537909,0.005158063118582436,1.7868336083968282e-52
공간__행정동_코드,11140650,196,52,0.2653061224489796,1.212732852769461,False,5.055073006599526e-53,0.05665183338537909,0.005158063118582436,1.7868336083968282e-52
공간__행정동_코드,11140665,108,32,0.2962962962962963,1.354391106226862,False,5.055073006599526e-53,0.05665183338537909,0.005158063118582436,1.7868336083968282e-52
공간__행정동_코드,11140670,289,72,0.2491349480968858,1.1388132830904065,False,5.055073006599526e-53,0.05665183338537909,0.005158063118582436,1.7868336083968282e-52
공간__행정동_코드,11140680,212,38,0.1792452830188679,0.8193427328943164,False,5.055073006599526e-53,0.05665183338537909,0.005158063118582436,1.7868336083968282e-52
공간__행정동_코드,11170510,250,53,0.212,0.9690668365053199,False,5.055073006599526e-53,0.05665183338537909,0.005158063118582436,1.7868336083968282e-52
공간__행정동_코드,11170520,122,36,0.29508196721311475,1.348840323004621,False,5.055073006599526e-53,0.05665183338537909,0.005158063118582436,1.7868336083968282e-52
공간__행정동_코드,11170530,433,67,0.15473441108545036,0.707301821929675,False,5.055073006599526e-53,0.05665183338537909,0.005158063118582436,1.7868336083968282e-52
공간__행정동_코드,11170555,307,45,0.1465798045602606,0.6700265448149991,False,5.055073006599526e-53,0.05665183338537909,0.005158063118582436,1.7868336083968282e-52
공간__행정동_코드,11170560,116,24,0.20689655172413793,0.9457386172791021,False,5.055073006599526e-53,0.05665183338537909,0.005158063118582436,1.7868336083968282e-52
공간__행정동_코드,11170570,72,16,0.2222222222222222,1.0157933296701467,True,5.055073006599526e-53,0.05665183338537909,0.005158063118582436,1.7868336083968282e-52
공간__행정동_코드,11170580,115,29,0.25217391304347825,1.1527046045387317,False,5.055073006599526e-53,0.05665183338537909,0.005158063118582436,1.7868336083968282e-52
공간__행정동_코드,11170590,279,60,0.21505376344086022,0.9830258029065936,False,5.055073006599526e-53,0.05665183338537909,0.005158063118582436,1.7868336083968282e-52
공간__행정동_코드,11170625,557,94,0.1687612208258528,0.7714193508985137,False,5.055073006599526e-53,0.05665183338537909,0.005158063118582436,1.7868336083968282e-52
공간__행정동_코드,11170630,136,26,0.19117647058823528,0.8738810262603467,False,5.055073006599526e-53,0.05665183338537909,0.005158063118582436,1.7868336083968282e-52
공간__행정동_코드,11170640,82,18,0.21951219512195122,1.003405606137584,True,5.055073006599526e-53,0.05665183338537909,0.005158063118582436,1.7868336083968282e-52
공간__행정동_코드,11170650,532,167,0.31390977443609025,1.4349035474569836,False,5.055073006599526e-53,0.05665183338537909,0.005158063118582436,1.7868336083968282e-52
공간__행정동_코드,11170660,201,59,0.2935323383084577,1.3417568608329549,False,5.055073006599526e-53,0.05665183338537909,0.005158063118582436,1.7868336083968282e-52
공간__행정동_코드,11170685,447,118,0.2639821029082774,1.2066806667893688,False,5.055073006599526e-53,0.05665183338537909,0.005158063118582436,1.7868336083968282e-52
공간__행정동_코드,11170690,84,30,0.35714285714285715,1.6325249941127358,True,5.055073006599526e-53,0.05665183338537909,0.005158063118582436,1.7868336083968282e-52
공간__행정동_코드,11170700,177,47,0.2655367231638418,1.2137869447753449,False,5.055073006599526e-53,0.05665183338537909,0.005158063118582436,1.7868336083968282e-52
공간__행정동_코드,11200520,131,34,0.2595419847328244,1.1863845758742935,False,5.055073006599526e-53,0.05665183338537909,0.005158063118582436,1.7868336083968282e-52
공간__행정동_코드,11200535,242,43,0.17768595041322313,0.8122149144263363,False,5.055073006599526e-53,0.05665183338537909,0.005158063118582436,1.7868336083968282e-52
공간__행정동_코드,11200540,242,48,0.19834710743801653,0.9066585091270731,False,5.055073006599526e-53,0.05665183338537909,0.005158063118582436,1.7868336083968282e-52
공간__행정동_코드,11200550,169,26,0.15384615384615385,0.7032415359254862,False,5.055073006599526e-53,0.05665183338537909,0.005158063118582436,1.7868336083968282e-52
공간__행정동_코드,11200560,470,87,0.1851063829787234,0.8461342309911967,False,5.055073006599526e-53,0.05665183338537909,0.005158063118582436,1.7868336083968282e-52
공간__행정동_코드,11200580,28,7,0.25,1.1427674958789151,True,5.055073006599526e-53,0.05665183338537909,0.005158063118582436,1.7868336083968282e-52
공간__행정동_코드,11200590,66,12,0.18181818181818182,0.8311036333664837,True,5.055073006599526e-53,0.05665183338537909,0.005158063118582436,1.7868336083968282e-52
공간__행정동_코드,11200615,201,41,0.20398009950248755,0.9324073100703585,False,5.055073006599526e-53,0.05665183338537909,0.005158063118582436,1.7868336083968282e-52
공간__행정동_코드,11200620,208,59,0.28365384615384615,1.296601581862615,False,5.055073006599526e-53,0.05665183338537909,0.005158063118582436,1.7868336083968282e-52
공간__행정동_코드,11200645,82,23,0.2804878048780488,1.2821293856202463,True,5.055073006599526e-53,0.05665183338537909,0.005158063118582436,1.7868336083968282e-52
공간__행정동_코드,11200650,273,66,0.24175824175824176,1.1050938421686212,False,5.055073006599526e-53,0.05665183338537909,0.005158063118582436,1.7868336083968282e-52
공간__행정동_코드,11200660,370,73,0.1972972972972973,0.9018597535044411,False,5.055073006599526e-53,0.05665183338537909,0.005158063118582436,1.7868336083968282e-52
공간__행정동_코드,11200670,405,62,0.15308641975308643,0.6997687382172122,False,5.055073006599526e-53,0.05665183338537909,0.005158063118582436,1.7868336083968282e-52
공간__행정동_코드,11200690,392,92,0.23469387755102042,1.0728021389883693,False,5.055073006599526e-53,0.05665183338537909,0.005158063118582436,1.7868336083968282e-52
공간__행정동_코드,11200720,107,20,0.18691588785046728,0.8544056043954504,False,5.055073006599526e-53,0.05665183338537909,0.005158063118582436,1.7868336083968282e-52
공간__행정동_코드,11200790,214,42,0.19626168224299065,0.897125884615223,False,5.055073006599526e-53,0.05665183338537909,0.005158063118582436,1.7868336083968282e-52
공간__행정동_코드,11215710,535,105,0.19626168224299065,0.897125884615223,False,5.055073006599526e-53,0.05665183338537909,0.005158063118582436,1.7868336083968282e-52
공간__행정동_코드,11215730,573,110,0.19197207678883071,0.8775177978825874,False,5.055073006599526e-53,0.05665183338537909,0.005158063118582436,1.7868336083968282e-52
공간__행정동_코드,11215740,215,49,0.22790697674418606,1.0417787404291505,False,5.055073006599526e-53,0.05665183338537909,0.005158063118582436,1.7868336083968282e-52
공간__행정동_코드,11215750,468,106,0.2264957264957265,1.035327816779188,False,5.055073006599526e-53,0.05665183338537909,0.005158063118582436,1.7868336083968282e-52
공간__행정동_코드,11215760,252,72,0.2857142857142857,1.3060199952901885,False,5.055073006599526e-53,0.05665183338537909,0.005158063118582436,1.7868336083968282e-52
공간__행정동_코드,11215770,289,62,0.21453287197231835,0.9806447715500725,False,5.055073006599526e-53,0.05665183338537909,0.005158063118582436,1.7868336083968282e-52
공간__행정동_코드,11215780,70,20,0.2857142857142857,1.3060199952901885,True,5.055073006599526e-53,0.05665183338537909,0.005158063118582436,1.7868336083968282e-52
공간__행정동_코드,11215810,148,24,0.16216216216216217,0.7412545919214585,False,5.055073006599526e-53,0.05665183338537909,0.005158063118582436,1.7868336083968282e-52
공간__행정동_코드,11215820,451,110,0.24390243902439024,1.1148951179306488,False,5.055073006599526e-53,0.05665183338537909,0.005158063118582436,1.7868336083968282e-52
공간__행정동_코드,11215830,343,86,0.25072886297376096,1.1460991795403697,False,5.055073006599526e-53,0.05665183338537909,0.005158063118582436,1.7868336083968282e-52
공간__행정동_코드,11215840,111,34,0.3063063063063063,1.4001475625183102,False,5.055073006599526e-53,0.05665183338537909,0.005158063118582436,1.7868336083968282e-52
공간__행정동_코드,11215847,311,67,0.21543408360128619,0.9847642729760426,False,5.055073006599526e-53,0.05665183338537909,0.005158063118582436,1.7868336083968282e-52
공간__행정동_코드,11215850,582,134,0.23024054982817868,1.0524456663077293,False,5.055073006599526e-53,0.05665183338537909,0.005158063118582436,1.7868336083968282e-52
공간__행정동_코드,11215860,63,21,0.3333333333333333,1.52368999450522,True,5.055073006599526e-53,0.05665183338537909,0.005158063118582436,1.7868336083968282e-52
공간__행정동_코드,11215870,552,89,0.161231884057971,0.7370022256030684,False,5.055073006599526e-53,0.05665183338537909,0.005158063118582436,1.7868336083968282e-52
공간__행정동_코드,11230536,658,126,0.19148936170212766,0.8753112734391689,False,5.055073006599526e-53,0.05665183338537909,0.005158063118582436,1.7868336083968282e-52
공간__행정동_코드,11230545,753,145,0.19256308100929614,0.8802193195348881,False,5.055073006599526e-53,0.05665183338537909,0.005158063118582436,1.7868336083968282e-52
공간__행정동_코드,11230560,493,104,0.21095334685598377,0.9642825117355551,False,5.055073006599526e-53,0.05665183338537909,0.005158063118582436,1.7868336083968282e-52
공간__행정동_코드,11230570,69,11,0.15942028985507245,0.7287213017198878,True,5.055073006599526e-53,0.05665183338537909,0.005158063118582436,1.7868336083968282e-52
공간__행정동_코드,11230600,217,47,0.21658986175115208,0.9900474157844978,False,5.055073006599526e-53,0.05665183338537909,0.005158063118582436,1.7868336083968282e-52
공간__행정동_코드,11230610,285,63,0.22105263157894736,1.0104470489876722,False,5.055073006599526e-53,0.05665183338537909,0.005158063118582436,1.7868336083968282e-52
공간__행정동_코드,11230650,534,105,0.19662921348314608,0.8988058956351017,False,5.055073006599526e-53,0.05665183338537909,0.005158063118582436,1.7868336083968282e-52
공간__행정동_코드,11230660,641,142,0.22152886115444617,1.0126239277054971,False,5.055073006599526e-53,0.05665183338537909,0.005158063118582436,1.7868336083968282e-52
공간__행정동_코드,11230705,52,11,0.21153846153846154,0.9669571118975435,True,5.055073006599526e-53,0.05665183338537909,0.005158063118582436,1.7868336083968282e-52
공간__행정동_코드,11230710,300,71,0.23666666666666666,1.0818198960987062,False,5.055073006599526e-53,0.05665183338537909,0.005158063118582436,1.7868336083968282e-52
공간__행정동_코드,11230720,203,34,0.16748768472906403,0.7655979282735588,False,5.055073006599526e-53,0.05665183338537909,0.005158063118582436,1.7868336083968282e-52
공간__행정동_코드,11230730,123,24,0.1951219512195122,0.8919160943445191,False,5.055073006599526e-53,0.05665183338537909,0.005158063118582436,1.7868336083968282e-52
공간__행정동_코드,11230740,198,39,0.19696969696969696,0.9003622694803572,False,5.055073006599526e-53,0.05665183338537909,0.005158063118582436,1.7868336083968282e-52
공간__행정동_코드,11230750,6,0,0.0,0.0,True,5.055073006599526e-53,0.05665183338537909,0.005158063118582436,1.7868336083968282e-52
공간__행정동_코드,11260520,484,117,0.24173553719008264,1.1049900579986203,False,5.055073006599526e-53,0.05665183338537909,0.005158063118582436,1.7868336083968282e-52
공간__행정동_코드,11260540,75,18,0.24,1.0970567960437585,True,5.055073006599526e-53,0.05665183338537909,0.005158063118582436,1.7868336083968282e-52
공간__행정동_코드,11260550,134,31,0.23134328358208955,1.057486339470041,False,5.055073006599526e-53,0.05665183338537909,0.005158063118582436,1.7868336083968282e-52
공간__행정동_코드,11260565,510,114,0.2235294117647059,1.0217685845505593,False,5.055073006599526e-53,0.05665183338537909,0.005158063118582436,1.7868336083968282e-52
공간__행정동_코드,11260570,367,79,0.21525885558583105,0.9839632934543247,False,5.055073006599526e-53,0.05665183338537909,0.005158063118582436,1.7868336083968282e-52
공간__행정동_코드,11260575,653,155,0.23736600306278713,1.0850166117073925,False,5.055073006599526e-53,0.05665183338537909,0.005158063118582436,1.7868336083968282e-52
공간__행정동_코드,11260580,197,32,0.16243654822335024,0.7425088298096503,False,5.055073006599526e-53,0.05665183338537909,0.005158063118582436,1.7868336083968282e-52
공간__행정동_코드,11260590,491,115,0.23421588594704684,1.0706172059150731,False,5.055073006599526e-53,0.05665183338537909,0.005158063118582436,1.7868336083968282e-52
공간__행정동_코드,11260600,227,47,0.20704845814977973,0.9464329921816566,False,5.055073006599526e-53,0.05665183338537909,0.005158063118582436,1.7868336083968282e-52
공간__행정동_코드,11260610,329,66,0.2006079027355623,0.916992762650558,False,5.055073006599526e-53,0.05665183338537909,0.005158063118582436,1.7868336083968282e-52
공간__행정동_코드,11260620,213,43,0.20187793427230047,0.92279816568626,False,5.055073006599526e-53,0.05665183338537909,0.005158063118582436,1.7868336083968282e-52
공간__행정동_코드,11260630,224,57,0.2544642857142857,1.1631740583053243,False,5.055073006599526e-53,0.05665183338537909,0.005158063118582436,1.7868336083968282e-52
공간__행정동_코드,11260655,363,92,0.2534435261707989,1.1585080949957045,False,5.055073006599526e-53,0.05665183338537909,0.005158063118582436,1.7868336083968282e-52
공간__행정동_코드,11260660,62,12,0.1935483870967742,0.8847232226159342,True,5.055073006599526e-53,0.05665183338537909,0.005158063118582436,1.7868336083968282e-52
공간__행정동_코드,11260680,265,76,0.28679245283018867,1.3109483726309064,False,5.055073006599526e-53,0.05665183338537909,0.005158063118582436,1.7868336083968282e-52
공간__행정동_코드,11260690,89,23,0.25842696629213485,1.181287748548991,True,5.055073006599526e-53,0.05665183338537909,0.005158063118582436,1.7868336083968282e-52
공간__행정동_코드,11290525,217,49,0.22580645161290322,1.0321770930519232,False,5.055073006599526e-53,0.05665183338537909,0.005158063118582436,1.7868336083968282e-52
공간__행정동_코드,11290555,513,131,0.2553606237816764,1.1672712823402562,False,5.055073006599526e-53,0.05665183338537909,0.005158063118582436,1.7868336083968282e-52
공간__행정동_코드,11290575,382,72,0.18848167539267016,0.8615629288301768,False,5.055073006599526e-53,0.05665183338537909,0.005158063118582436,1.7868336083968282e-52
공간__행정동_코드,11290600,442,73,0.16515837104072398,0.7549504723905954,False,5.055073006599526e-53,0.05665183338537909,0.005158063118582436,1.7868336083968282e-52
공간__행정동_코드,11290610,87,19,0.21839080459770116,0.9982796515723856,True,5.055073006599526e-53,0.05665183338537909,0.005158063118582436,1.7868336083968282e-52
공간__행정동_코드,11290620,163,35,0.2147239263803681,0.9815180946199271,False,5.055073006599526e-53,0.05665183338537909,0.005158063118582436,1.7868336083968282e-52
공간__행정동_코드,11290630,130,37,0.2846153846153846,1.3009968414621493,False,5.055073006599526e-53,0.05665183338537909,0.005158063118582436,1.7868336083968282e-52
공간__행정동_코드,11290640,193,40,0.20725388601036268,0.947372017308945,False,5.055073006599526e-53,0.05665183338537909,0.005158063118582436,1.7868336083968282e-52
공간__행정동_코드,11290650,118,16,0.13559322033898305,0.6198060994597505,False,5.055073006599526e-53,0.05665183338537909,0.005158063118582436,1.7868336083968282e-52
공간__행정동_코드,11290660,85,15,0.17647058823529413,0.8066594088557048,True,5.055073006599526e-53,0.05665183338537909,0.005158063118582436,1.7868336083968282e-52
공간__행정동_코드,11290685,197,37,0.18781725888324874,0.8585258344674083,False,5.055073006599526e-53,0.05665183338537909,0.005158063118582436,1.7868336083968282e-52
공간__행정동_코드,11290705,422,77,0.18246445497630331,0.8340577932007247,False,5.055073006599526e-53,0.05665183338537909,0.005158063118582436,1.7868336083968282e-52
공간__행정동_코드,11290715,207,54,0.2608695652173913,1.1924530391779982,False,5.055073006599526e-53,0.05665183338537909,0.005158063118582436,1.7868336083968282e-52
공간__행정동_코드,11290725,231,40,0.17316017316017315,0.7915272698728416,False,5.055073006599526e-53,0.05665183338537909,0.005158063118582436,1.7868336083968282e-52
공간__행정동_코드,11290760,121,26,0.21487603305785125,0.9822133848876625,False,5.055073006599526e-53,0.05665183338537909,0.005158063118582436,1.7868336083968282e-52
공간__행정동_코드,11290770,197,39,0.19796954314720813,0.9049326363305115,False,5.055073006599526e-53,0.05665183338537909,0.005158063118582436,1.7868336083968282e-52
공간__행정동_코드,11290810,520,119,0.22884615384615384,1.0460717846891607,False,5.055073006599526e-53,0.05665183338537909,0.005158063118582436,1.7868336083968282e-52
공간__행정동_코드,11305534,185,48,0.2594594594594595,1.1860073470743335,False,5.055073006599526e-53,0.05665183338537909,0.005158063118582436,1.7868336083968282e-52
공간__행정동_코드,11305535,415,106,0.25542168674698795,1.1675504054280963,False,5.055073006599526e-53,0.05665183338537909,0.005158063118582436,1.7868336083968282e-52
공간__행정동_코드,11305545,407,97,0.23832923832923833,1.0894196275209314,False,5.055073006599526e-53,0.05665183338537909,0.005158063118582436,1.7868336083968282e-52
공간__행정동_코드,11305555,336,100,0.2976190476190476,1.3604374950939464,False,5.055073006599526e-53,0.05665183338537909,0.005158063118582436,1.7868336083968282e-52
공간__행정동_코드,11305575,117,12,0.10256410256410256,0.46882769061699076,False,5.055073006599526e-53,0.05665183338537909,0.005158063118582436,1.7868336083968282e-52
공간__행정동_코드,11305595,257,69,0.26848249027237353,1.2272522523835818,False,5.055073006599526e-53,0.05665183338537909,0.005158063118582436,1.7868336083968282e-52
공간__행정동_코드,11305603,29,6,0.20689655172413793,0.9457386172791021,True,5.055073006599526e-53,0.05665183338537909,0.005158063118582436,1.7868336083968282e-52
공간__행정동_코드,11305608,18,1,0.05555555555555555,0.25394833241753667,True,5.055073006599526e-53,0.05665183338537909,0.005158063118582436,1.7868336083968282e-52
공간__행정동_코드,11305615,323,91,0.28173374613003094,1.2878246702784057,False,5.055073006599526e-53,0.05665183338537909,0.005158063118582436,1.7868336083968282e-52
공간__행정동_코드,11305625,253,53,0.20948616600790515,0.9575759254005138,False,5.055073006599526e-53,0.05665183338537909,0.005158063118582436,1.7868336083968282e-52
공간__행정동_코드,11305635,680,141,0.2073529411764706,0.9478248054054531,False,5.055073006599526e-53,0.05665183338537909,0.005158063118582436,1.7868336083968282e-52
공간__행정동_코드,11305645,278,77,0.27697841726618705,1.2660877292471433,False,5.055073006599526e-53,0.05665183338537909,0.005158063118582436,1.7868336083968282e-52
공간__행정동_코드,11305660,211,48,0.22748815165876776,1.0398642616528515,False,5.055073006599526e-53,0.05665183338537909,0.005158063118582436,1.7868336083968282e-52
공간__행정동_코드,11320511,229,50,0.2183406113537118,0.9980502147414105,False,5.055073006599526e-53,0.05665183338537909,0.005158063118582436,1.7868336083968282e-52
공간__행정동_코드,11320512,232,78,0.33620689655172414,1.536825253078541,False,5.055073006599526e-53,0.05665183338537909,0.005158063118582436,1.7868336083968282e-52
공간__행정동_코드,11320513,285,46,0.16140350877192983,0.737786734181475,False,5.055073006599526e-53,0.05665183338537909,0.005158063118582436,1.7868336083968282e-52
공간__행정동_코드,11320514,94,18,0.19148936170212766,0.8753112734391689,True,5.055073006599526e-53,0.05665183338537909,0.005158063118582436,1.7868336083968282e-52
공간__행정동_코드,11320515,382,80,0.2094240837696335,0.9572921431446408,False,5.055073006599526e-53,0.05665183338537909,0.005158063118582436,1.7868336083968282e-52
공간__행정동_코드,11320521,309,75,0.24271844660194175,1.1094830057076845,False,5.055073006599526e-53,0.05665183338537909,0.005158063118582436,1.7868336083968282e-52
공간__행정동_코드,11320522,63,7,0.1111111111111111,0.5078966648350733,True,5.055073006599526e-53,0.05665183338537909,0.005158063118582436,1.7868336083968282e-52
공간__행정동_코드,11320660,192,55,0.2864583333333333,1.3094210890279234,False,5.055073006599526e-53,0.05665183338537909,0.005158063118582436,1.7868336083968282e-52
공간__행정동_코드,11320670,179,45,0.25139664804469275,1.149151671833546,False,5.055073006599526e-53,0.05665183338537909,0.005158063118582436,1.7868336083968282e-52
공간__행정동_코드,11320680,310,71,0.22903225806451613,1.0469224800955221,False,5.055073006599526e-53,0.05665183338537909,0.005158063118582436,1.7868336083968282e-52
공간__행정동_코드,11320681,39,9,0.23076923076923078,1.0548623038882294,True,5.055073006599526e-53,0.05665183338537909,0.005158063118582436,1.7868336083968282e-52
공간__행정동_코드,11320690,551,159,0.2885662431941924,1.319056492520853,False,5.055073006599526e-53,0.05665183338537909,0.005158063118582436,1.7868336083968282e-52
공간__행정동_코드,11320700,326,67,0.20552147239263804,0.9394530334219302,False,5.055073006599526e-53,0.05665183338537909,0.005158063118582436,1.7868336083968282e-52
공간__행정동_코드,11320710,44,15,0.3409090909090909,1.5583193125621568,True,5.055073006599526e-53,0.05665183338537909,0.005158063118582436,1.7868336083968282e-52
공간__행정동_코드,11350560,265,48,0.1811320754716981,0.8279673932405723,False,5.055073006599526e-53,0.05665183338537909,0.005158063118582436,1.7868336083968282e-52
공간__행정동_코드,11350570,36,12,0.3333333333333333,1.52368999450522,True,5.055073006599526e-53,0.05665183338537909,0.005158063118582436,1.7868336083968282e-52
공간__행정동_코드,11350595,646,148,0.22910216718266255,1.0472420395670554,False,5.055073006599526e-53,0.05665183338537909,0.005158063118582436,1.7868336083968282e-52
공간__행정동_코드,11350600,239,45,0.18828451882845187,0.8606617123774255,False,5.055073006599526e-53,0.05665183338537909,0.005158063118582436,1.7868336083968282e-52
공간__행정동_코드,11350611,56,17,0.30357142857142855,1.3876462449958253,True,5.055073006599526e-53,0.05665183338537909,0.005158063118582436,1.7868336083968282e-52
공간__행정동_코드,11350619,282,50,0.1773049645390071,0.8104734013325638,False,5.055073006599526e-53,0.05665183338537909,0.005158063118582436,1.7868336083968282e-52
공간__행정동_코드,11350624,239,42,0.17573221757322174,0.8032842648855971,False,5.055073006599526e-53,0.05665183338537909,0.005158063118582436,1.7868336083968282e-52
공간__행정동_코드,11350625,222,38,0.17117117117117117,0.7824354025837617,False,5.055073006599526e-53,0.05665183338537909,0.005158063118582436,1.7868336083968282e-52
공간__행정동_코드,11350630,461,93,0.2017353579175705,0.9221464391907948,False,5.055073006599526e-53,0.05665183338537909,0.005158063118582436,1.7868336083968282e-52
공간__행정동_코드,11350640,470,143,0.30425531914893617,1.3907723566866796,False,5.055073006599526e-53,0.05665183338537909,0.005158063118582436,1.7868336083968282e-52
공간__행정동_코드,11350665,107,25,0.2336448598130841,1.0680070054943132,False,5.055073006599526e-53,0.05665183338537909,0.005158063118582436,1.7868336083968282e-52
공간__행정동_코드,11350670,337,103,0.3056379821958457,1.397092606237724,False,5.055073006599526e-53,0.05665183338537909,0.005158063118582436,1.7868336083968282e-52
공간__행정동_코드,11350695,133,33,0.24812030075187969,1.1341752590677954,False,5.055073006599526e-53,0.05665183338537909,0.005158063118582436,1.7868336083968282e-52
공간__행정동_코드,11350710,182,43,0.23626373626373626,1.0799780730284252,False,5.055073006599526e-53,0.05665183338537909,0.005158063118582436,1.7868336083968282e-52
공간__행정동_코드,11350720,35,11,0.3142857142857143,1.4366219948192074,True,5.055073006599526e-53,0.05665183338537909,0.005158063118582436,1.7868336083968282e-52
공간__행정동_코드,11380510,243,41,0.16872427983539096,0.7712504910458522,False,5.055073006599526e-53,0.05665183338537909,0.005158063118582436,1.7868336083968282e-52
공간__행정동_코드,11380520,406,91,0.22413793103448276,1.0245501687190273,False,5.055073006599526e-53,0.05665183338537909,0.005158063118582436,1.7868336083968282e-52
공간__행정동_코드,11380530,303,59,0.19471947194719472,0.8900763334238414,False,5.055073006599526e-53,0.05665183338537909,0.005158063118582436,1.7868336083968282e-52
공간__행정동_코드,11380551,427,101,0.23653395784543327,1.0812132747894185,False,5.055073006599526e-53,0.05665183338537909,0.005158063118582436,1.7868336083968282e-52
공간__행정동_코드,11380552,540,140,0.25925925925925924,1.1850922179485044,False,5.055073006599526e-53,0.05665183338537909,0.005158063118582436,1.7868336083968282e-52
공간__행정동_코드,11380560,293,84,0.28668941979522183,1.310477401417459,False,5.055073006599526e-53,0.05665183338537909,0.005158063118582436,1.7868336083968282e-52
공간__행정동_코드,11380570,588,167,0.28401360544217685,1.2982460667467945,False,5.055073006599526e-53,0.05665183338537909,0.005158063118582436,1.7868336083968282e-52
공간__행정동_코드,11380580,500,118,0.236,1.0787725161096957,False,5.055073006599526e-53,0.05665183338537909,0.005158063118582436,1.7868336083968282e-52
공간__행정동_코드,11380590,87,16,0.1839080459770115,0.8406565486925351,True,5.055073006599526e-53,0.05665183338537909,0.005158063118582436,1.7868336083968282e-52
공간__행정동_코드,11380600,443,141,0.3182844243792325,1.4549003785004697,False,5.055073006599526e-53,0.05665183338537909,0.005158063118582436,1.7868336083968282e-52
공간__행정동_코드,11380625,296,71,0.23986486486486486,1.0964390838838238,False,5.055073006599526e-53,0.05665183338537909,0.005158063118582436,1.7868336083968282e-52
공간__행정동_코드,11380631,174,43,0.2471264367816092,1.1296322373055943,False,5.055073006599526e-53,0.05665183338537909,0.005158063118582436,1.7868336083968282e-52
공간__행정동_코드,11380632,115,26,0.22608695652173913,1.0334593006209318,False,5.055073006599526e-53,0.05665183338537909,0.005158063118582436,1.7868336083968282e-52
공간__행정동_코드,11380640,248,65,0.2620967741935484,1.1980626972924109,False,5.055073006599526e-53,0.05665183338537909,0.005158063118582436,1.7868336083968282e-52
공간__행정동_코드,11380650,16,4,0.25,1.1427674958789151,True,5.055073006599526e-53,0.05665183338537909,0.005158063118582436,1.7868336083968282e-52
공간__행정동_코드,11380690,84,12,0.14285714285714285,0.6530099976450943,True,5.055073006599526e-53,0.05665183338537909,0.005158063118582436,1.7868336083968282e-52
공간__행정동_코드,11410520,144,29,0.2013888888888889,0.9205627050135705,False,5.055073006599526e-53,0.05665183338537909,0.005158063118582436,1.7868336083968282e-52
공간__행정동_코드,11410555,127,18,0.14173228346456693,0.6478681866400148,False,5.055073006599526e-53,0.05665183338537909,0.005158063118582436,1.7868336083968282e-52
공간__행정동_코드,11410565,168,26,0.15476190476190477,0.7074274974488521,False,5.055073006599526e-53,0.05665183338537909,0.005158063118582436,1.7868336083968282e-52
공간__행정동_코드,11410585,846,179,0.2115839243498818,0.9671649255901928,False,5.055073006599526e-53,0.05665183338537909,0.005158063118582436,1.7868336083968282e-52
공간__행정동_코드,11410615,490,90,0.1836734693877551,0.8395842826865498,False,5.055073006599526e-53,0.05665183338537909,0.005158063118582436,1.7868336083968282e-52
공간__행정동_코드,11410620,292,63,0.21575342465753425,0.9862240032927623,False,5.055073006599526e-53,0.05665183338537909,0.005158063118582436,1.7868336083968282e-52
공간__행정동_코드,11410640,264,36,0.13636363636363635,0.6233277250248627,False,5.055073006599526e-53,0.05665183338537909,0.005158063118582436,1.7868336083968282e-52
공간__행정동_코드,11410660,146,29,0.19863013698630136,0.9079522569996858,False,5.055073006599526e-53,0.05665183338537909,0.005158063118582436,1.7868336083968282e-52
공간__행정동_코드,11410685,215,54,0.25116279069767444,1.148082693534166,False,5.055073006599526e-53,0.05665183338537909,0.005158063118582436,1.7868336083968282e-52
공간__행정동_코드,11410690,99,10,0.10101010101010101,0.4617242407591576,True,5.055073006599526e-53,0.05665183338537909,0.005158063118582436,1.7868336083968282e-52
공간__행정동_코드,11410700,315,64,0.20317460317460317,0.9287253299841342,False,5.055073006599526e-53,0.05665183338537909,0.005158063118582436,1.7868336083968282e-52
공간__행정동_코드,11410710,30,5,0.16666666666666666,0.76184499725261,True,5.055073006599526e-53,0.05665183338537909,0.005158063118582436,1.7868336083968282e-52
공간__행정동_코드,11410720,332,71,0.21385542168674698,0.9775480988843731,False,5.055073006599526e-53,0.05665183338537909,0.005158063118582436,1.7868336083968282e-52
공간__행정동_코드,11440555,157,40,0.25477707006369427,1.1646038174562192,False,5.055073006599526e-53,0.05665183338537909,0.005158063118582436,1.7868336083968282e-52
공간__행정동_코드,11440565,343,65,0.18950437317784258,0.8662377519781864,False,5.055073006599526e-53,0.05665183338537909,0.005158063118582436,1.7868336083968282e-52
공간__행정동_코드,11440585,366,63,0.1721311475409836,0.7868235217526955,False,5.055073006599526e-53,0.05665183338537909,0.005158063118582436,1.7868336083968282e-52
공간__행정동_코드,11440590,298,49,0.1644295302013423,0.7516188899069375,False,5.055073006599526e-53,0.05665183338537909,0.005158063118582436,1.7868336083968282e-52
공간__행정동_코드,11440600,158,20,0.12658227848101267,0.5786164536095773,False,5.055073006599526e-53,0.05665183338537909,0.005158063118582436,1.7868336083968282e-52
공간__행정동_코드,11440610,235,45,0.19148936170212766,0.8753112734391689,False,5.055073006599526e-53,0.05665183338537909,0.005158063118582436,1.7868336083968282e-52
공간__행정동_코드,11440630,169,41,0.24260355029585798,1.1089578066517283,False,5.055073006599526e-53,0.05665183338537909,0.005158063118582436,1.7868336083968282e-52
공간__행정동_코드,11440655,392,90,0.22959183673469388,1.0494803533581873,False,5.055073006599526e-53,0.05665183338537909,0.005158063118582436,1.7868336083968282e-52
공간__행정동_코드,11440660,1283,244,0.1901792673421668,0.8693227404347788,False,5.055073006599526e-53,0.05665183338537909,0.005158063118582436,1.7868336083968282e-52
공간__행정동_코드,11440680,217,59,0.271889400921659,1.2428254793890503,False,5.055073006599526e-53,0.05665183338537909,0.005158063118582436,1.7868336083968282e-52
공간__행정동_코드,11440690,498,80,0.1606425702811245,0.7343084310868531,False,5.055073006599526e-53,0.05665183338537909,0.005158063118582436,1.7868336083968282e-52
공간__행정동_코드,11440700,408,99,0.2426470588235294,1.109156687176594,False,5.055073006599526e-53,0.05665183338537909,0.005158063118582436,1.7868336083968282e-52
공간__행정동_코드,11440710,370,102,0.2756756756756757,1.2601328062664794,False,5.055073006599526e-53,0.05665183338537909,0.005158063118582436,1.7868336083968282e-52
공간__행정동_코드,11440720,269,79,0.2936802973977695,1.3424331921848964,False,5.055073006599526e-53,0.05665183338537909,0.005158063118582436,1.7868336083968282e-52
공간__행정동_코드,11440730,221,52,0.23529411764705882,1.075545878474273,False,5.055073006599526e-53,0.05665183338537909,0.005158063118582436,1.7868336083968282e-52
공간__행정동_코드,11440740,285,51,0.17894736842105263,0.8179809444185918,False,5.055073006599526e-53,0.05665183338537909,0.005158063118582436,1.7868336083968282e-52
공간__행정동_코드,11470510,502,92,0.18326693227091634,0.8377259730745832,False,5.055073006599526e-53,0.05665183338537909,0.005158063118582436,1.7868336083968282e-52
공간__행정동_코드,11470520,257,56,0.2178988326848249,0.9960308135287042,False,5.055073006599526e-53,0.05665183338537909,0.005158063118582436,1.7868336083968282e-52
공간__행정동_코드,11470530,398,95,0.23869346733668342,1.0910845438039893,False,5.055073006599526e-53,0.05665183338537909,0.005158063118582436,1.7868336083968282e-52
공간__행정동_코드,11470540,325,63,0.19384615384615383,0.8860843352661125,False,5.055073006599526e-53,0.05665183338537909,0.005158063118582436,1.7868336083968282e-52
공간__행정동_코드,11470560,481,79,0.16424116424116425,0.7507578559204515,False,5.055073006599526e-53,0.05665183338537909,0.005158063118582436,1.7868336083968282e-52
공간__행정동_코드,11470570,186,48,0.25806451612903225,1.1796309634879123,False,5.055073006599526e-53,0.05665183338537909,0.005158063118582436,1.7868336083968282e-52
공간__행정동_코드,11470580,181,42,0.23204419889502761,1.0606902724179985,False,5.055073006599526e-53,0.05665183338537909,0.005158063118582436,1.7868336083968282e-52
공간__행정동_코드,11470590,206,30,0.14563106796116504,0.6656898034246107,False,5.055073006599526e-53,0.05665183338537909,0.005158063118582436,1.7868336083968282e-52
공간__행정동_코드,11470600,157,35,0.2229299363057325,1.0190283402741918,False,5.055073006599526e-53,0.05665183338537909,0.005158063118582436,1.7868336083968282e-52
공간__행정동_코드,11470610,127,11,0.08661417322834646,0.39591944739112017,False,5.055073006599526e-53,0.05665183338537909,0.005158063118582436,1.7868336083968282e-52
공간__행정동_코드,11470611,278,84,0.302158273381295,1.3811866137241564,False,5.055073006599526e-53,0.05665183338537909,0.005158063118582436,1.7868336083968282e-52
공간__행정동_코드,11470620,328,78,0.23780487804878048,1.0870227399823826,False,5.055073006599526e-53,0.05665183338537909,0.005158063118582436,1.7868336083968282e-52
공간__행정동_코드,11470630,321,58,0.1806853582554517,0.8259254175822688,False,5.055073006599526e-53,0.05665183338537909,0.005158063118582436,1.7868336083968282e-52
공간__행정동_코드,11470640,89,23,0.25842696629213485,1.181287748548991,True,5.055073006599526e-53,0.05665183338537909,0.005158063118582436,1.7868336083968282e-52
공간__행정동_코드,11470650,676,155,0.22928994082840237,1.0481003660427919,False,5.055073006599526e-53,0.05665183338537909,0.005158063118582436,1.7868336083968282e-52
공간__행정동_코드,11470680,12,0,0.0,0.0,True,5.055073006599526e-53,0.05665183338537909,0.005158063118582436,1.7868336083968282e-52
공간__행정동_코드,11500510,25,3,0.12,0.5485283980218792,True,5.055073006599526e-53,0.05665183338537909,0.005158063118582436,1.7868336083968282e-52
공간__행정동_코드,11500520,144,48,0.3333333333333333,1.52368999450522,False,5.055073006599526e-53,0.05665183338537909,0.005158063118582436,1.7868336083968282e-52
공간__행정동_코드,11500530,34,6,0.17647058823529413,0.8066594088557048,True,5.055073006599526e-53,0.05665183338537909,0.005158063118582436,1.7868336083968282e-52
공간__행정동_코드,11500535,328,68,0.2073170731707317,0.9476608502410514,False,5.055073006599526e-53,0.05665183338537909,0.005158063118582436,1.7868336083968282e-52
공간__행정동_코드,11500540,992,243,0.24495967741935484,1.1197278286232917,False,5.055073006599526e-53,0.05665183338537909,0.005158063118582436,1.7868336083968282e-52
공간__행정동_코드,11500550,232,63,0.27155172413793105,1.2412819351788216,False,5.055073006599526e-53,0.05665183338537909,0.005158063118582436,1.7868336083968282e-52
공간__행정동_코드,11500560,163,37,0.22699386503067484,1.0376048428839229,False,5.055073006599526e-53,0.05665183338537909,0.005158063118582436,1.7868336083968282e-52
공간__행정동_코드,11500570,580,155,0.2672413793103448,1.2215790473188401,False,5.055073006599526e-53,0.05665183338537909,0.005158063118582436,1.7868336083968282e-52
공간__행정동_코드,11500590,304,75,0.24671052631578946,1.1277310814594557,False,5.055073006599526e-53,0.05665183338537909,0.005158063118582436,1.7868336083968282e-52
공간__행정동_코드,11500591,329,80,0.24316109422492402,1.1115063789703734,False,5.055073006599526e-53,0.05665183338537909,0.005158063118582436,1.7868336083968282e-52
공간__행정동_코드,11500593,267,57,0.21348314606741572,0.9758464009752532,False,5.055073006599526e-53,0.05665183338537909,0.005158063118582436,1.7868336083968282e-52
공간__행정동_코드,11500603,439,74,0.16856492027334852,0.7705220473352138,False,5.055073006599526e-53,0.05665183338537909,0.005158063118582436,1.7868336083968282e-52
공간__행정동_코드,11500605,34,8,0.23529411764705882,1.075545878474273,True,5.055073006599526e-53,0.05665183338537909,0.005158063118582436,1.7868336083968282e-52
공간__행정동_코드,11500611,315,82,0.26031746031746034,1.189929329042172,False,5.055073006599526e-53,0.05665183338537909,0.005158063118582436,1.7868336083968282e-52
공간__행정동_코드,11500615,259,49,0.1891891891891892,0.8647970239083682,False,5.055073006599526e-53,0.05665183338537909,0.005158063118582436,1.7868336083968282e-52
공간__행정동_코드,11500620,374,91,0.24331550802139038,1.1122122152404414,False,5.055073006599526e-53,0.05665183338537909,0.005158063118582436,1.7868336083968282e-52
공간__행정동_코드,11500630,515,136,0.26407766990291265,1.207117510209961,False,5.055073006599526e-53,0.05665183338537909,0.005158063118582436,1.7868336083968282e-52
공간__행정동_코드,11500640,189,37,0.19576719576719576,0.8948655523284625,False,5.055073006599526e-53,0.05665183338537909,0.005158063118582436,1.7868336083968282e-52
공간__행정동_코드,11500641,71,17,0.23943661971830985,1.09448154534882,True,5.055073006599526e-53,0.05665183338537909,0.005158063118582436,1.7868336083968282e-52
공간__행정동_코드,11530510,59,12,0.2033898305084746,0.9297091491896259,True,5.055073006599526e-53,0.05665183338537909,0.005158063118582436,1.7868336083968282e-52
공간__행정동_코드,11530530,565,123,0.2176991150442478,0.9951178902166836,False,5.055073006599526e-53,0.05665183338537909,0.005158063118582436,1.7868336083968282e-52
공간__행정동_코드,11530540,486,80,0.1646090534979424,0.7524395034593679,False,5.055073006599526e-53,0.05665183338537909,0.005158063118582436,1.7868336083968282e-52
공간__행정동_코드,11530550,539,95,0.17625231910946196,0.8056616854062851,False,5.055073006599526e-53,0.05665183338537909,0.005158063118582436,1.7868336083968282e-52
공간__행정동_코드,11530560,602,134,0.22259136212624583,1.0174806940051468,False,5.055073006599526e-53,0.05665183338537909,0.005158063118582436,1.7868336083968282e-52
공간__행정동_코드,11530595,347,73,0.21037463976945245,0.961637201143064,False,5.055073006599526e-53,0.05665183338537909,0.005158063118582436,1.7868336083968282e-52
공간__행정동_코드,11530720,282,69,0.24468085106382978,1.118453293838938,False,5.055073006599526e-53,0.05665183338537909,0.005158063118582436,1.7868336083968282e-52
공간__행정동_코드,11530730,524,150,0.2862595419847328,1.308512399861353,False,5.055073006599526e-53,0.05665183338537909,0.005158063118582436,1.7868336083968282e-52
공간__행정동_코드,11530740,210,60,0.2857142857142857,1.3060199952901885,False,5.055073006599526e-53,0.05665183338537909,0.005158063118582436,1.7868336083968282e-52
공간__행정동_코드,11530750,170,43,0.2529411764705882,1.1562118193598434,False,5.055073006599526e-53,0.05665183338537909,0.005158063118582436,1.7868336083968282e-52
공간__행정동_코드,11530760,325,85,0.26153846153846155,1.1955106110733267,False,5.055073006599526e-53,0.05665183338537909,0.005158063118582436,1.7868336083968282e-52
공간__행정동_코드,11530770,293,82,0.27986348122866894,1.279275558526567,False,5.055073006599526e-53,0.05665183338537909,0.005158063118582436,1.7868336083968282e-52
공간__행정동_코드,11530780,190,42,0.22105263157894736,1.0104470489876722,False,5.055073006599526e-53,0.05665183338537909,0.005158063118582436,1.7868336083968282e-52
공간__행정동_코드,11530790,201,46,0.22885572139303484,1.0461155186155242,False,5.055073006599526e-53,0.05665183338537909,0.005158063118582436,1.7868336083968282e-52
공간__행정동_코드,11545510,474,87,0.18354430379746836,0.838993857733887,False,5.055073006599526e-53,0.05665183338537909,0.005158063118582436,1.7868336083968282e-52
공간__행정동_코드,11545610,490,125,0.25510204081632654,1.166089281509097,False,5.055073006599526e-53,0.05665183338537909,0.005158063118582436,1.7868336083968282e-52
공간__행정동_코드,11545620,296,98,0.3310810810810811,1.5133947918396442,False,5.055073006599526e-53,0.05665183338537909,0.005158063118582436,1.7868336083968282e-52
공간__행정동_코드,11545630,494,122,0.24696356275303644,1.128887728722491,False,5.055073006599526e-53,0.05665183338537909,0.005158063118582436,1.7868336083968282e-52
공간__행정동_코드,11545640,248,40,0.16129032258064516,0.7372693521799452,False,5.055073006599526e-53,0.05665183338537909,0.005158063118582436,1.7868336083968282e-52
공간__행정동_코드,11545670,770,167,0.21688311688311687,0.9913879055157341,False,5.055073006599526e-53,0.05665183338537909,0.005158063118582436,1.7868336083968282e-52
공간__행정동_코드,11545680,66,10,0.15151515151515152,0.6925863611387364,True,5.055073006599526e-53,0.05665183338537909,0.005158063118582436,1.7868336083968282e-52
공간__행정동_코드,11545690,135,25,0.18518518518518517,0.8464944413917889,False,5.055073006599526e-53,0.05665183338537909,0.005158063118582436,1.7868336083968282e-52
공간__행정동_코드,11545700,226,64,0.2831858407079646,1.2944622962168242,False,5.055073006599526e-53,0.05665183338537909,0.005158063118582436,1.7868336083968282e-52
공간__행정동_코드,11545710,363,87,0.2396694214876033,1.0955456985285468,False,5.055073006599526e-53,0.05665183338537909,0.005158063118582436,1.7868336083968282e-52
공간__행정동_코드,11560515,200,38,0.19,0.8685032968679754,False,5.055073006599526e-53,0.05665183338537909,0.005158063118582436,1.7868336083968282e-52
공간__행정동_코드,11560535,683,129,0.18887262079062958,0.8633499676039826,False,5.055073006599526e-53,0.05665183338537909,0.005158063118582436,1.7868336083968282e-52
공간__행정동_코드,11560540,515,81,0.15728155339805824,0.7189449876985795,False,5.055073006599526e-53,0.05665183338537909,0.005158063118582436,1.7868336083968282e-52
공간__행정동_코드,11560550,524,132,0.25190839694656486,1.1514909118779906,False,5.055073006599526e-53,0.05665183338537909,0.005158063118582436,1.7868336083968282e-52
공간__행정동_코드,11560560,436,100,0.22935779816513763,1.0484105466779037,False,5.055073006599526e-53,0.05665183338537909,0.005158063118582436,1.7868336083968282e-52
공간__행정동_코드,11560585,201,46,0.22885572139303484,1.0461155186155242,False,5.055073006599526e-53,0.05665183338537909,0.005158063118582436,1.7868336083968282e-52
공간__행정동_코드,11560605,334,48,0.1437125748502994,0.6569202371519511,False,5.055073006599526e-53,0.05665183338537909,0.005158063118582436,1.7868336083968282e-52
공간__행정동_코드,11560610,143,42,0.2937062937062937,1.3425520231304735,False,5.055073006599526e-53,0.05665183338537909,0.005158063118582436,1.7868336083968282e-52
공간__행정동_코드,11560620,315,55,0.1746031746031746,0.7981233304551152,False,5.055073006599526e-53,0.05665183338537909,0.005158063118582436,1.7868336083968282e-52
공간__행정동_코드,11560630,319,67,0.21003134796238246,0.9600679902681795,False,5.055073006599526e-53,0.05665183338537909,0.005158063118582436,1.7868336083968282e-52
공간__행정동_코드,11560650,138,37,0.26811594202898553,1.2255767347107207,False,5.055073006599526e-53,0.05665183338537909,0.005158063118582436,1.7868336083968282e-52
공간__행정동_코드,11560660,52,16,0.3076923076923077,1.4064830718509724,True,5.055073006599526e-53,0.05665183338537909,0.005158063118582436,1.7868336083968282e-52
공간__행정동_코드,11560670,141,32,0.22695035460992907,1.0374059537056817,False,5.055073006599526e-53,0.05665183338537909,0.005158063118582436,1.7868336083968282e-52
공간__행정동_코드,11560680,286,77,0.2692307692307692,1.2306726878696008,False,5.055073006599526e-53,0.05665183338537909,0.005158063118582436,1.7868336083968282e-52
공간__행정동_코드,11560690,72,12,0.16666666666666666,0.76184499725261,True,5.055073006599526e-53,0.05665183338537909,0.005158063118582436,1.7868336083968282e-52
공간__행정동_코드,11560700,272,65,0.23897058823529413,1.0923512828254336,False,5.055073006599526e-53,0.05665183338537909,0.005158063118582436,1.7868336083968282e-52
공간__행정동_코드,11560710,282,44,0.15602836879432624,0.7132165931726562,False,5.055073006599526e-53,0.05665183338537909,0.005158063118582436,1.7868336083968282e-52
공간__행정동_코드,11560720,521,115,0.22072936660268713,1.0089693821579673,False,5.055073006599526e-53,0.05665183338537909,0.005158063118582436,1.7868336083968282e-52
공간__행정동_코드,11590510,329,66,0.2006079027355623,0.916992762650558,False,5.055073006599526e-53,0.05665183338537909,0.005158063118582436,1.7868336083968282e-52
공간__행정동_코드,11590520,134,35,0.26119402985074625,1.1939361897242395,False,5.055073006599526e-53,0.05665183338537909,0.005158063118582436,1.7868336083968282e-52
공간__행정동_코드,11590530,574,112,0.1951219512195122,0.8919160943445191,False,5.055073006599526e-53,0.05665183338537909,0.005158063118582436,1.7868336083968282e-52
공간__행정동_코드,11590540,284,85,0.2992957746478873,1.368101931686025,False,5.055073006599526e-53,0.05665183338537909,0.005158063118582436,1.7868336083968282e-52
공간__행정동_코드,11590550,213,58,0.27230046948356806,1.24470450255356,False,5.055073006599526e-53,0.05665183338537909,0.005158063118582436,1.7868336083968282e-52
공간__행정동_코드,11590560,175,41,0.2342857142857143,1.0709363961379548,False,5.055073006599526e-53,0.05665183338537909,0.005158063118582436,1.7868336083968282e-52
공간__행정동_코드,11590605,182,22,0.12087912087912088,0.5525469210843106,False,5.055073006599526e-53,0.05665183338537909,0.005158063118582436,1.7868336083968282e-52
공간__행정동_코드,11590620,431,95,0.22041763341067286,1.0075444279210852,False,5.055073006599526e-53,0.05665183338537909,0.005158063118582436,1.7868336083968282e-52
공간__행정동_코드,11590630,463,99,0.21382289416846653,0.977399413321923,False,5.055073006599526e-53,0.05665183338537909,0.005158063118582436,1.7868336083968282e-52
공간__행정동_코드,11590640,54,10,0.18518518518518517,0.8464944413917889,True,5.055073006599526e-53,0.05665183338537909,0.005158063118582436,1.7868336083968282e-52
공간__행정동_코드,11590650,279,62,0.2222222222222222,1.0157933296701467,False,5.055073006599526e-53,0.05665183338537909,0.005158063118582436,1.7868336083968282e-52
공간__행정동_코드,11590651,40,5,0.125,0.5713837479394576,True,5.055073006599526e-53,0.05665183338537909,0.005158063118582436,1.7868336083968282e-52
공간__행정동_코드,11590660,473,104,0.21987315010570824,1.005055556629236,False,5.055073006599526e-53,0.05665183338537909,0.005158063118582436,1.7868336083968282e-52
공간__행정동_코드,11590670,226,49,0.2168141592920354,0.991072695541006,False,5.055073006599526e-53,0.05665183338537909,0.005158063118582436,1.7868336083968282e-52
공간__행정동_코드,11590680,276,53,0.19202898550724637,0.8777779316171376,False,5.055073006599526e-53,0.05665183338537909,0.005158063118582436,1.7868336083968282e-52
공간__행정동_코드,11620525,322,88,0.2732919254658385,1.2492365172340936,False,5.055073006599526e-53,0.05665183338537909,0.005158063118582436,1.7868336083968282e-52
공간__행정동_코드,11620545,6,1,0.16666666666666666,0.76184499725261,True,5.055073006599526e-53,0.05665183338537909,0.005158063118582436,1.7868336083968282e-52
공간__행정동_코드,11620565,42,10,0.23809523809523808,1.088349996075157,True,5.055073006599526e-53,0.05665183338537909,0.005158063118582436,1.7868336083968282e-52
공간__행정동_코드,11620575,227,54,0.23788546255506607,1.087391097400201,False,5.055073006599526e-53,0.05665183338537909,0.005158063118582436,1.7868336083968282e-52
공간__행정동_코드,11620585,134,29,0.21641791044776118,0.9892614143429413,False,5.055073006599526e-53,0.05665183338537909,0.005158063118582436,1.7868336083968282e-52
공간__행정동_코드,11620595,619,141,0.22778675282714056,1.041229188490643,False,5.055073006599526e-53,0.05665183338537909,0.005158063118582436,1.7868336083968282e-52
공간__행정동_코드,11620605,93,30,0.3225806451612903,1.4745387043598903,True,5.055073006599526e-53,0.05665183338537909,0.005158063118582436,1.7868336083968282e-52
공간__행정동_코드,11620615,182,54,0.2967032967032967,1.3562515335705805,False,5.055073006599526e-53,0.05665183338537909,0.005158063118582436,1.7868336083968282e-52
공간__행정동_코드,11620625,278,57,0.20503597122302158,0.9372337735985347,False,5.055073006599526e-53,0.05665183338537909,0.005158063118582436,1.7868336083968282e-52
공간__행정동_코드,11620630,154,34,0.22077922077922077,1.009197269087873,False,5.055073006599526e-53,0.05665183338537909,0.005158063118582436,1.7868336083968282e-52
공간__행정동_코드,11620645,166,34,0.20481927710843373,0.9362432496357376,False,5.055073006599526e-53,0.05665183338537909,0.005158063118582436,1.7868336083968282e-52
공간__행정동_코드,11620655,228,38,0.16666666666666666,0.76184499725261,False,5.055073006599526e-53,0.05665183338537909,0.005158063118582436,1.7868336083968282e-52
공간__행정동_코드,11620665,245,52,0.21224489795918366,0.9701862822155687,False,5.055073006599526e-53,0.05665183338537909,0.005158063118582436,1.7868336083968282e-52
공간__행정동_코드,11620685,391,82,0.20971867007672634,0.9586387177705477,False,5.055073006599526e-53,0.05665183338537909,0.005158063118582436,1.7868336083968282e-52
공간__행정동_코드,11620695,434,98,0.22580645161290322,1.0321770930519232,False,5.055073006599526e-53,0.05665183338537909,0.005158063118582436,1.7868336083968282e-52
공간__행정동_코드,11620715,29,6,0.20689655172413793,0.9457386172791021,True,5.055073006599526e-53,0.05665183338537909,0.005158063118582436,1.7868336083968282e-52
공간__행정동_코드,11620725,287,63,0.21951219512195122,1.003405606137584,False,5.055073006599526e-53,0.05665183338537909,0.005158063118582436,1.7868336083968282e-52
공간__행정동_코드,11620735,312,75,0.2403846153846154,1.0988148998835723,False,5.055073006599526e-53,0.05665183338537909,0.005158063118582436,1.7868336083968282e-52
공간__행정동_코드,11620745,96,20,0.20833333333333334,0.9523062465657626,True,5.055073006599526e-53,0.05665183338537909,0.005158063118582436,1.7868336083968282e-52
공간__행정동_코드,11620765,414,92,0.2222222222222222,1.0157933296701467,False,5.055073006599526e-53,0.05665183338537909,0.005158063118582436,1.7868336083968282e-52
공간__행정동_코드,11620775,297,72,0.24242424242424243,1.1081381778219783,False,5.055073006599526e-53,0.05665183338537909,0.005158063118582436,1.7868336083968282e-52
공간__행정동_코드,11650510,579,104,0.17962003454231434,0.8210557483344192,False,5.055073006599526e-53,0.05665183338537909,0.005158063118582436,1.7868336083968282e-52
공간__행정동_코드,11650520,288,53,0.1840277777777778,0.8412038511330903,False,5.055073006599526e-53,0.05665183338537909,0.005158063118582436,1.7868336083968282e-52
공간__행정동_코드,11650530,656,117,0.17835365853658536,0.8152670549867869,False,5.055073006599526e-53,0.05665183338537909,0.005158063118582436,1.7868336083968282e-52
공간__행정동_코드,11650540,298,60,0.20134228187919462,0.9203496611105355,False,5.055073006599526e-53,0.05665183338537909,0.005158063118582436,1.7868336083968282e-52
공간__행정동_코드,11650550,59,25,0.423728813559322,1.9368940608117202,True,5.055073006599526e-53,0.05665183338537909,0.005158063118582436,1.7868336083968282e-52
공간__행정동_코드,11650560,169,50,0.2958579881656805,1.3523875690874734,False,5.055073006599526e-53,0.05665183338537909,0.005158063118582436,1.7868336083968282e-52
공간__행정동_코드,11650581,620,124,0.2,0.9142139967031321,False,5.055073006599526e-53,0.05665183338537909,0.005158063118582436,1.7868336083968282e-52
공간__행정동_코드,11650590,400,82,0.205,0.9370693466207103,False,5.055073006599526e-53,0.05665183338537909,0.005158063118582436,1.7868336083968282e-52
공간__행정동_코드,11650600,342,66,0.19298245614035087,0.8821363126082853,False,5.055073006599526e-53,0.05665183338537909,0.005158063118582436,1.7868336083968282e-52
공간__행정동_코드,11650610,405,97,0.23950617283950618,1.0947994775333802,False,5.055073006599526e-53,0.05665183338537909,0.005158063118582436,1.7868336083968282e-52
공간__행정동_코드,11650620,45,15,0.3333333333333333,1.52368999450522,True,5.055073006599526e-53,0.05665183338537909,0.005158063118582436,1.7868336083968282e-52
공간__행정동_코드,11650621,336,74,0.22023809523809523,1.0067237463695204,False,5.055073006599526e-53,0.05665183338537909,0.005158063118582436,1.7868336083968282e-52
공간__행정동_코드,11650651,509,97,0.1905697445972495,0.8711076392947329,False,5.055073006599526e-53,0.05665183338537909,0.005158063118582436,1.7868336083968282e-52
공간__행정동_코드,11650652,745,150,0.20134228187919462,0.9203496611105355,False,5.055073006599526e-53,0.05665183338537909,0.005158063118582436,1.7868336083968282e-52
공간__행정동_코드,11650660,14,4,0.2857142857142857,1.3060199952901885,True,5.055073006599526e-53,0.05665183338537909,0.005158063118582436,1.7868336083968282e-52
공간__행정동_코드,11680510,533,123,0.23076923076923078,1.0548623038882294,False,5.055073006599526e-53,0.05665183338537909,0.005158063118582436,1.7868336083968282e-52
공간__행정동_코드,11680521,955,209,0.218848167539267,1.0003702895861497,False,5.055073006599526e-53,0.05665183338537909,0.005158063118582436,1.7868336083968282e-52
공간__행정동_코드,11680531,750,179,0.23866666666666667,1.0909620360657375,False,5.055073006599526e-53,0.05665183338537909,0.005158063118582436,1.7868336083968282e-52
공간__행정동_코드,11680545,860,192,0.22325581395348837,1.0205179498081474,False,5.055073006599526e-53,0.05665183338537909,0.005158063118582436,1.7868336083968282e-52
공간__행정동_코드,11680565,995,212,0.21306532663316582,0.973936519100824,False,5.055073006599526e-53,0.05665183338537909,0.005158063118582436,1.7868336083968282e-52
공간__행정동_코드,11680580,496,107,0.2157258064516129,0.9860977585406767,False,5.055073006599526e-53,0.05665183338537909,0.005158063118582436,1.7868336083968282e-52
공간__행정동_코드,11680590,698,154,0.22063037249283668,1.008516873153885,False,5.055073006599526e-53,0.05665183338537909,0.005158063118582436,1.7868336083968282e-52
공간__행정동_코드,11680600,197,46,0.233502538071066,1.0673564428513724,False,5.055073006599526e-53,0.05665183338537909,0.005158063118582436,1.7868336083968282e-52
공간__행정동_코드,11680610,293,60,0.20477815699658702,0.9360552867267563,False,5.055073006599526e-53,0.05665183338537909,0.005158063118582436,1.7868336083968282e-52
공간__행정동_코드,11680630,1082,168,0.15526802218114602,0.7097409955920803,False,5.055073006599526e-53,0.05665183338537909,0.005158063118582436,1.7868336083968282e-52
공간__행정동_코드,11680640,1417,370,0.2611150317572336,1.1935750839102288,False,5.055073006599526e-53,0.05665183338537909,0.005158063118582436,1.7868336083968282e-52
공간__행정동_코드,11680650,250,83,0.332,1.5175952345271992,False,5.055073006599526e-53,0.05665183338537909,0.005158063118582436,1.7868336083968282e-52
공간__행정동_코드,11680655,261,53,0.20306513409961685,0.928224939181341,False,5.055073006599526e-53,0.05665183338537909,0.005158063118582436,1.7868336083968282e-52
공간__행정동_코드,11680656,166,35,0.21084337349397592,0.9637798158014946,False,5.055073006599526e-53,0.05665183338537909,0.005158063118582436,1.7868336083968282e-52
공간__행정동_코드,11680670,264,39,0.14772727272727273,0.675271702110268,False,5.055073006599526e-53,0.05665183338537909,0.005158063118582436,1.7868336083968282e-52
공간__행정동_코드,11680690,244,58,0.23770491803278687,1.0865658157537224,False,5.055073006599526e-53,0.05665183338537909,0.005158063118582436,1.7868336083968282e-52
공간__행정동_코드,11680700,126,29,0.23015873015873015,1.0520716628726519,False,5.055073006599526e-53,0.05665183338537909,0.005158063118582436,1.7868336083968282e-52
공간__행정동_코드,11680730,235,42,0.17872340425531916,0.8169571885432244,False,5.055073006599526e-53,0.05665183338537909,0.005158063118582436,1.7868336083968282e-52
공간__행정동_코드,11680750,204,27,0.1323529411764706,0.6049945566417786,False,5.055073006599526e-53,0.05665183338537909,0.005158063118582436,1.7868336083968282e-52
공간__행정동_코드,11710510,155,40,0.25806451612903225,1.1796309634879123,False,5.055073006599526e-53,0.05665183338537909,0.005158063118582436,1.7868336083968282e-52
공간__행정동_코드,11710531,104,19,0.18269230769230768,0.8350993239115148,False,5.055073006599526e-53,0.05665183338537909,0.005158063118582436,1.7868336083968282e-52
공간__행정동_코드,11710532,185,34,0.1837837837837838,0.8400885375109862,False,5.055073006599526e-53,0.05665183338537909,0.005158063118582436,1.7868336083968282e-52
공간__행정동_코드,11710540,224,65,0.29017857142857145,1.326426557716598,False,5.055073006599526e-53,0.05665183338537909,0.005158063118582436,1.7868336083968282e-52
공간__행정동_코드,11710550,265,48,0.1811320754716981,0.8279673932405723,False,5.055073006599526e-53,0.05665183338537909,0.005158063118582436,1.7868336083968282e-52
공간__행정동_코드,11710561,380,92,0.24210526315789474,1.1066801012722125,False,5.055073006599526e-53,0.05665183338537909,0.005158063118582436,1.7868336083968282e-52
공간__행정동_코드,11710562,860,201,0.23372093023255813,1.0683547287054043,False,5.055073006599526e-53,0.05665183338537909,0.005158063118582436,1.7868336083968282e-52
공간__행정동_코드,11710570,530,102,0.19245283018867926,0.8797153553181083,False,5.055073006599526e-53,0.05665183338537909,0.005158063118582436,1.7868336083968282e-52
공간__행정동_코드,11710580,627,152,0.24242424242424243,1.1081381778219783,False,5.055073006599526e-53,0.05665183338537909,0.005158063118582436,1.7868336083968282e-52
공간__행정동_코드,11710590,41,8,0.1951219512195122,0.8919160943445191,True,5.055073006599526e-53,0.05665183338537909,0.005158063118582436,1.7868336083968282e-52
공간__행정동_코드,11710600,857,242,0.2823803967327888,1.2907805554384946,False,5.055073006599526e-53,0.05665183338537909,0.005158063118582436,1.7868336083968282e-52
공간__행정동_코드,11710610,415,109,0.26265060240963856,1.2005942848270048,False,5.055073006599526e-53,0.05665183338537909,0.005158063118582436,1.7868336083968282e-52
공간__행정동_코드,11710620,772,189,0.24481865284974094,1.1190831954461915,False,5.055073006599526e-53,0.05665183338537909,0.005158063118582436,1.7868336083968282e-52
공간__행정동_코드,11710631,57,5,0.08771929824561403,0.4009710511855842,True,5.055073006599526e-53,0.05665183338537909,0.005158063118582436,1.7868336083968282e-52
공간__행정동_코드,11710632,300,70,0.23333333333333334,1.0665829961536542,False,5.055073006599526e-53,0.05665183338537909,0.005158063118582436,1.7868336083968282e-52
공간__행정동_코드,11710641,304,61,0.20065789473684212,0.9172212795870239,False,5.055073006599526e-53,0.05665183338537909,0.005158063118582436,1.7868336083968282e-52
공간__행정동_코드,11710642,425,109,0.2564705882352941,1.1723450075369575,False,5.055073006599526e-53,0.05665183338537909,0.005158063118582436,1.7868336083968282e-52
공간__행정동_코드,11710646,171,33,0.19298245614035087,0.8821363126082853,False,5.055073006599526e-53,0.05665183338537909,0.005158063118582436,1.7868336083968282e-52
공간__행정동_코드,11710650,898,178,0.19821826280623608,0.9060695512982043,False,5.055073006599526e-53,0.05665183338537909,0.005158063118582436,1.7868336083968282e-52
공간__행정동_코드,11710690,72,13,0.18055555555555555,0.8253320803569942,True,5.055073006599526e-53,0.05665183338537909,0.005158063118582436,1.7868336083968282e-52
공간__행정동_코드,11710710,179,54,0.3016759776536313,1.3789820062002551,False,5.055073006599526e-53,0.05665183338537909,0.005158063118582436,1.7868336083968282e-52
공간__행정동_코드,11740515,104,19,0.18269230769230768,0.8350993239115148,False,5.055073006599526e-53,0.05665183338537909,0.005158063118582436,1.7868336083968282e-52
공간__행정동_코드,11740520,184,52,0.2826086956521739,1.2918241257761647,False,5.055073006599526e-53,0.05665183338537909,0.005158063118582436,1.7868336083968282e-52
공간__행정동_코드,11740530,354,96,0.2711864406779661,1.239612198919501,False,5.055073006599526e-53,0.05665183338537909,0.005158063118582436,1.7868336083968282e-52
공간__행정동_코드,11740540,301,63,0.20930232558139536,0.9567355779451382,False,5.055073006599526e-53,0.05665183338537909,0.005158063118582436,1.7868336083968282e-52
공간__행정동_코드,11740550,131,30,0.22900763358778625,1.0468099198890823,False,5.055073006599526e-53,0.05665183338537909,0.005158063118582436,1.7868336083968282e-52
공간__행정동_코드,11740560,159,25,0.15723270440251572,0.7187216955213301,False,5.055073006599526e-53,0.05665183338537909,0.005158063118582436,1.7868336083968282e-52
공간__행정동_코드,11740570,370,97,0.26216216216216215,1.1983615902730245,False,5.055073006599526e-53,0.05665183338537909,0.005158063118582436,1.7868336083968282e-52
공간__행정동_코드,11740580,198,46,0.23232323232323232,1.0619657537460625,False,5.055073006599526e-53,0.05665183338537909,0.005158063118582436,1.7868336083968282e-52
공간__행정동_코드,11740600,394,88,0.2233502538071066,1.0209496409882692,False,5.055073006599526e-53,0.05665183338537909,0.005158063118582436,1.7868336083968282e-52
공간__행정동_코드,11740610,871,223,0.25602755453501724,1.170319869487936,False,5.055073006599526e-53,0.05665183338537909,0.005158063118582436,1.7868336083968282e-52
공간__행정동_코드,11740620,160,41,0.25625,1.1713366832758878,False,5.055073006599526e-53,0.05665183338537909,0.005158063118582436,1.7868336083968282e-52
공간__행정동_코드,11740640,331,80,0.24169184290030213,1.1047903283421536,False,5.055073006599526e-53,0.05665183338537909,0.005158063118582436,1.7868336083968282e-52
공간__행정동_코드,11740650,369,81,0.21951219512195122,1.003405606137584,False,5.055073006599526e-53,0.05665183338537909,0.005158063118582436,1.7868336083968282e-52
공간__행정동_코드,11740660,592,125,0.21114864864864866,0.9651752498977323,False,5.055073006599526e-53,0.05665183338537909,0.005158063118582436,1.7868336083968282e-52
공간__행정동_코드,11740685,861,176,0.20441347270615565,0.9343882893133058,False,5.055073006599526e-53,0.05665183338537909,0.005158063118582436,1.7868336083968282e-52
공간__행정동_코드,11740700,275,73,0.26545454545454544,1.213411304715066,False,5.055073006599526e-53,0.05665183338537909,0.005158063118582436,1.7868336083968282e-52
공간__행정동_명,가락1동,57,5,0.08771929824561403,0.4009710511855842,True,5.583855026240089e-53,0.056633874832925216,0.005155681683616398,1.7868336083968282e-52
공간__행정동_명,가락2동,300,70,0.23333333333333334,1.0665829961536542,False,5.583855026240089e-53,0.056633874832925216,0.005155681683616398,1.7868336083968282e-52
공간__행정동_명,가락본동,772,189,0.24481865284974094,1.1190831954461915,False,5.583855026240089e-53,0.056633874832925216,0.005155681683616398,1.7868336083968282e-52
공간__행정동_명,가리봉동,347,73,0.21037463976945245,0.961637201143064,False,5.583855026240089e-53,0.056633874832925216,0.005155681683616398,1.7868336083968282e-52
공간__행정동_명,가산동,474,87,0.18354430379746836,0.838993857733887,False,5.583855026240089e-53,0.056633874832925216,0.005155681683616398,1.7868336083968282e-52
공간__행정동_명,가양1동,439,74,0.16856492027334852,0.7705220473352138,False,5.583855026240089e-53,0.056633874832925216,0.005155681683616398,1.7868336083968282e-52
공간__행정동_명,가양3동,34,8,0.23529411764705882,1.075545878474273,True,5.583855026240089e-53,0.056633874832925216,0.005155681683616398,1.7868336083968282e-52
공간__행정동_명,가회동,200,39,0.195,0.8913586467855538,False,5.583855026240089e-53,0.056633874832925216,0.005155681683616398,1.7868336083968282e-52
공간__행정동_명,갈현1동,427,101,0.23653395784543327,1.0812132747894185,False,5.583855026240089e-53,0.056633874832925216,0.005155681683616398,1.7868336083968282e-52
공간__행정동_명,갈현2동,540,140,0.25925925925925924,1.1850922179485044,False,5.583855026240089e-53,0.056633874832925216,0.005155681683616398,1.7868336083968282e-52
공간__행정동_명,강일동,104,19,0.18269230769230768,0.8350993239115148,False,5.583855026240089e-53,0.056633874832925216,0.005155681683616398,1.7868336083968282e-52
공간__행정동_명,개봉1동,210,60,0.2857142857142857,1.3060199952901885,False,5.583855026240089e-53,0.056633874832925216,0.005155681683616398,1.7868336083968282e-52
공간__행정동_명,개봉2동,170,43,0.2529411764705882,1.1562118193598434,False,5.583855026240089e-53,0.056633874832925216,0.005155681683616398,1.7868336083968282e-52
공간__행정동_명,개봉3동,325,85,0.26153846153846155,1.1955106110733267,False,5.583855026240089e-53,0.056633874832925216,0.005155681683616398,1.7868336083968282e-52
공간__행정동_명,개포2동,264,39,0.14772727272727273,0.675271702110268,False,5.583855026240089e-53,0.056633874832925216,0.005155681683616398,1.7868336083968282e-52
공간__행정동_명,개포4동,244,58,0.23770491803278687,1.0865658157537224,False,5.583855026240089e-53,0.056633874832925216,0.005155681683616398,1.7868336083968282e-52
공간__행정동_명,거여1동,104,19,0.18269230769230768,0.8350993239115148,False,5.583855026240089e-53,0.056633874832925216,0.005155681683616398,1.7868336083968282e-52
공간__행정동_명,거여2동,185,34,0.1837837837837838,0.8400885375109862,False,5.583855026240089e-53,0.056633874832925216,0.005155681683616398,1.7868336083968282e-52
공간__행정동_명,고덕1동,131,30,0.22900763358778625,1.0468099198890823,False,5.583855026240089e-53,0.056633874832925216,0.005155681683616398,1.7868336083968282e-52
공간__행정동_명,고덕2동,159,25,0.15723270440251572,0.7187216955213301,False,5.583855026240089e-53,0.056633874832925216,0.005155681683616398,1.7868336083968282e-52
공간__행정동_명,고척1동,282,69,0.24468085106382978,1.118453293838938,False,5.583855026240089e-53,0.056633874832925216,0.005155681683616398,1.7868336083968282e-52
공간__행정동_명,고척2동,524,150,0.2862595419847328,1.308512399861353,False,5.583855026240089e-53,0.056633874832925216,0.005155681683616398,1.7868336083968282e-52
공간__행정동_명,공덕동,343,65,0.18950437317784258,0.8662377519781864,False,5.583855026240089e-53,0.056633874832925216,0.005155681683616398,1.7868336083968282e-52
공간__행정동_명,공릉1동,646,148,0.22910216718266255,1.0472420395670554,False,5.583855026240089e-53,0.056633874832925216,0.005155681683616398,1.7868336083968282e-52
공간__행정동_명,공릉2동,239,45,0.18828451882845187,0.8606617123774255,False,5.583855026240089e-53,0.056633874832925216,0.005155681683616398,1.7868336083968282e-52
공간__행정동_명,공항동,374,91,0.24331550802139038,1.1122122152404414,False,5.583855026240089e-53,0.056633874832925216,0.005155681683616398,1.7868336083968282e-52
공간__행정동_명,광장동,148,24,0.16216216216216217,0.7412545919214585,False,5.583855026240089e-53,0.056633874832925216,0.005155681683616398,1.7868336083968282e-52
공간__행정동_명,광희동,634,110,0.17350157728706625,0.7930878520295309,False,5.583855026240089e-53,0.056633874832925216,0.005155681683616398,1.7868336083968282e-52
공간__행정동_명,교남동,193,38,0.19689119170984457,0.9000034164434979,False,5.583855026240089e-53,0.056633874832925216,0.005155681683616398,1.7868336083968282e-52
공간__행정동_명,구로2동,565,123,0.2176991150442478,0.9951178902166836,False,5.583855026240089e-53,0.056633874832925216,0.005155681683616398,1.7868336083968282e-52
공간__행정동_명,구로3동,486,80,0.1646090534979424,0.7524395034593679,False,5.583855026240089e-53,0.056633874832925216,0.005155681683616398,1.7868336083968282e-52
공간__행정동_명,구로4동,539,95,0.17625231910946196,0.8056616854062851,False,5.583855026240089e-53,0.056633874832925216,0.005155681683616398,1.7868336083968282e-52
공간__행정동_명,구로5동,602,134,0.22259136212624583,1.0174806940051468,False,5.583855026240089e-53,0.056633874832925216,0.005155681683616398,1.7868336083968282e-52
공간__행정동_명,구산동,293,84,0.28668941979522183,1.310477401417459,False,5.583855026240089e-53,0.056633874832925216,0.005155681683616398,1.7868336083968282e-52
공간__행정동_명,구의1동,582,134,0.23024054982817868,1.0524456663077293,False,5.583855026240089e-53,0.056633874832925216,0.005155681683616398,1.7868336083968282e-52
공간__행정동_명,구의2동,63,21,0.3333333333333333,1.52368999450522,True,5.583855026240089e-53,0.056633874832925216,0.005155681683616398,1.7868336083968282e-52
공간__행정동_명,구의3동,552,89,0.161231884057971,0.7370022256030684,False,5.583855026240089e-53,0.056633874832925216,0.005155681683616398,1.7868336083968282e-52
공간__행정동_명,군자동,573,110,0.19197207678883071,0.8775177978825874,False,5.583855026240089e-53,0.056633874832925216,0.005155681683616398,1.7868336083968282e-52
공간__행정동_명,금호1가동,66,12,0.18181818181818182,0.8311036333664837,True,5.583855026240089e-53,0.056633874832925216,0.005155681683616398,1.7868336083968282e-52
공간__행정동_명,금호2·3가동,201,41,0.20398009950248755,0.9324073100703585,False,5.583855026240089e-53,0.056633874832925216,0.005155681683616398,1.7868336083968282e-52
공간__행정동_명,금호4가동,208,59,0.28365384615384615,1.296601581862615,False,5.583855026240089e-53,0.056633874832925216,0.005155681683616398,1.7868336083968282e-52
공간__행정동_명,길동,861,176,0.20441347270615565,0.9343882893133058,False,5.583855026240089e-53,0.056633874832925216,0.005155681683616398,1.7868336083968282e-52
공간__행정동_명,길음1동,85,15,0.17647058823529413,0.8066594088557048,True,5.583855026240089e-53,0.056633874832925216,0.005155681683616398,1.7868336083968282e-52
공간__행정동_명,길음2동,197,37,0.18781725888324874,0.8585258344674083,False,5.583855026240089e-53,0.056633874832925216,0.005155681683616398,1.7868336083968282e-52
공간__행정동_명,낙성대동,134,29,0.21641791044776118,0.9892614143429413,False,5.583855026240089e-53,0.056633874832925216,0.005155681683616398,1.7868336083968282e-52
공간__행정동_명,난곡동,297,72,0.24242424242424243,1.1081381778219783,False,5.583855026240089e-53,0.056633874832925216,0.005155681683616398,1.7868336083968282e-52
공간__행정동_명,난향동,29,6,0.20689655172413793,0.9457386172791021,True,5.583855026240089e-53,0.056633874832925216,0.005155681683616398,1.7868336083968282e-52
공간__행정동_명,남가좌1동,99,10,0.10101010101010101,0.4617242407591576,True,5.583855026240089e-53,0.056633874832925216,0.005155681683616398,1.7868336083968282e-52
공간__행정동_명,남가좌2동,315,64,0.20317460317460317,0.9287253299841342,False,5.583855026240089e-53,0.056633874832925216,0.005155681683616398,1.7868336083968282e-52
공간__행정동_명,남영동,433,67,0.15473441108545036,0.707301821929675,False,5.583855026240089e-53,0.056633874832925216,0.005155681683616398,1.7868336083968282e-52
공간__행정동_명,남현동,154,34,0.22077922077922077,1.009197269087873,False,5.583855026240089e-53,0.056633874832925216,0.005155681683616398,1.7868336083968282e-52
공간__행정동_명,내곡동,14,4,0.2857142857142857,1.3060199952901885,True,5.583855026240089e-53,0.056633874832925216,0.005155681683616398,1.7868336083968282e-52
공간__행정동_명,노량진1동,329,66,0.2006079027355623,0.916992762650558,False,5.583855026240089e-53,0.056633874832925216,0.005155681683616398,1.7868336083968282e-52
공간__행정동_명,노량진2동,134,35,0.26119402985074625,1.1939361897242395,False,5.583855026240089e-53,0.056633874832925216,0.005155681683616398,1.7868336083968282e-52
공간__행정동_명,녹번동,243,41,0.16872427983539096,0.7712504910458522,False,5.583855026240089e-53,0.056633874832925216,0.005155681683616398,1.7868336083968282e-52
공간__행정동_명,논현1동,955,209,0.218848167539267,1.0003702895861497,False,5.583855026240089e-53,0.056633874832925216,0.005155681683616398,1.7868336083968282e-52
공간__행정동_명,논현2동,750,179,0.23866666666666667,1.0909620360657375,False,5.583855026240089e-53,0.056633874832925216,0.005155681683616398,1.7868336083968282e-52
공간__행정동_명,능동,70,20,0.2857142857142857,1.3060199952901885,True,5.583855026240089e-53,0.056633874832925216,0.005155681683616398,1.7868336083968282e-52
공간__행정동_명,다산동,312,70,0.22435897435897437,1.0255605732246673,False,5.583855026240089e-53,0.056633874832925216,0.005155681683616398,1.7868336083968282e-52
공간__행정동_명,답십리1동,217,47,0.21658986175115208,0.9900474157844978,False,5.583855026240089e-53,0.056633874832925216,0.005155681683616398,1.7868336083968282e-52
공간__행정동_명,답십리2동,285,63,0.22105263157894736,1.0104470489876722,False,5.583855026240089e-53,0.056633874832925216,0.005155681683616398,1.7868336083968282e-52
공간__행정동_명,당산1동,524,132,0.25190839694656486,1.1514909118779906,False,5.583855026240089e-53,0.056633874832925216,0.005155681683616398,1.7868336083968282e-52
공간__행정동_명,당산2동,436,100,0.22935779816513763,1.0484105466779037,False,5.583855026240089e-53,0.056633874832925216,0.005155681683616398,1.7868336083968282e-52
공간__행정동_명,대림1동,272,65,0.23897058823529413,1.0923512828254336,False,5.583855026240089e-53,0.056633874832925216,0.005155681683616398,1.7868336083968282e-52
공간__행정동_명,대림2동,282,44,0.15602836879432624,0.7132165931726562,False,5.583855026240089e-53,0.056633874832925216,0.005155681683616398,1.7868336083968282e-52
공간__행정동_명,대림3동,521,115,0.22072936660268713,1.0089693821579673,False,5.583855026240089e-53,0.056633874832925216,0.005155681683616398,1.7868336083968282e-52
공간__행정동_명,대방동,473,104,0.21987315010570824,1.005055556629236,False,5.583855026240089e-53,0.056633874832925216,0.005155681683616398,1.7868336083968282e-52
공간__행정동_명,대조동,588,167,0.28401360544217685,1.2982460667467945,False,5.583855026240089e-53,0.056633874832925216,0.005155681683616398,1.7868336083968282e-52
공간__행정동_명,대치1동,197,46,0.233502538071066,1.0673564428513724,False,5.583855026240089e-53,0.056633874832925216,0.005155681683616398,1.7868336083968282e-52
공간__행정동_명,대치2동,293,60,0.20477815699658702,0.9360552867267563,False,5.583855026240089e-53,0.056633874832925216,0.005155681683616398,1.7868336083968282e-52
공간__행정동_명,대치4동,1082,168,0.15526802218114602,0.7097409955920803,False,5.583855026240089e-53,0.056633874832925216,0.005155681683616398,1.7868336083968282e-52
공간__행정동_명,대학동,312,75,0.2403846153846154,1.0988148998835723,False,5.583855026240089e-53,0.056633874832925216,0.005155681683616398,1.7868336083968282e-52
공간__행정동_명,대흥동,158,20,0.12658227848101267,0.5786164536095773,False,5.583855026240089e-53,0.056633874832925216,0.005155681683616398,1.7868336083968282e-52
공간__행정동_명,도곡1동,261,53,0.20306513409961685,0.928224939181341,False,5.583855026240089e-53,0.056633874832925216,0.005155681683616398,1.7868336083968282e-52
공간__행정동_명,도곡2동,166,35,0.21084337349397592,0.9637798158014946,False,5.583855026240089e-53,0.056633874832925216,0.005155681683616398,1.7868336083968282e-52
공간__행정동_명,도림동,201,46,0.22885572139303484,1.0461155186155242,False,5.583855026240089e-53,0.056633874832925216,0.005155681683616398,1.7868336083968282e-52
공간__행정동_명,도봉1동,309,75,0.24271844660194175,1.1094830057076845,False,5.583855026240089e-53,0.056633874832925216,0.005155681683616398,1.7868336083968282e-52
공간__행정동_명,도봉2동,63,7,0.1111111111111111,0.5078966648350733,True,5.583855026240089e-53,0.056633874832925216,0.005155681683616398,1.7868336083968282e-52
공간__행정동_명,도화동,366,63,0.1721311475409836,0.7868235217526955,False,5.583855026240089e-53,0.056633874832925216,0.005155681683616398,1.7868336083968282e-52
공간__행정동_명,독산1동,490,125,0.25510204081632654,1.166089281509097,False,5.583855026240089e-53,0.056633874832925216,0.005155681683616398,1.7868336083968282e-52
공간__행정동_명,독산2동,296,98,0.3310810810810811,1.5133947918396442,False,5.583855026240089e-53,0.056633874832925216,0.005155681683616398,1.7868336083968282e-52
공간__행정동_명,독산3동,494,122,0.24696356275303644,1.128887728722491,False,5.583855026240089e-53,0.056633874832925216,0.005155681683616398,1.7868336083968282e-52
공간__행정동_명,독산4동,248,40,0.16129032258064516,0.7372693521799452,False,5.583855026240089e-53,0.056633874832925216,0.005155681683616398,1.7868336083968282e-52
공간__행정동_명,동선동,382,72,0.18848167539267016,0.8615629288301768,False,5.583855026240089e-53,0.056633874832925216,0.005155681683616398,1.7868336083968282e-52
공간__행정동_명,동화동,108,32,0.2962962962962963,1.354391106226862,False,5.583855026240089e-53,0.056633874832925216,0.005155681683616398,1.7868336083968282e-52
공간__행정동_명,둔촌2동,275,73,0.26545454545454544,1.213411304715066,False,5.583855026240089e-53,0.056633874832925216,0.005155681683616398,1.7868336083968282e-52
공간__행정동_명,등촌1동,144,48,0.3333333333333333,1.52368999450522,False,5.583855026240089e-53,0.056633874832925216,0.005155681683616398,1.7868336083968282e-52
공간__행정동_명,등촌2동,34,6,0.17647058823529413,0.8066594088557048,True,5.583855026240089e-53,0.056633874832925216,0.005155681683616398,1.7868336083968282e-52
공간__행정동_명,등촌3동,328,68,0.2073170731707317,0.9476608502410514,False,5.583855026240089e-53,0.056633874832925216,0.005155681683616398,1.7868336083968282e-52
공간__행정동_명,마장동,242,48,0.19834710743801653,0.9066585091270731,False,5.583855026240089e-53,0.056633874832925216,0.005155681683616398,1.7868336083968282e-52
공간__행정동_명,마천1동,224,65,0.29017857142857145,1.326426557716598,False,5.583855026240089e-53,0.056633874832925216,0.005155681683616398,1.7868336083968282e-52
공간__행정동_명,마천2동,265,48,0.1811320754716981,0.8279673932405723,False,5.583855026240089e-53,0.056633874832925216,0.005155681683616398,1.7868336083968282e-52
공간__행정동_명,망우3동,62,12,0.1935483870967742,0.8847232226159342,True,5.583855026240089e-53,0.056633874832925216,0.005155681683616398,1.7868336083968282e-52
공간__행정동_명,망우본동,363,92,0.2534435261707989,1.1585080949957045,False,5.583855026240089e-53,0.056633874832925216,0.005155681683616398,1.7868336083968282e-52
공간__행정동_명,망원1동,498,80,0.1606425702811245,0.7343084310868531,False,5.583855026240089e-53,0.056633874832925216,0.005155681683616398,1.7868336083968282e-52
공간__행정동_명,망원2동,408,99,0.2426470588235294,1.109156687176594,False,5.583855026240089e-53,0.056633874832925216,0.005155681683616398,1.7868336083968282e-52
공간__행정동_명,면목2동,484,117,0.24173553719008264,1.1049900579986203,False,5.583855026240089e-53,0.056633874832925216,0.005155681683616398,1.7868336083968282e-52
공간__행정동_명,면목3·8동,653,155,0.23736600306278713,1.0850166117073925,False,5.583855026240089e-53,0.056633874832925216,0.005155681683616398,1.7868336083968282e-52
공간__행정동_명,면목4동,75,18,0.24,1.0970567960437585,True,5.583855026240089e-53,0.056633874832925216,0.005155681683616398,1.7868336083968282e-52
공간__행정동_명,면목5동,134,31,0.23134328358208955,1.057486339470041,False,5.583855026240089e-53,0.056633874832925216,0.005155681683616398,1.7868336083968282e-52
공간__행정동_명,면목7동,367,79,0.21525885558583105,0.9839632934543247,False,5.583855026240089e-53,0.056633874832925216,0.005155681683616398,1.7868336083968282e-52
공간__행정동_명,면목본동,510,114,0.2235294117647059,1.0217685845505593,False,5.583855026240089e-53,0.056633874832925216,0.005155681683616398,1.7868336083968282e-52
공간__행정동_명,명동,787,124,0.15756035578144853,0.7202194129046274,False,5.583855026240089e-53,0.056633874832925216,0.005155681683616398,1.7868336083968282e-52
공간__행정동_명,명일1동,354,96,0.2711864406779661,1.239612198919501,False,5.583855026240089e-53,0.056633874832925216,0.005155681683616398,1.7868336083968282e-52
공간__행정동_명,명일2동,301,63,0.20930232558139536,0.9567355779451382,False,5.583855026240089e-53,0.056633874832925216,0.005155681683616398,1.7868336083968282e-52
공간__행정동_명,목1동,502,92,0.18326693227091634,0.8377259730745832,False,5.583855026240089e-53,0.056633874832925216,0.005155681683616398,1.7868336083968282e-52
공간__행정동_명,목2동,257,56,0.2178988326848249,0.9960308135287042,False,5.583855026240089e-53,0.056633874832925216,0.005155681683616398,1.7868336083968282e-52
공간__행정동_명,목3동,398,95,0.23869346733668342,1.0910845438039893,False,5.583855026240089e-53,0.056633874832925216,0.005155681683616398,1.7868336083968282e-52
공간__행정동_명,목4동,325,63,0.19384615384615383,0.8860843352661125,False,5.583855026240089e-53,0.056633874832925216,0.005155681683616398,1.7868336083968282e-52
공간__행정동_명,무악동,45,4,0.08888888888888889,0.4063173318680587,True,5.583855026240089e-53,0.056633874832925216,0.005155681683616398,1.7868336083968282e-52
공간__행정동_명,묵1동,213,43,0.20187793427230047,0.92279816568626,False,5.583855026240089e-53,0.056633874832925216,0.005155681683616398,1.7868336083968282e-52
공간__행정동_명,묵2동,224,57,0.2544642857142857,1.1631740583053243,False,5.583855026240089e-53,0.056633874832925216,0.005155681683616398,1.7868336083968282e-52
공간__행정동_명,문래동,334,48,0.1437125748502994,0.6569202371519511,False,5.583855026240089e-53,0.056633874832925216,0.005155681683616398,1.7868336083968282e-52
공간__행정동_명,문정1동,304,61,0.20065789473684212,0.9172212795870239,False,5.583855026240089e-53,0.056633874832925216,0.005155681683616398,1.7868336083968282e-52
공간__행정동_명,문정2동,425,109,0.2564705882352941,1.1723450075369575,False,5.583855026240089e-53,0.056633874832925216,0.005155681683616398,1.7868336083968282e-52
공간__행정동_명,미성동,414,92,0.2222222222222222,1.0157933296701467,False,5.583855026240089e-53,0.056633874832925216,0.005155681683616398,1.7868336083968282e-52
공간__행정동_명,미아동,415,106,0.25542168674698795,1.1675504054280963,False,5.583855026240089e-53,0.056633874832925216,0.005155681683616398,1.7868336083968282e-52
공간__행정동_명,반포1동,169,50,0.2958579881656805,1.3523875690874734,False,5.583855026240089e-53,0.056633874832925216,0.005155681683616398,1.7868336083968282e-52
공간__행정동_명,반포4동,620,124,0.2,0.9142139967031321,False,5.583855026240089e-53,0.056633874832925216,0.005155681683616398,1.7868336083968282e-52
공간__행정동_명,반포본동,59,25,0.423728813559322,1.9368940608117202,True,5.583855026240089e-53,0.056633874832925216,0.005155681683616398,1.7868336083968282e-52
공간__행정동_명,발산1동,315,82,0.26031746031746034,1.189929329042172,False,5.583855026240089e-53,0.056633874832925216,0.005155681683616398,1.7868336083968282e-52
공간__행정동_명,방배1동,342,66,0.19298245614035087,0.8821363126082853,False,5.583855026240089e-53,0.056633874832925216,0.005155681683616398,1.7868336083968282e-52
공간__행정동_명,방배2동,405,97,0.23950617283950618,1.0947994775333802,False,5.583855026240089e-53,0.056633874832925216,0.005155681683616398,1.7868336083968282e-52
공간__행정동_명,방배3동,45,15,0.3333333333333333,1.52368999450522,True,5.583855026240089e-53,0.056633874832925216,0.005155681683616398,1.7868336083968282e-52
공간__행정동_명,방배4동,336,74,0.22023809523809523,1.0067237463695204,False,5.583855026240089e-53,0.056633874832925216,0.005155681683616398,1.7868336083968282e-52
공간__행정동_명,방배본동,400,82,0.205,0.9370693466207103,False,5.583855026240089e-53,0.056633874832925216,0.005155681683616398,1.7868336083968282e-52
공간__행정동_명,방이1동,380,92,0.24210526315789474,1.1066801012722125,False,5.583855026240089e-53,0.056633874832925216,0.005155681683616398,1.7868336083968282e-52
공간__행정동_명,방이2동,860,201,0.23372093023255813,1.0683547287054043,False,5.583855026240089e-53,0.056633874832925216,0.005155681683616398,1.7868336083968282e-52
공간__행정동_명,방학1동,551,159,0.2885662431941924,1.319056492520853,False,5.583855026240089e-53,0.056633874832925216,0.005155681683616398,1.7868336083968282e-52
공간__행정동_명,방학2동,326,67,0.20552147239263804,0.9394530334219302,False,5.583855026240089e-53,0.056633874832925216,0.005155681683616398,1.7868336083968282e-52
공간__행정동_명,방학3동,44,15,0.3409090909090909,1.5583193125621568,True,5.583855026240089e-53,0.056633874832925216,0.005155681683616398,1.7868336083968282e-52
공간__행정동_명,방화1동,515,136,0.26407766990291265,1.207117510209961,False,5.583855026240089e-53,0.056633874832925216,0.005155681683616398,1.7868336083968282e-52
공간__행정동_명,방화2동,189,37,0.19576719576719576,0.8948655523284625,False,5.583855026240089e-53,0.056633874832925216,0.005155681683616398,1.7868336083968282e-52
공간__행정동_명,방화3동,71,17,0.23943661971830985,1.09448154534882,True,5.583855026240089e-53,0.056633874832925216,0.005155681683616398,1.7868336083968282e-52
공간__행정동_명,번1동,257,69,0.26848249027237353,1.2272522523835818,False,5.583855026240089e-53,0.056633874832925216,0.005155681683616398,1.7868336083968282e-52
공간__행정동_명,번2동,29,6,0.20689655172413793,0.9457386172791021,True,5.583855026240089e-53,0.056633874832925216,0.005155681683616398,1.7868336083968282e-52
공간__행정동_명,번3동,18,1,0.05555555555555555,0.25394833241753667,True,5.583855026240089e-53,0.056633874832925216,0.005155681683616398,1.7868336083968282e-52
공간__행정동_명,보광동,177,47,0.2655367231638418,1.2137869447753449,False,5.583855026240089e-53,0.056633874832925216,0.005155681683616398,1.7868336083968282e-52
공간__행정동_명,보라매동,322,88,0.2732919254658385,1.2492365172340936,False,5.583855026240089e-53,0.056633874832925216,0.005155681683616398,1.7868336083968282e-52
공간__행정동_명,보문동,87,19,0.21839080459770116,0.9982796515723856,True,5.583855026240089e-53,0.056633874832925216,0.005155681683616398,1.7868336083968282e-52
공간__행정동_명,부암동,129,25,0.1937984496124031,0.885866275875128,False,5.583855026240089e-53,0.056633874832925216,0.005155681683616398,1.7868336083968282e-52
공간__행정동_명,북가좌1동,30,5,0.16666666666666666,0.76184499725261,True,5.583855026240089e-53,0.056633874832925216,0.005155681683616398,1.7868336083968282e-52
공간__행정동_명,북가좌2동,332,71,0.21385542168674698,0.9775480988843731,False,5.583855026240089e-53,0.056633874832925216,0.005155681683616398,1.7868336083968282e-52
공간__행정동_명,북아현동,127,18,0.14173228346456693,0.6478681866400148,False,5.583855026240089e-53,0.056633874832925216,0.005155681683616398,1.7868336083968282e-52
공간__행정동_명,불광1동,406,91,0.22413793103448276,1.0245501687190273,False,5.583855026240089e-53,0.056633874832925216,0.005155681683616398,1.7868336083968282e-52
공간__행정동_명,불광2동,303,59,0.19471947194719472,0.8900763334238414,False,5.583855026240089e-53,0.056633874832925216,0.005155681683616398,1.7868336083968282e-52
공간__행정동_명,사근동,169,26,0.15384615384615385,0.7032415359254862,False,5.583855026240089e-53,0.056633874832925216,0.005155681683616398,1.7868336083968282e-52
공간__행정동_명,사당1동,431,95,0.22041763341067286,1.0075444279210852,False,5.583855026240089e-53,0.056633874832925216,0.005155681683616398,1.7868336083968282e-52
공간__행정동_명,사당2동,463,99,0.21382289416846653,0.977399413321923,False,5.583855026240089e-53,0.056633874832925216,0.005155681683616398,1.7868336083968282e-52
공간__행정동_명,사당3동,54,10,0.18518518518518517,0.8464944413917889,True,5.583855026240089e-53,0.056633874832925216,0.005155681683616398,1.7868336083968282e-52
공간__행정동_명,사당4동,279,62,0.2222222222222222,1.0157933296701467,False,5.583855026240089e-53,0.056633874832925216,0.005155681683616398,1.7868336083968282e-52
공간__행정동_명,사당5동,40,5,0.125,0.5713837479394576,True,5.583855026240089e-53,0.056633874832925216,0.005155681683616398,1.7868336083968282e-52
공간__행정동_명,사직동,504,95,0.1884920634920635,0.8616104135594994,False,5.583855026240089e-53,0.056633874832925216,0.005155681683616398,1.7868336083968282e-52
공간__행정동_명,삼각산동,117,12,0.10256410256410256,0.46882769061699076,False,5.583855026240089e-53,0.056633874832925216,0.005155681683616398,1.7868336083968282e-52
공간__행정동_명,삼선동,513,131,0.2553606237816764,1.1672712823402562,False,5.583855026240089e-53,0.056633874832925216,0.005155681683616398,1.7868336083968282e-52
공간__행정동_명,삼성1동,496,107,0.2157258064516129,0.9860977585406767,False,5.583855026240089e-53,0.056633874832925216,0.005155681683616398,1.7868336083968282e-52
공간__행정동_명,삼성2동,698,154,0.22063037249283668,1.008516873153885,False,5.583855026240089e-53,0.056633874832925216,0.005155681683616398,1.7868336083968282e-52
공간__행정동_명,삼성동,96,20,0.20833333333333334,0.9523062465657626,True,5.583855026240089e-53,0.056633874832925216,0.005155681683616398,1.7868336083968282e-52
공간__행정동_명,삼양동,185,48,0.2594594594594595,1.1860073470743335,False,5.583855026240089e-53,0.056633874832925216,0.005155681683616398,1.7868336083968282e-52
공간__행정동_명,삼전동,415,109,0.26265060240963856,1.2005942848270048,False,5.583855026240089e-53,0.056633874832925216,0.005155681683616398,1.7868336083968282e-52
공간__행정동_명,삼청동,84,10,0.11904761904761904,0.5441749980375785,True,5.583855026240089e-53,0.056633874832925216,0.005155681683616398,1.7868336083968282e-52
공간__행정동_명,상계10동,35,11,0.3142857142857143,1.4366219948192074,True,5.583855026240089e-53,0.056633874832925216,0.005155681683616398,1.7868336083968282e-52
공간__행정동_명,상계1동,461,93,0.2017353579175705,0.9221464391907948,False,5.583855026240089e-53,0.056633874832925216,0.005155681683616398,1.7868336083968282e-52
공간__행정동_명,상계2동,470,143,0.30425531914893617,1.3907723566866796,False,5.583855026240089e-53,0.056633874832925216,0.005155681683616398,1.7868336083968282e-52
공간__행정동_명,상계3·4동,107,25,0.2336448598130841,1.0680070054943132,False,5.583855026240089e-53,0.056633874832925216,0.005155681683616398,1.7868336083968282e-52
공간__행정동_명,상계5동,337,103,0.3056379821958457,1.397092606237724,False,5.583855026240089e-53,0.056633874832925216,0.005155681683616398,1.7868336083968282e-52
공간__행정동_명,상계6·7동,133,33,0.24812030075187969,1.1341752590677954,False,5.583855026240089e-53,0.056633874832925216,0.005155681683616398,1.7868336083968282e-52
공간__행정동_명,상계9동,182,43,0.23626373626373626,1.0799780730284252,False,5.583855026240089e-53,0.056633874832925216,0.005155681683616398,1.7868336083968282e-52
공간__행정동_명,상도1동,574,112,0.1951219512195122,0.8919160943445191,False,5.583855026240089e-53,0.056633874832925216,0.005155681683616398,1.7868336083968282e-52
공간__행정동_명,상도2동,284,85,0.2992957746478873,1.368101931686025,False,5.583855026240089e-53,0.056633874832925216,0.005155681683616398,1.7868336083968282e-52
공간__행정동_명,상도3동,213,58,0.27230046948356806,1.24470450255356,False,5.583855026240089e-53,0.056633874832925216,0.005155681683616398,1.7868336083968282e-52
공간__행정동_명,상도4동,175,41,0.2342857142857143,1.0709363961379548,False,5.583855026240089e-53,0.056633874832925216,0.005155681683616398,1.7868336083968282e-52
공간__행정동_명,상봉1동,197,32,0.16243654822335024,0.7425088298096503,False,5.583855026240089e-53,0.056633874832925216,0.005155681683616398,1.7868336083968282e-52
공간__행정동_명,상봉2동,491,115,0.23421588594704684,1.0706172059150731,False,5.583855026240089e-53,0.056633874832925216,0.005155681683616398,1.7868336083968282e-52
공간__행정동_명,상암동,285,51,0.17894736842105263,0.8179809444185918,False,5.583855026240089e-53,0.056633874832925216,0.005155681683616398,1.7868336083968282e-52
공간__행정동_명,상일동,184,52,0.2826086956521739,1.2918241257761647,False,5.583855026240089e-53,0.056633874832925216,0.005155681683616398,1.7868336083968282e-52
공간__행정동_명,서강동,392,90,0.22959183673469388,1.0494803533581873,False,5.583855026240089e-53,0.056633874832925216,0.005155681683616398,1.7868336083968282e-52
공간__행정동_명,서교동,1283,244,0.1901792673421668,0.8693227404347788,False,5.583855026240089e-53,0.056633874832925216,0.005155681683616398,1.7868336083968282e-52
공간__행정동_명,서림동,245,52,0.21224489795918366,0.9701862822155687,False,5.583855026240089e-53,0.056633874832925216,0.005155681683616398,1.7868336083968282e-52
공간__행정동_명,서빙고동,84,30,0.35714285714285715,1.6325249941127358,True,5.583855026240089e-53,0.056633874832925216,0.005155681683616398,1.7868336083968282e-52
공간__행정동_명,서원동,166,34,0.20481927710843373,0.9362432496357376,False,5.583855026240089e-53,0.056633874832925216,0.005155681683616398,1.7868336083968282e-52
공간__행정동_명,서초1동,579,104,0.17962003454231434,0.8210557483344192,False,5.583855026240089e-53,0.056633874832925216,0.005155681683616398,1.7868336083968282e-52
공간__행정동_명,서초2동,288,53,0.1840277777777778,0.8412038511330903,False,5.583855026240089e-53,0.056633874832925216,0.005155681683616398,1.7868336083968282e-52
공간__행정동_명,서초3동,656,117,0.17835365853658536,0.8152670549867869,False,5.583855026240089e-53,0.056633874832925216,0.005155681683616398,1.7868336083968282e-52
공간__행정동_명,석관동,520,119,0.22884615384615384,1.0460717846891607,False,5.583855026240089e-53,0.056633874832925216,0.005155681683616398,1.7868336083968282e-52
공간__행정동_명,석촌동,857,242,0.2823803967327888,1.2907805554384946,False,5.583855026240089e-53,0.056633874832925216,0.005155681683616398,1.7868336083968282e-52
공간__행정동_명,성내1동,331,80,0.24169184290030213,1.1047903283421536,False,5.583855026240089e-53,0.056633874832925216,0.005155681683616398,1.7868336083968282e-52
공간__행정동_명,성내2동,369,81,0.21951219512195122,1.003405606137584,False,5.583855026240089e-53,0.056633874832925216,0.005155681683616398,1.7868336083968282e-52
공간__행정동_명,성내3동,592,125,0.21114864864864866,0.9651752498977323,False,5.583855026240089e-53,0.056633874832925216,0.005155681683616398,1.7868336083968282e-52
공간__행정동_명,성북동,217,49,0.22580645161290322,1.0321770930519232,False,5.583855026240089e-53,0.056633874832925216,0.005155681683616398,1.7868336083968282e-52
공간__행정동_명,성산1동,269,79,0.2936802973977695,1.3424331921848964,False,5.583855026240089e-53,0.056633874832925216,0.005155681683616398,1.7868336083968282e-52
공간__행정동_명,성산2동,221,52,0.23529411764705882,1.075545878474273,False,5.583855026240089e-53,0.056633874832925216,0.005155681683616398,1.7868336083968282e-52
공간__행정동_명,성수1가1동,273,66,0.24175824175824176,1.1050938421686212,False,5.583855026240089e-53,0.056633874832925216,0.005155681683616398,1.7868336083968282e-52
공간__행정동_명,성수1가2동,370,73,0.1972972972972973,0.9018597535044411,False,5.583855026240089e-53,0.056633874832925216,0.005155681683616398,1.7868336083968282e-52
공간__행정동_명,성수2가1동,405,62,0.15308641975308643,0.6997687382172122,False,5.583855026240089e-53,0.056633874832925216,0.005155681683616398,1.7868336083968282e-52
공간__행정동_명,성수2가3동,392,92,0.23469387755102042,1.0728021389883693,False,5.583855026240089e-53,0.056633874832925216,0.005155681683616398,1.7868336083968282e-52
공간__행정동_명,성현동,42,10,0.23809523809523808,1.088349996075157,True,5.583855026240089e-53,0.056633874832925216,0.005155681683616398,1.7868336083968282e-52
공간__행정동_명,세곡동,126,29,0.23015873015873015,1.0520716628726519,False,5.583855026240089e-53,0.056633874832925216,0.005155681683616398,1.7868336083968282e-52
공간__행정동_명,소공동,816,135,0.16544117647058823,0.7562431958022232,False,5.583855026240089e-53,0.056633874832925216,0.005155681683616398,1.7868336083968282e-52
공간__행정동_명,송정동,107,20,0.18691588785046728,0.8544056043954504,False,5.583855026240089e-53,0.056633874832925216,0.005155681683616398,1.7868336083968282e-52
공간__행정동_명,송중동,407,97,0.23832923832923833,1.0894196275209314,False,5.583855026240089e-53,0.056633874832925216,0.005155681683616398,1.7868336083968282e-52
공간__행정동_명,송천동,336,100,0.2976190476190476,1.3604374950939464,False,5.583855026240089e-53,0.056633874832925216,0.005155681683616398,1.7868336083968282e-52
공간__행정동_명,송파1동,627,152,0.24242424242424243,1.1081381778219783,False,5.583855026240089e-53,0.056633874832925216,0.005155681683616398,1.7868336083968282e-52
공간__행정동_명,송파2동,41,8,0.1951219512195122,0.8919160943445191,True,5.583855026240089e-53,0.056633874832925216,0.005155681683616398,1.7868336083968282e-52
공간__행정동_명,수궁동,201,46,0.22885572139303484,1.0461155186155242,False,5.583855026240089e-53,0.056633874832925216,0.005155681683616398,1.7868336083968282e-52
공간__행정동_명,수색동,16,4,0.25,1.1427674958789151,True,5.583855026240089e-53,0.056633874832925216,0.005155681683616398,1.7868336083968282e-52
공간__행정동_명,수서동,204,27,0.1323529411764706,0.6049945566417786,False,5.583855026240089e-53,0.056633874832925216,0.005155681683616398,1.7868336083968282e-52
공간__행정동_명,수유1동,323,91,0.28173374613003094,1.2878246702784057,False,5.583855026240089e-53,0.056633874832925216,0.005155681683616398,1.7868336083968282e-52
공간__행정동_명,수유2동,253,53,0.20948616600790515,0.9575759254005138,False,5.583855026240089e-53,0.056633874832925216,0.005155681683616398,1.7868336083968282e-52
공간__행정동_명,수유3동,680,141,0.2073529411764706,0.9478248054054531,False,5.583855026240089e-53,0.056633874832925216,0.005155681683616398,1.7868336083968282e-52
공간__행정동_명,숭인1동,28,11,0.39285714285714285,1.7957774935240094,True,5.583855026240089e-53,0.056633874832925216,0.005155681683616398,1.7868336083968282e-52
공간__행정동_명,숭인2동,150,38,0.25333333333333335,1.1580043958239674,False,5.583855026240089e-53,0.056633874832925216,0.005155681683616398,1.7868336083968282e-52
공간__행정동_명,시흥1동,770,167,0.21688311688311687,0.9913879055157341,False,5.583855026240089e-53,0.056633874832925216,0.005155681683616398,1.7868336083968282e-52
공간__행정동_명,시흥2동,66,10,0.15151515151515152,0.6925863611387364,True,5.583855026240089e-53,0.056633874832925216,0.005155681683616398,1.7868336083968282e-52
공간__행정동_명,시흥3동,135,25,0.18518518518518517,0.8464944413917889,False,5.583855026240089e-53,0.056633874832925216,0.005155681683616398,1.7868336083968282e-52
공간__행정동_명,시흥4동,226,64,0.2831858407079646,1.2944622962168242,False,5.583855026240089e-53,0.056633874832925216,0.005155681683616398,1.7868336083968282e-52
공간__행정동_명,시흥5동,363,87,0.2396694214876033,1.0955456985285468,False,5.583855026240089e-53,0.056633874832925216,0.005155681683616398,1.7868336083968282e-52
공간__행정동_명,신길1동,319,67,0.21003134796238246,0.9600679902681795,False,5.583855026240089e-53,0.056633874832925216,0.005155681683616398,1.7868336083968282e-52
공간__행정동_명,신길3동,138,37,0.26811594202898553,1.2255767347107207,False,5.583855026240089e-53,0.056633874832925216,0.005155681683616398,1.7868336083968282e-52
공간__행정동_명,신길4동,52,16,0.3076923076923077,1.4064830718509724,True,5.583855026240089e-53,0.056633874832925216,0.005155681683616398,1.7868336083968282e-52
공간__행정동_명,신길5동,141,32,0.22695035460992907,1.0374059537056817,False,5.583855026240089e-53,0.056633874832925216,0.005155681683616398,1.7868336083968282e-52
공간__행정동_명,신길6동,286,77,0.2692307692307692,1.2306726878696008,False,5.583855026240089e-53,0.056633874832925216,0.005155681683616398,1.7868336083968282e-52
공간__행정동_명,신길7동,72,12,0.16666666666666666,0.76184499725261,True,5.583855026240089e-53,0.056633874832925216,0.005155681683616398,1.7868336083968282e-52
공간__행정동_명,신내1동,265,76,0.28679245283018867,1.3109483726309064,False,5.583855026240089e-53,0.056633874832925216,0.005155681683616398,1.7868336083968282e-52
공간__행정동_명,신내2동,89,23,0.25842696629213485,1.181287748548991,True,5.583855026240089e-53,0.056633874832925216,0.005155681683616398,1.7868336083968282e-52
공간__행정동_명,신당5동,196,52,0.2653061224489796,1.212732852769461,False,5.583855026240089e-53,0.056633874832925216,0.005155681683616398,1.7868336083968282e-52
공간__행정동_명,신당동,344,58,0.1686046511627907,0.7707036600113613,False,5.583855026240089e-53,0.056633874832925216,0.005155681683616398,1.7868336083968282e-52
공간__행정동_명,신대방1동,226,49,0.2168141592920354,0.991072695541006,False,5.583855026240089e-53,0.056633874832925216,0.005155681683616398,1.7868336083968282e-52
공간__행정동_명,신대방2동,276,53,0.19202898550724637,0.8777779316171376,False,5.583855026240089e-53,0.056633874832925216,0.005155681683616398,1.7868336083968282e-52
공간__행정동_명,신도림동,59,12,0.2033898305084746,0.9297091491896259,True,5.583855026240089e-53,0.056633874832925216,0.005155681683616398,1.7868336083968282e-52
공간__행정동_명,신림동,434,98,0.22580645161290322,1.0321770930519232,False,5.583855026240089e-53,0.056633874832925216,0.005155681683616398,1.7868336083968282e-52
공간__행정동_명,신사1동,174,43,0.2471264367816092,1.1296322373055943,False,5.583855026240089e-53,0.056633874832925216,0.005155681683616398,1.7868336083968282e-52
공간__행정동_명,신사2동,115,26,0.22608695652173913,1.0334593006209318,False,5.583855026240089e-53,0.056633874832925216,0.005155681683616398,1.7868336083968282e-52
공간__행정동_명,신사동,924,205,0.22186147186147187,1.0141443145245783,False,5.583855026240089e-53,0.056633874832925216,0.005155681683616398,1.7868336083968282e-52
공간__행정동_명,신수동,169,41,0.24260355029585798,1.1089578066517283,False,5.583855026240089e-53,0.056633874832925216,0.005155681683616398,1.7868336083968282e-52
공간__행정동_명,신원동,228,38,0.16666666666666666,0.76184499725261,False,5.583855026240089e-53,0.056633874832925216,0.005155681683616398,1.7868336083968282e-52
공간__행정동_명,신월1동,481,79,0.16424116424116425,0.7507578559204515,False,5.583855026240089e-53,0.056633874832925216,0.005155681683616398,1.7868336083968282e-52
공간__행정동_명,신월2동,186,48,0.25806451612903225,1.1796309634879123,False,5.583855026240089e-53,0.056633874832925216,0.005155681683616398,1.7868336083968282e-52
공간__행정동_명,신월3동,181,42,0.23204419889502761,1.0606902724179985,False,5.583855026240089e-53,0.056633874832925216,0.005155681683616398,1.7868336083968282e-52
공간__행정동_명,신월4동,206,30,0.14563106796116504,0.6656898034246107,False,5.583855026240089e-53,0.056633874832925216,0.005155681683616398,1.7868336083968282e-52
공간__행정동_명,신월5동,157,35,0.2229299363057325,1.0190283402741918,False,5.583855026240089e-53,0.056633874832925216,0.005155681683616398,1.7868336083968282e-52
공간__행정동_명,신월6동,127,11,0.08661417322834646,0.39591944739112017,False,5.583855026240089e-53,0.056633874832925216,0.005155681683616398,1.7868336083968282e-52
공간__행정동_명,신월7동,278,84,0.302158273381295,1.3811866137241564,False,5.583855026240089e-53,0.056633874832925216,0.005155681683616398,1.7868336083968282e-52
공간__행정동_명,신정1동,328,78,0.23780487804878048,1.0870227399823826,False,5.583855026240089e-53,0.056633874832925216,0.005155681683616398,1.7868336083968282e-52
공간__행정동_명,신정2동,321,58,0.1806853582554517,0.8259254175822688,False,5.583855026240089e-53,0.056633874832925216,0.005155681683616398,1.7868336083968282e-52
공간__행정동_명,신정3동,89,23,0.25842696629213485,1.181287748548991,True,5.583855026240089e-53,0.056633874832925216,0.005155681683616398,1.7868336083968282e-52
공간__행정동_명,신정4동,676,155,0.22928994082840237,1.0481003660427919,False,5.583855026240089e-53,0.056633874832925216,0.005155681683616398,1.7868336083968282e-52
공간__행정동_명,신정7동,12,0,0.0,0.0,True,5.583855026240089e-53,0.056633874832925216,0.005155681683616398,1.7868336083968282e-52
공간__행정동_명,신촌동,846,179,0.2115839243498818,0.9671649255901928,False,5.583855026240089e-53,0.056633874832925216,0.005155681683616398,1.7868336083968282e-52
공간__행정동_명,쌍문1동,192,55,0.2864583333333333,1.3094210890279234,False,5.583855026240089e-53,0.056633874832925216,0.005155681683616398,1.7868336083968282e-52
공간__행정동_명,쌍문2동,179,45,0.25139664804469275,1.149151671833546,False,5.583855026240089e-53,0.056633874832925216,0.005155681683616398,1.7868336083968282e-52
공간__행정동_명,쌍문3동,310,71,0.22903225806451613,1.0469224800955221,False,5.583855026240089e-53,0.056633874832925216,0.005155681683616398,1.7868336083968282e-52
공간__행정동_명,쌍문4동,39,9,0.23076923076923078,1.0548623038882294,True,5.583855026240089e-53,0.056633874832925216,0.005155681683616398,1.7868336083968282e-52
공간__행정동_명,아현동,157,40,0.25477707006369427,1.1646038174562192,False,5.583855026240089e-53,0.056633874832925216,0.005155681683616398,1.7868336083968282e-52
공간__행정동_명,안암동,442,73,0.16515837104072398,0.7549504723905954,False,5.583855026240089e-53,0.056633874832925216,0.005155681683616398,1.7868336083968282e-52
공간__행정동_명,암사1동,370,97,0.26216216216216215,1.1983615902730245,False,5.583855026240089e-53,0.056633874832925216,0.005155681683616398,1.7868336083968282e-52
공간__행정동_명,암사2동,198,46,0.23232323232323232,1.0619657537460625,False,5.583855026240089e-53,0.056633874832925216,0.005155681683616398,1.7868336083968282e-52
공간__행정동_명,압구정동,860,192,0.22325581395348837,1.0205179498081474,False,5.583855026240089e-53,0.056633874832925216,0.005155681683616398,1.7868336083968282e-52
공간__행정동_명,약수동,121,28,0.23140495867768596,1.057768260648252,False,5.583855026240089e-53,0.056633874832925216,0.005155681683616398,1.7868336083968282e-52
공간__행정동_명,양재1동,509,97,0.1905697445972495,0.8711076392947329,False,5.583855026240089e-53,0.056633874832925216,0.005155681683616398,1.7868336083968282e-52
공간__행정동_명,양재2동,745,150,0.20134228187919462,0.9203496611105355,False,5.583855026240089e-53,0.056633874832925216,0.005155681683616398,1.7868336083968282e-52
공간__행정동_명,양평1동,143,42,0.2937062937062937,1.3425520231304735,False,5.583855026240089e-53,0.056633874832925216,0.005155681683616398,1.7868336083968282e-52
공간__행정동_명,양평2동,315,55,0.1746031746031746,0.7981233304551152,False,5.583855026240089e-53,0.056633874832925216,0.005155681683616398,1.7868336083968282e-52
공간__행정동_명,여의동,515,81,0.15728155339805824,0.7189449876985795,False,5.583855026240089e-53,0.056633874832925216,0.005155681683616398,1.7868336083968282e-52
공간__행정동_명,역삼1동,1417,370,0.2611150317572336,1.1935750839102288,False,5.583855026240089e-53,0.056633874832925216,0.005155681683616398,1.7868336083968282e-52
공간__행정동_명,역삼2동,250,83,0.332,1.5175952345271992,False,5.583855026240089e-53,0.056633874832925216,0.005155681683616398,1.7868336083968282e-52
공간__행정동_명,역촌동,296,71,0.23986486486486486,1.0964390838838238,False,5.583855026240089e-53,0.056633874832925216,0.005155681683616398,1.7868336083968282e-52
공간__행정동_명,연남동,370,102,0.2756756756756757,1.2601328062664794,False,5.583855026240089e-53,0.056633874832925216,0.005155681683616398,1.7868336083968282e-52
공간__행정동_명,연희동,490,90,0.1836734693877551,0.8395842826865498,False,5.583855026240089e-53,0.056633874832925216,0.005155681683616398,1.7868336083968282e-52
공간__행정동_명,염리동,235,45,0.19148936170212766,0.8753112734391689,False,5.583855026240089e-53,0.056633874832925216,0.005155681683616398,1.7868336083968282e-52
공간__행정동_명,염창동,25,3,0.12,0.5485283980218792,True,5.583855026240089e-53,0.056633874832925216,0.005155681683616398,1.7868336083968282e-52
공간__행정동_명,영등포동,683,129,0.18887262079062958,0.8633499676039826,False,5.583855026240089e-53,0.056633874832925216,0.005155681683616398,1.7868336083968282e-52
공간__행정동_명,영등포본동,200,38,0.19,0.8685032968679754,False,5.583855026240089e-53,0.056633874832925216,0.005155681683616398,1.7868336083968282e-52
공간__행정동_명,오금동,530,102,0.19245283018867926,0.8797153553181083,False,5.583855026240089e-53,0.056633874832925216,0.005155681683616398,1.7868336083968282e-52
공간__행정동_명,오류1동,293,82,0.27986348122866894,1.279275558526567,False,5.583855026240089e-53,0.056633874832925216,0.005155681683616398,1.7868336083968282e-52
공간__행정동_명,오류2동,190,42,0.22105263157894736,1.0104470489876722,False,5.583855026240089e-53,0.056633874832925216,0.005155681683616398,1.7868336083968282e-52
공간__행정동_명,옥수동,82,23,0.2804878048780488,1.2821293856202463,True,5.583855026240089e-53,0.056633874832925216,0.005155681683616398,1.7868336083968282e-52
공간__행정동_명,왕십리2동,131,34,0.2595419847328244,1.1863845758742935,False,5.583855026240089e-53,0.056633874832925216,0.005155681683616398,1.7868336083968282e-52
공간__행정동_명,왕십리도선동,242,43,0.17768595041322313,0.8122149144263363,False,5.583855026240089e-53,0.056633874832925216,0.005155681683616398,1.7868336083968282e-52
공간__행정동_명,용강동,298,49,0.1644295302013423,0.7516188899069375,False,5.583855026240089e-53,0.056633874832925216,0.005155681683616398,1.7868336083968282e-52
공간__행정동_명,용답동,214,42,0.19626168224299065,0.897125884615223,False,5.583855026240089e-53,0.056633874832925216,0.005155681683616398,1.7868336083968282e-52
공간__행정동_명,용문동,279,60,0.21505376344086022,0.9830258029065936,False,5.583855026240089e-53,0.056633874832925216,0.005155681683616398,1.7868336083968282e-52
공간__행정동_명,용산2가동,122,36,0.29508196721311475,1.348840323004621,False,5.583855026240089e-53,0.056633874832925216,0.005155681683616398,1.7868336083968282e-52
공간__행정동_명,용신동,658,126,0.19148936170212766,0.8753112734391689,False,5.583855026240089e-53,0.056633874832925216,0.005155681683616398,1.7868336083968282e-52
공간__행정동_명,우이동,278,77,0.27697841726618705,1.2660877292471433,False,5.583855026240089e-53,0.056633874832925216,0.005155681683616398,1.7868336083968282e-52
공간__행정동_명,우장산동,259,49,0.1891891891891892,0.8647970239083682,False,5.583855026240089e-53,0.056633874832925216,0.005155681683616398,1.7868336083968282e-52
공간__행정동_명,원효로1동,116,24,0.20689655172413793,0.9457386172791021,False,5.583855026240089e-53,0.056633874832925216,0.005155681683616398,1.7868336083968282e-52
공간__행정동_명,원효로2동,72,16,0.2222222222222222,1.0157933296701467,True,5.583855026240089e-53,0.056633874832925216,0.005155681683616398,1.7868336083968282e-52
공간__행정동_명,월계1동,265,48,0.1811320754716981,0.8279673932405723,False,5.583855026240089e-53,0.056633874832925216,0.005155681683616398,1.7868336083968282e-52
공간__행정동_명,월계2동,36,12,0.3333333333333333,1.52368999450522,True,5.583855026240089e-53,0.056633874832925216,0.005155681683616398,1.7868336083968282e-52
공간__행정동_명,월곡1동,207,54,0.2608695652173913,1.1924530391779982,False,5.583855026240089e-53,0.056633874832925216,0.005155681683616398,1.7868336083968282e-52
공간__행정동_명,월곡2동,231,40,0.17316017316017315,0.7915272698728416,False,5.583855026240089e-53,0.056633874832925216,0.005155681683616398,1.7868336083968282e-52
공간__행정동_명,은천동,93,30,0.3225806451612903,1.4745387043598903,True,5.583855026240089e-53,0.056633874832925216,0.005155681683616398,1.7868336083968282e-52
공간__행정동_명,을지로동,395,65,0.16455696202531644,0.7522013896924503,False,5.583855026240089e-53,0.056633874832925216,0.005155681683616398,1.7868336083968282e-52
공간__행정동_명,응봉동,28,7,0.25,1.1427674958789151,True,5.583855026240089e-53,0.056633874832925216,0.005155681683616398,1.7868336083968282e-52
공간__행정동_명,응암1동,500,118,0.236,1.0787725161096957,False,5.583855026240089e-53,0.056633874832925216,0.005155681683616398,1.7868336083968282e-52
공간__행정동_명,응암2동,87,16,0.1839080459770115,0.8406565486925351,True,5.583855026240089e-53,0.056633874832925216,0.005155681683616398,1.7868336083968282e-52
공간__행정동_명,응암3동,443,141,0.3182844243792325,1.4549003785004697,False,5.583855026240089e-53,0.056633874832925216,0.005155681683616398,1.7868336083968282e-52
공간__행정동_명,이문1동,198,39,0.19696969696969696,0.9003622694803572,False,5.583855026240089e-53,0.056633874832925216,0.005155681683616398,1.7868336083968282e-52
공간__행정동_명,이문2동,6,0,0.0,0.0,True,5.583855026240089e-53,0.056633874832925216,0.005155681683616398,1.7868336083968282e-52
공간__행정동_명,이촌1동,136,26,0.19117647058823528,0.8738810262603467,False,5.583855026240089e-53,0.056633874832925216,0.005155681683616398,1.7868336083968282e-52
공간__행정동_명,이촌2동,82,18,0.21951219512195122,1.003405606137584,True,5.583855026240089e-53,0.056633874832925216,0.005155681683616398,1.7868336083968282e-52
공간__행정동_명,이태원1동,532,167,0.31390977443609025,1.4349035474569836,False,5.583855026240089e-53,0.056633874832925216,0.005155681683616398,1.7868336083968282e-52
공간__행정동_명,이태원2동,201,59,0.2935323383084577,1.3417568608329549,False,5.583855026240089e-53,0.056633874832925216,0.005155681683616398,1.7868336083968282e-52
공간__행정동_명,이화동,109,14,0.12844036697247707,0.5871099061396261,False,5.583855026240089e-53,0.056633874832925216,0.005155681683616398,1.7868336083968282e-52
공간__행정동_명,인수동,211,48,0.22748815165876776,1.0398642616528515,False,5.583855026240089e-53,0.056633874832925216,0.005155681683616398,1.7868336083968282e-52
공간__행정동_명,인헌동,278,57,0.20503597122302158,0.9372337735985347,False,5.583855026240089e-53,0.056633874832925216,0.005155681683616398,1.7868336083968282e-52
공간__행정동_명,일원1동,235,42,0.17872340425531916,0.8169571885432244,False,5.583855026240089e-53,0.056633874832925216,0.005155681683616398,1.7868336083968282e-52
공간__행정동_명,자양1동,451,110,0.24390243902439024,1.1148951179306488,False,5.583855026240089e-53,0.056633874832925216,0.005155681683616398,1.7868336083968282e-52
공간__행정동_명,자양2동,343,86,0.25072886297376096,1.1460991795403697,False,5.583855026240089e-53,0.056633874832925216,0.005155681683616398,1.7868336083968282e-52
공간__행정동_명,자양3동,111,34,0.3063063063063063,1.4001475625183102,False,5.583855026240089e-53,0.056633874832925216,0.005155681683616398,1.7868336083968282e-52
공간__행정동_명,자양4동,311,67,0.21543408360128619,0.9847642729760426,False,5.583855026240089e-53,0.056633874832925216,0.005155681683616398,1.7868336083968282e-52
공간__행정동_명,잠실4동,72,13,0.18055555555555555,0.8253320803569942,True,5.583855026240089e-53,0.056633874832925216,0.005155681683616398,1.7868336083968282e-52
공간__행정동_명,잠실6동,179,54,0.3016759776536313,1.3789820062002551,False,5.583855026240089e-53,0.056633874832925216,0.005155681683616398,1.7868336083968282e-52
공간__행정동_명,잠실본동,898,178,0.19821826280623608,0.9060695512982043,False,5.583855026240089e-53,0.056633874832925216,0.005155681683616398,1.7868336083968282e-52
공간__행정동_명,잠원동,298,60,0.20134228187919462,0.9203496611105355,False,5.583855026240089e-53,0.056633874832925216,0.005155681683616398,1.7868336083968282e-52
공간__행정동_명,장안1동,534,105,0.19662921348314608,0.8988058956351017,False,5.583855026240089e-53,0.056633874832925216,0.005155681683616398,1.7868336083968282e-52
공간__행정동_명,장안2동,641,142,0.22152886115444617,1.0126239277054971,False,5.583855026240089e-53,0.056633874832925216,0.005155681683616398,1.7868336083968282e-52
공간__행정동_명,장위1동,121,26,0.21487603305785125,0.9822133848876625,False,5.583855026240089e-53,0.056633874832925216,0.005155681683616398,1.7868336083968282e-52
공간__행정동_명,장위2동,197,39,0.19796954314720813,0.9049326363305115,False,5.583855026240089e-53,0.056633874832925216,0.005155681683616398,1.7868336083968282e-52
공간__행정동_명,장지동,171,33,0.19298245614035087,0.8821363126082853,False,5.583855026240089e-53,0.056633874832925216,0.005155681683616398,1.7868336083968282e-52
공간__행정동_명,장충동,175,24,0.13714285714285715,0.6268895977392905,False,5.583855026240089e-53,0.056633874832925216,0.005155681683616398,1.7868336083968282e-52
공간__행정동_명,전농1동,493,104,0.21095334685598377,0.9642825117355551,False,5.583855026240089e-53,0.056633874832925216,0.005155681683616398,1.7868336083968282e-52
공간__행정동_명,전농2동,69,11,0.15942028985507245,0.7287213017198878,True,5.583855026240089e-53,0.056633874832925216,0.005155681683616398,1.7868336083968282e-52
공간__행정동_명,정릉1동,163,35,0.2147239263803681,0.9815180946199271,False,5.583855026240089e-53,0.056633874832925216,0.005155681683616398,1.7868336083968282e-52
공간__행정동_명,정릉2동,130,37,0.2846153846153846,1.3009968414621493,False,5.583855026240089e-53,0.056633874832925216,0.005155681683616398,1.7868336083968282e-52
공간__행정동_명,정릉3동,193,40,0.20725388601036268,0.947372017308945,False,5.583855026240089e-53,0.056633874832925216,0.005155681683616398,1.7868336083968282e-52
공간__행정동_명,정릉4동,118,16,0.13559322033898305,0.6198060994597505,False,5.583855026240089e-53,0.056633874832925216,0.005155681683616398,1.7868336083968282e-52
공간__행정동_명,제기동,753,145,0.19256308100929614,0.8802193195348881,False,5.583855026240089e-53,0.056633874832925216,0.005155681683616398,1.7868336083968282e-52
공간__행정동_명,조원동,287,63,0.21951219512195122,1.003405606137584,False,5.583855026240089e-53,0.056633874832925216,0.005155681683616398,1.7868336083968282e-52
공간__행정동_명,종로1·2·3·4가동,1413,258,0.18259023354564755,0.8346327358436236,False,5.583855026240089e-53,0.056633874832925216,0.005155681683616398,1.7868336083968282e-52
공간__행정동_명,종로5·6가동,474,100,0.2109704641350211,0.964360756015962,False,5.583855026240089e-53,0.056633874832925216,0.005155681683616398,1.7868336083968282e-52
공간__행정동_명,종암동,422,77,0.18246445497630331,0.8340577932007247,False,5.583855026240089e-53,0.056633874832925216,0.005155681683616398,1.7868336083968282e-52
공간__행정동_명,중계2·3동,222,38,0.17117117117117117,0.7824354025837617,False,5.583855026240089e-53,0.056633874832925216,0.005155681683616398,1.7868336083968282e-52
공간__행정동_명,중계4동,239,42,0.17573221757322174,0.8032842648855971,False,5.583855026240089e-53,0.056633874832925216,0.005155681683616398,1.7868336083968282e-52
공간__행정동_명,중계본동,282,50,0.1773049645390071,0.8104734013325638,False,5.583855026240089e-53,0.056633874832925216,0.005155681683616398,1.7868336083968282e-52
공간__행정동_명,중곡1동,215,49,0.22790697674418606,1.0417787404291505,False,5.583855026240089e-53,0.056633874832925216,0.005155681683616398,1.7868336083968282e-52
공간__행정동_명,중곡2동,468,106,0.2264957264957265,1.035327816779188,False,5.583855026240089e-53,0.056633874832925216,0.005155681683616398,1.7868336083968282e-52
공간__행정동_명,중곡3동,252,72,0.2857142857142857,1.3060199952901885,False,5.583855026240089e-53,0.056633874832925216,0.005155681683616398,1.7868336083968282e-52
공간__행정동_명,중곡4동,289,62,0.21453287197231835,0.9806447715500725,False,5.583855026240089e-53,0.056633874832925216,0.005155681683616398,1.7868336083968282e-52
공간__행정동_명,중림동,212,38,0.1792452830188679,0.8193427328943164,False,5.583855026240089e-53,0.056633874832925216,0.005155681683616398,1.7868336083968282e-52
공간__행정동_명,중앙동,182,54,0.2967032967032967,1.3562515335705805,False,5.583855026240089e-53,0.056633874832925216,0.005155681683616398,1.7868336083968282e-52
공간__행정동_명,중화1동,227,47,0.20704845814977973,0.9464329921816566,False,5.583855026240089e-53,0.056633874832925216,0.005155681683616398,1.7868336083968282e-52
공간__행정동_명,중화2동,329,66,0.2006079027355623,0.916992762650558,False,5.583855026240089e-53,0.056633874832925216,0.005155681683616398,1.7868336083968282e-52
공간__행정동_명,증산동,248,65,0.2620967741935484,1.1980626972924109,False,5.583855026240089e-53,0.056633874832925216,0.005155681683616398,1.7868336083968282e-52
공간__행정동_명,진관동,84,12,0.14285714285714285,0.6530099976450943,True,5.583855026240089e-53,0.056633874832925216,0.005155681683616398,1.7868336083968282e-52
공간__행정동_명,창1동,229,50,0.2183406113537118,0.9980502147414105,False,5.583855026240089e-53,0.056633874832925216,0.005155681683616398,1.7868336083968282e-52
공간__행정동_명,창2동,232,78,0.33620689655172414,1.536825253078541,False,5.583855026240089e-53,0.056633874832925216,0.005155681683616398,1.7868336083968282e-52
공간__행정동_명,창3동,285,46,0.16140350877192983,0.737786734181475,False,5.583855026240089e-53,0.056633874832925216,0.005155681683616398,1.7868336083968282e-52
공간__행정동_명,창4동,94,18,0.19148936170212766,0.8753112734391689,True,5.583855026240089e-53,0.056633874832925216,0.005155681683616398,1.7868336083968282e-52
공간__행정동_명,창5동,382,80,0.2094240837696335,0.9572921431446408,False,5.583855026240089e-53,0.056633874832925216,0.005155681683616398,1.7868336083968282e-52
공간__행정동_명,창신1동,348,63,0.1810344827586207,0.8275212901192144,False,5.583855026240089e-53,0.056633874832925216,0.005155681683616398,1.7868336083968282e-52
공간__행정동_명,창신2동,135,28,0.2074074074074074,0.9480737743588036,False,5.583855026240089e-53,0.056633874832925216,0.005155681683616398,1.7868336083968282e-52
공간__행정동_명,창신3동,6,1,0.16666666666666666,0.76184499725261,True,5.583855026240089e-53,0.056633874832925216,0.005155681683616398,1.7868336083968282e-52
공간__행정동_명,천연동,144,29,0.2013888888888889,0.9205627050135705,False,5.583855026240089e-53,0.056633874832925216,0.005155681683616398,1.7868336083968282e-52
공간__행정동_명,천호1동,394,88,0.2233502538071066,1.0209496409882692,False,5.583855026240089e-53,0.056633874832925216,0.005155681683616398,1.7868336083968282e-52
공간__행정동_명,천호2동,871,223,0.25602755453501724,1.170319869487936,False,5.583855026240089e-53,0.056633874832925216,0.005155681683616398,1.7868336083968282e-52
공간__행정동_명,천호3동,160,41,0.25625,1.1713366832758878,False,5.583855026240089e-53,0.056633874832925216,0.005155681683616398,1.7868336083968282e-52
공간__행정동_명,청구동,66,15,0.22727272727272727,1.0388795417081045,True,5.583855026240089e-53,0.056633874832925216,0.005155681683616398,1.7868336083968282e-52
공간__행정동_명,청담동,995,212,0.21306532663316582,0.973936519100824,False,5.583855026240089e-53,0.056633874832925216,0.005155681683616398,1.7868336083968282e-52
공간__행정동_명,청량리동,52,11,0.21153846153846154,0.9669571118975435,True,5.583855026240089e-53,0.056633874832925216,0.005155681683616398,1.7868336083968282e-52
공간__행정동_명,청룡동,619,141,0.22778675282714056,1.041229188490643,False,5.583855026240089e-53,0.056633874832925216,0.005155681683616398,1.7868336083968282e-52
공간__행정동_명,청림동,6,1,0.16666666666666666,0.76184499725261,True,5.583855026240089e-53,0.056633874832925216,0.005155681683616398,1.7868336083968282e-52
공간__행정동_명,청운효자동,180,38,0.2111111111111111,0.9650036631866393,False,5.583855026240089e-53,0.056633874832925216,0.005155681683616398,1.7868336083968282e-52
공간__행정동_명,청파동,307,45,0.1465798045602606,0.6700265448149991,False,5.583855026240089e-53,0.056633874832925216,0.005155681683616398,1.7868336083968282e-52
공간__행정동_명,충현동,168,26,0.15476190476190477,0.7074274974488521,False,5.583855026240089e-53,0.056633874832925216,0.005155681683616398,1.7868336083968282e-52
공간__행정동_명,평창동,111,34,0.3063063063063063,1.4001475625183102,False,5.583855026240089e-53,0.056633874832925216,0.005155681683616398,1.7868336083968282e-52
공간__행정동_명,풍납1동,155,40,0.25806451612903225,1.1796309634879123,False,5.583855026240089e-53,0.056633874832925216,0.005155681683616398,1.7868336083968282e-52
공간__행정동_명,필동,209,21,0.10047846889952153,0.45929411317621466,False,5.583855026240089e-53,0.056633874832925216,0.005155681683616398,1.7868336083968282e-52
공간__행정동_명,하계1동,56,17,0.30357142857142855,1.3876462449958253,True,5.583855026240089e-53,0.056633874832925216,0.005155681683616398,1.7868336083968282e-52
공간__행정동_명,한강로동,557,94,0.1687612208258528,0.7714193508985137,False,5.583855026240089e-53,0.056633874832925216,0.005155681683616398,1.7868336083968282e-52
공간__행정동_명,한남동,447,118,0.2639821029082774,1.2066806667893688,False,5.583855026240089e-53,0.056633874832925216,0.005155681683616398,1.7868336083968282e-52
공간__행정동_명,합정동,217,59,0.271889400921659,1.2428254793890503,False,5.583855026240089e-53,0.056633874832925216,0.005155681683616398,1.7868336083968282e-52
공간__행정동_명,행당1동,470,87,0.1851063829787234,0.8461342309911967,False,5.583855026240089e-53,0.056633874832925216,0.005155681683616398,1.7868336083968282e-52
공간__행정동_명,행운동,227,54,0.23788546255506607,1.087391097400201,False,5.583855026240089e-53,0.056633874832925216,0.005155681683616398,1.7868336083968282e-52
공간__행정동_명,혜화동,417,60,0.14388489208633093,0.6577079112972173,False,5.583855026240089e-53,0.056633874832925216,0.005155681683616398,1.7868336083968282e-52
공간__행정동_명,홍은1동,146,29,0.19863013698630136,0.9079522569996858,False,5.583855026240089e-53,0.056633874832925216,0.005155681683616398,1.7868336083968282e-52
공간__행정동_명,홍은2동,215,54,0.25116279069767444,1.148082693534166,False,5.583855026240089e-53,0.056633874832925216,0.005155681683616398,1.7868336083968282e-52
공간__행정동_명,홍제1동,292,63,0.21575342465753425,0.9862240032927623,False,5.583855026240089e-53,0.056633874832925216,0.005155681683616398,1.7868336083968282e-52
공간__행정동_명,홍제3동,264,36,0.13636363636363635,0.6233277250248627,False,5.583855026240089e-53,0.056633874832925216,0.005155681683616398,1.7868336083968282e-52
공간__행정동_명,화곡1동,992,243,0.24495967741935484,1.1197278286232917,False,5.583855026240089e-53,0.056633874832925216,0.005155681683616398,1.7868336083968282e-52
공간__행정동_명,화곡2동,232,63,0.27155172413793105,1.2412819351788216,False,5.583855026240089e-53,0.056633874832925216,0.005155681683616398,1.7868336083968282e-52
공간__행정동_명,화곡3동,163,37,0.22699386503067484,1.0376048428839229,False,5.583855026240089e-53,0.056633874832925216,0.005155681683616398,1.7868336083968282e-52
공간__행정동_명,화곡4동,580,155,0.2672413793103448,1.2215790473188401,False,5.583855026240089e-53,0.056633874832925216,0.005155681683616398,1.7868336083968282e-52
공간__행정동_명,화곡6동,329,80,0.24316109422492402,1.1115063789703734,False,5.583855026240089e-53,0.056633874832925216,0.005155681683616398,1.7868336083968282e-52
공간__행정동_명,화곡8동,267,57,0.21348314606741572,0.9758464009752532,False,5.583855026240089e-53,0.056633874832925216,0.005155681683616398,1.7868336083968282e-52
공간__행정동_명,화곡본동,304,75,0.24671052631578946,1.1277310814594557,False,5.583855026240089e-53,0.056633874832925216,0.005155681683616398,1.7868336083968282e-52
공간__행정동_명,화양동,535,105,0.19626168224299065,0.897125884615223,False,5.583855026240089e-53,0.056633874832925216,0.005155681683616398,1.7868336083968282e-52
공간__행정동_명,황학동,289,72,0.2491349480968858,1.1388132830904065,False,5.583855026240089e-53,0.056633874832925216,0.005155681683616398,1.7868336083968282e-52
공간__행정동_명,회기동,300,71,0.23666666666666666,1.0818198960987062,False,5.583855026240089e-53,0.056633874832925216,0.005155681683616398,1.7868336083968282e-52
공간__행정동_명,회현동,592,92,0.1554054054054054,0.7103689839247309,False,5.583855026240089e-53,0.056633874832925216,0.005155681683616398,1.7868336083968282e-52
공간__행정동_명,효창동,115,29,0.25217391304347825,1.1527046045387317,False,5.583855026240089e-53,0.056633874832925216,0.005155681683616398,1.7868336083968282e-52
공간__행정동_명,후암동,250,53,0.212,0.9690668365053199,False,5.583855026240089e-53,0.056633874832925216,0.005155681683616398,1.7868336083968282e-52
공간__행정동_명,휘경1동,203,34,0.16748768472906403,0.7655979282735588,False,5.583855026240089e-53,0.056633874832925216,0.005155681683616398,1.7868336083968282e-52
공간__행정동_명,휘경2동,123,24,0.1951219512195122,0.8919160943445191,False,5.583855026240089e-53,0.056633874832925216,0.005155681683616398,1.7868336083968282e-52
공간__행정동_명,흑석동,182,22,0.12087912087912088,0.5525469210843106,False,5.583855026240089e-53,0.056633874832925216,0.005155681683616398,1.7868336083968282e-52
