feature,kind,feature_period,baseline_period,count,missing_rate,unique_count,psi,mean,median,p25,p75
기준_연도,numeric,20214,20214,20412,0.0,1,0.0,2021.0,2021.0,2021.0,2021.0
기준_연도,numeric,20221,20214,20336,0.0,1,0.0,2022.0,2022.0,2022.0,2022.0
기준_연도,numeric,20222,20214,20338,0.0,1,0.0,2022.0,2022.0,2022.0,2022.0
기준_연도,numeric,20223,20214,20336,0.0,1,0.0,2022.0,2022.0,2022.0,2022.0
기준_연도,numeric,20224,20214,20321,0.0,1,0.0,2022.0,2022.0,2022.0,2022.0
기준_연도,numeric,20231,20214,20268,0.0,1,0.0,2023.0,2023.0,2023.0,2023.0
기준_분기,numeric,20214,20214,20412,0.0,1,0.0,4.0,4.0,4.0,4.0
기준_분기,numeric,20221,20214,20336,0.0,1,0.0,1.0,1.0,1.0,1.0
기준_분기,numeric,20222,20214,20338,0.0,1,0.0,2.0,2.0,2.0,2.0
기준_분기,numeric,20223,20214,20336,0.0,1,0.0,3.0,3.0,3.0,3.0
기준_분기,numeric,20224,20214,20321,0.0,1,0.0,4.0,4.0,4.0,4.0
기준_분기,numeric,20231,20214,20268,0.0,1,0.0,1.0,1.0,1.0,1.0
기준_년분기_코드,categorical,20214,20214,20412,0.0,1,0.0,,,,
기준_년분기_코드,categorical,20221,20214,20336,0.0,1,27.63099348490743,,,,
기준_년분기_코드,categorical,20222,20214,20338,0.0,1,27.63099348490743,,,,
기준_년분기_코드,categorical,20223,20214,20336,0.0,1,27.63099348490743,,,,
기준_년분기_코드,categorical,20224,20214,20321,0.0,1,27.63099348490743,,,,
기준_년분기_코드,categorical,20231,20214,20268,0.0,1,27.63099348490743,,,,
상권_구분_코드,categorical,20214,20214,20412,0.0,4,0.0,,,,
상권_구분_코드,categorical,20221,20214,20336,0.0,4,2.9192613498480016e-06,,,,
상권_구분_코드,categorical,20222,20214,20338,0.0,4,9.500029379992702e-06,,,,
상권_구분_코드,categorical,20223,20214,20336,0.0,4,1.270022541383792e-05,,,,
상권_구분_코드,categorical,20224,20214,20321,0.0,4,3.5195876269148684e-06,,,,
상권_구분_코드,categorical,20231,20214,20268,0.0,4,4.878727650061278e-06,,,,
상권_구분_코드_명,categorical,20214,20214,20412,0.0,4,0.0,,,,
상권_구분_코드_명,categorical,20221,20214,20336,0.0,4,2.9192613498480016e-06,,,,
상권_구분_코드_명,categorical,20222,20214,20338,0.0,4,9.500029379992702e-06,,,,
상권_구분_코드_명,categorical,20223,20214,20336,0.0,4,1.270022541383792e-05,,,,
상권_구분_코드_명,categorical,20224,20214,20321,0.0,4,3.519587626914868e-06,,,,
상권_구분_코드_명,categorical,20231,20214,20268,0.0,4,4.878727650061278e-06,,,,
상권_코드,categorical,20214,20214,20412,0.0,1557,0.0,,,,
상권_코드,categorical,20221,20214,20336,0.0,1557,1.9660526952373665e-05,,,,
상권_코드,categorical,20222,20214,20338,0.0,1554,3.716874411306522e-05,,,,
상권_코드,categorical,20223,20214,20336,0.0,1557,4.0539328063561654e-05,,,,
상권_코드,categorical,20224,20214,20321,0.0,1558,4.304625021217796e-05,,,,
상권_코드,categorical,20231,20214,20268,0.0,1556,8.969375521187303e-05,,,,
상권_코드_명,categorical,20214,20214,20412,0.0,1557,0.0,,,,
상권_코드_명,categorical,20221,20214,20336,0.0,1557,1.9660526952373665e-05,,,,
상권_코드_명,categorical,20222,20214,20338,0.0,1554,3.716874411306522e-05,,,,
상권_코드_명,categorical,20223,20214,20336,0.0,1557,4.053932806356165e-05,,,,
상권_코드_명,categorical,20224,20214,20321,0.0,1558,4.3046250212177963e-05,,,,
상권_코드_명,categorical,20231,20214,20268,0.0,1556,8.969375521187303e-05,,,,
서비스_업종_코드,categorical,20214,20214,20412,0.0,62,0.0,,,,
서비스_업종_코드,categorical,20221,20214,20336,0.0,62,9.813634063274559e-05,,,,
서비스_업종_코드,categorical,20222,20214,20338,0.0,62,0.00020121231279990635,,,,
서비스_업종_코드,categorical,20223,20214,20336,0.0,62,0.0002796010914122609,,,,
서비스_업종_코드,categorical,20224,20214,20321,0.0,62,0.0003701694287502166,,,,
서비스_업종_코드,categorical,20231,20214,20268,0.0,62,0.0004802499747633973,,,,
서비스_업종_코드_명,categorical,20214,20214,20412,0.0,62,0.0,,,,
서비스_업종_코드_명,categorical,20221,20214,20336,0.0,62,9.813634063274559e-05,,,,
서비스_업종_코드_명,categorical,20222,20214,20338,0.0,62,0.00020121231279990635,,,,
서비스_업종_코드_명,categorical,20223,20214,20336,0.0,62,0.0002796010914122608,,,,
서비스_업종_코드_명,categorical,20224,20214,20321,0.0,62,0.00037016942875021654,,,,
서비스_업종_코드_명,categorical,20231,20214,20268,0.0,62,0.00048024997476339736,,,,
당월_매출_금액,numeric,20214,20214,20412,0.0,20209,0.0,1097463490.2836566,198125199.5,57120433.25,673535517.5
당월_매출_금액,numeric,20221,20214,20336,0.0,20141,0.006395376957018409,961564402.9899685,171059029.0,48585703.75,597805762.75
당월_매출_금액,numeric,20222,20214,20338,0.0,20114,0.0009671353883595333,1082778363.2007573,206398115.5,60607983.5,684311709.25
당월_매출_금액,numeric,20223,20214,20336,0.0,20088,0.0005198024166229849,1075273443.543863,203049517.0,56919682.0,676412680.75
당월_매출_금액,numeric,20224,20214,20321,0.0,20066,0.0004424282116153575,1138122059.7567048,205266342.0,58026403.0,695347282.0
당월_매출_금액,numeric,20231,20214,20268,0.0,20028,0.0007687623220068384,1113305449.8244524,199908906.0,56287359.75,675241218.0
당월_매출_건수,numeric,20214,20214,20412,0.0,13410,0.0,36946.37027238879,5404.5,1136.0,25886.5
당월_매출_건수,numeric,20221,20214,20336,0.0,12808,0.005214361070734902,33053.83334972463,4687.5,946.75,23164.5
당월_매출_건수,numeric,20222,20214,20338,0.0,13395,0.0003024848270062331,38124.371324614025,5557.5,1177.25,26866.75
당월_매출_건수,numeric,20223,20214,20336,0.0,13172,0.0003540240289296163,38147.57641620771,5243.5,1092.0,25954.0
당월_매출_건수,numeric,20224,20214,20321,0.0,13157,0.0007402046808351195,37737.821957580825,5212.0,1081.0,26033.0
당월_매출_건수,numeric,20231,20214,20268,0.0,13001,0.0019802120557340925,36629.79484902309,4973.5,1031.0,24801.75
주중_매출_금액,numeric,20214,20214,20412,0.0,20355,0.0,835943551.904076,148529057.5,42776095.75,515080798.0
주중_매출_금액,numeric,20221,20214,20336,0.0,20249,0.007888291025362012,721525546.4812647,127049344.5,35448631.75,452365181.75
주중_매출_금액,numeric,20222,20214,20338,0.0,20275,0.0008147639064306093,811606689.9891336,153313691.5,43668351.5,509368498.5
주중_매출_금액,numeric,20223,20214,20336,0.0,20262,0.0007166252249793723,826831506.8280882,152088402.5,42951576.25,522876154.75
주중_매출_금액,numeric,20224,20214,20321,0.0,20252,0.0006866165455597234,849777034.1604744,151481793.0,42420644.0,522592323.0
주중_매출_금액,numeric,20231,20214,20268,0.0,20194,0.0003739493673366294,849941031.4438524,150384383.5,42126308.0,519545861.0
주말_매출_금액,numeric,20214,20214,20412,0.0,19155,0.0,261519938.37958065,40629885.0,9278238.5,144459278.75
주말_매출_금액,numeric,20221,20214,20336,0.0,18947,0.0026502083064756424,240038856.50870377,36927543.0,8196529.25,134997207.25
주말_매출_금액,numeric,20222,20214,20338,0.0,19132,0.0032645130975363945,271171673.21162355,45216572.0,10664240.75,158327456.25
주말_매출_금액,numeric,20223,20214,20336,0.0,18994,0.0019949352503632342,248441936.71577498,40545964.0,8581710.25,145626528.0
주말_매출_금액,numeric,20224,20214,20321,0.0,19041,0.003332106560816161,288345025.5962305,44824916.0,9843448.0,161048686.0
주말_매출_금액,numeric,20231,20214,20268,0.0,18870,0.0013161126095927798,263364418.38059995,39057776.0,8455277.5,141519190.25
월요일_매출_금액,numeric,20214,20214,20412,0.0,19617,0.0,154811924.90250832,25472866.5,6618057.0,93120186.25
월요일_매출_금액,numeric,20221,20214,20336,0.0,19442,0.002985912599741675,145057914.94694138,23952700.0,5830806.5,88670873.5
월요일_매출_금액,numeric,20222,20214,20338,0.0,19574,0.001769099055107563,155003200.3959583,27868916.0,7254599.25,96721166.0
월요일_매출_금액,numeric,20223,20214,20336,0.0,19500,0.0014495600338910888,147111027.25624508,25723947.0,6335919.75,91367713.0
월요일_매출_금액,numeric,20224,20214,20321,0.0,19431,0.0012544762790755427,153124908.13941243,25834351.0,6418288.0,94067489.0
월요일_매출_금액,numeric,20231,20214,20268,0.0,19437,0.0015688404677244138,162027039.62714624,26167044.0,6589881.0,95944309.5
화요일_매출_금액,numeric,20214,20214,20412,0.0,19702,0.0,161439199.82676858,27370104.5,6973402.25,96361887.5
화요일_매출_금액,numeric,20221,20214,20336,0.0,19435,0.008935670238748798,137464103.08674273,22768243.0,5635018.25,83971330.25
화요일_매출_금액,numeric,20222,20214,20338,0.0,19619,0.001539945745618446,164209772.34315076,29379162.0,7629136.75,102860560.5
화요일_매출_금액,numeric,20223,20214,20336,0.0,19607,0.000499706169734713,157663218.2705547,28191854.5,7024163.75,99123897.75
화요일_매출_금액,numeric,20224,20214,20321,0.0,19566,0.0009042304397469218,169329409.78209734,28486129.0,7134338.0,101268909.0
화요일_매출_금액,numeric,20231,20214,20268,0.0,19491,0.0006015795083165744,168608473.99146438,28041825.0,6909266.0,100769768.75
수요일_매출_금액,numeric,20214,20214,20412,0.0,19744,0.0,160659260.2723398,28076152.0,7325022.75,96903402.75
수요일_매출_금액,numeric,20221,20214,20336,0.0,19481,0.007989053932056395,138279607.23028126,23719950.5,5942178.75,84708155.25
수요일_매출_금액,numeric,20222,20214,20338,0.0,19666,0.0010244827854583045,158510396.1011407,28939319.5,7796472.25,98760809.75
수요일_매출_금액,numeric,20223,20214,20336,0.0,19594,0.0010934975676280807,163644701.28663453,28647051.5,7404112.5,101849861.75
수요일_매출_금액,numeric,20224,20214,20321,0.0,19558,0.0008734331080550316,168052730.08587176,28701483.0,7400218.0,102365023.0
수요일_매출_금액,numeric,20231,20214,20268,0.0,19526,0.00045190805069769756,162517714.2756562,28180690.0,7338078.25,98123045.5
목요일_매출_금액,numeric,20214,20214,20412,0.0,19755,0.0,163248145.7483833,27671235.0,7423808.0,98910417.0
목요일_매출_금액,numeric,20221,20214,20336,0.0,19551,0.004112002501619563,147896932.38070416,25330299.5,6417731.75,91408359.0
목요일_매출_금액,numeric,20222,20214,20338,0.0,19637,0.000726904400140052,156532562.73768315,28134471.0,7508102.5,96751593.25
목요일_매출_금액,numeric,20223,20214,20336,0.0,19703,0.0010688452253717492,167142376.6506196,29397347.5,7673666.5,103663186.75
목요일_매출_금액,numeric,20224,20214,20321,0.0,19596,0.0009020264259201762,170563695.86614832,28641785.0,7391253.0,101944546.0
목요일_매출_금액,numeric,20231,20214,20268,0.0,19560,0.0011110321119338668,167485820.09566805,28801463.0,7393491.25,101248244.75
금요일_매출_금액,numeric,20214,20214,20412,0.0,19832,0.0,195785021.15407604,33639006.0,8843383.25,118618684.75
금요일_매출_금액,numeric,20221,20214,20336,0.0,19522,0.02053587477257733,152826988.8365952,25593231.0,6354742.75,92917956.0
금요일_매출_금액,numeric,20222,20214,20338,0.0,19719,0.0011895720921599419,177350758.4112007,31802584.0,8529496.5,111802338.5
금요일_매출_금액,numeric,20223,20214,20336,0.0,19705,0.00047736289395130946,191270183.36403424,33685397.0,8790476.75,118547372.75
금요일_매출_금액,numeric,20224,20214,20321,0.0,19662,0.0012314583872187529,188706290.28694454,32003154.0,8263167.0,114176250.0
금요일_매출_금액,numeric,20231,20214,20268,0.0,19593,0.0016102057595107032,189301983.4539175,31986091.5,8283575.5,114410942.75
토요일_매출_금액,numeric,20214,20214,20412,0.0,18956,0.0,161841420.53630218,26271014.0,6094584.25,92664318.5
토요일_매출_금액,numeric,20221,20214,20336,0.0,18737,0.0033778990285406266,149902141.80281276,23530155.0,5284727.75,85136504.75
토요일_매출_금액,numeric,20222,20214,20338,0.0,18943,0.003132594983219135,169212889.14190185,29059926.5,6915390.5,100207192.5
토요일_매출_금액,numeric,20223,20214,20336,0.0,18780,0.0014502354371851251,152959207.815893,25886227.5,5642234.5,91476458.0
토요일_매출_금액,numeric,20224,20214,20321,0.0,18864,0.004799019182886579,184849769.38226464,29839227.0,6680102.0,106222801.0
토요일_매출_금액,numeric,20231,20214,20268,0.0,18660,0.0017897044732801803,161923526.0819025,25038813.5,5472512.25,89726116.0
일요일_매출_금액,numeric,20214,20214,20412,0.0,15431,0.0,99678517.84327847,9709198.5,153829.25,47347097.75
일요일_매출_금액,numeric,20221,20214,20336,0.0,15360,0.0013416435113993322,90136714.70589103,8828086.5,150096.0,44458335.5
일요일_매출_금액,numeric,20222,20214,20338,0.0,15414,0.0014334212506644795,101958784.0697217,10666443.0,196192.75,51964891.5
일요일_매출_금액,numeric,20223,20214,20336,0.0,15281,0.0005689267226208727,95482728.89988199,9695999.0,75452.25,49209793.25
일요일_매출_금액,numeric,20224,20214,20321,0.0,15203,0.001100169619613533,103495256.21396585,9769423.0,15584.0,49861884.0
일요일_매출_금액,numeric,20231,20214,20268,0.0,15171,0.0010859142832778956,101440892.29869746,9392952.0,17792.5,46604349.75
시간대_00~06_매출_금액,numeric,20214,20214,20412,0.0,7299,0.0,26197838.145943563,0.0,0.0,2643753.25
시간대_00~06_매출_금액,numeric,20221,20214,20336,0.0,5417,0.07679108613747573,13388916.516915815,0.0,0.0,133304.75
시간대_00~06_매출_금액,numeric,20222,20214,20338,0.0,7428,0.007559920940657532,35562407.28822893,0.0,0.0,3873097.5
시간대_00~06_매출_금액,numeric,20223,20214,20336,0.0,7442,0.010240862345466862,37917261.70446499,0.0,0.0,4058089.25
시간대_00~06_매출_금액,numeric,20224,20214,20321,0.0,7461,0.011599634975460987,39941851.03602185,0.0,0.0,4186750.0
시간대_00~06_매출_금액,numeric,20231,20214,20268,0.0,7399,0.008283384482418372,38836406.43645155,0.0,0.0,3830011.25
시간대_06~11_매출_금액,numeric,20214,20214,20412,0.0,15873,0.0,117143795.71786204,6212304.0,206183.5,45369593.25
시간대_06~11_매출_금액,numeric,20221,20214,20336,0.0,15539,0.003372477724390645,108956262.43518883,5281977.5,114471.5,40726721.5
시간대_06~11_매출_금액,numeric,20222,20214,20338,0.0,16120,0.0016645769422449724,119998820.47595634,7143471.0,348917.25,48915008.5
시간대_06~11_매출_금액,numeric,20223,20214,20336,0.0,16149,0.001724162495051605,123347934.31377852,6935384.5,336283.5,49207254.0
시간대_06~11_매출_금액,numeric,20224,20214,20321,0.0,15944,0.0011984957267351323,120702593.44766498,6472308.0,278970.0,47405825.0
시간대_06~11_매출_금액,numeric,20231,20214,20268,0.0,15848,0.0010774653022483489,114132609.2938129,6399887.0,256478.0,44238236.5
시간대_11~14_매출_금액,numeric,20214,20214,20412,0.0,18976,0.0,284288674.9165197,38526665.5,6997540.75,153502281.75
시간대_11~14_매출_금액,numeric,20221,20214,20336,0.0,18798,0.0019655540269373933,256259558.37711447,34929738.5,6356697.5,143417377.75
시간대_11~14_매출_금액,numeric,20222,20214,20338,0.0,18875,0.0004787926998096455,273063967.2381257,37811954.5,7097394.75,153546305.25
시간대_11~14_매출_금액,numeric,20223,20214,20336,0.0,18811,0.0007733042820446027,273451468.8959972,37381875.0,6606339.25,154784228.0
시간대_11~14_매출_금액,numeric,20224,20214,20321,0.0,18787,0.000721121984956079,292790057.169037,37797784.0,6890282.0,159278164.0
시간대_11~14_매출_금액,numeric,20231,20214,20268,0.0,18759,0.0005684728860286296,285322683.6656799,36366536.0,6662326.5,153474044.75
시간대_14~17_매출_금액,numeric,20214,20214,20412,0.0,19819,0.0,295398367.34371936,39815887.5,9979793.75,148873260.75
시간대_14~17_매출_금액,numeric,20221,20214,20336,0.0,19643,0.002727126085079089,260802509.76662078,36112047.5,8895746.5,135041757.75
시간대_14~17_매출_금액,numeric,20222,20214,20338,0.0,19648,0.0010716891439874487,261992418.07660538,38738372.0,9612913.75,141794690.5
시간대_14~17_매출_금액,numeric,20223,20214,20336,0.0,19614,0.002726891535721862,259020333.67825532,37353047.5,8771541.75,137619677.0
시간대_14~17_매출_금액,numeric,20224,20214,20321,0.0,19635,0.0004872318906346623,283798807.62408346,39516448.0,9701304.0,146806130.0
시간대_14~17_매출_금액,numeric,20231,20214,20268,0.0,19572,0.0011945070536904195,280958429.7982534,37986762.5,9128173.25,141704125.0
시간대_17~21_매출_금액,numeric,20214,20214,20412,0.0,19899,0.0,297090459.65402704,57196916.0,15096724.75,189349628.5
시간대_17~21_매출_금액,numeric,20221,20214,20336,0.0,19731,0.0032804762601211777,270009058.51603067,51729172.0,13390038.25,178112270.5
시간대_17~21_매출_금액,numeric,20222,20214,20338,0.0,19844,0.0007092747191674378,296314465.83430034,57916841.5,16023704.5,191495938.5
시간대_17~21_매출_금액,numeric,20223,20214,20336,0.0,19812,0.0011966731050929945,290807392.0651062,55666102.0,14291001.25,190083675.25
시간대_17~21_매출_금액,numeric,20224,20214,20321,0.0,19751,0.0010354786042068246,305843152.19009894,55190422.0,14270144.0,188341731.0
시간대_17~21_매출_금액,numeric,20231,20214,20268,0.0,19689,0.0020660630838408856,301829494.6645451,53340674.0,14040959.0,186988219.75
시간대_21~24_매출_금액,numeric,20214,20214,20412,0.0,14016,0.0,77344354.50558496,4277707.5,0.0,38136250.25
시간대_21~24_매출_금액,numeric,20221,20214,20336,0.0,13583,0.013338169050367332,52148097.37809795,2949339.5,0.0,27057051.0
시간대_21~24_매출_금액,numeric,20222,20214,20338,0.0,14243,0.004051440043064582,95846284.28754057,4955992.5,0.0,46100239.5
시간대_21~24_매출_금액,numeric,20223,20214,20336,0.0,14051,0.002875176122001842,90729052.88626082,4668555.5,0.0,44264716.75
시간대_21~24_매출_금액,numeric,20224,20214,20321,0.0,13786,0.002886641404488562,95045598.28979874,4326600.0,0.0,43631969.0
시간대_21~24_매출_금액,numeric,20231,20214,20268,0.0,13725,0.001825257239327668,92225825.9657095,4348760.5,0.0,42330183.0
남성_매출_금액,numeric,20214,20214,20412,0.0,20091,0.0,498685046.3631197,89243843.0,24310337.25,313219617.75
남성_매출_금액,numeric,20221,20214,20336,0.0,19911,0.0045099185491195536,446922006.30492723,78985462.0,20741202.5,279436561.5
남성_매출_금액,numeric,20222,20214,20338,0.0,19993,0.0010153759813977875,498375479.1688465,94215098.5,25300621.75,318825515.0
남성_매출_금액,numeric,20223,20214,20336,0.0,19995,0.0009094725339451612,491231811.3128934,91727773.0,23301001.75,320085359.5
남성_매출_금액,numeric,20224,20214,20321,0.0,19985,0.001252439188016198,516336621.8377541,92791280.0,23813000.0,321555808.0
남성_매출_금액,numeric,20231,20214,20268,0.0,19914,0.0011633764157034134,512171783.36806786,91472883.0,23309583.75,317020496.0
여성_매출_금액,numeric,20214,20214,20412,0.0,20179,0.0,461448796.51028806,79349887.5,21302078.0,283257565.75
여성_매출_금액,numeric,20221,20214,20336,0.0,20019,0.0069328522762030186,410461120.105478,69587338.0,17462442.0,250487018.25
여성_매출_금액,numeric,20222,20214,20338,0.0,20095,0.0008730251140887705,463837253.5373685,84229572.5,22892353.75,294951697.5
여성_매출_금액,numeric,20223,20214,20336,0.0,20086,0.0003550461850655437,457135303.40824157,81856690.0,21461261.5,290254114.25
여성_매출_금액,numeric,20224,20214,20321,0.0,20053,0.0005884822174218702,472681035.94665617,82183883.0,21598342.0,294754380.0
여성_매출_금액,numeric,20231,20214,20268,0.0,20003,0.0008237492109595305,475342481.8513914,79461194.5,21092785.5,284682147.5
연령대_10_매출_금액,numeric,20214,20214,20412,0.0,12838,0.0,6278930.188222614,388194.0,0.0,3164184.25
연령대_10_매출_금액,numeric,20221,20214,20336,0.0,11703,0.02604923828162396,4452335.8011900075,177739.5,0.0,1957031.75
연령대_10_매출_금액,numeric,20222,20214,20338,0.0,12072,0.009306825300685197,5228290.524486183,248754.5,0.0,2425109.5
연령대_10_매출_금액,numeric,20223,20214,20336,0.0,12000,0.008254743485233092,5666313.487903226,240551.0,0.0,2489526.0
연령대_10_매출_금액,numeric,20224,20214,20321,0.0,12269,0.0035192870001407688,6111862.37881994,296974.0,0.0,2839830.0
연령대_10_매출_금액,numeric,20231,20214,20268,0.0,11390,0.03097586627468423,4654040.489885534,153888.0,0.0,1893937.5
연령대_20_매출_금액,numeric,20214,20214,20412,0.0,18236,0.0,144297943.91926318,17781119.5,2869212.25,78243822.5
연령대_20_매출_금액,numeric,20221,20214,20336,0.0,17682,0.017302898087060363,109407181.31864673,12800059.0,1778462.0,60799162.25
연령대_20_매출_금액,numeric,20222,20214,20338,0.0,17958,0.0027536816113517405,130697489.32653162,15575078.5,2308947.75,70768077.0
연령대_20_매출_금액,numeric,20223,20214,20336,0.0,17920,0.004176865164135066,132847270.08851299,15302698.0,2183754.25,71055366.25
연령대_20_매출_금액,numeric,20224,20214,20321,0.0,17874,0.0047314597125737365,137764185.10476846,15292187.0,2151515.0,71288830.0
연령대_20_매출_금액,numeric,20231,20214,20268,0.0,17527,0.021690652268950932,119174392.73401421,12138062.0,1580162.75,58361792.0
연령대_30_매출_금액,numeric,20214,20214,20412,0.0,19322,0.0,193178419.25494808,29688350.5,6688307.75,112967211.25
연령대_30_매출_금액,numeric,20221,20214,20336,0.0,19012,0.006980543603167856,169202452.75118017,25436772.5,5253616.75,101558978.5
연령대_30_매출_금액,numeric,20222,20214,20338,0.0,19168,0.0010578652858254747,196771485.003196,31386130.0,6914044.0,117078498.0
연령대_30_매출_금액,numeric,20223,20214,20336,0.0,19156,0.0012299146615780258,190888791.58300552,30188660.5,6321418.5,115884532.5
연령대_30_매출_금액,numeric,20224,20214,20321,0.0,19085,0.001108265373506434,197940813.71787804,29757706.0,6341220.0,115676890.0
연령대_30_매출_금액,numeric,20231,20214,20268,0.0,18961,0.0029756116995991897,201849324.0044405,28741425.0,5919959.0,113221910.0
연령대_40_매출_금액,numeric,20214,20214,20412,0.0,19783,0.0,221484173.26533413,38979915.5,9985424.25,132606460.75
연령대_40_매출_금액,numeric,20221,20214,20336,0.0,19513,0.008188495176515672,199390332.71134934,33227926.0,8193848.5,117786517.75
연령대_40_매출_금액,numeric,20222,20214,20338,0.0,19683,0.0007578124201362938,220902346.98642933,40475273.0,10722010.25,136417511.0
연령대_40_매출_금액,numeric,20223,20214,20336,0.0,19627,0.0009863569445827227,217363484.86644375,39721847.5,9682277.75,135772493.25
연령대_40_매출_금액,numeric,20224,20214,20321,0.0,19620,0.0008468123594326387,228153244.74267998,39508701.0,10151728.0,137145017.0
연령대_40_매출_금액,numeric,20231,20214,20268,0.0,19524,0.0018504282503626118,225772263.02910993,38071788.0,9639901.75,133794497.5
연령대_50_매출_금액,numeric,20214,20214,20412,0.0,19695,0.0,212900935.54007447,36475738.5,9700347.75,126794689.25
연령대_50_매출_금액,numeric,20221,20214,20336,0.0,19512,0.0031129542983495888,197238045.57666206,33222448.5,8801887.5,117019138.75
연령대_50_매출_금액,numeric,20222,20214,20338,0.0,19634,0.002758335854867908,212737306.0319599,39847854.5,10795883.0,133244656.5
연령대_50_매출_금액,numeric,20223,20214,20336,0.0,19580,0.001117408311227503,209399143.3684107,38573883.5,10016450.5,132326410.0
연령대_50_매출_금액,numeric,20224,20214,20321,0.0,19552,0.0014126992358647035,215656726.19536442,38648044.0,10099576.0,133484358.0
연령대_50_매출_금액,numeric,20231,20214,20268,0.0,19566,0.002153199783399937,222054257.18694493,38687078.0,10306518.25,133075006.5
연령대_60_이상_매출_금액,numeric,20214,20214,20412,0.0,18981,0.0,181992958.33269647,20076611.5,4394558.0,86441507.0
연령대_60_이상_매출_금액,numeric,20221,20214,20336,0.0,18795,0.0008216100802025333,177693143.10734656,19336935.5,4200974.75,82916474.0
연령대_60_이상_매출_금액,numeric,20222,20214,20338,0.0,18933,0.00638132954243523,195875630.09981316,23682679.0,5470430.25,96390649.5
연령대_60_이상_매출_금액,numeric,20223,20214,20336,0.0,18902,0.004566587014455991,192202008.1989575,23021045.5,4980915.0,93770862.0
연령대_60_이상_매출_금액,numeric,20224,20214,20321,0.0,18829,0.004173947905480998,203402276.02007776,23112434.0,5107518.0,96875635.0
연령대_60_이상_매출_금액,numeric,20231,20214,20268,0.0,18885,0.009592836334693907,214010637.88612592,24621837.0,5598520.75,101466841.0
주중_매출_건수,numeric,20214,20214,20412,0.0,12487,0.0,28058.954977464236,4013.5,857.75,19866.25
주중_매출_건수,numeric,20221,20214,20336,0.0,11882,0.006661579753821418,24933.881589299763,3463.5,711.75,17348.5
주중_매출_건수,numeric,20222,20214,20338,0.0,12428,0.00039421786384917983,28539.58545579703,4086.0,880.0,19847.0
주중_매출_건수,numeric,20223,20214,20336,0.0,12309,0.0005378028195904945,29068.86865656963,3943.0,830.75,19678.5
주중_매출_건수,numeric,20224,20214,20321,0.0,12248,0.0011436645313459264,28129.142463461445,3849.0,804.0,19283.0
주중_매출_건수,numeric,20231,20214,20268,0.0,12187,0.0020007230831982246,27961.154381290704,3765.0,785.0,18714.75
주말_매출_건수,numeric,20214,20214,20412,0.0,8756,0.0,8887.415294924554,1201.0,209.0,5914.5
주말_매출_건수,numeric,20221,20214,20336,0.0,8454,0.0028497241709462867,8119.951760424862,1080.0,176.75,5441.0
주말_매출_건수,numeric,20222,20214,20338,0.0,8935,0.0013997866201471783,9584.785868816993,1316.0,228.0,6425.75
주말_매출_건수,numeric,20223,20214,20336,0.0,8680,0.001125007495158734,9078.70775963808,1140.0,189.0,5831.0
주말_매출_건수,numeric,20224,20214,20321,0.0,8923,0.0010186103939044881,9608.679494119384,1227.0,209.0,6322.0
주말_매출_건수,numeric,20231,20214,20268,0.0,8443,0.003051092880650742,8668.640467732386,1084.0,176.0,5415.75
월요일_매출_건수,numeric,20214,20214,20412,0.0,7426,0.0,5252.350774054477,727.5,151.0,3699.25
월요일_매출_건수,numeric,20221,20214,20336,0.0,7333,0.002653298647944501,5090.7762096774195,669.0,133.0,3504.0
월요일_매출_건수,numeric,20222,20214,20338,0.0,7571,0.0006536589597781788,5574.548726521782,766.0,157.0,3890.25
월요일_매출_건수,numeric,20223,20214,20336,0.0,7397,0.0009089788649715689,5329.710070810385,695.0,138.0,3587.0
월요일_매출_건수,numeric,20224,20214,20321,0.0,7413,0.0019753917763773517,5288.454062300084,689.0,136.0,3641.0
월요일_매출_건수,numeric,20231,20214,20268,0.0,7356,0.0014969853015671993,5394.960232879416,689.0,137.0,3558.5
화요일_매출_건수,numeric,20214,20214,20412,0.0,7524,0.0,5414.880413482265,759.0,156.0,3788.25
화요일_매출_건수,numeric,20221,20214,20336,0.0,7157,0.006259168246635725,4773.400275373721,649.0,128.0,3303.0
화요일_매출_건수,numeric,20222,20214,20338,0.0,7601,0.0010467488285153276,5743.76659455207,796.0,166.0,3975.5
화요일_매출_건수,numeric,20223,20214,20336,0.0,7544,0.0005815488032031956,5605.082366247049,753.0,153.0,3812.0
화요일_매출_건수,numeric,20224,20214,20321,0.0,7516,0.0008009151418304628,5599.601545199547,742.0,148.0,3823.0
화요일_매출_건수,numeric,20231,20214,20268,0.0,7418,0.001502469770819438,5434.832691928163,714.0,142.0,3630.0
수요일_매출_건수,numeric,20214,20214,20412,0.0,7577,0.0,5475.319126004311,787.5,160.0,3832.0
수요일_매출_건수,numeric,20221,20214,20336,0.0,7244,0.006616113174479506,4819.877557041699,670.0,131.0,3372.25
수요일_매출_건수,numeric,20222,20214,20338,0.0,7602,0.0004802595711379459,5584.4422263742745,807.0,164.0,3890.75
수요일_매출_건수,numeric,20223,20214,20336,0.0,7590,0.0006573452882751363,5722.149685287175,775.0,154.75,3845.0
수요일_매출_건수,numeric,20224,20214,20321,0.0,7555,0.0012140273469406916,5557.697160572807,755.0,153.0,3839.0
수요일_매출_건수,numeric,20231,20214,20268,0.0,7402,0.001362352171964029,5448.448490230906,736.5,152.0,3647.75
목요일_매출_건수,numeric,20214,20214,20412,0.0,7556,0.0,5557.047815010778,792.0,162.0,3886.5
목요일_매출_건수,numeric,20221,20214,20336,0.0,7342,0.0032590832981120887,5150.059451219512,702.0,139.0,3557.25
목요일_매출_건수,numeric,20222,20214,20338,0.0,7595,0.00058573930572339,5523.694611072869,777.5,163.0,3811.5
목요일_매출_건수,numeric,20223,20214,20336,0.0,7702,0.00032141720982038725,5867.321498819827,793.0,164.0,3964.75
목요일_매출_건수,numeric,20224,20214,20321,0.0,7493,0.0012499259164022458,5618.042812853698,759.0,154.0,3808.0
목요일_매출_건수,numeric,20231,20214,20268,0.0,7469,0.0010093105720971787,5617.54075389777,747.0,148.0,3751.25
금요일_매출_건수,numeric,20214,20214,20412,0.0,7999,0.0,6359.3568489124045,941.0,192.0,4547.0
금요일_매출_건수,numeric,20221,20214,20336,0.0,7387,0.012985246008025737,5099.7680959874115,720.0,143.0,3579.0
금요일_매출_건수,numeric,20222,20214,20338,0.0,7927,0.000679469992183775,6113.133297276035,894.5,186.0,4309.75
금요일_매출_건수,numeric,20223,20214,20336,0.0,8013,0.0004026338252845592,6544.605035405193,914.5,183.0,4459.5
금요일_매출_건수,numeric,20224,20214,20321,0.0,7810,0.002059079745201911,6065.346882535308,854.0,173.0,4187.0
금요일_매출_건수,numeric,20231,20214,20268,0.0,7705,0.002899810139332967,6065.37221235445,841.5,169.0,4100.0
토요일_매출_건수,numeric,20214,20214,20412,0.0,7451,0.0,5208.641044483637,782.0,145.0,3615.25
토요일_매출_건수,numeric,20221,20214,20336,0.0,7169,0.002790649298679,4743.397177419355,693.0,121.0,3278.0
토요일_매출_건수,numeric,20222,20214,20338,0.0,7613,0.0012379644465973793,5622.159307699872,850.5,159.0,3869.0
토요일_매출_건수,numeric,20223,20214,20336,0.0,7331,0.0012480667981467335,5254.792387883556,734.5,131.0,3520.0
토요일_매출_건수,numeric,20224,20214,20321,0.0,7650,0.0020367784897915497,5840.937995177403,828.0,147.0,3960.0
토요일_매출_건수,numeric,20231,20214,20268,0.0,7152,0.0028717665882564618,5015.956039076376,696.0,121.0,3275.25
일요일_매출_건수,numeric,20214,20214,20412,0.0,6177,0.0,3678.774250440917,313.5,6.0,2135.0
일요일_매출_건수,numeric,20221,20214,20336,0.0,5968,0.0016074095992661434,3376.5545830055075,276.0,6.0,1976.0
일요일_매출_건수,numeric,20222,20214,20338,0.0,6311,0.0006946837794933986,3962.6265611171207,329.0,7.0,2316.75
일요일_매출_건수,numeric,20223,20214,20336,0.0,6177,0.0006446983468059133,3823.915371754524,290.0,5.0,2145.25
일요일_매출_건수,numeric,20224,20214,20321,0.0,6122,0.0007529626680915156,3767.7414989419813,289.0,3.0,2123.0
일요일_매출_건수,numeric,20231,20214,20268,0.0,5949,0.0016827442957855119,3652.6844286560095,269.5,3.0,1983.25
시간대_건수~06_매출_건수,numeric,20214,20214,20412,0.0,2771,0.0,1010.6993435234176,0.0,0.0,73.0
시간대_건수~06_매출_건수,numeric,20221,20214,20336,0.0,1843,0.0704810730386165,588.7752753737215,0.0,0.0,7.0
시간대_건수~06_매출_건수,numeric,20222,20214,20338,0.0,3084,0.00451661159479642,1347.1011407218016,0.0,0.0,108.0
시간대_건수~06_매출_건수,numeric,20223,20214,20336,0.0,3138,0.006304180448857185,1439.941138867034,0.0,0.0,109.0
시간대_건수~06_매출_건수,numeric,20224,20214,20321,0.0,3117,0.005835543570106605,1334.7520791299642,0.0,0.0,110.0
시간대_건수~06_매출_건수,numeric,20231,20214,20268,0.0,3055,0.004530475257384191,1216.687092954411,0.0,0.0,100.0
시간대_건수~11_매출_건수,numeric,20214,20214,20412,0.0,6143,0.0,5076.4855477170295,184.0,9.0,2047.0
시간대_건수~11_매출_건수,numeric,20221,20214,20336,0.0,5935,0.002077492887909973,4561.260867427222,155.0,7.0,1769.0
시간대_건수~11_매출_건수,numeric,20222,20214,20338,0.0,6215,0.0014926198560806093,5376.135608221064,207.0,12.0,2116.75
시간대_건수~11_매출_건수,numeric,20223,20214,20336,0.0,6282,0.0015604170531604592,5673.158831628639,199.0,12.0,2202.0
시간대_건수~11_매출_건수,numeric,20224,20214,20321,0.0,6176,0.0012335096974197446,5333.418975444122,184.0,10.0,2031.0
시간대_건수~11_매출_건수,numeric,20231,20214,20268,0.0,5971,0.0009299726413495361,4925.507450167752,172.5,10.0,1850.25
시간대_건수~14_매출_건수,numeric,20214,20214,20412,0.0,8993,0.0,9883.613609641387,1202.0,155.0,6662.5
시간대_건수~14_매출_건수,numeric,20221,20214,20336,0.0,8757,0.001345858537276469,9050.211742722266,1075.0,135.0,6196.5
시간대_건수~14_매출_건수,numeric,20222,20214,20338,0.0,8936,0.00015661108369717947,10046.10654931655,1187.0,150.0,6702.75
시간대_건수~14_매출_건수,numeric,20223,20214,20336,0.0,8881,0.0008340406808083955,10005.060434697089,1115.0,140.0,6553.0
시간대_건수~14_매출_건수,numeric,20224,20214,20321,0.0,8874,0.0012436804456164238,10179.252448206289,1129.0,136.0,6622.0
시간대_건수~14_매출_건수,numeric,20231,20214,20268,0.0,8769,0.0016081766119959782,9867.555506216697,1060.0,131.0,6298.0
시간대_건수~17_매출_건수,numeric,20214,20214,20412,0.0,8619,0.0,8158.949441504997,1217.0,238.0,5519.5
시간대_건수~17_매출_건수,numeric,20221,20214,20336,0.0,8346,0.002747225502032742,7553.809156176239,1081.0,206.0,5041.75
시간대_건수~17_매출_건수,numeric,20222,20214,20338,0.0,8508,0.0009760489826022415,7938.349739404071,1150.0,224.25,5383.75
시간대_건수~17_매출_건수,numeric,20223,20214,20336,0.0,8305,0.0031244545834169437,7759.445564516129,1064.5,205.75,5038.0
시간대_건수~17_매출_건수,numeric,20224,20214,20321,0.0,8453,0.0014804015649777557,8081.034496333842,1127.0,215.0,5287.0
시간대_건수~17_매출_건수,numeric,20231,20214,20268,0.0,8307,0.00379487171515138,8008.233718176436,1071.5,203.0,4975.5
시간대_건수~21_매출_건수,numeric,20214,20214,20412,0.0,9431,0.0,9876.695767195768,1567.0,315.0,7396.5
시간대_건수~21_매출_건수,numeric,20221,20214,20336,0.0,9149,0.0029664709822471956,9049.980330448465,1404.5,279.0,6807.75
시간대_건수~21_매출_건수,numeric,20222,20214,20338,0.0,9494,0.0002254338418541674,10017.939128724554,1615.0,326.0,7647.0
시간대_건수~21_매출_건수,numeric,20223,20214,20336,0.0,9367,0.0005569822842166497,9938.069138473642,1501.0,300.0,7361.0
시간대_건수~21_매출_건수,numeric,20224,20214,20321,0.0,9240,0.0018038930634343058,9686.036809212144,1439.0,280.0,7023.0
시간대_건수~21_매출_건수,numeric,20231,20214,20268,0.0,9129,0.003280613278726016,9627.526050917702,1412.5,273.0,6787.75
시간대_건수~24_매출_건수,numeric,20214,20214,20412,0.0,5299,0.0,2939.926513815403,93.0,0.0,1237.0
시간대_건수~24_매출_건수,numeric,20221,20214,20336,0.0,4612,0.012182490508907759,2249.7959775767113,64.0,0.0,812.0
시간대_건수~24_매출_건수,numeric,20222,20214,20338,0.0,5589,0.002098685778697346,3398.739158225981,106.0,0.0,1495.75
시간대_건수~24_매출_건수,numeric,20223,20214,20336,0.0,5516,0.0013493740948290105,3331.901308025177,94.0,0.0,1423.0
시간대_건수~24_매출_건수,numeric,20224,20214,20321,0.0,5400,0.0019603572141654113,3123.327149254466,82.0,0.0,1325.0
시간대_건수~24_매출_건수,numeric,20231,20214,20268,0.0,5273,0.0008919442034001934,2984.285030590093,83.0,0.0,1263.0
남성_매출_건수,numeric,20214,20214,20412,0.0,11088,0.0,18707.097932588673,2687.0,529.0,12644.5
남성_매출_건수,numeric,20221,20214,20336,0.0,10707,0.003956375547048674,16802.710119984265,2314.5,444.0,11303.25
남성_매출_건수,numeric,20222,20214,20338,0.0,11165,0.0005055230354518588,19271.114072180157,2742.5,561.0,12989.0
남성_매출_건수,numeric,20223,20214,20336,0.0,11040,0.0006835659060364255,19259.16763375295,2584.0,503.0,12645.5
남성_매출_건수,numeric,20224,20214,20321,0.0,11029,0.0009637467868318798,18881.991043747847,2561.0,503.0,12602.0
남성_매출_건수,numeric,20231,20214,20268,0.0,10777,0.002110237789364929,18255.09591474245,2488.5,468.0,12010.25
여성_매출_건수,numeric,20214,20214,20412,0.0,10686,0.0,16555.403929061336,2298.5,436.0,11377.25
여성_매출_건수,numeric,20221,20214,20336,0.0,10233,0.005735877137748388,14766.420387490165,1973.5,367.0,10028.5
여성_매출_건수,numeric,20222,20214,20338,0.0,10752,0.0005490858510095311,17144.184482249977,2367.5,462.0,11841.0
여성_매출_건수,numeric,20223,20214,20336,0.0,10626,0.0007455109730668375,17179.627409520064,2196.0,425.0,11476.5
여성_매출_건수,numeric,20224,20214,20321,0.0,10577,0.0010699375591833682,17045.593720781457,2194.0,423.0,11621.0
여성_매출_건수,numeric,20231,20214,20268,0.0,10410,0.0015612073572927245,16659.379613183344,2126.0,401.0,10779.75
연령대_10_매출_건수,numeric,20214,20214,20412,0.0,2800,0.0,622.2465706447188,25.0,0.0,245.0
연령대_10_매출_건수,numeric,20221,20214,20336,0.0,2282,0.02124535881642275,419.8325629425649,13.0,0.0,153.0
연령대_10_매출_건수,numeric,20222,20214,20338,0.0,2591,0.0068007365126427155,558.6407218015537,17.0,0.0,191.0
연령대_10_매출_건수,numeric,20223,20214,20336,0.0,2638,0.008227543450692956,581.2637195121952,16.0,0.0,188.0
연령대_10_매출_건수,numeric,20224,20214,20321,0.0,2688,0.0041374728345028025,596.8828797795384,18.0,0.0,208.0
연령대_10_매출_건수,numeric,20231,20214,20268,0.0,2243,0.02936855722328945,431.68511940003947,11.0,0.0,141.0
연령대_20_매출_건수,numeric,20214,20214,20412,0.0,7784,0.0,8312.269841269841,672.0,87.0,4266.5
연령대_20_매출_건수,numeric,20221,20214,20336,0.0,7197,0.011304293958109328,6425.7264948859165,484.0,57.0,3351.25
연령대_20_매출_건수,numeric,20222,20214,20338,0.0,7496,0.002045489479965613,7729.833661126954,582.5,72.0,3852.75
연령대_20_매출_건수,numeric,20223,20214,20336,0.0,7477,0.003990018922866795,7869.5132277734065,556.5,66.0,3728.25
연령대_20_매출_건수,numeric,20224,20214,20321,0.0,7433,0.004827497872218317,7687.905418040451,544.0,65.0,3714.0
연령대_20_매출_건수,numeric,20231,20214,20268,0.0,6992,0.02071699285496242,6563.17613972765,440.0,47.0,2985.0
연령대_30_매출_건수,numeric,20214,20214,20412,0.0,8157,0.0,8069.842396629434,924.5,162.0,4838.0
연령대_30_매출_건수,numeric,20221,20214,20336,0.0,7948,0.005248779316846704,7490.417535405193,798.0,129.0,4419.25
연령대_30_매출_건수,numeric,20222,20214,20338,0.0,8356,0.0013751983638336305,8736.42757399941,969.0,167.0,5160.75
연령대_30_매출_건수,numeric,20223,20214,20336,0.0,8203,0.0011136225643383986,8651.589398111722,902.5,153.0,4976.25
연령대_30_매출_건수,numeric,20224,20214,20321,0.0,8209,0.0015607060616075403,8413.54101668225,884.0,148.0,4918.0
연령대_30_매출_건수,numeric,20231,20214,20268,0.0,8067,0.0039639884147220465,8557.5401124926,864.0,135.0,4763.5
연령대_40_매출_건수,numeric,20214,20214,20412,0.0,8277,0.0,6927.905986674506,1067.5,228.0,4884.25
연령대_40_매출_건수,numeric,20221,20214,20336,0.0,7850,0.006406498776748738,6227.316974822974,908.0,185.0,4293.25
연령대_40_매출_건수,numeric,20222,20214,20338,0.0,8307,0.00024146631526296905,7200.953928606549,1085.0,237.0,4984.0
연령대_40_매출_건수,numeric,20223,20214,20336,0.0,8250,0.0008246346723730668,7215.257376081825,1027.0,216.0,4902.25
연령대_40_매출_건수,numeric,20224,20214,20321,0.0,8274,0.0007207667840285764,7158.30259337631,1020.0,216.0,4883.0
연령대_40_매출_건수,numeric,20231,20214,20268,0.0,8087,0.0023438386471126196,6975.034043812907,967.0,203.0,4600.75
연령대_50_매출_건수,numeric,20214,20214,20412,0.0,8129,0.0,6216.079952968842,1057.0,213.0,4668.0
연령대_50_매출_건수,numeric,20221,20214,20336,0.0,7922,0.002440653574091564,5905.350167191188,954.0,187.0,4327.75
연령대_50_매출_건수,numeric,20222,20214,20338,0.0,8326,0.0009416288309825222,6565.106500147507,1116.0,232.0,4931.5
연령대_50_매출_건수,numeric,20223,20214,20336,0.0,8208,0.0008953031448262734,6576.972265932337,1057.0,211.0,4863.5
연령대_50_매출_건수,numeric,20224,20214,20321,0.0,8226,0.0006279364822638891,6500.4380689926675,1061.0,211.0,4808.0
연령대_50_매출_건수,numeric,20231,20214,20268,0.0,8161,0.0005572158293235528,6494.079090191435,1050.5,205.0,4685.5
연령대_60_이상_매출_건수,numeric,20214,20214,20412,0.0,7078,0.0,5114.13149127964,631.0,115.0,3102.25
연령대_60_이상_매출_건수,numeric,20221,20214,20336,0.0,6980,0.0008281430570296141,5100.463955546814,602.5,106.0,3009.5
연령대_60_이상_매출_건수,numeric,20222,20214,20338,0.0,7381,0.0034473729513462247,5624.318713737831,717.0,135.0,3582.0
연령대_60_이상_매출_건수,numeric,20223,20214,20336,0.0,7213,0.0014725875854268036,5544.235788749016,679.0,123.0,3458.75
연령대_60_이상_매출_건수,numeric,20224,20214,20321,0.0,7246,0.001732411921486797,5570.461739087644,667.0,124.0,3407.0
연령대_60_이상_매출_건수,numeric,20231,20214,20268,0.0,7325,0.0032158665690984467,5892.9653641207815,704.5,130.0,3541.5
점포_수,numeric,20214,20214,20412,0.0,257,0.0,14.367577895355673,6.0,4.0,12.0
점포_수,numeric,20221,20214,20336,0.0,261,0.00035367899648232435,14.481363099921321,6.0,4.0,12.0
점포_수,numeric,20222,20214,20338,0.0,263,0.0006039678195402774,14.620267479594848,6.0,4.0,12.0
점포_수,numeric,20223,20214,20336,0.0,267,0.0004569958118758544,14.548682140047207,6.0,4.0,12.0
점포_수,numeric,20224,20214,20321,0.0,268,0.0010325909078481525,14.730918753998328,6.0,4.0,12.0
점포_수,numeric,20231,20214,20268,0.0,262,0.0011489929174178114,14.793516873889876,6.0,4.0,12.0
유사_업종_점포_수,numeric,20214,20214,20412,0.0,272,0.0,16.05922986478542,7.0,4.0,13.0
유사_업종_점포_수,numeric,20221,20214,20336,0.0,275,9.79805194779928e-05,16.17928796223446,7.0,4.0,13.0
유사_업종_점포_수,numeric,20222,20214,20338,0.0,278,0.0009963965997862598,16.334693676861047,7.0,4.0,13.75
유사_업종_점포_수,numeric,20223,20214,20336,0.0,279,0.0004127357596532158,16.25531077891424,7.0,4.0,13.0
유사_업종_점포_수,numeric,20224,20214,20321,0.0,279,0.0011244042467985454,16.46729983760642,7.0,4.0,14.0
유사_업종_점포_수,numeric,20231,20214,20268,0.0,276,0.0013295446802194834,16.529800671008488,7.0,4.0,14.0
개업_율,numeric,20214,20214,20412,0.0,49,0.0,3.2034097589653143,0.0,0.0,2.0
개업_율,numeric,20221,20214,20336,0.0,35,0.02398989736008411,2.1526357199055863,0.0,0.0,0.0
개업_율,numeric,20222,20214,20338,0.0,37,0.009890852251213942,2.4789556495230602,0.0,0.0,0.0
개업_율,numeric,20223,20214,20336,0.0,34,0.010217508730608402,2.4693646734854444,0.0,0.0,0.0
개업_율,numeric,20224,20214,20321,0.0,51,0.00040450565706536684,3.3313813296589734,0.0,0.0,1.0
개업_율,numeric,20231,20214,20268,0.0,42,0.0061998048593454496,2.6478685612788633,0.0,0.0,0.0
개업_점포_수,numeric,20214,20214,20412,0.0,36,0.0,0.5572702331961591,0.0,0.0,1.0
개업_점포_수,numeric,20221,20214,20336,0.0,33,0.03610285384592458,0.39998033044846576,0.0,0.0,0.0
개업_점포_수,numeric,20222,20214,20338,0.0,31,0.021380179724038377,0.43121250860458255,0.0,0.0,0.0
개업_점포_수,numeric,20223,20214,20336,0.0,32,0.020835734767462945,0.44885916601101494,0.0,0.0,0.0
개업_점포_수,numeric,20224,20214,20321,0.0,36,0.0030071263510544673,0.6051375424437774,0.0,0.0,1.0
개업_점포_수,numeric,20231,20214,20268,0.0,37,0.013087177544358841,0.5026149595421354,0.0,0.0,0.0
폐업_률,numeric,20214,20214,20412,0.0,42,0.0,2.5910248873211836,0.0,0.0,0.0
폐업_률,numeric,20221,20214,20336,0.0,40,0.007384429508741909,2.122098741148702,0.0,0.0,0.0
폐업_률,numeric,20222,20214,20338,0.0,38,0.018353193782945847,1.8813550988297767,0.0,0.0,0.0
폐업_률,numeric,20223,20214,20336,0.0,44,0.008027222436220012,3.145456333595594,0.0,0.0,2.0
폐업_률,numeric,20224,20214,20321,0.0,44,5.5988189412829896e-05,2.618817971556518,0.0,0.0,0.0
폐업_률,numeric,20231,20214,20268,0.0,40,0.0035111103880896776,2.950167752121571,0.0,0.0,1.0
폐업_점포_수,numeric,20214,20214,20412,0.0,29,0.0,0.40309621791103273,0.0,0.0,0.0
폐업_점포_수,numeric,20221,20214,20336,0.0,27,0.003363400676263006,0.33934893784421716,0.0,0.0,0.0
폐업_점포_수,numeric,20222,20214,20338,0.0,24,0.008795494438455736,0.2904907070508408,0.0,0.0,0.0
폐업_점포_수,numeric,20223,20214,20336,0.0,36,0.004787072527159985,0.5162273800157356,0.0,0.0,1.0
폐업_점포_수,numeric,20224,20214,20321,0.0,30,0.0001991961138524275,0.4223217361350327,0.0,0.0,0.0
폐업_점포_수,numeric,20231,20214,20268,0.0,33,0.0021981008235979313,0.4820406552200513,0.0,0.0,1.0
프랜차이즈_점포_수,numeric,20214,20214,20412,0.0,66,0.0,1.6916519694297472,0.0,0.0,2.0
프랜차이즈_점포_수,numeric,20221,20214,20336,0.0,67,1.8027794283680747e-05,1.6979248623131393,0.0,0.0,2.0
프랜차이즈_점포_수,numeric,20222,20214,20338,0.0,67,9.34166834223051e-05,1.7144261972662012,0.0,0.0,2.0
프랜차이즈_점포_수,numeric,20223,20214,20336,0.0,64,8.565587144753099e-05,1.7066286388670338,0.0,0.0,2.0
프랜차이즈_점포_수,numeric,20224,20214,20321,0.0,71,0.0002564836814530232,1.7363810836080902,0.0,0.0,2.0
프랜차이즈_점포_수,numeric,20231,20214,20268,0.0,70,0.00031024452705634496,1.7362837971186107,0.0,0.0,2.0
점포_결합_여부,numeric,20214,20214,20412,0.0,1,0.0,1.0,1.0,1.0,1.0
점포_결합_여부,numeric,20221,20214,20336,0.0,1,0.0,1.0,1.0,1.0,1.0
점포_결합_여부,numeric,20222,20214,20338,0.0,1,0.0,1.0,1.0,1.0,1.0
점포_결합_여부,numeric,20223,20214,20336,0.0,1,0.0,1.0,1.0,1.0,1.0
점포_결합_여부,numeric,20224,20214,20321,0.0,1,0.0,1.0,1.0,1.0,1.0
점포_결합_여부,numeric,20231,20214,20268,0.0,1,0.0,1.0,1.0,1.0,1.0
전분기_연속_여부,numeric,20214,20214,20412,0.0,2,,0.9965216539290613,1.0,1.0,1.0
전분기_연속_여부,numeric,20221,20214,20336,0.0,2,,0.9969512195121951,1.0,1.0,1.0
전분기_연속_여부,numeric,20222,20214,20338,0.0,2,,0.9965581669780706,1.0,1.0,1.0
전분기_연속_여부,numeric,20223,20214,20336,0.0,2,,0.9960169158143194,1.0,1.0,1.0
전분기_연속_여부,numeric,20224,20214,20321,0.0,2,,0.994931351803553,1.0,1.0,1.0
전분기_연속_여부,numeric,20231,20214,20268,0.0,2,,0.9966449575685811,1.0,1.0,1.0
최근_4분기_연속_여부,numeric,20214,20214,20412,0.0,2,,0.9965216539290613,1.0,1.0,1.0
최근_4분기_연속_여부,numeric,20221,20214,20336,0.0,2,,0.9969512195121951,1.0,1.0,1.0
최근_4분기_연속_여부,numeric,20222,20214,20338,0.0,2,,0.9965581669780706,1.0,1.0,1.0
최근_4분기_연속_여부,numeric,20223,20214,20336,0.0,2,,0.9960169158143194,1.0,1.0,1.0
최근_4분기_연속_여부,numeric,20224,20214,20321,0.0,2,,0.994931351803553,1.0,1.0,1.0
최근_4분기_연속_여부,numeric,20231,20214,20268,0.0,2,,0.9966449575685811,1.0,1.0,1.0
전분기_매출_증감률,numeric,20214,20214,20412,0.0034783460709386636,20045,0.0,0.31570533517405525,0.05714795333715469,-0.09200106575492363,0.3128028395317438
전분기_매출_증감률,numeric,20221,20214,20336,0.003048780487804878,19984,0.4905336810867529,0.19994650345621062,-0.11118508356788773,-0.26653168304102914,0.027621429921063822
전분기_매출_증감률,numeric,20222,20214,20338,0.0034418330219293932,19949,0.09825108893290846,0.48733191743499554,0.1656483323075867,-0.020692272889613627,0.4628508669680827
전분기_매출_증감률,numeric,20223,20214,20336,0.003983084185680567,19888,0.18099768213438344,0.1671984544562026,-0.007281865705037178,-0.14285708324398913,0.10834110802507613
전분기_매출_증감률,numeric,20224,20214,20321,0.0050686481964470256,19836,0.0705997504278517,0.2467882024708754,0.0059397239966981555,-0.11307642914124359,0.16974027758524554
전분기_매출_증감률,numeric,20231,20214,20268,0.0033550424314189855,19822,0.20271046546964538,18.683174205269008,-0.038649687962769866,-0.1580528570317406,0.09720490336746372
전년동기_매출_증감률,numeric,20214,20214,20412,1.0,0,0.0,,,,
전년동기_매출_증감률,numeric,20221,20214,20336,0.01524390243902439,19797,,0.7658673229963359,0.03828085873276006,-0.14955050214825022,0.29099416123530164
전년동기_매출_증감률,numeric,20222,20214,20338,0.014062346346740093,19776,,0.5164295843885315,0.07403813480400484,-0.1120867095580791,0.3465205621098389
전년동기_매출_증감률,numeric,20223,20214,20336,0.018292682926829267,19690,,0.7458819141562039,0.08295050524805705,-0.13535721110952129,0.42488264854372676
전년동기_매출_증감률,numeric,20224,20214,20321,0.018109345012548596,19666,,0.8836598625346374,0.03924913538880561,-0.14897945639977556,0.2804092125312483
전년동기_매출_증감률,numeric,20231,20214,20268,0.014406946911387409,19682,,1.0855933011493468,0.11024435557432621,-0.10137438656726577,0.45288609391725604
최근_2분기_매출_변화액,numeric,20214,20214,20412,0.0034783460709386636,20057,0.0,113507475.53900988,5179205.0,-12514310.0,54854172.0
최근_2분기_매출_변화액,numeric,20221,20214,20336,0.003048780487804878,19993,0.45817824365506377,-138109540.927444,-13584898.5,-77243148.25,2231052.5
최근_2분기_매출_변화액,numeric,20222,20214,20338,0.0034418330219293932,19957,0.07871865800302254,121539597.88222814,17367311.5,-1689900.5,92553674.75
최근_2분기_매출_변화액,numeric,20223,20214,20336,0.003983084185680567,19896,0.09319107429797742,-7059545.747667243,-745341.0,-25936160.0,21001265.5
최근_2분기_매출_변화액,numeric,20224,20214,20321,0.0050686481964470256,19845,0.037414324161243004,61462934.689435154,556265.0,-21237235.0,29860947.5
최근_2분기_매출_변화액,numeric,20231,20214,20268,0.0033550424314189855,19831,0.20398154417702738,-27485840.499455445,-4685668.0,-42293600.75,11070336.25
최근_4분기_매출_선형기울기,numeric,20214,20214,20412,0.0034783460709386636,20127,0.0,45805584.55679171,5472076.5,-834869.9,30944667.0
최근_4분기_매출_선형기울기,numeric,20221,20214,20336,0.003048780487804878,20046,0.3798003084018104,-1187310.2462562877,-1347121.55,-14488069.424999999,7270074.175000001
최근_4분기_매출_선형기울기,numeric,20222,20214,20338,0.0034418330219293932,20039,0.09808482889646233,15783762.085681861,1813674.9,-7010633.25,22140573.5
최근_4분기_매출_선형기울기,numeric,20223,20214,20336,0.003983084185680567,20020,0.07729022301376072,5372315.388175758,2081538.9,-5859179.45,21449771.3
최근_4분기_매출_선형기울기,numeric,20224,20214,20321,0.0050686481964470256,19957,0.020888167154842093,52452927.40256702,4354896.4,-2459356.175,30757293.424999997
최근_4분기_매출_선형기울기,numeric,20231,20214,20268,0.0033550424314189855,19917,0.33612351627405873,14599625.127044557,-981567.95,-13686853.649999999,8574017.3
주말_매출_비중,numeric,20214,20214,20412,0.0,19144,0.0,0.235208202329392,0.24873146274354374,0.13212725554681667,0.3250173837540934
주말_매출_비중,numeric,20221,20214,20336,0.0,18910,0.009269587288409875,0.24445383012075284,0.25739384413946403,0.1417259228585755,0.33553769293390584
주말_매출_비중,numeric,20222,20214,20338,0.0,19116,0.012264388322150196,0.2465186974646394,0.26119764286838754,0.14585870628055217,0.33773093488077843
주말_매출_비중,numeric,20223,20214,20336,0.0,18977,0.0043916480749552796,0.22932171711036176,0.23950878569186407,0.12934663345634023,0.31844338042026055
주말_매출_비중,numeric,20224,20214,20321,0.0,19017,0.01942785856456275,0.2478623011282861,0.26080368517312263,0.1441043066693175,0.3419376363873962
주말_매출_비중,numeric,20231,20214,20268,0.0,18842,0.004612869425363764,0.22857853172379988,0.24021349785610344,0.12348404594008545,0.31774795133968237
점포_증감률,numeric,20214,20214,20412,0.01459925533999608,573,0.0,0.013510282894913253,0.0,0.0,0.0
점포_증감률,numeric,20221,20214,20336,0.014407946498819827,524,0.012207703453034962,0.005486848045639602,0.0,0.0,0.0
점포_증감률,numeric,20222,20214,20338,0.014652374864785132,526,0.00897251236683221,0.011533009480432411,0.0,0.0,0.0
점포_증감률,numeric,20223,20214,20336,0.01504720692368214,547,0.025849555604866636,-4.3960464528652055e-05,0.0,0.0,0.0
점포_증감률,numeric,20224,20214,20321,0.015993307415973622,574,0.00038435602763541444,0.015881819180188158,0.0,0.0,0.0
점포_증감률,numeric,20231,20214,20268,0.014653641207815276,564,0.010564746553528322,0.0038652352483393732,0.0,0.0,0.0
프랜차이즈_점포_비율,numeric,20214,20214,20412,0.0,766,0.0,0.13328026800125978,0.0,0.0,0.2
프랜차이즈_점포_비율,numeric,20221,20214,20336,0.0,770,1.6553014372108852e-05,0.13350424973095296,0.0,0.0,0.2
프랜차이즈_점포_비율,numeric,20222,20214,20338,0.0,786,0.00012157492989655909,0.1337800124604198,0.0,0.0,0.2
프랜차이즈_점포_비율,numeric,20223,20214,20336,0.0,798,5.8562755656418684e-05,0.1339100341224686,0.0,0.0,0.2
프랜차이즈_점포_비율,numeric,20224,20214,20321,0.0,792,6.857564397683289e-05,0.13397231862096662,0.0,0.0,0.2
프랜차이즈_점포_비율,numeric,20231,20214,20268,0.0,786,0.00023109355993271706,0.13408890051215006,0.0,0.0,0.2
유동__총_유동인구_수,numeric,20214,20214,20412,0.0,1555,0.0,1319527.8510190083,1020886.0,550889.0,1757901.25
유동__총_유동인구_수,numeric,20221,20214,20336,0.0,1555,0.002748572232752599,1312400.7378540519,1008491.0,545350.0,1764796.0
유동__총_유동인구_수,numeric,20222,20214,20338,0.0,1551,0.0023413936202506622,1355590.5310748352,1026544.0,551893.0,1782038.0
유동__총_유동인구_수,numeric,20223,20214,20336,0.0,1554,0.003114502495977108,1324225.2405586152,998509.0,531114.0,1724398.0
유동__총_유동인구_수,numeric,20224,20214,20321,0.0001968407066581369,1555,0.0030865950839586006,1336264.9192794212,994059.0,531053.0,1754785.0
유동__총_유동인구_수,numeric,20231,20214,20268,4.933885928557332e-05,1553,0.002709253503368397,1339178.3422312133,1003366.0,541815.0,1735181.0
유동__남성_유동인구_수,numeric,20214,20214,20412,0.0,1554,0.0,634477.6407995297,485170.0,259297.0,843639.0
유동__남성_유동인구_수,numeric,20221,20214,20336,0.0,1555,0.0015320476214329003,632498.2142014162,478885.0,256278.0,840267.0
유동__남성_유동인구_수,numeric,20222,20214,20338,0.0,1553,0.0032087231727397775,650928.3127642836,484422.0,257995.0,854004.0
유동__남성_유동인구_수,numeric,20223,20214,20336,0.0,1553,0.005079402439807863,636269.4614968529,473127.0,250976.0,831730.0
유동__남성_유동인구_수,numeric,20224,20214,20321,0.0001968407066581369,1554,0.0042896934621325525,641033.4191071517,480309.0,250771.0,833181.0
유동__남성_유동인구_수,numeric,20231,20214,20268,4.933885928557332e-05,1553,0.0077885943844076,643126.156559925,473520.0,253949.0,834258.0
유동__여성_유동인구_수,numeric,20214,20214,20412,0.0,1554,0.0,685050.2400548697,529786.0,290621.75,916965.0
유동__여성_유동인구_수,numeric,20221,20214,20336,0.0,1553,0.0018458578374601965,679902.6045928403,523309.0,286731.75,909518.0
유동__여성_유동인구_수,numeric,20222,20214,20338,0.0,1552,0.004017825063481235,704662.2442718064,528480.0,292444.0,936597.0
유동__여성_유동인구_수,numeric,20223,20214,20336,0.0,1555,0.004974951241343855,687955.7340676632,516509.0,277403.0,912216.0
유동__여성_유동인구_수,numeric,20224,20214,20321,0.0001968407066581369,1556,0.004283054696103645,695231.5001722695,519420.0,277281.0,924829.0
유동__여성_유동인구_수,numeric,20231,20214,20268,4.933885928557332e-05,1554,0.0053654465470954074,696052.2371835989,529033.0,278640.0,918284.0
유동__연령대_10_유동인구_수,numeric,20214,20214,20412,0.0,1552,0.0,158021.5921026847,121891.0,59385.0,216232.0
유동__연령대_10_유동인구_수,numeric,20221,20214,20336,0.0,1546,0.0038639593639292246,160360.06072974036,123562.0,59791.0,212553.0
유동__연령대_10_유동인구_수,numeric,20222,20214,20338,0.0,1548,0.007001209881327476,164909.39620414987,128021.0,62345.0,219663.0
유동__연령대_10_유동인구_수,numeric,20223,20214,20336,0.0,1550,0.0056533151464994566,161186.2628343824,121416.0,59886.0,213889.0
유동__연령대_10_유동인구_수,numeric,20224,20214,20321,0.0001968407066581369,1555,0.002720718111693767,160268.7649259241,122818.0,60779.0,217532.0
유동__연령대_10_유동인구_수,numeric,20231,20214,20268,4.933885928557332e-05,1553,0.0064997238845226485,162977.90037992797,123349.0,60210.0,219656.0
유동__연령대_20_유동인구_수,numeric,20214,20214,20412,0.0,1550,0.0,242930.76979227905,155356.0,77773.0,308592.0
유동__연령대_20_유동인구_수,numeric,20221,20214,20336,0.0,1551,0.0034123027344632843,239510.09451219512,156979.0,77063.0,305885.0
유동__연령대_20_유동인구_수,numeric,20222,20214,20338,0.0,1550,0.004620690102626895,254265.57876880717,157371.0,77807.25,315449.0
유동__연령대_20_유동인구_수,numeric,20223,20214,20336,0.0,1551,0.003006310350406686,249406.98795239968,153803.0,74624.0,304123.0
유동__연령대_20_유동인구_수,numeric,20224,20214,20321,0.0001968407066581369,1549,0.005328853810100617,252121.10099916326,153992.0,74741.0,307342.0
유동__연령대_20_유동인구_수,numeric,20231,20214,20268,4.933885928557332e-05,1549,0.0021034680133450437,250505.88853801746,158194.0,75190.0,305582.0
유동__연령대_30_유동인구_수,numeric,20214,20214,20412,0.0,1550,0.0,243940.12992357436,167509.0,90659.0,310301.0
유동__연령대_30_유동인구_수,numeric,20221,20214,20336,0.0,1552,0.0017822366778977791,241859.03899488592,169600.0,89810.0,312378.0
유동__연령대_30_유동인구_수,numeric,20222,20214,20338,0.0,1547,0.003077811577806858,250868.72504671058,168864.0,90738.0,312864.0
유동__연령대_30_유동인구_수,numeric,20223,20214,20336,0.0,1551,0.0033437074525411504,245305.3594610543,163108.0,87197.0,308773.0
유동__연령대_30_유동인구_수,numeric,20224,20214,20321,0.0001968407066581369,1549,0.006540521246883957,248826.8465324605,166805.0,88736.0,315637.0
유동__연령대_30_유동인구_수,numeric,20231,20214,20268,4.933885928557332e-05,1548,0.0028033670384938142,249322.17688853803,167554.0,88979.0,321171.0
유동__연령대_40_유동인구_수,numeric,20214,20214,20412,0.0,1553,0.0,216819.17440721145,161802.0,90305.0,284539.0
유동__연령대_40_유동인구_수,numeric,20221,20214,20336,0.0,1552,0.0019549265240137053,214976.00708103855,162173.0,89649.0,286145.0
유동__연령대_40_유동인구_수,numeric,20222,20214,20338,0.0,1550,0.00590332994916814,221867.18399055954,165930.0,89072.0,290544.0
유동__연령대_40_유동인구_수,numeric,20223,20214,20336,0.0,1555,0.0023855265161017,216707.19851494886,159869.0,87916.0,280370.0
유동__연령대_40_유동인구_수,numeric,20224,20214,20321,0.0001968407066581369,1549,0.00834741273144831,219974.46005807945,161644.0,86845.0,283820.0
유동__연령대_40_유동인구_수,numeric,20231,20214,20268,4.933885928557332e-05,1550,0.003062614959205453,220783.8354467854,159808.0,87561.0,284282.0
유동__연령대_50_유동인구_수,numeric,20214,20214,20412,0.0,1553,0.0,190343.77356456986,153199.0,79535.0,255408.0
유동__연령대_50_유동인구_수,numeric,20221,20214,20336,0.0,1552,0.0014445404049148703,189584.86978756884,151985.0,80612.0,256388.0
유동__연령대_50_유동인구_수,numeric,20222,20214,20338,0.0,1550,0.001859766457715056,193440.61294129217,154043.0,79704.0,258152.0
유동__연령대_50_유동인구_수,numeric,20223,20214,20336,0.0,1544,0.005470251041034182,189233.6045436664,148853.0,76336.0,253706.0
유동__연령대_50_유동인구_수,numeric,20224,20214,20321,0.0001968407066581369,1552,0.010419291819009652,191031.49731751735,149641.0,76948.0,257395.0
유동__연령대_50_유동인구_수,numeric,20231,20214,20268,4.933885928557332e-05,1552,0.012577321984121132,191448.61814772783,149350.0,78272.0,257744.0
유동__연령대_60_이상_유동인구_수,numeric,20214,20214,20412,0.0,1555,0.0,267472.4739858906,209493.0,111958.0,361593.0
유동__연령대_60_이상_유동인구_수,numeric,20221,20214,20336,0.0,1553,0.002236212401391259,266110.7718823761,209309.0,108942.0,358402.0
유동__연령대_60_이상_유동인구_수,numeric,20222,20214,20338,0.0,1548,0.0038955559094910083,270239.1621103353,211686.0,109228.0,369839.0
유동__연령대_60_이상_유동인구_수,numeric,20223,20214,20336,0.0,1552,0.007397746445649602,262385.8981608969,206256.0,107388.0,352275.0
유동__연령대_60_이상_유동인구_수,numeric,20224,20214,20321,0.0001968407066581369,1552,0.008671705269538225,264042.2387163459,208023.0,106738.0,356336.0
유동__연령대_60_이상_유동인구_수,numeric,20231,20214,20268,4.933885928557332e-05,1553,0.004766350507362946,264140.0619233236,207123.0,106038.0,350553.0
유동__시간대_00_06_유동인구_수,numeric,20214,20214,20412,0.0,1553,0.0,293076.4524299432,224238.0,109775.0,428461.0
유동__시간대_00_06_유동인구_수,numeric,20221,20214,20336,0.0,1551,0.0008168632853439785,291698.480920535,225590.0,110411.0,423113.0
유동__시간대_00_06_유동인구_수,numeric,20222,20214,20338,0.0,1546,0.007442526806556743,300622.9519618448,229919.0,113201.0,433390.0
유동__시간대_00_06_유동인구_수,numeric,20223,20214,20336,0.0,1554,0.0037282834705774114,293502.0445515342,222452.0,108809.0,412966.0
유동__시간대_00_06_유동인구_수,numeric,20224,20214,20321,0.0001968407066581369,1553,0.008304985731589042,294801.5868976719,222748.0,109032.0,422476.0
유동__시간대_00_06_유동인구_수,numeric,20231,20214,20268,4.933885928557332e-05,1549,0.004175216019024225,293644.872156708,223507.0,107658.0,417965.0
유동__시간대_06_11_유동인구_수,numeric,20214,20214,20412,0.0,1554,0.0,265138.1403586126,207922.0,108595.0,358818.0
유동__시간대_06_11_유동인구_수,numeric,20221,20214,20336,0.0,1552,0.005397104462480067,264926.818597561,205138.0,108525.0,356607.0
유동__시간대_06_11_유동인구_수,numeric,20222,20214,20338,0.0,1549,0.004739980802527136,271527.38538696035,207616.0,112557.25,365500.0
유동__시간대_06_11_유동인구_수,numeric,20223,20214,20336,0.0,1554,0.00699240845219175,265568.7335267506,204937.0,107685.0,353868.0
유동__시간대_06_11_유동인구_수,numeric,20224,20214,20321,0.0001968407066581369,1551,0.007874519447039222,266896.0370133386,202303.0,107685.0,360611.0
유동__시간대_06_11_유동인구_수,numeric,20231,20214,20268,4.933885928557332e-05,1553,0.0075070033189821445,267272.4988898209,203442.0,107930.0,354343.0
유동__시간대_11_14_유동인구_수,numeric,20214,20214,20412,0.0,1552,0.0,180603.40236135607,132899.0,72821.0,221722.0
유동__시간대_11_14_유동인구_수,numeric,20221,20214,20336,0.0,1551,0.004351079488615501,179720.72482297404,132360.0,73136.0,223261.0
유동__시간대_11_14_유동인구_수,numeric,20222,20214,20338,0.0,1548,0.002435210527472539,185027.64814632706,132182.0,73120.0,230716.0
유동__시간대_11_14_유동인구_수,numeric,20223,20214,20336,0.0,1544,0.003537389306394257,181362.24060778914,126878.0,70946.0,222044.0
유동__시간대_11_14_유동인구_수,numeric,20224,20214,20321,0.0001968407066581369,1549,0.005907864162768976,183348.91991927943,130246.0,70585.0,219183.0
유동__시간대_11_14_유동인구_수,numeric,20231,20214,20268,4.933885928557332e-05,1551,0.0026821185827729035,184871.29402476933,131368.0,70173.0,221137.0
유동__시간대_14_17_유동인구_수,numeric,20214,20214,20412,0.0,1544,0.0,184580.88237311385,133937.0,73973.0,225051.0
유동__시간대_14_17_유동인구_수,numeric,20221,20214,20336,0.0,1551,0.002946291857403473,183968.78796223446,133384.0,74929.0,224950.0
유동__시간대_14_17_유동인구_수,numeric,20222,20214,20338,0.0,1549,0.002298479407280875,188515.7655128331,134309.0,74589.0,228846.0
유동__시간대_14_17_유동인구_수,numeric,20223,20214,20336,0.0,1550,0.0023029401744472312,184906.79956726986,129631.0,71763.0,222685.0
유동__시간대_14_17_유동인구_수,numeric,20224,20214,20321,0.0001968407066581369,1551,0.008612723961483848,187171.66791356992,131197.0,71999.0,226641.0
유동__시간대_14_17_유동인구_수,numeric,20231,20214,20268,4.933885928557332e-05,1549,0.004894952976138146,188810.659495732,132791.0,72653.0,222329.0
유동__시간대_17_21_유동인구_수,numeric,20214,20214,20412,0.0,1552,0.0,238679.5859298452,179335.0,99316.0,300312.0
유동__시간대_17_21_유동인구_수,numeric,20221,20214,20336,0.0,1554,0.0015663329786455463,237052.8006490952,179548.0,98759.0,302835.0
유동__시간대_17_21_유동인구_수,numeric,20222,20214,20338,0.0,1551,0.008245243899014158,246066.59401121055,182615.0,100238.0,307819.0
유동__시간대_17_21_유동인구_수,numeric,20223,20214,20336,0.0,1550,0.004550374723695156,239491.022718332,174749.0,95795.0,299284.0
유동__시간대_17_21_유동인구_수,numeric,20224,20214,20321,0.0001968407066581369,1556,0.008741922135079006,243074.4687207757,177729.0,94956.0,304489.0
유동__시간대_17_21_유동인구_수,numeric,20231,20214,20268,4.933885928557332e-05,1549,0.006802529784428905,244019.4059308235,179572.0,96793.0,301982.0
유동__시간대_21_24_유동인구_수,numeric,20214,20214,20412,0.0,1548,0.0,157449.50793650793,121962.0,61896.0,219209.0
유동__시간대_21_24_유동인구_수,numeric,20221,20214,20336,0.0,1553,0.00576048971927721,155033.21567663256,120721.0,60937.0,216654.0
유동__시간대_21_24_유동인구_수,numeric,20222,20214,20338,0.0,1548,0.0035041110741700064,163830.29334251155,123934.0,63705.0,221395.0
유동__시간대_21_24_유동인구_수,numeric,20223,20214,20336,0.0,1550,0.007406710116321791,159394.50624508262,120373.0,61519.0,215231.0
유동__시간대_21_24_유동인구_수,numeric,20224,20214,20321,0.0001968407066581369,1549,0.005777969885045637,160972.35118373774,122285.0,62450.0,216305.0
유동__시간대_21_24_유동인구_수,numeric,20231,20214,20268,4.933885928557332e-05,1542,0.0058430769120964695,160559.74885281493,121214.0,61637.0,216168.0
유동__월요일_유동인구_수,numeric,20214,20214,20412,0.0,1554,0.0,189044.53664511073,145299.0,79130.0,251878.0
유동__월요일_유동인구_수,numeric,20221,20214,20336,0.0,1551,0.0020612537362404357,189034.0885129819,144346.0,77412.0,254280.0
유동__월요일_유동인구_수,numeric,20222,20214,20338,0.0,1548,0.0059844339815045946,195333.74102664963,146520.0,78983.0,256119.0
유동__월요일_유동인구_수,numeric,20223,20214,20336,0.0,1552,0.004717783337038322,189802.1435385523,141999.0,76617.0,247798.0
유동__월요일_유동인구_수,numeric,20224,20214,20321,0.0001968407066581369,1551,0.006432166673553055,190595.47753113156,142957.0,75370.0,247510.0
유동__월요일_유동인구_수,numeric,20231,20214,20268,4.933885928557332e-05,1550,0.002006146219534093,191847.8269600829,143457.0,76844.0,248491.0
유동__화요일_유동인구_수,numeric,20214,20214,20412,0.0,1549,0.0,192323.2462277092,147150.0,80271.0,254570.0
유동__화요일_유동인구_수,numeric,20221,20214,20336,0.0,1551,0.003206506241047987,188682.24714791504,144035.0,76966.0,250749.0
유동__화요일_유동인구_수,numeric,20222,20214,20338,0.0,1546,0.005737108886102569,197981.51696331988,147472.0,79550.0,260071.0
유동__화요일_유동인구_수,numeric,20223,20214,20336,0.0,1551,0.004127739799659069,193724.49749213218,144383.0,77382.0,253303.0
유동__화요일_유동인구_수,numeric,20224,20214,20321,0.0001968407066581369,1553,0.010566325614319387,194305.92877885516,144083.0,76146.0,255140.0
유동__화요일_유동인구_수,numeric,20231,20214,20268,4.933885928557332e-05,1548,0.00429585202300568,194202.30433709972,144303.0,77754.0,252560.0
유동__수요일_유동인구_수,numeric,20214,20214,20412,0.0,1551,0.0,192927.27758181462,147319.0,80651.0,252187.0
유동__수요일_유동인구_수,numeric,20221,20214,20336,0.0,1551,0.002396391799039419,189795.52512785207,144740.0,78454.5,253230.0
유동__수요일_유동인구_수,numeric,20222,20214,20338,0.0,1548,0.007403743329904114,196919.14573704396,146964.0,79108.0,258257.0
유동__수요일_유동인구_수,numeric,20223,20214,20336,0.0,1551,0.004061956704839944,194718.352675059,144987.0,77368.0,255153.0
유동__수요일_유동인구_수,numeric,20224,20214,20321,0.0001968407066581369,1554,0.007267898036271147,194875.03435546588,143484.0,77245.0,255967.0
유동__수요일_유동인구_수,numeric,20231,20214,20268,4.933885928557332e-05,1548,0.004616906078793712,195045.5453693196,144610.0,77550.0,252617.0
유동__목요일_유동인구_수,numeric,20214,20214,20412,0.0,1547,0.0,192752.29859886342,147075.0,80770.0,253109.0
유동__목요일_유동인구_수,numeric,20221,20214,20336,0.0,1552,0.0019535039014097477,192375.66389653817,146206.0,78554.0,257107.0
유동__목요일_유동인구_수,numeric,20222,20214,20338,0.0,1549,0.008878806642795408,196457.6752876389,146107.0,79152.0,256707.0
유동__목요일_유동인구_수,numeric,20223,20214,20336,0.0,1552,0.0036640917542743773,194470.47315106215,144315.0,76694.0,253541.0
유동__목요일_유동인구_수,numeric,20224,20214,20321,0.0001968407066581369,1553,0.008255197454206836,194918.55180390805,143639.0,77057.0,254954.0
유동__목요일_유동인구_수,numeric,20231,20214,20268,4.933885928557332e-05,1550,0.006047835849775106,196404.4289732077,144297.0,77391.0,253354.0
유동__금요일_유동인구_수,numeric,20214,20214,20412,0.0,1552,0.0,192476.65167548502,145750.0,80048.0,248108.0
유동__금요일_유동인구_수,numeric,20221,20214,20336,0.0,1549,0.002270396129998613,192846.52409520064,146852.0,78524.0,257390.0
유동__금요일_유동인구_수,numeric,20222,20214,20338,0.0,1548,0.006510753875482972,198066.7210640181,147292.0,79478.0,258539.0
유동__금요일_유동인구_수,numeric,20223,20214,20336,0.0,1551,0.004983269540524943,193030.25958890637,142304.0,76902.0,251595.0
유동__금요일_유동인구_수,numeric,20224,20214,20321,0.0001968407066581369,1552,0.005604358160817872,195483.448540631,142387.0,76834.0,250986.0
유동__금요일_유동인구_수,numeric,20231,20214,20268,4.933885928557332e-05,1553,0.004096689019624246,196637.33961612472,144706.0,77796.0,252834.0
유동__토요일_유동인구_수,numeric,20214,20214,20412,0.0,1555,0.0,183344.28150107778,140792.0,76324.0,243497.0
유동__토요일_유동인구_수,numeric,20221,20214,20336,0.0,1547,0.0032144961499443415,182937.9600708104,140629.0,76943.0,244198.0
유동__토요일_유동인구_수,numeric,20222,20214,20338,0.0,1549,0.004016851209147178,189007.91474087915,145044.0,77986.0,247046.0
유동__토요일_유동인구_수,numeric,20223,20214,20336,0.0,1552,0.004451720576772396,182017.08172698662,137289.0,73979.0,238063.0
유동__토요일_유동인구_수,numeric,20224,20214,20321,0.0001968407066581369,1555,0.011868097100604416,186456.12708569178,139280.0,74800.0,244793.0
유동__토요일_유동인구_수,numeric,20231,20214,20268,4.933885928557332e-05,1551,0.011788287992022138,186576.55341195047,139814.0,75167.0,243901.0
유동__일요일_유동인구_수,numeric,20214,20214,20412,0.0,1552,0.0,176659.68827160494,136338.0,74064.0,241978.0
유동__일요일_유동인구_수,numeric,20221,20214,20336,0.0,1554,0.0029949476649722235,176728.83516915815,137014.0,73693.25,242504.0
유동__일요일_유동인구_수,numeric,20222,20214,20338,0.0,1546,0.002872406131888854,181823.90235028026,139497.5,75802.0,240771.0
유동__일요일_유동인구_수,numeric,20223,20214,20336,0.0,1553,0.0006541052567277013,176462.5188335956,134106.0,71553.0,231065.0
유동__일요일_유동인구_수,numeric,20224,20214,20321,0.0001968407066581369,1554,0.008963071271453077,179630.39385736082,137479.0,72896.0,236658.0
유동__일요일_유동인구_수,numeric,20231,20214,20268,4.933885928557332e-05,1547,0.0028302703783781697,178464.46844624265,136688.0,72900.0,238315.0
유동__결합_여부,numeric,20214,20214,20412,0.0,1,0.0,1.0,1.0,1.0,1.0
유동__결합_여부,numeric,20221,20214,20336,0.0,1,0.0,1.0,1.0,1.0,1.0
유동__결합_여부,numeric,20222,20214,20338,0.0,1,0.0,1.0,1.0,1.0,1.0
유동__결합_여부,numeric,20223,20214,20336,0.0,1,0.0,1.0,1.0,1.0,1.0
유동__결합_여부,numeric,20224,20214,20321,0.0,2,,0.9998031592933418,1.0,1.0,1.0
유동__결합_여부,numeric,20231,20214,20268,0.0,2,,0.9999506611407144,1.0,1.0,1.0
변화__상권_변화_지표,categorical,20214,20214,20412,0.0,4,0.0,,,,
변화__상권_변화_지표,categorical,20221,20214,20336,0.0,4,0.0005415252813884832,,,,
변화__상권_변화_지표,categorical,20222,20214,20338,0.0,4,0.00029186777357797703,,,,
변화__상권_변화_지표,categorical,20223,20214,20336,0.0,4,0.0003987354574925353,,,,
변화__상권_변화_지표,categorical,20224,20214,20321,0.0,4,0.0003640391940821855,,,,
변화__상권_변화_지표,categorical,20231,20214,20268,0.0,4,0.0008641314040117095,,,,
변화__상권_변화_지표_명,categorical,20214,20214,20412,0.0,4,0.0,,,,
변화__상권_변화_지표_명,categorical,20221,20214,20336,0.0,4,0.0005415252813884832,,,,
변화__상권_변화_지표_명,categorical,20222,20214,20338,0.0,4,0.00029186777357797703,,,,
변화__상권_변화_지표_명,categorical,20223,20214,20336,0.0,4,0.00039873545749253533,,,,
변화__상권_변화_지표_명,categorical,20224,20214,20321,0.0,4,0.00036403919408218547,,,,
변화__상권_변화_지표_명,categorical,20231,20214,20268,0.0,4,0.0008641314040117095,,,,
변화__운영_영업_개월_평균,numeric,20214,20214,20412,0.0,135,0.0,98.49867724867725,96.0,87.0,107.0
변화__운영_영업_개월_평균,numeric,20221,20214,20336,0.0,135,0.012151658124518572,99.66797797010229,98.0,88.0,108.0
변화__운영_영업_개월_평균,numeric,20222,20214,20338,0.0,136,0.03283779679511095,100.68546563083882,98.0,90.0,109.0
변화__운영_영업_개월_평균,numeric,20223,20214,20336,0.0,135,0.06176296804744123,101.76637490165224,100.0,90.0,110.0
변화__운영_영업_개월_평균,numeric,20224,20214,20321,0.0,140,0.06018191448919423,101.8046355986418,99.0,90.0,110.0
변화__운영_영업_개월_평균,numeric,20231,20214,20268,0.0,142,0.0868615848710802,102.44385237813302,100.0,91.0,110.0
변화__폐업_영업_개월_평균,numeric,20214,20214,20412,0.0,66,0.0,49.77371154223006,49.0,46.0,53.0
변화__폐업_영업_개월_평균,numeric,20221,20214,20336,0.0,66,0.00291594437497792,49.872197088906375,49.0,46.0,53.0
변화__폐업_영업_개월_평균,numeric,20222,20214,20338,0.0,63,0.006638282619283179,50.111859573212705,49.0,46.0,53.0
변화__폐업_영업_개월_평균,numeric,20223,20214,20336,0.0,66,0.013964469391734147,50.30679583005507,49.0,46.0,53.0
변화__폐업_영업_개월_평균,numeric,20224,20214,20321,0.0,67,0.030372724533363656,50.594606564637566,49.0,46.0,53.0
변화__폐업_영업_개월_평균,numeric,20231,20214,20268,0.0,67,0.04270185894401544,50.79351687388988,49.0,46.0,54.0
변화__서울_운영_영업_개월_평균,numeric,20214,20214,20412,0.0,1,0.0,96.0,96.0,96.0,96.0
변화__서울_운영_영업_개월_평균,numeric,20221,20214,20336,0.0,1,0.0,97.0,97.0,97.0,97.0
변화__서울_운영_영업_개월_평균,numeric,20222,20214,20338,0.0,1,0.0,98.0,98.0,98.0,98.0
변화__서울_운영_영업_개월_평균,numeric,20223,20214,20336,0.0,1,0.0,99.0,99.0,99.0,99.0
변화__서울_운영_영업_개월_평균,numeric,20224,20214,20321,0.0,1,0.0,99.0,99.0,99.0,99.0
변화__서울_운영_영업_개월_평균,numeric,20231,20214,20268,0.0,1,0.0,100.0,100.0,100.0,100.0
변화__서울_폐업_영업_개월_평균,numeric,20214,20214,20412,0.0,1,0.0,50.0,50.0,50.0,50.0
변화__서울_폐업_영업_개월_평균,numeric,20221,20214,20336,0.0,1,0.0,50.0,50.0,50.0,50.0
변화__서울_폐업_영업_개월_평균,numeric,20222,20214,20338,0.0,1,0.0,50.0,50.0,50.0,50.0
변화__서울_폐업_영업_개월_평균,numeric,20223,20214,20336,0.0,1,0.0,50.0,50.0,50.0,50.0
변화__서울_폐업_영업_개월_평균,numeric,20224,20214,20321,0.0,1,0.0,51.0,51.0,51.0,51.0
변화__서울_폐업_영업_개월_평균,numeric,20231,20214,20268,0.0,1,0.0,51.0,51.0,51.0,51.0
변화__결합_여부,numeric,20214,20214,20412,0.0,1,0.0,1.0,1.0,1.0,1.0
변화__결합_여부,numeric,20221,20214,20336,0.0,1,0.0,1.0,1.0,1.0,1.0
변화__결합_여부,numeric,20222,20214,20338,0.0,1,0.0,1.0,1.0,1.0,1.0
변화__결합_여부,numeric,20223,20214,20336,0.0,1,0.0,1.0,1.0,1.0,1.0
변화__결합_여부,numeric,20224,20214,20321,0.0,1,0.0,1.0,1.0,1.0,1.0
변화__결합_여부,numeric,20231,20214,20268,0.0,1,0.0,1.0,1.0,1.0,1.0
상주__총_상주인구_수,numeric,20214,20214,20412,0.0037722908093278463,1332,0.0,3333.875190558151,2694.0,1266.0,4693.0
상주__총_상주인구_수,numeric,20221,20214,20336,0.003737214791502754,1332,3.196947273077718e-05,3335.9211253701874,2694.0,1266.0,4693.0
상주__총_상주인구_수,numeric,20222,20214,20338,0.0037860163241223324,1328,2.3187427242417805e-05,3328.799960515276,2693.0,1263.0,4692.0
상주__총_상주인구_수,numeric,20223,20214,20336,0.0037863886703383164,1330,6.40779322230985e-05,3324.8703785971666,2692.0,1257.0,4677.0
상주__총_상주인구_수,numeric,20224,20214,20321,0.004970227843117957,1328,0.00929308140101633,3240.951978239367,2496.0,1194.0,4589.0
상주__총_상주인구_수,numeric,20231,20214,20268,0.003749753305703572,1328,0.008874639167199667,3236.60405110935,2496.0,1189.0,4589.0
상주__남성_상주인구_수,numeric,20214,20214,20412,0.0037722908093278463,1183,0.0,1630.9906073272682,1292.0,624.0,2297.0
상주__남성_상주인구_수,numeric,20221,20214,20336,0.003737214791502754,1183,1.833066352203277e-05,1631.740918065153,1292.0,617.0,2297.0
상주__남성_상주인구_수,numeric,20222,20214,20338,0.0037860163241223324,1184,1.5270168225052027e-05,1628.3265880262572,1285.0,617.0,2278.0
상주__남성_상주인구_수,numeric,20223,20214,20336,0.0037863886703383164,1183,7.269347959918956e-05,1626.364183819537,1282.0,614.0,2275.0
상주__남성_상주인구_수,numeric,20224,20214,20321,0.004970227843117957,1155,0.004496743812951809,1603.4360534124628,1220.0,589.0,2256.0
상주__남성_상주인구_수,numeric,20231,20214,20268,0.003749753305703572,1156,0.004507276906586153,1601.3637579239303,1220.0,587.0,2256.0
상주__여성_상주인구_수,numeric,20214,20214,20412,0.0037722908093278463,1172,0.0,1702.8845832308828,1355.0,639.0,2401.0
상주__여성_상주인구_수,numeric,20221,20214,20336,0.003737214791502754,1171,2.6156679535218194e-05,1704.1802073050346,1355.0,631.0,2397.0
상주__여성_상주인구_수,numeric,20222,20214,20338,0.0037860163241223324,1168,1.2352875494137718e-05,1700.4733724890184,1347.0,631.0,2396.0
상주__여성_상주인구_수,numeric,20223,20214,20336,0.0037863886703383164,1170,4.610376221192176e-05,1698.5061947776296,1347.0,629.0,2396.0
상주__여성_상주인구_수,numeric,20224,20214,20321,0.004970227843117957,1154,0.008459685155152535,1637.515924826904,1250.0,613.0,2343.0
상주__여성_상주인구_수,numeric,20231,20214,20268,0.003749753305703572,1154,0.008272783553484918,1635.24029318542,1248.0,613.0,2343.0
상주__연령대_10_상주인구_수,numeric,20214,20214,20412,0.0037722908093278463,621,0.0,344.7936562576838,252.0,104.0,479.0
상주__연령대_10_상주인구_수,numeric,20221,20214,20336,0.003737214791502754,620,3.240181037658234e-05,345.3004935834156,252.0,104.0,479.0
상주__연령대_10_상주인구_수,numeric,20222,20214,20338,0.0037860163241223324,620,2.9359052156230792e-05,344.25028379645624,250.0,104.0,479.0
상주__연령대_10_상주인구_수,numeric,20223,20214,20336,0.0037863886703383164,620,5.643977857385495e-05,344.0001974431117,249.0,104.0,479.0
상주__연령대_10_상주인구_수,numeric,20224,20214,20321,0.004970227843117957,579,0.027265054904320674,302.9211671612265,210.0,88.0,432.0
상주__연령대_10_상주인구_수,numeric,20231,20214,20268,0.003749753305703572,579,0.027725341031166754,302.55254556259905,210.0,88.0,432.0
상주__연령대_20_상주인구_수,numeric,20214,20214,20412,0.0037722908093278463,824,0.0,626.1294811900664,464.0,216.0,881.0
상주__연령대_20_상주인구_수,numeric,20221,20214,20336,0.003737214791502754,824,2.3138632761182865e-05,626.529368213228,464.0,216.0,882.5
상주__연령대_20_상주인구_수,numeric,20222,20214,20338,0.0037860163241223324,824,3.4168243042597064e-05,625.59863777701,464.0,216.0,881.0
상주__연령대_20_상주인구_수,numeric,20223,20214,20336,0.0037863886703383164,824,5.665514574403465e-05,625.0580482748408,464.0,215.0,875.0
상주__연령대_20_상주인구_수,numeric,20224,20214,20321,0.004970227843117957,624,0.4377304071461534,347.21612265084076,263.0,110.0,491.0
상주__연령대_20_상주인구_수,numeric,20231,20214,20268,0.003749753305703572,624,0.4376454497089648,346.859102614897,263.0,109.0,491.0
상주__연령대_30_상주인구_수,numeric,20214,20214,20412,0.0037722908093278463,773,0.0,582.6105237275633,429.0,198.0,816.0
상주__연령대_30_상주인구_수,numeric,20221,20214,20336,0.003737214791502754,772,1.954359827860395e-05,583.0730009871668,429.0,197.75,816.0
상주__연령대_30_상주인구_수,numeric,20222,20214,20338,0.0037860163241223324,772,2.225278540197807e-05,581.7447806130003,429.0,197.0,816.0
상주__연령대_30_상주인구_수,numeric,20223,20214,20336,0.0037863886703383164,773,5.139070970476035e-05,581.1839182585518,429.0,197.0,816.0
상주__연령대_30_상주인구_수,numeric,20224,20214,20321,0.004970227843117957,803,0.007315530050408453,607.5527200791296,452.0,205.0,844.0
상주__연령대_30_상주인구_수,numeric,20231,20214,20268,0.003749753305703572,804,0.006755353680935431,606.6736826465927,450.0,205.0,844.0
상주__연령대_40_상주인구_수,numeric,20214,20214,20412,0.0037722908093278463,742,0.0,489.41617900172116,380.0,183.0,691.0
상주__연령대_40_상주인구_수,numeric,20221,20214,20336,0.003737214791502754,742,2.6246721124728114e-05,489.925222112537,380.0,178.0,691.0
상주__연령대_40_상주인구_수,numeric,20222,20214,20338,0.0037860163241223324,740,1.6864236105939233e-05,488.77651646019444,380.0,178.0,688.0
상주__연령대_40_상주인구_수,numeric,20223,20214,20336,0.0037863886703383164,740,4.836432576150496e-05,488.195073794363,379.0,177.0,683.0
상주__연령대_40_상주인구_수,numeric,20224,20214,20321,0.004970227843117957,771,0.026705858323136877,538.2019287833828,404.0,182.0,750.0
상주__연령대_40_상주인구_수,numeric,20231,20214,20268,0.003749753305703572,771,0.026198663583039385,537.2954635499208,403.0,182.0,750.0
상주__연령대_50_상주인구_수,numeric,20214,20214,20412,0.0037722908093278463,766,0.0,508.8922547332186,391.0,189.0,721.0
상주__연령대_50_상주인구_수,numeric,20221,20214,20336,0.003737214791502754,766,2.0491557805491773e-05,509.05315893385983,387.0,188.0,721.0
상주__연령대_50_상주인구_수,numeric,20222,20214,20338,0.0037860163241223324,766,2.5303183773699344e-05,507.93016139381075,387.0,188.0,718.0
상주__연령대_50_상주인구_수,numeric,20223,20214,20336,0.0037863886703383164,766,6.452317600085405e-05,507.2538624808727,387.0,186.0,718.0
상주__연령대_50_상주인구_수,numeric,20224,20214,20321,0.004970227843117957,770,0.01042295716771744,511.0298714144412,381.0,178.0,730.0
상주__연령대_50_상주인구_수,numeric,20231,20214,20268,0.003749753305703572,769,0.010580675557494191,510.40768621236134,381.0,178.0,730.0
상주__연령대_60_이상_상주인구_수,numeric,20214,20214,20412,0.0037722908093278463,930,0.0,782.0330956478978,614.0,288.0,1120.0
상주__연령대_60_이상_상주인구_수,numeric,20221,20214,20336,0.003737214791502754,929,1.858976838261276e-05,782.0398815399802,612.0,288.0,1120.0
상주__연령대_60_이상_상주인구_수,numeric,20222,20214,20338,0.0037860163241223324,929,1.2628043035159719e-05,780.4995804748038,612.0,287.0,1113.0
상주__연령대_60_이상_상주인구_수,numeric,20223,20214,20336,0.0037863886703383164,931,5.262444422184599e-05,779.1792783454267,612.0,286.0,1113.0
상주__연령대_60_이상_상주인구_수,numeric,20224,20214,20321,0.004970227843117957,985,0.055926348464789256,934.0301681503462,733.0,333.5,1323.0
상주__연령대_60_이상_상주인구_수,numeric,20231,20214,20268,0.003749753305703572,988,0.05520144696929176,932.8155705229794,732.0,332.0,1317.0
상주__남성연령대_10_상주인구_수,numeric,20214,20214,20412,0.0037722908093278463,414,0.0,176.23550528645194,127.0,52.0,247.0
상주__남성연령대_10_상주인구_수,numeric,20221,20214,20336,0.003737214791502754,414,2.9933332533260232e-05,176.4974333662389,127.0,52.0,247.0
상주__남성연령대_10_상주인구_수,numeric,20222,20214,20338,0.0037860163241223324,414,2.367035481771382e-05,175.9609101228962,127.0,52.0,245.0
상주__남성연령대_10_상주인구_수,numeric,20223,20214,20336,0.0037863886703383164,414,5.2546276579831284e-05,175.82827385359593,127.0,51.0,245.0
상주__남성연령대_10_상주인구_수,numeric,20224,20214,20321,0.004970227843117957,392,0.024439947364809016,155.96498516320474,108.0,45.0,220.0
상주__남성연령대_10_상주인구_수,numeric,20231,20214,20268,0.003749753305703572,392,0.02452381875824491,155.77763470681458,108.0,45.0,220.0
상주__남성연령대_20_상주인구_수,numeric,20214,20214,20412,0.0037722908093278463,554,0.0,288.0916646176543,218.0,100.0,402.0
상주__남성연령대_20_상주인구_수,numeric,20221,20214,20336,0.003737214791502754,554,3.180803062178311e-05,288.21771964461993,218.0,100.0,402.0
상주__남성연령대_20_상주인구_수,numeric,20222,20214,20338,0.0037860163241223324,554,4.34943002015345e-05,287.7898425546617,218.0,100.0,401.0
상주__남성연령대_20_상주인구_수,numeric,20223,20214,20336,0.0037863886703383164,554,6.822745355550569e-05,287.47672639320797,218.0,99.0,401.0
상주__남성연령대_20_상주인구_수,numeric,20224,20214,20321,0.004970227843117957,412,0.2990516023826154,173.19075173095945,130.0,54.0,245.0
상주__남성연령대_20_상주인구_수,numeric,20231,20214,20268,0.003749753305703572,412,0.29976803586891393,172.9883617274168,130.0,54.0,245.0
상주__남성연령대_30_상주인구_수,numeric,20214,20214,20412,0.0037722908093278463,542,0.0,299.8157364150479,222.0,104.0,417.0
상주__남성연령대_30_상주인구_수,numeric,20221,20214,20336,0.003737214791502754,542,1.7183373450457598e-05,299.98820335636725,222.0,103.0,417.0
상주__남성연령대_30_상주인구_수,numeric,20222,20214,20338,0.0037860163241223324,542,2.772743494356703e-05,299.30052810818813,221.0,103.0,416.0
상주__남성연령대_30_상주인구_수,numeric,20223,20214,20336,0.0037863886703383164,542,4.636072424091676e-05,298.9761587442618,222.0,102.0,416.0
상주__남성연령대_30_상주인구_수,numeric,20224,20214,20321,0.004970227843117957,554,0.002111206306650054,298.0225519287834,219.0,99.0,410.0
상주__남성연령대_30_상주인구_수,numeric,20231,20214,20268,0.003749753305703572,554,0.0017649253193502724,297.6326267828843,219.0,99.0,410.0
상주__남성연령대_40_상주인구_수,numeric,20214,20214,20412,0.0037722908093278463,500,0.0,250.20565527415786,199.0,95.0,359.0
상주__남성연령대_40_상주인구_수,numeric,20221,20214,20336,0.003737214791502754,500,3.452868272987763e-05,250.38948667324777,199.0,94.75,359.0
상주__남성연령대_40_상주인구_수,numeric,20222,20214,20338,0.0037860163241223324,500,3.442919095301061e-05,249.81614925225804,199.0,94.0,355.0
상주__남성연령대_40_상주인구_수,numeric,20223,20214,20336,0.0037863886703383164,500,6.508756907375102e-05,249.49158398736364,199.0,94.0,355.0
상주__남성연령대_40_상주인구_수,numeric,20224,20214,20321,0.004970227843117957,526,0.02882059677214415,278.33491592482693,210.0,93.0,390.0
상주__남성연령대_40_상주인구_수,numeric,20231,20214,20268,0.003749753305703572,526,0.0279455421265556,277.86143026941363,210.0,93.0,390.0
상주__남성연령대_50_상주인구_수,numeric,20214,20214,20412,0.0037722908093278463,511,0.0,257.60452421932627,203.0,99.0,364.0
상주__남성연령대_50_상주인구_수,numeric,20221,20214,20336,0.003737214791502754,511,8.615864455467471e-06,257.6451135241856,202.0,99.0,364.0
상주__남성연령대_50_상주인구_수,numeric,20222,20214,20338,0.0037860163241223324,511,1.6393733432855058e-05,257.1650461477716,201.0,99.0,364.0
상주__남성연령대_50_상주인구_수,numeric,20223,20214,20336,0.0037863886703383164,511,7.797244916655764e-05,256.8265462263685,201.0,97.0,361.5
상주__남성연령대_50_상주인구_수,numeric,20224,20214,20321,0.004970227843117957,517,0.0074173075506533395,259.7431256181998,199.0,95.0,370.0
상주__남성연령대_50_상주인구_수,numeric,20231,20214,20268,0.003749753305703572,517,0.007418200831784056,259.4460182250396,198.0,95.0,370.0
상주__남성연령대_60_이상_상주인구_수,numeric,20214,20214,20412,0.0037722908093278463,623,0.0,359.03752151462993,279.0,137.0,506.0
상주__남성연령대_60_이상_상주인구_수,numeric,20221,20214,20336,0.003737214791502754,623,1.5670540286049343e-05,359.0029615004936,279.0,137.0,506.0
상주__남성연령대_60_이상_상주인구_수,numeric,20222,20214,20338,0.0037860163241223324,623,3.2154089348799055e-05,358.2941118404817,279.0,137.0,506.0
상주__남성연령대_60_이상_상주인구_수,numeric,20223,20214,20336,0.0037863886703383164,623,5.829296151881587e-05,357.76489461473915,277.0,135.0,506.0
상주__남성연령대_60_이상_상주인구_수,numeric,20224,20214,20321,0.004970227843117957,703,0.0562427645137385,438.1797230464886,340.0,166.0,615.0
상주__남성연령대_60_이상_상주인구_수,numeric,20231,20214,20268,0.003749753305703572,704,0.05554375844887835,437.65768621236134,339.0,166.0,614.0
상주__여성연령대_10_상주인구_수,numeric,20214,20214,20412,0.0037722908093278463,400,0.0,168.55815097123187,124.0,51.0,232.0
상주__여성연령대_10_상주인구_수,numeric,20221,20214,20336,0.003737214791502754,400,2.8922241438602e-05,168.8030602171767,124.0,51.0,232.0
상주__여성연령대_10_상주인구_수,numeric,20222,20214,20338,0.0037860163241223324,400,3.305824543709656e-05,168.28937367356005,123.0,51.0,232.0
상주__여성연령대_10_상주인구_수,numeric,20223,20214,20336,0.0037863886703383164,400,7.943654825847271e-05,168.17192358951576,123.0,51.0,232.0
상주__여성연령대_10_상주인구_수,numeric,20224,20214,20321,0.004970227843117957,380,0.038300572373067665,146.95618199802175,102.0,42.0,210.0
상주__여성연령대_10_상주인구_수,numeric,20231,20214,20268,0.003749753305703572,380,0.03886136522499087,146.77491085578447,101.0,42.0,210.0
상주__여성연령대_20_상주인구_수,numeric,20214,20214,20412,0.0037722908093278463,580,0.0,338.0378165724121,240.0,110.0,451.0
상주__여성연령대_20_상주인구_수,numeric,20221,20214,20336,0.003737214791502754,580,2.0097343553886576e-05,338.3116485686081,240.0,110.0,452.25
상주__여성연령대_20_상주인구_수,numeric,20222,20214,20338,0.0037860163241223324,580,2.2531955537406878e-05,337.80879522234835,240.0,110.0,451.0
상주__여성연령대_20_상주인구_수,numeric,20223,20214,20336,0.0037863886703383164,580,5.302281826840732e-05,337.58132188163285,240.0,110.0,451.0
상주__여성연령대_20_상주인구_수,numeric,20224,20214,20321,0.004970227843117957,407,0.6839882092283449,174.0253709198813,132.0,56.0,252.0
상주__여성연령대_20_상주인구_수,numeric,20231,20214,20268,0.003749753305703572,407,0.6801568542854406,173.8707408874802,132.0,56.0,252.0
상주__여성연령대_30_상주인구_수,numeric,20214,20214,20412,0.0037722908093278463,529,0.0,282.7947873125154,203.0,92.0,383.0
상주__여성연령대_30_상주인구_수,numeric,20221,20214,20336,0.003737214791502754,529,4.472505823652409e-05,283.0847976307996,203.0,92.0,383.5
상주__여성연령대_30_상주인구_수,numeric,20222,20214,20338,0.0037860163241223324,529,3.593526739498598e-05,282.4442525048122,202.0,92.0,383.0
상주__여성연령대_30_상주인구_수,numeric,20223,20214,20336,0.0037863886703383164,529,2.0867638812482233e-05,282.20775951428993,203.0,92.0,383.0
상주__여성연령대_30_상주인구_수,numeric,20224,20214,20321,0.004970227843117957,554,0.01346540494188728,309.5301681503462,228.0,105.0,427.0
상주__여성연령대_30_상주인구_수,numeric,20231,20214,20268,0.003749753305703572,554,0.01270572168080355,309.0410558637084,226.0,104.0,427.0
상주__여성연령대_40_상주인구_수,numeric,20214,20214,20412,0.0037722908093278463,487,0.0,239.21052372756333,182.0,86.0,344.0
상주__여성연령대_40_상주인구_수,numeric,20221,20214,20336,0.003737214791502754,486,2.6772753980033092e-05,239.53573543928923,182.0,85.0,344.0
상주__여성연령대_40_상주인구_수,numeric,20222,20214,20338,0.0037860163241223324,486,2.0492779555893433e-05,238.96036720793643,182.0,85.0,344.0
상주__여성연령대_40_상주인구_수,numeric,20223,20214,20336,0.0037863886703383164,487,5.391231672130165e-05,238.70348980699936,182.0,85.0,343.5
상주__여성연령대_40_상주인구_수,numeric,20224,20214,20321,0.004970227843117957,515,0.023448020407794923,259.8670128585559,193.0,90.0,365.0
상주__여성연령대_40_상주인구_수,numeric,20231,20214,20268,0.003749753305703572,515,0.022934640175301977,259.43403328050715,192.0,89.0,365.0
상주__여성연령대_50_상주인구_수,numeric,20214,20214,20412,0.0037722908093278463,518,0.0,251.2877305138923,189.0,86.0,358.0
상주__여성연령대_50_상주인구_수,numeric,20221,20214,20336,0.003737214791502754,518,2.5620627135501355e-05,251.40804540967423,188.0,85.0,358.0
상주__여성연령대_50_상주인구_수,numeric,20222,20214,20338,0.0037860163241223324,518,3.046741849804388e-05,250.7651152460392,188.0,85.0,358.0
상주__여성연령대_50_상주인구_수,numeric,20223,20214,20336,0.0037863886703383164,518,7.690297203616635e-05,250.42731625450418,188.0,85.0,358.0
상주__여성연령대_50_상주인구_수,numeric,20224,20214,20321,0.004970227843117957,522,0.007242263818670564,251.28674579624135,186.0,83.0,355.0
상주__여성연령대_50_상주인구_수,numeric,20231,20214,20268,0.003749753305703572,522,0.007198584396473847,250.9616679873217,186.0,83.0,355.0
상주__여성연령대_60_이상_상주인구_수,numeric,20214,20214,20412,0.0037722908093278463,712,0.0,422.9955741332678,326.0,150.0,606.0
상주__여성연령대_60_이상_상주인구_수,numeric,20221,20214,20336,0.003737214791502754,712,1.867339274778296e-05,423.0369200394867,325.0,149.0,606.0
상주__여성연령대_60_이상_상주인구_수,numeric,20222,20214,20338,0.0037860163241223324,712,1.8765801989004846e-05,422.2054686343221,325.0,149.0,605.0
상주__여성연령대_60_이상_상주인구_수,numeric,20223,20214,20336,0.0037863886703383164,712,4.847931308625606e-05,421.4143837306876,324.0,148.0,605.0
상주__여성연령대_60_이상_상주인구_수,numeric,20224,20214,20321,0.004970227843117957,753,0.03743001963265858,495.85044510385757,382.0,170.0,710.0
상주__여성연령대_60_이상_상주인구_수,numeric,20231,20214,20268,0.003749753305703572,754,0.0367785773840991,495.15788431061804,381.0,169.0,710.0
상주__총_가구_수,numeric,20214,20214,20412,0.0037722908093278463,1175,0.0,1840.4050651585935,1475.0,703.0,2612.0
상주__총_가구_수,numeric,20221,20214,20336,0.003737214791502754,1176,1.4383141838011867e-05,1841.0040967423495,1472.0,701.0,2612.0
상주__총_가구_수,numeric,20222,20214,20338,0.0037860163241223324,1173,2.2018853823317795e-05,1838.1435269730023,1472.0,701.0,2602.0
상주__총_가구_수,numeric,20223,20214,20336,0.0037863886703383164,1172,5.536126415306581e-05,1835.798311861395,1472.0,700.0,2602.0
상주__총_가구_수,numeric,20224,20214,20321,0.004970227843117957,1174,0.0003625482823989317,1839.7816518298714,1472.0,702.0,2612.0
상주__총_가구_수,numeric,20231,20214,20268,0.003749753305703572,1175,4.673960039643886e-05,1837.7805566561015,1472.0,701.0,2612.0
상주__아파트_가구_수,numeric,20214,20214,20412,0.0037722908093278463,1,0.0,0.0,0.0,0.0,0.0
상주__아파트_가구_수,numeric,20221,20214,20336,0.003737214791502754,1,0.0,0.0,0.0,0.0,0.0
상주__아파트_가구_수,numeric,20222,20214,20338,0.0037860163241223324,1,0.0,0.0,0.0,0.0,0.0
상주__아파트_가구_수,numeric,20223,20214,20336,0.0037863886703383164,1,0.0,0.0,0.0,0.0,0.0
상주__아파트_가구_수,numeric,20224,20214,20321,0.004970227843117957,1,0.0,0.0,0.0,0.0,0.0
상주__아파트_가구_수,numeric,20231,20214,20268,0.003749753305703572,1,0.0,0.0,0.0,0.0,0.0
상주__비_아파트_가구_수,numeric,20214,20214,20412,0.0037722908093278463,1175,0.0,1840.4050651585935,1475.0,703.0,2612.0
상주__비_아파트_가구_수,numeric,20221,20214,20336,0.003737214791502754,1176,1.4383141838011867e-05,1841.0040967423495,1472.0,701.0,2612.0
상주__비_아파트_가구_수,numeric,20222,20214,20338,0.0037860163241223324,1173,2.2018853823317795e-05,1838.1435269730023,1472.0,701.0,2602.0
상주__비_아파트_가구_수,numeric,20223,20214,20336,0.0037863886703383164,1172,5.536126415306581e-05,1835.798311861395,1472.0,700.0,2602.0
상주__비_아파트_가구_수,numeric,20224,20214,20321,0.004970227843117957,1174,0.0003625482823989317,1839.7816518298714,1472.0,702.0,2612.0
상주__비_아파트_가구_수,numeric,20231,20214,20268,0.003749753305703572,1175,4.673960039643886e-05,1837.7805566561015,1472.0,701.0,2612.0
상주__결합_여부,numeric,20214,20214,20412,0.0,2,,0.9962277091906722,1.0,1.0,1.0
상주__결합_여부,numeric,20221,20214,20336,0.0,2,,0.9962627852084972,1.0,1.0,1.0
상주__결합_여부,numeric,20222,20214,20338,0.0,2,,0.9962139836758777,1.0,1.0,1.0
상주__결합_여부,numeric,20223,20214,20336,0.0,2,,0.9962136113296617,1.0,1.0,1.0
상주__결합_여부,numeric,20224,20214,20321,0.0,2,,0.995029772156882,1.0,1.0,1.0
상주__결합_여부,numeric,20231,20214,20268,0.0,2,,0.9962502466942964,1.0,1.0,1.0
직장__총_직장_인구_수,numeric,20214,20214,20412,0.0014697236919459142,1061,0.0,6400.4866058286725,986.0,435.0,4523.0
직장__총_직장_인구_수,numeric,20221,20214,20336,0.0014260424862313139,1060,1.4133053688004802e-05,6402.369675481361,990.0,435.0,4523.0
직장__총_직장_인구_수,numeric,20222,20214,20338,0.0013767332087717573,1060,1.462894791375983e-05,6413.660758247169,990.0,436.0,4523.0
직장__총_직장_인구_수,numeric,20223,20214,20336,0.0014260424862313139,1062,3.6173417302228506e-05,6406.59624759935,986.0,434.0,4448.0
직장__총_직장_인구_수,numeric,20224,20214,20321,0.00221445794990404,1050,0.0028597355906495457,6128.633902150325,949.0,416.0,3932.0
직장__총_직장_인구_수,numeric,20231,20214,20268,0.002220248667850799,1051,0.0027348974248535256,6130.531820204717,950.0,416.0,3932.0
직장__남성_직장_인구_수,numeric,20214,20214,20412,0.0014697236919459142,903,0.0,3910.731576881562,590.0,248.0,2519.0
직장__남성_직장_인구_수,numeric,20221,20214,20336,0.0014260424862313139,903,1.1283085362433632e-05,3910.7987885950656,591.0,249.0,2519.0
직장__남성_직장_인구_수,numeric,20222,20214,20338,0.0013767332087717573,903,1.795918853265249e-05,3917.2508124076808,591.0,249.0,2519.0
직장__남성_직장_인구_수,numeric,20223,20214,20336,0.0014260424862313139,905,2.8096090215779346e-05,3911.0516570640666,590.0,248.0,2519.0
직장__남성_직장_인구_수,numeric,20224,20214,20321,0.00221445794990404,869,0.0060898659823587515,3739.051637403827,566.0,239.0,2376.0
직장__남성_직장_인구_수,numeric,20231,20214,20268,0.002220248667850799,868,0.006147300943634277,3737.2028878010187,566.0,239.0,2376.0
직장__여성_직장_인구_수,numeric,20214,20214,20412,0.0014697236919459142,759,0.0,2489.75502894711,405.0,174.0,1753.0
직장__여성_직장_인구_수,numeric,20221,20214,20336,0.0014260424862313139,759,1.1840953842215419e-05,2491.5708868862953,405.0,174.0,1753.0
직장__여성_직장_인구_수,numeric,20222,20214,20338,0.0013767332087717573,759,2.9809082421637703e-05,2496.409945839488,405.0,175.0,1767.0
직장__여성_직장_인구_수,numeric,20223,20214,20336,0.0014260424862313139,760,6.192569038934721e-05,2495.5445905352835,401.0,174.0,1740.0
직장__여성_직장_인구_수,numeric,20224,20214,20321,0.00221445794990404,758,0.004508890788251077,2389.5822647464984,390.0,166.0,1577.0
직장__여성_직장_인구_수,numeric,20231,20214,20268,0.002220248667850799,758,0.004498048222540458,2393.3289324036987,390.0,166.0,1577.0
직장__연령대_10_직장_인구_수,numeric,20214,20214,20412,0.0014697236919459142,86,0.0,17.343979982337355,0.0,0.0,2.0
직장__연령대_10_직장_인구_수,numeric,20221,20214,20336,0.0014260424862313139,86,3.0644539270316014e-06,17.33564780617521,0.0,0.0,2.0
직장__연령대_10_직장_인구_수,numeric,20222,20214,20338,0.0013767332087717573,86,1.009364556372836e-05,17.375135401280158,0.0,0.0,2.0
직장__연령대_10_직장_인구_수,numeric,20223,20214,20336,0.0014260424862313139,86,2.1963516683599143e-06,17.39459299748855,0.0,0.0,2.0
직장__연령대_10_직장_인구_수,numeric,20224,20214,20321,0.00221445794990404,81,0.006099205891474575,15.313917932531071,0.0,0.0,0.0
직장__연령대_10_직장_인구_수,numeric,20231,20214,20268,0.002220248667850799,81,0.00599584567048935,15.324679820006923,0.0,0.0,0.0
직장__연령대_20_직장_인구_수,numeric,20214,20214,20412,0.0014697236919459142,541,0.0,1187.122264743401,143.0,49.0,723.0
직장__연령대_20_직장_인구_수,numeric,20221,20214,20336,0.0014260424862313139,540,1.2366506659637591e-05,1187.7610676121535,143.0,49.0,725.5
직장__연령대_20_직장_인구_수,numeric,20222,20214,20338,0.0013767332087717573,540,1.7013213087177963e-05,1190.591383554899,143.0,49.0,730.0
직장__연령대_20_직장_인구_수,numeric,20223,20214,20336,0.0014260424862313139,541,2.3319118159802518e-05,1189.5723149652829,143.0,49.0,723.0
직장__연령대_20_직장_인구_수,numeric,20224,20214,20321,0.00221445794990404,524,0.008582906719020681,1135.625123298481,136.0,45.0,647.0
직장__연령대_20_직장_인구_수,numeric,20231,20214,20268,0.002220248667850799,524,0.00853274862186898,1135.9598476981655,136.0,45.0,647.0
직장__연령대_30_직장_인구_수,numeric,20214,20214,20412,0.0014697236919459142,626,0.0,1877.329310175645,227.0,91.0,1104.0
직장__연령대_30_직장_인구_수,numeric,20221,20214,20336,0.0014260424862313139,626,1.6651360938966426e-05,1877.432363224504,228.0,91.0,1104.0
직장__연령대_30_직장_인구_수,numeric,20222,20214,20338,0.0013767332087717573,626,2.3611346819545195e-05,1882.2516001969473,228.0,91.0,1104.0
직장__연령대_30_직장_인구_수,numeric,20223,20214,20336,0.0014260424862313139,627,4.512272446499501e-05,1879.9439109666616,227.0,91.0,1099.5
직장__연령대_30_직장_인구_수,numeric,20224,20214,20321,0.00221445794990404,619,0.006516540132871734,1799.6627539948709,224.5,87.0,1026.0
직장__연령대_30_직장_인구_수,numeric,20231,20214,20268,0.002220248667850799,619,0.006672629570396811,1799.7825742965929,225.0,87.0,1026.0
직장__연령대_40_직장_인구_수,numeric,20214,20214,20412,0.0014697236919459142,649,0.0,1627.7471298204298,247.0,108.0,1096.0
직장__연령대_40_직장_인구_수,numeric,20221,20214,20336,0.0014260424862313139,648,2.084934154691835e-05,1627.8932387846555,248.0,108.0,1096.0
직장__연령대_40_직장_인구_수,numeric,20222,20214,20338,0.0013767332087717573,648,3.398792140838507e-05,1630.6924175283111,248.0,108.0,1098.0
직장__연령대_40_직장_인구_수,numeric,20223,20214,20336,0.0014260424862313139,649,4.279836821188335e-05,1628.7208351799873,247.0,107.0,1096.0
직장__연령대_40_직장_인구_수,numeric,20224,20214,20321,0.00221445794990404,607,0.0037295018614638643,1561.2117774709016,231.0,104.75,1000.0
직장__연령대_40_직장_인구_수,numeric,20231,20214,20268,0.002220248667850799,608,0.0035352272650156294,1561.3974187805964,231.0,105.0,1000.0
직장__연령대_50_직장_인구_수,numeric,20214,20214,20412,0.0014697236919459142,617,0.0,1170.0383671867335,227.0,104.0,910.0
직장__연령대_50_직장_인구_수,numeric,20221,20214,20336,0.0014260424862313139,617,9.227294796410727e-06,1170.6277638252818,227.0,104.0,910.0
직장__연령대_50_직장_인구_수,numeric,20222,20214,20338,0.0013767332087717573,617,9.981758084756036e-06,1171.2821762678484,227.0,104.0,910.0
직장__연령대_50_직장_인구_수,numeric,20223,20214,20336,0.0014260424862313139,617,3.115605367061637e-05,1170.2240606687349,227.0,103.5,910.0
직장__연령대_50_직장_인구_수,numeric,20224,20214,20321,0.00221445794990404,590,0.008715112315761116,1122.8146084040245,219.0,101.0,814.0
직장__연령대_50_직장_인구_수,numeric,20231,20214,20268,0.002220248667850799,589,0.008644018180081934,1123.381100726895,220.0,101.0,814.0
직장__연령대_60_이상_직장_인구_수,numeric,20214,20214,20412,0.0014697236919459142,470,0.0,520.9055539201256,143.0,60.0,496.0
직장__연령대_60_이상_직장_인구_수,numeric,20221,20214,20336,0.0014260424862313139,470,1.6281547434873988e-05,521.3195942285911,143.0,60.0,496.0
직장__연령대_60_이상_직장_인구_수,numeric,20222,20214,20338,0.0013767332087717573,470,2.912099115454743e-05,521.4680452978828,143.0,60.0,496.0
직장__연령대_60_이상_직장_인구_수,numeric,20223,20214,20336,0.0014260424862313139,470,6.361540465568805e-05,520.7405328211946,142.0,60.0,487.0
직장__연령대_60_이상_직장_인구_수,numeric,20224,20214,20321,0.00221445794990404,457,0.010913288623049128,494.0057210495167,138.0,56.0,455.0
직장__연령대_60_이상_직장_인구_수,numeric,20231,20214,20268,0.002220248667850799,457,0.010899297995010411,494.6861988824606,139.0,56.0,453.0
직장__남성연령대_10_직장_인구_수,numeric,20214,20214,20412,0.0014697236919459142,54,0.0,7.041703463840643,0.0,0.0,0.0
직장__남성연령대_10_직장_인구_수,numeric,20221,20214,20336,0.0014260424862313139,54,2.890362568850727e-06,7.032599596198355,0.0,0.0,0.0
직장__남성연령대_10_직장_인구_수,numeric,20222,20214,20338,0.0013767332087717573,54,1.061551220752131e-05,7.039094042343673,0.0,0.0,0.0
직장__남성연령대_10_직장_인구_수,numeric,20223,20214,20336,0.0014260424862313139,54,1.9330279912987057e-06,7.039936967548136,0.0,0.0,0.0
직장__남성연령대_10_직장_인구_수,numeric,20224,20214,20321,0.00221445794990404,54,0.010258961799532782,6.101696587098047,0.0,0.0,0.0
직장__남성연령대_10_직장_인구_수,numeric,20231,20214,20268,0.002220248667850799,54,0.010129287743617791,6.10641348959106,0.0,0.0,0.0
직장__남성연령대_20_직장_인구_수,numeric,20214,20214,20412,0.0014697236919459142,377,0.0,545.2171523893632,62.0,20.0,322.0
직장__남성연령대_20_직장_인구_수,numeric,20221,20214,20336,0.0014260424862313139,377,1.738574920656638e-05,545.4315260747526,63.0,20.0,322.0
직장__남성연령대_20_직장_인구_수,numeric,20222,20214,20338,0.0013767332087717573,377,2.6040857641952443e-05,546.3895617922205,63.0,20.0,322.0
직장__남성연령대_20_직장_인구_수,numeric,20223,20214,20336,0.0014260424862313139,377,1.6834094004898905e-05,545.78613286059,63.0,20.0,322.0
직장__남성연령대_20_직장_인구_수,numeric,20224,20214,20321,0.00221445794990404,387,0.0051476543639759655,519.9847109883606,60.0,19.0,291.0
직장__남성연령대_20_직장_인구_수,numeric,20231,20214,20268,0.002220248667850799,387,0.005105139290424974,519.7050388171883,60.0,19.0,291.0
직장__남성연령대_30_직장_인구_수,numeric,20214,20214,20412,0.0014697236919459142,515,0.0,1137.424786576391,132.0,51.0,633.0
직장__남성연령대_30_직장_인구_수,numeric,20221,20214,20336,0.0014260424862313139,515,1.0926394878942384e-05,1137.0823361402472,132.0,51.0,633.0
직장__남성연령대_30_직장_인구_수,numeric,20222,20214,20338,0.0013767332087717573,515,2.0547509952080114e-05,1139.6992122107335,132.0,51.0,638.0
직장__남성연령대_30_직장_인구_수,numeric,20223,20214,20336,0.0014260424862313139,516,4.715158964515574e-05,1137.8241493081202,132.0,51.0,625.0
직장__남성연령대_30_직장_인구_수,numeric,20224,20214,20321,0.00221445794990404,500,0.010476414943492265,1087.6935292957191,128.0,47.0,613.0
직장__남성연령대_30_직장_인구_수,numeric,20231,20214,20268,0.002220248667850799,500,0.010247365876738882,1086.9887751569995,128.0,47.0,613.0
직장__남성연령대_40_직장_인구_수,numeric,20214,20214,20412,0.0014697236919459142,532,0.0,1083.623344127171,145.0,60.0,658.0
직장__남성연령대_40_직장_인구_수,numeric,20221,20214,20336,0.0014260424862313139,531,9.399305241804524e-06,1083.380016742995,145.0,60.0,658.0
직장__남성연령대_40_직장_인구_수,numeric,20222,20214,20338,0.0013767332087717573,531,1.91511249119107e-05,1085.3766617429837,145.0,60.0,658.0
직장__남성연령대_40_직장_인구_수,numeric,20223,20214,20336,0.0014260424862313139,531,4.106968903894112e-05,1083.4555079529227,144.0,60.0,650.0
직장__남성연령대_40_직장_인구_수,numeric,20224,20214,20321,0.00221445794990404,514,0.00505048408214291,1036.2829946735055,136.0,59.0,634.0
직장__남성연령대_40_직장_인구_수,numeric,20231,20214,20268,0.002220248667850799,513,0.004921315916277851,1035.6627107748602,136.0,59.0,634.0
직장__남성연령대_50_직장_인구_수,numeric,20214,20214,20412,0.0014697236919459142,502,0.0,783.5003925031891,139.0,61.0,573.0
직장__남성연령대_50_직장_인구_수,numeric,20221,20214,20336,0.0014260424862313139,502,1.7198947822705667e-05,783.6896144186734,139.0,61.0,572.0
직장__남성연령대_50_직장_인구_수,numeric,20222,20214,20338,0.0013767332087717573,502,1.577971390183721e-05,784.4719350073855,139.0,61.0,573.0
직장__남성연령대_50_직장_인구_수,numeric,20223,20214,20336,0.0014260424862313139,503,2.0044357480833157e-05,783.2046092480425,139.0,61.0,572.0
직장__남성연령대_50_직장_인구_수,numeric,20224,20214,20321,0.00221445794990404,487,0.004886882711784253,750.9815545472479,133.0,58.0,543.0
직장__남성연령대_50_직장_인구_수,numeric,20231,20214,20268,0.002220248667850799,486,0.0050098920005059305,750.3737823270534,133.0,58.0,543.0
직장__남성연령대_60_이상_직장_인구_수,numeric,20214,20214,20412,0.0014697236919459142,398,0.0,353.9241978216073,103.0,44.0,343.0
직장__남성연령대_60_이상_직장_인구_수,numeric,20221,20214,20336,0.0014260424862313139,398,1.3566107294310122e-05,354.1826956221992,104.0,44.0,343.0
직장__남성연령대_60_이상_직장_인구_수,numeric,20222,20214,20338,0.0013767332087717573,398,1.8585134429054953e-05,354.2743476120138,104.0,44.0,348.0
직장__남성연령대_60_이상_직장_인구_수,numeric,20223,20214,20336,0.0014260424862313139,398,2.3540929248096377e-05,353.74132072684296,103.0,43.0,343.0
직장__남성연령대_60_이상_직장_인구_수,numeric,20224,20214,20321,0.00221445794990404,391,0.0060868064535703585,338.0071513118958,101.0,42.0,317.0
직장__남성연령대_60_이상_직장_인구_수,numeric,20231,20214,20268,0.002220248667850799,391,0.006064152209905527,338.3661672353261,101.0,43.0,315.0
직장__여성연령대_10_직장_인구_수,numeric,20214,20214,20412,0.0014697236919459142,68,0.0,10.302276518496713,0.0,0.0,1.0
직장__여성연령대_10_직장_인구_수,numeric,20221,20214,20336,0.0014260424862313139,68,2.9823827208983653e-06,10.303048209976856,0.0,0.0,1.0
직장__여성연령대_10_직장_인구_수,numeric,20222,20214,20338,0.0013767332087717573,68,1.605341989312992e-05,10.336041358936484,0.0,0.0,1.0
직장__여성연령대_10_직장_인구_수,numeric,20223,20214,20336,0.0014260424862313139,68,2.7988762196863726e-06,10.354656029940415,0.0,0.0,1.0
직장__여성연령대_10_직장_인구_수,numeric,20224,20214,20321,0.00221445794990404,70,0.0020434239214533376,9.212221345433024,0.0,0.0,0.0
직장__여성연령대_10_직장_인구_수,numeric,20231,20214,20268,0.002220248667850799,70,0.002029504102898627,9.218266330415863,0.0,0.0,0.0
직장__여성연령대_20_직장_인구_수,numeric,20214,20214,20412,0.0014697236919459142,420,0.0,641.9051123540379,80.5,25.0,381.0
직장__여성연령대_20_직장_인구_수,numeric,20221,20214,20336,0.0014260424862313139,419,1.2711677162584308e-05,642.3295415374009,81.0,25.0,381.0
직장__여성연령대_20_직장_인구_수,numeric,20222,20214,20338,0.0013767332087717573,419,2.682943728136754e-05,644.2018217626785,81.0,25.0,381.0
직장__여성연령대_20_직장_인구_수,numeric,20223,20214,20336,0.0014260424862313139,420,3.66508496680792e-05,643.786182104693,80.0,25.0,376.0
직장__여성연령대_20_직장_인구_수,numeric,20224,20214,20321,0.00221445794990404,400,0.006222111727258571,615.6404123101204,77.0,24.0,329.0
직장__여성연령대_20_직장_인구_수,numeric,20231,20214,20268,0.002220248667850799,400,0.006211509561425704,616.2548088809771,77.0,24.0,336.0
직장__여성연령대_30_직장_인구_수,numeric,20214,20214,20412,0.0014697236919459142,442,0.0,739.9045235992543,96.0,38.0,435.5
직장__여성연령대_30_직장_인구_수,numeric,20221,20214,20336,0.0014260424862313139,442,1.0846581612376556e-05,740.3500270842567,97.0,38.0,431.0
직장__여성연령대_30_직장_인구_수,numeric,20222,20214,20338,0.0013767332087717573,442,1.7560786326326742e-05,742.5523879862137,97.0,38.0,437.0
직장__여성연령대_30_직장_인구_수,numeric,20223,20214,20336,0.0014260424862313139,443,4.818316151231209e-05,742.1197616585414,95.0,38.0,431.0
직장__여성연령대_30_직장_인구_수,numeric,20224,20214,20321,0.00221445794990404,427,0.003777551192267198,711.9692246991517,95.0,37.0,408.0
직장__여성연령대_30_직장_인구_수,numeric,20231,20214,20268,0.002220248667850799,427,0.003686146621709168,712.7937991395935,95.0,37.0,408.0
직장__여성연령대_40_직장_인구_수,numeric,20214,20214,20412,0.0014697236919459142,426,0.0,544.1237856932588,101.0,45.0,396.0
직장__여성연령대_40_직장_인구_수,numeric,20221,20214,20336,0.0014260424862313139,426,6.794988133890865e-06,544.5132220416605,101.0,45.0,396.0
직장__여성연령대_40_직장_인구_수,numeric,20222,20214,20338,0.0013767332087717573,426,1.617608475108798e-05,545.3157557853274,101.0,45.0,396.0
직장__여성연령대_40_직장_인구_수,numeric,20223,20214,20336,0.0014260424862313139,426,4.4156932040954854e-05,545.2653272270645,101.0,45.0,395.0
직장__여성연령대_40_직장_인구_수,numeric,20224,20214,20321,0.00221445794990404,413,0.008960605263599581,524.9287827973959,96.0,43.0,365.0
직장__여성연령대_40_직장_인구_수,numeric,20231,20214,20268,0.002220248667850799,413,0.008946975115144836,525.734708005736,96.0,43.0,365.0
직장__여성연령대_50_직장_인구_수,numeric,20214,20214,20412,0.0014697236919459142,387,0.0,386.5379746835443,89.0,39.0,316.0
직장__여성연령대_50_직장_인구_수,numeric,20221,20214,20336,0.0014260424862313139,387,1.4117542779344894e-05,386.93814940660855,89.0,39.0,316.0
직장__여성연령대_50_직장_인구_수,numeric,20222,20214,20338,0.0013767332087717573,387,4.150841563551546e-05,386.8102412604628,89.0,39.0,316.0
직장__여성연령대_50_직장_인구_수,numeric,20223,20214,20336,0.0014260424862313139,387,5.781207026961665e-05,387.01945142069235,89.0,39.0,314.0
직장__여성연령대_50_직장_인구_수,numeric,20224,20214,20321,0.00221445794990404,379,0.007335037415503654,371.8330538567765,86.0,37.0,292.0
직장__여성연령대_50_직장_인구_수,numeric,20231,20214,20268,0.002220248667850799,379,0.007022787269014646,373.0073183998418,86.0,37.0,292.0
직장__여성연령대_60_이상_직장_인구_수,numeric,20214,20214,20412,0.0014697236919459142,279,0.0,166.9813560985183,42.0,14.0,158.0
직장__여성연령대_60_이상_직장_인구_수,numeric,20221,20214,20336,0.0014260424862313139,279,1.6084257577426335e-05,167.1368986063919,42.0,14.0,158.0
직장__여성연령대_60_이상_직장_인구_수,numeric,20222,20214,20338,0.0013767332087717573,279,1.9370485852782484e-05,167.19369768586904,42.0,14.0,158.0
직장__여성연령대_60_이상_직장_인구_수,numeric,20223,20214,20336,0.0014260424862313139,279,2.6189898937820902e-05,166.9992120943517,42.0,14.0,156.0
직장__여성연령대_60_이상_직장_인구_수,numeric,20224,20214,20321,0.00221445794990404,260,0.010290915420603527,155.99856973762084,40.0,13.0,138.0
직장__여성연령대_60_이상_직장_인구_수,numeric,20231,20214,20268,0.002220248667850799,260,0.010025707432025919,156.32003164713444,40.0,13.0,138.0
직장__결합_여부,numeric,20214,20214,20412,0.0,2,,0.9985302763080541,1.0,1.0,1.0
직장__결합_여부,numeric,20221,20214,20336,0.0,2,,0.9985739575137687,1.0,1.0,1.0
직장__결합_여부,numeric,20222,20214,20338,0.0,2,,0.9986232667912283,1.0,1.0,1.0
직장__결합_여부,numeric,20223,20214,20336,0.0,2,,0.9985739575137687,1.0,1.0,1.0
직장__결합_여부,numeric,20224,20214,20321,0.0,2,,0.997785542050096,1.0,1.0,1.0
직장__결합_여부,numeric,20231,20214,20268,0.0,2,,0.9977797513321492,1.0,1.0,1.0
시설__집객시설_수,numeric,20214,20214,20412,0.007397609249461101,126,0.0,40.62060115492819,25.0,13.0,48.0
시설__집객시설_수,numeric,20221,20214,20336,0.007474429583005508,126,9.352706104176212e-06,40.619946492271104,25.0,13.0,48.0
시설__집객시설_수,numeric,20222,20214,20338,0.007473694561903825,126,1.0914208564642735e-05,40.726543148716935,25.0,13.0,48.0
시설__집객시설_수,numeric,20223,20214,20336,0.007474429583005508,126,1.9103716103888288e-05,40.72701149425287,25.0,13.0,48.0
시설__집객시설_수,numeric,20224,20214,20321,0.007479946853009203,126,6.112950223364514e-05,40.71376865486638,25.0,13.0,48.0
시설__집객시설_수,numeric,20231,20214,20268,0.007548845470692718,126,6.562470350505413e-05,40.74556301267711,25.0,13.0,48.0
시설__관공서_수,numeric,20214,20214,20412,0.43768371546149326,10,0.0,2.023784631468897,2.0,1.0,2.0
시설__관공서_수,numeric,20221,20214,20336,0.43809008654602677,10,1.6000809444394797e-06,2.023540736851317,2.0,1.0,2.0
시설__관공서_수,numeric,20222,20214,20338,0.43893204838233846,10,1.998773166027565e-05,2.0292700026290422,2.0,1.0,2.0
시설__관공서_수,numeric,20223,20214,20336,0.4397128245476003,10,2.398957954174314e-05,2.026592943654555,2.0,1.0,2.0
시설__관공서_수,numeric,20224,20214,20321,0.4390531962009744,10,9.131306105205827e-06,2.0253531011492236,2.0,1.0,2.0
시설__관공서_수,numeric,20231,20214,20268,0.43852378133017567,10,6.855420691588646e-06,2.0268892794376097,2.0,1.0,2.0
시설__은행_수,numeric,20214,20214,20412,0.4714873603762493,24,0.0,4.57100482017056,3.0,1.0,6.0
시설__은행_수,numeric,20221,20214,20336,0.471331628638867,24,6.560468887875397e-06,4.572690912473258,3.0,1.0,6.0
시설__은행_수,numeric,20222,20214,20338,0.47040023601140724,24,2.3705234926501525e-05,4.5786835019961005,3.0,1.0,6.0
시설__은행_수,numeric,20223,20214,20336,0.4702498033044847,24,3.4975429105341595e-05,4.579040193075281,3.0,1.0,6.0
시설__은행_수,numeric,20224,20214,20321,0.4700063973229664,24,4.2717076925439696e-05,4.582172701949861,3.0,1.0,6.0
시설__은행_수,numeric,20231,20214,20268,0.4694592461022301,24,4.290674104001151e-05,4.576211289872593,3.0,1.0,6.0
시설__종합병원_수,numeric,20214,20214,20412,0.975063688026651,2,,1.0589390962671905,1.0,1.0,1.0
시설__종합병원_수,numeric,20221,20214,20336,0.9750196695515342,2,,1.0590551181102361,1.0,1.0,1.0
시설__종합병원_수,numeric,20222,20214,20338,0.974825449896745,2,,1.05859375,1.0,1.0,1.0
시설__종합병원_수,numeric,20223,20214,20336,0.9751180173092053,2,,1.0592885375494072,1.0,1.0,1.0
시설__종합병원_수,numeric,20224,20214,20321,0.9752964913144038,2,,1.0597609561752988,1.0,1.0,1.0
시설__종합병원_수,numeric,20231,20214,20268,0.9752318926386422,2,,1.0617529880478087,1.0,1.0,1.0
시설__일반_병원_수,numeric,20214,20214,20412,0.8417597491671566,4,0.0,1.3743034055727554,1.0,1.0,2.0
시설__일반_병원_수,numeric,20221,20214,20336,0.8415617623918175,4,3.038476018816081e-07,1.3752327746741155,1.0,1.0,2.0
시설__일반_병원_수,numeric,20222,20214,20338,0.841331497689055,4,1.3898398518885143e-06,1.3746513789897739,1.0,1.0,2.0
시설__일반_병원_수,numeric,20223,20214,20336,0.8416601101494886,4,7.484637790039197e-08,1.375776397515528,1.0,1.0,2.0
시설__일반_병원_수,numeric,20224,20214,20321,0.8412479700802126,4,2.299638629143171e-06,1.374457532548047,1.0,1.0,2.0
시설__일반_병원_수,numeric,20231,20214,20268,0.8412275508190251,4,3.868829228083313e-06,1.3763206960845245,1.0,1.0,2.0
시설__약국_수,numeric,20214,20214,20412,0.14780521262002744,32,0.0,5.660707099741305,4.0,2.0,7.0
시설__약국_수,numeric,20221,20214,20336,0.14894767899291897,32,1.7980793448164858e-05,5.66724446755648,4.0,2.0,7.0
시설__약국_수,numeric,20222,20214,20338,0.14814632707247516,32,1.6457480715409616e-05,5.675670995670996,4.0,2.0,7.0
시설__약국_수,numeric,20223,20214,20336,0.1488985051140834,32,3.952085350265544e-05,5.6804945689854405,4.0,2.0,7.0
시설__약국_수,numeric,20224,20214,20321,0.149500516706855,32,5.616836344359603e-05,5.680321703407973,4.0,2.0,7.0
시설__약국_수,numeric,20231,20214,20268,0.1488553384645747,32,5.5770600328712546e-05,5.682627094081503,4.0,2.0,7.0
시설__유치원_수,numeric,20214,20214,20412,0.8812463256907701,5,0.0,1.1872937293729373,1.0,1.0,1.0
시설__유치원_수,numeric,20221,20214,20336,0.8812450826121164,5,3.4617106327171666e-06,1.186335403726708,1.0,1.0,1.0
시설__유치원_수,numeric,20222,20214,20338,0.8810109155275838,5,1.4029591865583903e-06,1.187190082644628,1.0,1.0,1.0
시설__유치원_수,numeric,20223,20214,20336,0.8813926042486231,5,3.4432725505383236e-06,1.187396351575456,1.0,1.0,1.0
시설__유치원_수,numeric,20224,20214,20321,0.8812558437084789,5,8.17580427711893e-06,1.185661002900953,1.0,1.0,1.0
시설__유치원_수,numeric,20231,20214,20268,0.8812413656996251,5,2.8879950631642885e-06,1.186123805567096,1.0,1.0,1.0
시설__초등학교_수,numeric,20214,20214,20412,0.9849598275524202,1,0.0,1.0,1.0,1.0,1.0
시설__초등학교_수,numeric,20221,20214,20336,0.9850019669551534,1,0.0,1.0,1.0,1.0,1.0
시설__초등학교_수,numeric,20222,20214,20338,0.9850034418330219,1,0.0,1.0,1.0,1.0,1.0
시설__초등학교_수,numeric,20223,20214,20336,0.9849527930763179,1,0.0,1.0,1.0,1.0,1.0
시설__초등학교_수,numeric,20224,20214,20321,0.9850401062939816,1,0.0,1.0,1.0,1.0,1.0
시설__초등학교_수,numeric,20231,20214,20268,0.9847049536214723,1,0.0,1.0,1.0,1.0,1.0
시설__중학교_수,numeric,20214,20214,20412,0.995933764452283,1,0.0,1.0,1.0,1.0,1.0
시설__중학교_수,numeric,20221,20214,20336,0.9959185680566484,1,0.0,1.0,1.0,1.0,1.0
시설__중학교_수,numeric,20222,20214,20338,0.9959189694168551,1,0.0,1.0,1.0,1.0,1.0
시설__중학교_수,numeric,20223,20214,20336,0.9958202202989772,1,0.0,1.0,1.0,1.0,1.0
시설__중학교_수,numeric,20224,20214,20321,0.9958663451601791,1,0.0,1.0,1.0,1.0,1.0
시설__중학교_수,numeric,20231,20214,20268,0.9958061969607263,1,0.0,1.0,1.0,1.0,1.0
시설__고등학교_수,numeric,20214,20214,20412,0.9918185381148344,2,,1.4191616766467066,1.0,1.0,1.0
시설__고등학교_수,numeric,20221,20214,20336,0.9918863099921322,2,,1.4242424242424243,1.0,1.0,1.0
시설__고등학교_수,numeric,20222,20214,20338,0.9917396007473694,2,,1.4285714285714286,1.0,1.0,1.0
시설__고등학교_수,numeric,20223,20214,20336,0.9915420928402833,2,,1.430232558139535,1.0,1.0,1.0
시설__고등학교_수,numeric,20224,20214,20321,0.9915358496137001,2,,1.430232558139535,1.0,1.0,1.0
시설__고등학교_수,numeric,20231,20214,20268,0.9913656996250246,2,,1.4228571428571428,1.0,1.0,1.0
시설__대학교_수,numeric,20214,20214,20412,0.9299431706839114,7,0.0,1.6132867132867132,1.0,1.0,2.0
시설__대학교_수,numeric,20221,20214,20336,0.9299763965381589,7,1.1381641875698424e-06,1.6165730337078652,1.0,1.0,2.0
시설__대학교_수,numeric,20222,20214,20338,0.9299341134821516,7,2.9422765236136473e-06,1.6203508771929824,1.0,1.0,2.0
시설__대학교_수,numeric,20223,20214,20336,0.9304681353265145,7,5.088507210158425e-06,1.6237623762376239,1.0,1.0,2.0
시설__대학교_수,numeric,20224,20214,20321,0.9299739186063678,7,6.537113291608141e-06,1.6275474349964862,1.0,1.0,2.0
시설__대학교_수,numeric,20231,20214,20268,0.9298401420959147,7,4.159482532162762e-06,1.6258790436005626,1.0,1.0,2.0
시설__백화점_수,numeric,20214,20214,20412,0.9814814814814815,2,,1.1031746031746033,1.0,1.0,1.0
시설__백화점_수,numeric,20221,20214,20336,0.981559795436664,2,,1.104,1.0,1.0,1.0
시설__백화점_수,numeric,20222,20214,20338,0.9815616088110926,2,,1.104,1.0,1.0,1.0
시설__백화점_수,numeric,20223,20214,20336,0.9813630999213218,2,,1.1029023746701847,1.0,1.0,1.0
시설__백화점_수,numeric,20224,20214,20321,0.981398553220806,2,,1.1031746031746033,1.0,1.0,1.0
시설__백화점_수,numeric,20231,20214,20268,0.9813005723307677,2,,1.1055408970976253,1.0,1.0,1.0
시설__슈퍼마켓_수,numeric,20214,20214,20412,0.9231334509112287,8,0.0,1.827278521351179,1.0,1.0,2.0
시설__슈퍼마켓_수,numeric,20221,20214,20336,0.923337922895358,8,1.0218361184913628e-05,1.8441308531109686,1.0,1.0,2.0
시설__슈퍼마켓_수,numeric,20222,20214,20338,0.9230012783951225,8,8.641709591936924e-06,1.8441890166028096,1.0,1.0,2.0
시설__슈퍼마켓_수,numeric,20223,20214,20336,0.9240263571990559,8,2.1043427859478538e-05,1.8433656957928803,1.0,1.0,2.0
시설__슈퍼마켓_수,numeric,20224,20214,20321,0.92446237881994,8,3.451745633754344e-05,1.8429967426710099,1.0,1.0,2.0
시설__슈퍼마켓_수,numeric,20231,20214,20268,0.9241661732780738,8,2.5743879898359758e-05,1.8392973324658426,1.0,1.0,2.0
시설__극장_수,numeric,20214,20214,20412,0.8815892612188908,5,0.0,1.4824162184526273,1.0,1.0,2.0
시설__극장_수,numeric,20221,20214,20336,0.8818843430369787,5,1.1735113205328943e-06,1.4837635303913406,1.0,1.0,2.0
시설__극장_수,numeric,20222,20214,20338,0.8814042678729472,5,9.76812948536602e-07,1.4854892205638475,1.0,1.0,2.0
시설__극장_수,numeric,20223,20214,20336,0.8809008654602675,5,6.3234248698421005e-06,1.4867877786952932,1.0,1.0,2.0
시설__극장_수,numeric,20224,20214,20321,0.8804192707051818,5,1.3352646732462335e-05,1.4818930041152263,1.0,1.0,2.0
시설__극장_수,numeric,20231,20214,20268,0.8804026050917703,5,1.3544380995045823e-05,1.4801980198019802,1.0,1.0,2.0
시설__숙박_시설_수,numeric,20214,20214,20412,0.8685577111503038,12,0.0,2.8087961237420798,1.0,1.0,3.0
시설__숙박_시설_수,numeric,20221,20214,20336,0.8685090479937058,12,3.58394938565909e-07,2.81114435302917,1.5,1.0,3.0
시설__숙박_시설_수,numeric,20222,20214,20338,0.8679811190874226,12,6.696863608638356e-06,2.8208566108007447,2.0,1.0,3.0
시설__숙박_시설_수,numeric,20223,20214,20336,0.8676239181746657,12,1.7773755313729263e-05,2.824665676077266,2.0,1.0,3.0
시설__숙박_시설_수,numeric,20224,20214,20321,0.8685104079523646,12,8.300570769300155e-06,2.817365269461078,2.0,1.0,3.0
시설__숙박_시설_수,numeric,20231,20214,20268,0.8683145845668048,12,8.856685838749787e-06,2.8152866242038215,1.0,1.0,3.0
시설__공항_수,numeric,20214,20214,20412,0.9998530276308054,1,0.0,4.0,4.0,4.0,4.0
시설__공항_수,numeric,20221,20214,20336,0.9998524783634933,1,0.0,4.0,4.0,4.0,4.0
시설__공항_수,numeric,20222,20214,20338,0.9998524928704887,1,0.0,4.0,4.0,4.0,4.0
시설__공항_수,numeric,20223,20214,20336,0.9998524783634933,1,0.0,4.0,4.0,4.0,4.0
시설__공항_수,numeric,20224,20214,20321,0.9998523694700064,1,0.0,4.0,4.0,4.0,4.0
시설__공항_수,numeric,20231,20214,20268,0.9998519834221433,1,0.0,4.0,4.0,4.0,4.0
시설__철도_역_수,numeric,20214,20214,20412,1.0,0,0.0,,,,
시설__철도_역_수,numeric,20221,20214,20336,1.0,0,0.0,,,,
시설__철도_역_수,numeric,20222,20214,20338,1.0,0,0.0,,,,
시설__철도_역_수,numeric,20223,20214,20336,1.0,0,0.0,,,,
시설__철도_역_수,numeric,20224,20214,20321,1.0,0,0.0,,,,
시설__철도_역_수,numeric,20231,20214,20268,1.0,0,0.0,,,,
시설__버스_터미널_수,numeric,20214,20214,20412,0.9963746815598667,1,0.0,1.0,1.0,1.0,1.0
시설__버스_터미널_수,numeric,20221,20214,20336,0.9963611329661684,1,0.0,1.0,1.0,1.0,1.0
시설__버스_터미널_수,numeric,20222,20214,20338,0.9963123217622185,1,0.0,1.0,1.0,1.0,1.0
시설__버스_터미널_수,numeric,20223,20214,20336,0.9963611329661684,1,0.0,1.0,1.0,1.0,1.0
시설__버스_터미널_수,numeric,20224,20214,20321,0.9963584469268245,1,0.0,1.0,1.0,1.0,1.0
시설__버스_터미널_수,numeric,20231,20214,20268,0.9963489244128676,1,0.0,1.0,1.0,1.0,1.0
시설__지하철_역_수,numeric,20214,20214,20412,0.7449539486576524,5,0.0,1.4894352669996158,1.0,1.0,2.0
시설__지하철_역_수,numeric,20221,20214,20336,0.7451317859952793,5,9.747850412511578e-07,1.4869766544472314,1.0,1.0,2.0
시설__지하철_역_수,numeric,20222,20214,20338,0.7441242993411348,5,7.22650973590157e-06,1.4859723289777094,1.0,1.0,2.0
시설__지하철_역_수,numeric,20223,20214,20336,0.7440007867820614,5,5.202641115192722e-06,1.4877064925086438,1.0,1.0,2.0
시설__지하철_역_수,numeric,20224,20214,20321,0.7443531322277447,5,2.812295002945362e-06,1.487776708373436,1.0,1.0,2.0
시설__지하철_역_수,numeric,20231,20214,20268,0.74398065916716,5,5.027480610085803e-06,1.486798997880131,1.0,1.0,2.0
시설__버스_정거장_수,numeric,20214,20214,20412,0.09425827944346463,31,0.0,7.044461272176547,5.0,3.0,9.0
시설__버스_정거장_수,numeric,20221,20214,20336,0.09529897718332023,31,3.156531082005833e-05,7.0505489727144255,5.0,3.0,9.0
시설__버스_정거장_수,numeric,20222,20214,20338,0.09514209853476252,31,7.602797201216506e-05,7.061946421779058,5.0,3.0,9.0
시설__버스_정거장_수,numeric,20223,20214,20336,0.09529897718332023,31,0.00012726535753486746,7.0585389716273506,5.0,3.0,9.0
시설__버스_정거장_수,numeric,20224,20214,20321,0.09551695290586093,31,0.00011764028755905417,7.06088139281828,5.0,3.0,9.0
시설__버스_정거장_수,numeric,20231,20214,20268,0.09552003157686995,31,0.00013491976866651157,7.057876936504473,5.0,3.0,9.0
시설__결합_여부,numeric,20214,20214,20412,0.0,2,,0.9926023907505389,1.0,1.0,1.0
시설__결합_여부,numeric,20221,20214,20336,0.0,2,,0.9925255704169945,1.0,1.0,1.0
시설__결합_여부,numeric,20222,20214,20338,0.0,2,,0.9925263054380962,1.0,1.0,1.0
시설__결합_여부,numeric,20223,20214,20336,0.0,2,,0.9925255704169945,1.0,1.0,1.0
시설__결합_여부,numeric,20224,20214,20321,0.0,2,,0.9925200531469908,1.0,1.0,1.0
시설__결합_여부,numeric,20231,20214,20268,0.0,2,,0.9924511545293073,1.0,1.0,1.0
아파트__아파트_단지_수,numeric,20214,20214,20412,0.07539682539682539,206,0.0,58.37503311609177,35.0,13.0,74.0
아파트__아파트_단지_수,numeric,20221,20214,20336,0.07558025177025963,206,1.9258011960389152e-05,58.50305867333369,35.0,13.0,74.0
아파트__아파트_단지_수,numeric,20222,20214,20338,0.07572032648244666,206,3.312396373653714e-05,58.325992126822,35.0,13.0,74.0
아파트__아파트_단지_수,numeric,20223,20214,20336,0.07631785995279308,206,8.23865001374033e-05,58.26240417376491,35.0,13.0,74.0
아파트__아파트_단지_수,numeric,20224,20214,20321,0.07662024506667979,203,0.000627045289750007,57.88984225111916,35.0,13.0,74.0
아파트__아파트_단지_수,numeric,20231,20214,20268,0.07612985987763964,203,0.0005808619372835201,57.76363150867824,34.0,13.0,74.0
아파트__아파트_면적_66_제곱미터_미만_세대_수,numeric,20214,20214,20412,0.09729570840681952,644,0.0,423.3656246608054,241.0,88.0,550.0
아파트__아파트_면적_66_제곱미터_미만_세대_수,numeric,20221,20214,20336,0.09761014948859166,644,2.6020611707170433e-05,424.4790474633535,240.0,87.0,554.0
아파트__아파트_면적_66_제곱미터_미만_세대_수,numeric,20222,20214,20338,0.09769888877962435,644,4.959848685109685e-05,422.87973407443735,239.0,87.0,547.0
아파트__아파트_면적_66_제곱미터_미만_세대_수,numeric,20223,20214,20336,0.09815106215578284,644,8.803157269877805e-05,422.3686477644493,239.0,87.0,547.0
아파트__아파트_면적_66_제곱미터_미만_세대_수,numeric,20224,20214,20321,0.09822351262241032,645,0.000389508073200236,419.63208731241474,236.0,87.0,548.0
아파트__아파트_면적_66_제곱미터_미만_세대_수,numeric,20231,20214,20268,0.09778961910400631,646,0.0005175274994544842,418.6678333151045,235.0,85.5,547.0
아파트__아파트_면적_66_제곱미터_세대_수,numeric,20214,20214,20412,0.13452870860278268,286,0.0,95.81971017774255,58.0,21.0,119.0
아파트__아파트_면적_66_제곱미터_세대_수,numeric,20221,20214,20336,0.13488394964594808,286,3.1057042553560784e-05,96.0372875575513,58.0,21.0,119.0
아파트__아파트_면적_66_제곱미터_세대_수,numeric,20222,20214,20338,0.13531320680499556,286,2.7758340218176403e-05,95.69862390537928,58.0,21.0,118.0
아파트__아파트_면적_66_제곱미터_세대_수,numeric,20223,20214,20336,0.13586742722265932,286,7.12443257053145e-05,95.64616172537416,58.0,21.0,119.0
아파트__아파트_면적_66_제곱미터_세대_수,numeric,20224,20214,20321,0.13606613847743712,284,0.0005330259879098813,95.28913192071087,57.0,21.0,119.0
아파트__아파트_면적_66_제곱미터_세대_수,numeric,20231,20214,20268,0.13523781330175647,284,0.0004796104783523859,95.18514292234838,57.0,20.0,118.5
아파트__아파트_면적_99_제곱미터_세대_수,numeric,20214,20214,20412,0.36169900058788945,77,0.0,14.562667894696446,7.0,2.0,19.0
아파트__아파트_면적_99_제곱미터_세대_수,numeric,20221,20214,20336,0.3630015735641227,77,1.7167246045794297e-05,14.611857341361741,7.0,2.0,19.0
아파트__아파트_면적_99_제곱미터_세대_수,numeric,20222,20214,20338,0.3631625528567214,77,2.8711158976866895e-05,14.612106238418777,7.0,2.0,19.0
아파트__아파트_면적_99_제곱미터_세대_수,numeric,20223,20214,20336,0.36393587726199844,77,4.465716792483828e-05,14.588171627367608,7.0,2.0,19.0
아파트__아파트_면적_99_제곱미터_세대_수,numeric,20224,20214,20321,0.3687810639240195,77,0.0006416431391239696,14.588290325095501,7.0,2.0,20.0
아파트__아파트_면적_99_제곱미터_세대_수,numeric,20231,20214,20268,0.36935070061180186,77,0.0006711494147147731,14.609294320137694,7.5,2.0,20.0
아파트__아파트_면적_132_제곱미터_세대_수,numeric,20214,20214,20412,0.6515775034293553,55,0.0,12.00913948256468,5.0,1.0,15.0
아파트__아파트_면적_132_제곱미터_세대_수,numeric,20221,20214,20336,0.6518489378442172,55,4.364940968938449e-06,12.01723163841808,5.0,1.0,15.0
아파트__아파트_면적_132_제곱미터_세대_수,numeric,20222,20214,20338,0.6521781886124496,55,1.8542690665169336e-05,12.007633587786259,5.0,1.0,15.0
아파트__아파트_면적_132_제곱미터_세대_수,numeric,20223,20214,20336,0.6523898505114083,55,3.273674155951071e-05,11.998443910029707,5.0,1.0,15.0
아파트__아파트_면적_132_제곱미터_세대_수,numeric,20224,20214,20321,0.6577432212981644,55,0.000518918511144397,12.117900790797988,6.0,1.0,15.0
아파트__아파트_면적_132_제곱미터_세대_수,numeric,20231,20214,20268,0.6575883165581212,55,0.0005385550648979247,12.172334293948127,6.0,1.0,15.0
아파트__아파트_면적_165_제곱미터_세대_수,numeric,20214,20214,20412,0.8073682147756222,59,0.0,16.329348931841302,7.0,2.0,22.0
아파트__아파트_면적_165_제곱미터_세대_수,numeric,20221,20214,20336,0.8079268292682927,58,2.2204598893181073e-05,16.470814132104454,7.0,2.0,22.0
아파트__아파트_면적_165_제곱미터_세대_수,numeric,20222,20214,20338,0.8080440554626807,58,1.0215490021266388e-05,16.341188524590162,7.0,2.0,22.0
아파트__아파트_면적_165_제곱미터_세대_수,numeric,20223,20214,20336,0.8087627852084972,58,3.9722251404228846e-05,16.454101311391103,7.0,2.0,22.0
아파트__아파트_면적_165_제곱미터_세대_수,numeric,20224,20214,20321,0.8115250233748339,58,0.0014129558582704903,16.444647519582244,7.0,2.0,21.0
아파트__아파트_면적_165_제곱미터_세대_수,numeric,20231,20214,20268,0.8114268798105387,57,0.0015616784180134777,16.458137100994243,7.0,2.0,21.0
아파트__아파트_가격_1_억_미만_세대_수,numeric,20214,20214,20412,0.24221046443268665,243,0.0,80.51874838376003,35.0,12.0,95.0
아파트__아파트_가격_1_억_미만_세대_수,numeric,20221,20214,20336,0.24232887490165225,243,1.652236205901621e-06,80.60208982346833,35.0,12.0,95.0
아파트__아파트_가격_1_억_미만_세대_수,numeric,20222,20214,20338,0.24255088995968138,243,2.5985390387182287e-05,80.21856540084389,35.0,11.0,95.0
아파트__아파트_가격_1_억_미만_세대_수,numeric,20223,20214,20336,0.24321400472069238,243,3.6764975829059934e-05,80.14938271604939,35.0,11.0,95.0
아파트__아파트_가격_1_억_미만_세대_수,numeric,20224,20214,20321,0.24280301166281187,250,0.001013260486977596,79.49788782738675,34.0,11.0,95.0
아파트__아파트_가격_1_억_미만_세대_수,numeric,20231,20214,20268,0.24304322084073415,250,0.001092406410894513,79.36690131664712,34.0,11.0,95.0
아파트__아파트_가격_1_억_세대_수,numeric,20214,20214,20412,0.12992357436801882,508,0.0,279.02916666666664,139.0,46.0,362.25
아파트__아파트_가격_1_억_세대_수,numeric,20221,20214,20336,0.13031077891424075,508,2.3902627548645762e-05,279.96799728598893,139.0,46.0,363.0
아파트__아파트_가격_1_억_세대_수,numeric,20222,20214,20338,0.13039630248795359,507,4.859934137795214e-05,278.67799389347505,138.0,46.0,357.0
아파트__아파트_가격_1_억_세대_수,numeric,20223,20214,20336,0.13095003933910307,507,6.608398920192511e-05,278.6053867481469,138.0,46.0,357.0
아파트__아파트_가격_1_억_세대_수,numeric,20224,20214,20321,0.13193248363761625,510,0.0007195877169804576,277.55,136.0,47.0,363.0
아파트__아파트_가격_1_억_세대_수,numeric,20231,20214,20268,0.1314880599960529,511,0.0008093889917496851,276.9213770380049,136.0,46.0,359.5
아파트__아파트_가격_2_억_세대_수,numeric,20214,20214,20412,0.14231824417009603,332,0.0,129.3511738161878,64.0,23.0,159.0
아파트__아파트_가격_2_억_세대_수,numeric,20221,20214,20336,0.14304681353265145,332,3.0358819880926473e-05,129.70700636942675,64.0,23.0,160.0
아파트__아파트_가격_2_억_세대_수,numeric,20222,20214,20338,0.14322942275543318,332,5.299145328654413e-05,129.33956958393114,63.0,23.0,160.0
아파트__아파트_가격_2_억_세대_수,numeric,20223,20214,20336,0.14373524783634933,332,9.578221763683614e-05,129.11123872968471,63.0,23.0,159.0
아파트__아파트_가격_2_억_세대_수,numeric,20224,20214,20321,0.14541607204369864,330,0.0011001905645503596,128.4947022918346,64.0,23.0,158.0
아파트__아파트_가격_2_억_세대_수,numeric,20231,20214,20268,0.14500690744029998,330,0.0011581146652677775,128.23780945236308,64.0,23.0,158.0
아파트__아파트_가격_3_억_세대_수,numeric,20214,20214,20412,0.3260826964530668,170,0.0,49.10569933120093,21.0,6.0,59.0
아파트__아파트_가격_3_억_세대_수,numeric,20221,20214,20336,0.32739968528717545,170,1.6882263750411473e-05,49.24221377394356,21.0,6.0,59.0
아파트__아파트_가격_3_억_세대_수,numeric,20222,20214,20338,0.327170813255974,170,2.2233741521592165e-05,49.15185618240281,21.0,6.0,59.0
아파트__아파트_가격_3_억_세대_수,numeric,20223,20214,20336,0.3282848151062156,170,4.969796826664226e-05,49.083089311859446,21.0,6.0,59.0
아파트__아파트_가격_3_억_세대_수,numeric,20224,20214,20321,0.3307908075389991,169,0.00041568050400411343,48.92028825648945,21.0,6.0,58.0
아파트__아파트_가격_3_억_세대_수,numeric,20231,20214,20268,0.3306196960726268,169,0.0004123474474086572,48.84034790299992,21.0,6.0,57.0
아파트__아파트_가격_4_억_세대_수,numeric,20214,20214,20412,0.513668430335097,104,0.0,27.374332628185755,14.0,6.0,38.0
아파트__아파트_가격_4_억_세대_수,numeric,20221,20214,20336,0.5143587726199843,104,2.1203246404988193e-05,27.47185095180235,14.0,6.0,38.0
아파트__아파트_가격_4_억_세대_수,numeric,20222,20214,20338,0.5132756416560134,104,2.8156959670400007e-05,27.401757753308416,14.0,6.0,38.0
아파트__아파트_가격_4_억_세대_수,numeric,20223,20214,20336,0.5142604248623132,104,5.064568599478447e-05,27.380643855031384,14.0,6.0,38.0
아파트__아파트_가격_4_억_세대_수,numeric,20224,20214,20321,0.5153781802076669,103,0.000501150324961838,27.101238830219334,14.0,5.0,38.0
아파트__아파트_가격_4_억_세대_수,numeric,20231,20214,20268,0.514801657785672,103,0.0004952807970101953,27.089587146634127,14.0,5.0,38.0
아파트__아파트_가격_5_억_세대_수,numeric,20214,20214,20412,0.6509896139525769,67,0.0,18.32032565974172,12.0,5.0,24.0
아파트__아파트_가격_5_억_세대_수,numeric,20221,20214,20336,0.651406372934697,67,1.3724915497846592e-05,18.349555649597967,12.0,5.0,24.0
아파트__아파트_가격_5_억_세대_수,numeric,20222,20214,20338,0.6507522863605074,67,1.8216675401632964e-05,18.30986906940729,12.0,5.0,24.0
아파트__아파트_가격_5_억_세대_수,numeric,20223,20214,20336,0.6512096774193549,67,2.55525921125513e-05,18.252643451290005,12.0,5.0,24.0
아파트__아파트_가격_5_억_세대_수,numeric,20224,20214,20321,0.6515919492150977,65,0.00012805551434918745,18.244774011299434,12.0,5.0,24.0
아파트__아파트_가격_5_억_세대_수,numeric,20231,20214,20268,0.6515196368659957,65,0.0001159617564984371,18.24989381282741,12.0,5.0,24.0
아파트__아파트_가격_6_억_이상_세대_수,numeric,20214,20214,20412,0.6907701352145796,118,0.0,45.89813054499366,24.0,9.0,62.0
아파트__아파트_가격_6_억_이상_세대_수,numeric,20221,20214,20336,0.691089693154996,117,1.9926182124318785e-05,46.02610633556192,24.0,9.0,62.0
아파트__아파트_가격_6_억_이상_세대_수,numeric,20222,20214,20338,0.6904317041990363,117,1.5019730509641484e-05,45.91947268106735,24.0,9.0,62.0
아파트__아파트_가격_6_억_이상_세대_수,numeric,20223,20214,20336,0.6907454760031472,117,2.125666543461924e-05,45.893305771982824,24.0,9.0,62.0
아파트__아파트_가격_6_억_이상_세대_수,numeric,20224,20214,20321,0.6902711480734216,118,0.0012420071377251746,45.28964092786781,24.0,9.0,62.0
아파트__아파트_가격_6_억_이상_세대_수,numeric,20231,20214,20268,0.6902013025458852,117,0.0011663493767559467,45.507724159898075,24.0,9.0,62.0
아파트__아파트_평균_면적,numeric,20214,20214,20412,0.07539682539682539,115,0.0,54.28135431568908,51.0,47.0,57.0
아파트__아파트_평균_면적,numeric,20221,20214,20336,0.07558025177025963,114,1.6724462567175343e-05,54.275333794350765,51.0,46.0,57.0
아파트__아파트_평균_면적,numeric,20222,20214,20338,0.07572032648244666,114,4.115140054991234e-05,54.26364506862432,51.0,46.0,57.0
아파트__아파트_평균_면적,numeric,20223,20214,20336,0.07631785995279308,114,6.315222695902546e-05,54.25729344122657,51.0,46.0,57.0
아파트__아파트_평균_면적,numeric,20224,20214,20321,0.07662024506667979,116,0.001477754808483732,54.25708804092944,51.0,47.0,57.0
아파트__아파트_평균_면적,numeric,20231,20214,20268,0.07612985987763964,116,0.0014861379432006686,54.284165554072096,51.0,47.0,57.0
아파트__아파트_평균_시가,numeric,20214,20214,20412,0.07539682539682539,1392,0.0,257271479.61050177,191884602.0,152813059.0,263111474.0
아파트__아파트_평균_시가,numeric,20221,20214,20336,0.07558025177025963,1391,1.7049677059565343e-05,257340096.4416724,191647561.0,152813059.0,263111474.0
아파트__아파트_평균_시가,numeric,20222,20214,20338,0.07572032648244666,1389,1.4698552200582017e-05,257362693.61889562,191889563.0,152813059.0,263111474.0
아파트__아파트_평균_시가,numeric,20223,20214,20336,0.07631785995279308,1391,4.424969704075724e-05,257198997.30957198,191884602.0,152813059.0,263111474.0
아파트__아파트_평균_시가,numeric,20224,20214,20321,0.07662024506667979,1392,0.0002623964070093221,257458778.54311448,191985673.0,152738734.0,264406566.0
아파트__아파트_평균_시가,numeric,20231,20214,20268,0.07612985987763964,1390,0.00022789437020079867,257730299.06381842,192511716.0,152813059.0,264459143.0
아파트__결합_여부,numeric,20214,20214,20412,0.0,2,,0.9246031746031746,1.0,1.0,1.0
아파트__결합_여부,numeric,20221,20214,20336,0.0,2,,0.9244197482297404,1.0,1.0,1.0
아파트__결합_여부,numeric,20222,20214,20338,0.0,2,,0.9242796735175534,1.0,1.0,1.0
아파트__결합_여부,numeric,20223,20214,20336,0.0,2,,0.923682140047207,1.0,1.0,1.0
아파트__결합_여부,numeric,20224,20214,20321,0.0,2,,0.9233797549333203,1.0,1.0,1.0
아파트__결합_여부,numeric,20231,20214,20268,0.0,2,,0.9238701401223604,1.0,1.0,1.0
공간__상권_구분_코드,categorical,20214,20214,20412,0.0,4,0.0,,,,
공간__상권_구분_코드,categorical,20221,20214,20336,0.0,4,2.9192613498480016e-06,,,,
공간__상권_구분_코드,categorical,20222,20214,20338,0.0,4,9.500029379992702e-06,,,,
공간__상권_구분_코드,categorical,20223,20214,20336,0.0,4,1.270022541383792e-05,,,,
공간__상권_구분_코드,categorical,20224,20214,20321,0.0,4,3.5195876269148684e-06,,,,
공간__상권_구분_코드,categorical,20231,20214,20268,0.0,4,4.878727650061278e-06,,,,
공간__상권_구분_코드_명,categorical,20214,20214,20412,0.0,4,0.0,,,,
공간__상권_구분_코드_명,categorical,20221,20214,20336,0.0,4,2.9192613498480016e-06,,,,
공간__상권_구분_코드_명,categorical,20222,20214,20338,0.0,4,9.500029379992702e-06,,,,
공간__상권_구분_코드_명,categorical,20223,20214,20336,0.0,4,1.270022541383792e-05,,,,
공간__상권_구분_코드_명,categorical,20224,20214,20321,0.0,4,3.519587626914868e-06,,,,
공간__상권_구분_코드_명,categorical,20231,20214,20268,0.0,4,4.878727650061278e-06,,,,
공간__상권_코드_명,categorical,20214,20214,20412,0.0,1557,0.0,,,,
공간__상권_코드_명,categorical,20221,20214,20336,0.0,1557,1.9660526952373665e-05,,,,
공간__상권_코드_명,categorical,20222,20214,20338,0.0,1554,3.716874411306522e-05,,,,
공간__상권_코드_명,categorical,20223,20214,20336,0.0,1557,4.053932806356165e-05,,,,
공간__상권_코드_명,categorical,20224,20214,20321,0.0,1558,4.3046250212177963e-05,,,,
공간__상권_코드_명,categorical,20231,20214,20268,0.0,1556,8.969375521187303e-05,,,,
공간__중심_X,numeric,20214,20214,20412,0.0,1517,0.0,199455.31599059378,200788.0,192874.0,205165.0
공간__중심_X,numeric,20221,20214,20336,0.0,1517,1.4610287940608137e-05,199447.6756490952,200788.0,192861.0,205165.0
공간__중심_X,numeric,20222,20214,20338,0.0,1513,1.6190293659435377e-05,199444.19175926837,200788.0,192861.0,205165.0
공간__중심_X,numeric,20223,20214,20336,0.0,1517,1.0903770955665509e-05,199449.77645554682,200788.0,192861.0,205165.0
공간__중심_X,numeric,20224,20214,20321,0.0,1518,1.3673513876020643e-05,199462.02878795334,200788.0,192874.0,205165.0
공간__중심_X,numeric,20231,20214,20268,0.0,1515,3.509141396947395e-05,199454.54257943557,200788.0,192858.0,205165.0
공간__중심_Y,numeric,20214,20214,20412,0.0,1494,0.0,449527.0385067607,449143.0,444990.0,452923.0
공간__중심_Y,numeric,20221,20214,20336,0.0,1495,1.2471052512210038e-05,449521.2120869394,449136.0,444990.0,452923.0
공간__중심_Y,numeric,20222,20214,20338,0.0,1492,4.398283026583323e-06,449518.41606844333,449136.0,444990.0,452923.0
공간__중심_Y,numeric,20223,20214,20336,0.0,1494,3.4704979332840495e-05,449524.26268686075,449179.0,444988.0,452912.0
공간__중심_Y,numeric,20224,20214,20321,0.0,1495,4.4848689221529304e-05,449525.5055361449,449179.0,444988.0,452923.0
공간__중심_Y,numeric,20231,20214,20268,0.0,1494,7.345913962914539e-05,449513.74713834614,449143.0,444982.0,452879.0
공간__자치구_코드,categorical,20214,20214,20412,0.0,25,0.0,,,,
공간__자치구_코드,categorical,20221,20214,20336,0.0,25,3.593566346214885e-05,,,,
공간__자치구_코드,categorical,20222,20214,20338,0.0,25,5.068118831565228e-05,,,,
공간__자치구_코드,categorical,20223,20214,20336,0.0,25,5.1696652982387496e-05,,,,
공간__자치구_코드,categorical,20224,20214,20321,0.0,25,7.977085288505734e-05,,,,
공간__자치구_코드,categorical,20231,20214,20268,0.0,25,0.00012032257896096983,,,,
공간__자치구_명,categorical,20214,20214,20412,0.0,25,0.0,,,,
공간__자치구_명,categorical,20221,20214,20336,0.0,25,3.593566346214884e-05,,,,
공간__자치구_명,categorical,20222,20214,20338,0.0,25,5.068118831565228e-05,,,,
공간__자치구_명,categorical,20223,20214,20336,0.0,25,5.169665298238751e-05,,,,
공간__자치구_명,categorical,20224,20214,20321,0.0,25,7.977085288505734e-05,,,,
공간__자치구_명,categorical,20231,20214,20268,0.0,25,0.00012032257896096983,,,,
공간__행정동_코드,categorical,20214,20214,20412,0.0,397,0.0,,,,
공간__행정동_코드,categorical,20221,20214,20336,0.0,397,4.418648626487546e-05,,,,
공간__행정동_코드,categorical,20222,20214,20338,0.0,397,6.03238244835049e-05,,,,
공간__행정동_코드,categorical,20223,20214,20336,0.0,397,9.170014316867324e-05,,,,
공간__행정동_코드,categorical,20224,20214,20321,0.0,397,0.00010600261752602389,,,,
공간__행정동_코드,categorical,20231,20214,20268,0.0,397,0.00017069455542860436,,,,
공간__행정동_명,categorical,20214,20214,20412,0.0,396,0.0,,,,
공간__행정동_명,categorical,20221,20214,20336,0.0,396,4.464995667737916e-05,,,,
공간__행정동_명,categorical,20222,20214,20338,0.0,396,6.630363764999368e-05,,,,
공간__행정동_명,categorical,20223,20214,20336,0.0,396,9.962514454351549e-05,,,,
공간__행정동_명,categorical,20224,20214,20321,0.0,396,0.00011740021507847981,,,,
공간__행정동_명,categorical,20231,20214,20268,0.0,396,0.00017240590719194604,,,,
공간__면적,numeric,20214,20214,20412,0.0,1546,0.0,159990.64133842837,123299.0,69058.0,200178.0
공간__면적,numeric,20221,20214,20336,0.0,1547,2.127352717175993e-05,160008.61900078677,123656.0,69009.0,200210.0
공간__면적,numeric,20222,20214,20338,0.0,1544,1.3740681992239682e-05,159825.58230897828,123299.0,69021.25,200306.0
공간__면적,numeric,20223,20214,20336,0.0,1546,4.330440728736549e-05,159662.32518686075,123264.0,68956.0,200178.0
공간__면적,numeric,20224,20214,20321,0.0,1547,2.7857765104036883e-05,159857.05265488903,123656.0,69058.0,200178.0
공간__면적,numeric,20231,20214,20268,0.0,1545,2.4968906634234585e-05,160024.65803236628,123299.0,69009.0,200178.0
공간__결합_여부,numeric,20214,20214,20412,0.0,1,0.0,1.0,1.0,1.0,1.0
공간__결합_여부,numeric,20221,20214,20336,0.0,1,0.0,1.0,1.0,1.0,1.0
공간__결합_여부,numeric,20222,20214,20338,0.0,1,0.0,1.0,1.0,1.0,1.0
공간__결합_여부,numeric,20223,20214,20336,0.0,1,0.0,1.0,1.0,1.0,1.0
공간__결합_여부,numeric,20224,20214,20321,0.0,1,0.0,1.0,1.0,1.0,1.0
공간__결합_여부,numeric,20231,20214,20268,0.0,1,0.0,1.0,1.0,1.0,1.0
당월_매출_건수__분모0,numeric,20214,20214,20412,0.0,1,0.0,0.0,0.0,0.0,0.0
당월_매출_건수__분모0,numeric,20221,20214,20336,0.0,1,0.0,0.0,0.0,0.0,0.0
당월_매출_건수__분모0,numeric,20222,20214,20338,0.0,1,0.0,0.0,0.0,0.0,0.0
당월_매출_건수__분모0,numeric,20223,20214,20336,0.0,1,0.0,0.0,0.0,0.0,0.0
당월_매출_건수__분모0,numeric,20224,20214,20321,0.0,1,0.0,0.0,0.0,0.0,0.0
당월_매출_건수__분모0,numeric,20231,20214,20268,0.0,1,0.0,0.0,0.0,0.0,0.0
평균_객단가,numeric,20214,20214,20412,0.0,20370,0.0,89803.2265625,31268.009765625,14304.372802734375,81909.36328125
평균_객단가,numeric,20221,20214,20336,0.0,20291,0.0007414834174774631,90651.765625,31054.4765625,14506.84521484375,80347.958984375
평균_객단가,numeric,20222,20214,20338,0.0,20297,0.0015898919932705643,91788.375,32129.171875,14613.989013671875,80840.6015625
평균_객단가,numeric,20223,20214,20336,0.0,20292,0.002741086115723794,93851.0234375,32828.7109375,14533.381591796875,83734.3828125
평균_객단가,numeric,20224,20214,20321,0.0,20281,0.005583070513609647,96553.34375,33816.50390625,14958.85546875,87539.0390625
평균_객단가,numeric,20231,20214,20268,0.0,20229,0.006766692611047693,97409.0390625,34465.4765625,15226.4033203125,89647.45703125
점포_수__분모0,numeric,20214,20214,20412,0.0,2,,0.011071918479325886,0.0,0.0,0.0
점포_수__분모0,numeric,20221,20214,20336,0.0,2,,0.011260818253343824,0.0,0.0,0.0
점포_수__분모0,numeric,20222,20214,20338,0.0,2,,0.01091552758383322,0.0,0.0,0.0
점포_수__분모0,numeric,20223,20214,20336,0.0,2,,0.011014948859166011,0.0,0.0,0.0
점포_수__분모0,numeric,20224,20214,20321,0.0,2,,0.011121499926184735,0.0,0.0,0.0
점포_수__분모0,numeric,20231,20214,20268,0.0,2,,0.011495954213538584,0.0,0.0,0.0
점포당_매출,numeric,20214,20214,20412,0.011071918479325886,20089,0.0,86765872.0,29354528.0,9762418.0,81653296.0
점포당_매출,numeric,20221,20214,20336,0.011260818253343824,20003,0.009761502878978465,78858608.0,25258252.0,7962539.5,71996248.0
점포당_매출,numeric,20222,20214,20338,0.01091552758383322,20002,0.0012172524136674513,86766200.0,30786270.0,10127602.0,83401456.0
점포당_매출,numeric,20223,20214,20336,0.011014948859166011,19989,0.0011018456070503615,87462168.0,30050342.0,9565513.0,82876928.0
점포당_매출,numeric,20224,20214,20321,0.011121499926184735,19968,0.0007770891922814827,87307392.0,30038674.0,9660667.0,83946288.0
점포당_매출,numeric,20231,20214,20268,0.011495954213538584,19909,0.0010391427000624128,84059680.0,29221572.0,9377372.0,81327648.0
점포당_거래건수,numeric,20214,20214,20412,0.011071918479325886,16789,0.0,5430.93310546875,778.0946044921875,173.4407958984375,2937.012451171875
점포당_거래건수,numeric,20221,20214,20336,0.011260818253343824,16451,0.00726515413486654,4942.1162109375,659.2000122070312,141.4920654296875,2594.433349609375
점포당_거래건수,numeric,20222,20214,20338,0.01091552758383322,16854,0.0005324043389369643,5585.658203125,789.642822265625,179.0,2983.00830078125
점포당_거래건수,numeric,20223,20214,20336,0.011014948859166011,16688,0.0007445044684077098,5692.9267578125,745.978515625,164.6666717529297,2923.7001953125
점포당_거래건수,numeric,20224,20214,20321,0.011121499926184735,16709,0.001552883512246941,5361.83349609375,733.7894897460938,162.79165649414062,2872.05908203125
점포당_거래건수,numeric,20231,20214,20268,0.011495954213538584,16536,0.0027631170096887726,5022.8154296875,708.888916015625,153.6666717529297,2728.375
유사_업종_점포_수__분모0,numeric,20214,20214,20412,0.0,1,0.0,0.0,0.0,0.0,0.0
유사_업종_점포_수__분모0,numeric,20221,20214,20336,0.0,1,0.0,0.0,0.0,0.0,0.0
유사_업종_점포_수__분모0,numeric,20222,20214,20338,0.0,1,0.0,0.0,0.0,0.0,0.0
유사_업종_점포_수__분모0,numeric,20223,20214,20336,0.0,1,0.0,0.0,0.0,0.0,0.0
유사_업종_점포_수__분모0,numeric,20224,20214,20321,0.0,1,0.0,0.0,0.0,0.0,0.0
유사_업종_점포_수__분모0,numeric,20231,20214,20268,0.0,1,0.0,0.0,0.0,0.0,0.0
개업_강도,numeric,20214,20214,20412,0.0,510,0.0,0.03196323290467262,0.0,0.0,0.01577927777543664
개업_강도,numeric,20221,20214,20336,0.0,445,0.024784839509695684,0.021460363641381264,0.0,0.0,0.0
개업_강도,numeric,20222,20214,20338,0.0,473,0.0106084987278846,0.02469462715089321,0.0,0.0,0.0
개업_강도,numeric,20223,20214,20336,0.0,477,0.011118831438931918,0.024614384397864342,0.0,0.0,0.0
개업_강도,numeric,20224,20214,20321,0.0,545,0.00028795864560649605,0.03324337303638458,0.0,0.0,0.01123595517128706
개업_강도,numeric,20231,20214,20268,0.0,509,0.007003349546111291,0.026388417929410934,0.0,0.0,0.0
폐업_강도,numeric,20214,20214,20412,0.0,431,0.0,0.025847915560007095,0.0,0.0,0.0
폐업_강도,numeric,20221,20214,20336,0.0,422,0.006723106547948748,0.02117246203124523,0.0,0.0,0.0
폐업_강도,numeric,20222,20214,20338,0.0,408,0.017352805766122015,0.018767649307847023,0.0,0.0,0.0
폐업_강도,numeric,20223,20214,20336,0.0,505,0.008667630593349086,0.03139866515994072,0.0,0.0,0.0187356723472476
폐업_강도,numeric,20224,20214,20321,0.0,474,0.0002485076177985397,0.026147663593292236,0.0,0.0,0.0
폐업_강도,numeric,20231,20214,20268,0.0,460,0.004343699193956286,0.02945001982152462,0.0,0.0,0.009433962404727936
당월_매출_금액__분모0,numeric,20214,20214,20412,0.0,1,0.0,0.0,0.0,0.0,0.0
당월_매출_금액__분모0,numeric,20221,20214,20336,0.0,1,0.0,0.0,0.0,0.0,0.0
당월_매출_금액__분모0,numeric,20222,20214,20338,0.0,1,0.0,0.0,0.0,0.0,0.0
당월_매출_금액__분모0,numeric,20223,20214,20336,0.0,1,0.0,0.0,0.0,0.0,0.0
당월_매출_금액__분모0,numeric,20224,20214,20321,0.0,1,0.0,0.0,0.0,0.0,0.0
당월_매출_금액__분모0,numeric,20231,20214,20268,0.0,1,0.0,0.0,0.0,0.0,0.0
구성비__주중_매출_금액,numeric,20214,20214,20412,0.0,19097,0.0,0.7647917866706848,0.7512685060501099,0.6749826222658157,0.8678727298974991
구성비__주중_매출_금액,numeric,20221,20214,20336,0.0,18883,0.009269587288409875,0.7555462121963501,0.7426061630249023,0.6644623130559921,0.858274057507515
구성비__주중_매출_금액,numeric,20222,20214,20338,0.0,19076,0.012264388322150198,0.7534813284873962,0.7388023138046265,0.6622690707445145,0.8541412800550461
구성비__주중_매출_금액,numeric,20223,20214,20336,0.0,18943,0.0043916480749552796,0.7706782817840576,0.7604912519454956,0.6815565973520279,0.8706533759832382
구성비__주중_매출_금액,numeric,20224,20214,20321,0.0,18982,0.01942785856456275,0.7521376609802246,0.7391963005065918,0.6580623388290405,0.8558956980705261
구성비__주중_매출_금액,numeric,20231,20214,20268,0.0,18805,0.004612869425363764,0.771421492099762,0.7597864866256714,0.6822520643472672,0.8765159696340561
구성비__월요일_매출_금액,numeric,20214,20214,20412,0.0,19578,0.0,0.1406492292881012,0.1317337155342102,0.10386301949620247,0.1646994836628437
구성비__월요일_매출_금액,numeric,20221,20214,20336,0.0,19379,0.05088694325986779,0.15193702280521393,0.14114150404930115,0.10817703418433666,0.17859400808811188
구성비__월요일_매출_금액,numeric,20222,20214,20338,0.0,19530,0.007974245297775198,0.14597903192043304,0.13476210832595825,0.10484014265239239,0.1704269014298916
구성비__월요일_매출_금액,numeric,20223,20214,20336,0.0,19469,0.0050444907412054854,0.13762210309505463,0.1300084888935089,0.10065813362598419,0.15922779589891434
구성비__월요일_매출_금액,numeric,20224,20214,20321,0.0,19404,0.005573006393726537,0.13756300508975983,0.12963557243347168,0.0997941642999649,0.15959686040878296
구성비__월요일_매출_금액,numeric,20231,20214,20268,0.0,19386,0.013507680409792734,0.14570608735084534,0.13495367765426636,0.10256770625710487,0.17156431823968887
구성비__화요일_매출_금액,numeric,20214,20214,20412,0.0,19678,0.0,0.14697253704071045,0.1359788477420807,0.10897041857242584,0.1709269881248474
구성비__화요일_매출_금액,numeric,20221,20214,20336,0.0,19392,0.022508656040301566,0.14266106486320496,0.1358795464038849,0.1080568041652441,0.16250604018568993
구성비__화요일_매출_금액,numeric,20222,20214,20338,0.0,19584,0.012231760065345623,0.15129856765270233,0.14090092480182648,0.11277076415717602,0.17695705220103264
구성비__화요일_매출_금액,numeric,20223,20214,20336,0.0,19560,0.0024204299186704097,0.14932459592819214,0.13807803392410278,0.10966160893440247,0.17351597175002098
구성비__화요일_매출_금액,numeric,20224,20214,20321,0.0,19516,0.00403692981147048,0.15005309879779816,0.13809621334075928,0.10868603736162186,0.17466630041599274
구성비__화요일_매출_금액,numeric,20231,20214,20268,0.0,19456,0.014955663996894172,0.15021762251853943,0.1408158242702484,0.11264584958553314,0.1727641522884369
구성비__수요일_매출_금액,numeric,20214,20214,20412,0.0,19707,0.0,0.14941425621509552,0.1398194432258606,0.11429290659725666,0.17142871767282486
구성비__수요일_매출_금액,numeric,20221,20214,20336,0.0,19433,0.010512878740122017,0.14599476754665375,0.13874295353889465,0.11266302317380905,0.16542406380176544
구성비__수요일_매출_금액,numeric,20222,20214,20338,0.0,19616,0.007639325549085498,0.14809300005435944,0.1403404176235199,0.1167704276740551,0.16757046803832054
구성비__수요일_매출_금액,numeric,20223,20214,20336,0.0,19553,0.004303996423722775,0.15205657482147217,0.1421206295490265,0.11593014374375343,0.1744835525751114
구성비__수요일_매출_금액,numeric,20224,20214,20321,0.0,19496,0.0027805748119381405,0.1497136652469635,0.1389421969652176,0.1125904768705368,0.17188288271427155
구성비__수요일_매출_금액,numeric,20231,20214,20268,0.0,19475,0.0056330134376623925,0.15123699605464935,0.14163541793823242,0.11740484647452831,0.17104614153504372
구성비__목요일_매출_금액,numeric,20214,20214,20412,0.0,19704,0.0,0.15040980279445648,0.141038715839386,0.117237638682127,0.1703874208033085
구성비__목요일_매출_금액,numeric,20221,20214,20336,0.0,19489,0.021610953890287495,0.15700027346611023,0.14533331990242004,0.1184960138052702,0.1811210662126541
구성비__목요일_매출_금액,numeric,20222,20214,20338,0.0,19599,0.009302769079409358,0.14504243433475494,0.13795164227485657,0.11465800181031227,0.16473201662302017
구성비__목요일_매출_금액,numeric,20223,20214,20336,0.0,19652,0.01862270971588547,0.15632764995098114,0.1464262157678604,0.12113338336348534,0.1781749613583088
구성비__목요일_매출_금액,numeric,20224,20214,20321,0.0,19550,0.0031117542834595557,0.15003928542137146,0.1403985470533371,0.11469008028507233,0.17065128684043884
구성비__목요일_매출_금액,numeric,20231,20214,20268,0.0,19518,0.013645736192173125,0.15422667562961578,0.14504072070121765,0.11828522384166718,0.17746920511126518
구성비__금요일_매출_금액,numeric,20214,20214,20412,0.0,19783,0.0,0.17734594643115997,0.1712045818567276,0.14557553082704544,0.19925252720713615
구성비__금요일_매출_금액,numeric,20221,20214,20336,0.0,19452,0.24445783364062565,0.15795309841632843,0.15051651000976562,0.12409639731049538,0.17907197773456573
구성비__금요일_매출_금액,numeric,20222,20214,20338,0.0,19659,0.13516845567719893,0.1630682647228241,0.15656036138534546,0.13267582654953003,0.1836615428328514
구성비__금요일_매출_금액,numeric,20223,20214,20336,0.0,19644,0.0035167916344951257,0.17534735798835754,0.16921934485435486,0.14404822140932083,0.1967964731156826
구성비__금요일_매출_금액,numeric,20224,20214,20321,0.0,19601,0.09897470307694359,0.16476865112781525,0.15842083096504211,0.13299493491649628,0.18575848639011383
구성비__금요일_매출_금액,numeric,20231,20214,20268,0.0,19541,0.03376941988259606,0.17003409564495087,0.16413800418376923,0.13697566464543343,0.19392917305231094
구성비__토요일_매출_금액,numeric,20214,20214,20412,0.0,18942,0.0,0.148452028632164,0.1516529619693756,0.0977760311216116,0.19053396210074425
구성비__토요일_매출_금액,numeric,20221,20214,20336,0.0,18701,0.0072883949530518025,0.15403476357460022,0.15567128360271454,0.10132147558033466,0.19619739428162575
구성비__토요일_매출_금액,numeric,20222,20214,20338,0.0,18934,0.012748113424258183,0.15591874718666077,0.15879729390144348,0.10605867765843868,0.1980670765042305
구성비__토요일_매출_금액,numeric,20223,20214,20336,0.0,18754,0.00802130363241196,0.14334699511528015,0.14668726921081543,0.09389457479119301,0.1843056045472622
구성비__토요일_매출_금액,numeric,20224,20214,20321,0.0,18835,0.05976190506549208,0.16162869334220886,0.16627173125743866,0.10783926397562027,0.20879973471164703
구성비__토요일_매출_금액,numeric,20231,20214,20268,0.0,18636,0.008128768430070033,0.14449545741081238,0.1456306427717209,0.09038793854415417,0.1867368444800377
구성비__일요일_매출_금액,numeric,20214,20214,20412,0.0,15452,0.0,0.08675616979598999,0.08404295146465302,0.0011378453637007624,0.14198146387934685
구성비__일요일_매출_금액,numeric,20221,20214,20336,0.0,15374,0.005296760159477886,0.09041906148195267,0.08769287168979645,0.0012063245521858335,0.1465381719172001
구성비__일요일_매출_금액,numeric,20222,20214,20338,0.0,15430,0.0073027218409327495,0.09059996157884598,0.08901834487915039,0.0012273354805074632,0.14781687781214714
구성비__일요일_매출_금액,numeric,20223,20214,20336,0.0,15293,0.00045950384033495396,0.08597473800182343,0.08266743272542953,0.00035959127853857353,0.14096147939562798
구성비__일요일_매출_금액,numeric,20224,20214,20321,0.0,15221,0.0007466746515438469,0.08623359352350235,0.08152115345001221,1.70448147400748e-05,0.14177446067333221
구성비__일요일_매출_금액,numeric,20231,20214,20268,0.0,15185,0.0022893829833150175,0.08408307284116745,0.0784534215927124,7.822703264537267e-05,0.14000196382403374
구성비__시간대_00~06_매출_금액,numeric,20214,20214,20412,0.0,7320,0.0,0.026973867788910866,0.0,0.0,0.010620144894346595
구성비__시간대_00~06_매출_금액,numeric,20221,20214,20336,0.0,5442,0.09498876696107239,0.011175575666129589,0.0,0.0,0.00033522291050758213
구성비__시간대_00~06_매출_금액,numeric,20222,20214,20338,0.0,7456,0.009197444156539974,0.0346268005669117,0.0,0.0,0.013998608337715268
구성비__시간대_00~06_매출_금액,numeric,20223,20214,20336,0.0,7470,0.01380428019757677,0.037417199462652206,0.0,0.0,0.015545682050287724
구성비__시간대_00~06_매출_금액,numeric,20224,20214,20321,0.0,7488,0.012729238393810509,0.036790408194065094,0.0,0.0,0.016084278002381325
구성비__시간대_00~06_매출_금액,numeric,20231,20214,20268,0.0,7423,0.009758178442168215,0.03692936897277832,0.0,0.0,0.01486666826531291
구성비__시간대_06~11_매출_금액,numeric,20214,20214,20412,0.0,15892,0.0,0.07824670523405075,0.03958437591791153,0.0015317437355406582,0.12429721280932426
구성비__시간대_06~11_매출_금액,numeric,20221,20214,20336,0.0,15537,0.0006520684536517499,0.07696238160133362,0.03776347637176514,0.0008257644949480891,0.12110087275505066
구성비__시간대_06~11_매출_금액,numeric,20222,20214,20338,0.0,16125,0.0028738845732306515,0.08347806334495544,0.04425948113203049,0.0026298138545826077,0.13123343884944916
구성비__시간대_06~11_매출_금액,numeric,20223,20214,20336,0.0,16160,0.007774316067726905,0.08593200147151947,0.046823665499687195,0.002764627570286393,0.13664565235376358
구성비__시간대_06~11_매출_금액,numeric,20224,20214,20321,0.0,15941,0.0016447603967848041,0.08090177923440933,0.041918572038412094,0.0019517728360369802,0.1282048374414444
구성비__시간대_06~11_매출_금액,numeric,20231,20214,20268,0.0,15859,0.0005801694173410748,0.07942530512809753,0.04101550579071045,0.0017889013979583979,0.12537163868546486
구성비__시간대_11~14_매출_금액,numeric,20214,20214,20412,0.0,18929,0.0,0.23050455749034882,0.2250966578722,0.12029250897467136,0.31536002457141876
구성비__시간대_11~14_매출_금액,numeric,20221,20214,20336,0.0,18717,0.002574403460131622,0.2372235804796219,0.2317744791507721,0.12588119134306908,0.32258060574531555
구성비__시간대_11~14_매출_금액,numeric,20222,20214,20338,0.0,18821,0.001317253312045056,0.22621625661849976,0.22182193398475647,0.11555606313049793,0.31094664335250854
구성비__시간대_11~14_매출_금액,numeric,20223,20214,20336,0.0,18767,0.0018935924731719345,0.22869212925434113,0.22508352994918823,0.1169127132743597,0.31501130014657974
구성비__시간대_11~14_매출_금액,numeric,20224,20214,20321,0.0,18717,0.0021414164887170336,0.2306140810251236,0.22679783403873444,0.11476559937000275,0.31793567538261414
구성비__시간대_11~14_매출_금액,numeric,20231,20214,20268,0.0,18696,0.0011485716196486164,0.23095719516277313,0.22488392889499664,0.11799868009984493,0.31675349920988083
구성비__시간대_14~17_매출_금액,numeric,20214,20214,20412,0.0,19727,0.0,0.25125670433044434,0.24349212646484375,0.13217245787382126,0.34063059091567993
구성비__시간대_14~17_매출_금액,numeric,20221,20214,20336,0.0,19513,0.0016906304889718082,0.25580957531929016,0.24770712852478027,0.13624216616153717,0.34218045324087143
구성비__시간대_14~17_매출_금액,numeric,20222,20214,20338,0.0,19569,0.015671610401070853,0.23718605935573578,0.22902023792266846,0.1243138425052166,0.32219647616147995
구성비__시간대_14~17_매출_금액,numeric,20223,20214,20336,0.0,19527,0.022722420640316283,0.23539546132087708,0.22406576573848724,0.12299239821732044,0.31760960817337036
구성비__시간대_14~17_매출_금액,numeric,20224,20214,20321,0.0,19529,0.003778374353034248,0.24789761006832123,0.23815849423408508,0.1265847533941269,0.33828508853912354
구성비__시간대_14~17_매출_금액,numeric,20231,20214,20268,0.0,19464,0.0035917070492200807,0.2469066083431244,0.23836082220077515,0.125642292201519,0.33809028565883636
구성비__시간대_17~21_매출_금액,numeric,20214,20214,20412,0.0,19830,0.0,0.31641680002212524,0.3145161271095276,0.21171343326568604,0.41274891048669815
구성비__시간대_17~21_매출_금액,numeric,20221,20214,20336,0.0,19646,0.0331822171920924,0.3348845839500427,0.3285667300224304,0.2173997201025486,0.44533467292785645
구성비__시간대_17~21_매출_금액,numeric,20222,20214,20338,0.0,19771,0.0032370291741822352,0.31289952993392944,0.3112230896949768,0.20983659103512764,0.4092039465904236
구성비__시간대_17~21_매출_금액,numeric,20223,20214,20336,0.0,19729,0.003020415431087612,0.31023815274238586,0.30671924352645874,0.20690124109387398,0.40592577308416367
구성비__시간대_17~21_매출_금액,numeric,20224,20214,20321,0.0,19667,0.009835735996064437,0.3023090660572052,0.2989788353443146,0.1955353021621704,0.39891573786735535
구성비__시간대_17~21_매출_금액,numeric,20231,20214,20268,0.0,19596,0.007479981513981091,0.30483394861221313,0.30219751596450806,0.19950060173869133,0.4021012559533119
구성비__시간대_21~24_매출_금액,numeric,20214,20214,20412,0.0,14036,0.0,0.09660135954618454,0.028176818042993546,0.0,0.14177275449037552
구성비__시간대_21~24_매출_금액,numeric,20221,20214,20336,0.0,13604,0.01135915369595518,0.08394430577754974,0.020789509639143944,0.0,0.11428276635706425
구성비__시간대_21~24_매출_금액,numeric,20222,20214,20338,0.0,14261,0.00303685934273947,0.10559330880641937,0.03295517712831497,0.0,0.16260167956352234
구성비__시간대_21~24_매출_금액,numeric,20223,20214,20336,0.0,14077,0.0024121400951656905,0.10232508182525635,0.031074682250618935,0.0,0.15846988186240196
구성비__시간대_21~24_매출_금액,numeric,20224,20214,20321,0.0,13809,0.0028846329838744336,0.10148704797029495,0.02914336323738098,0.0,0.15689286589622498
구성비__시간대_21~24_매출_금액,numeric,20231,20214,20268,0.0,13748,0.002363509233628061,0.1009475588798523,0.02854740247130394,0.0,0.1547355353832245
구성비__남성_매출_금액,numeric,20214,20214,20412,0.0,19925,0.0,0.4751591384410858,0.4676850438117981,0.3593362644314766,0.5957754105329514
구성비__남성_매출_금액,numeric,20221,20214,20336,0.0,19666,0.0022211064753216337,0.4817951023578644,0.4740414023399353,0.3656990975141525,0.6039260476827621
구성비__남성_매출_금액,numeric,20222,20214,20338,0.0,19812,0.0006972474043803215,0.47532111406326294,0.4679107367992401,0.3600533902645111,0.5955706238746643
구성비__남성_매출_금액,numeric,20223,20214,20336,0.0,19819,0.0007921537529108648,0.47420716285705566,0.46821001172065735,0.35881374031305313,0.5961016118526459
구성비__남성_매출_금액,numeric,20224,20214,20321,0.0,19778,0.0012443692031670224,0.4728385806083679,0.46657606959342957,0.356148362159729,0.5920671820640564
구성비__남성_매출_금액,numeric,20231,20214,20268,0.0,19708,0.00020711848550184262,0.4754805266857147,0.4687954783439636,0.36097948253154755,0.5948471873998642
구성비__여성_매출_금액,numeric,20214,20214,20412,0.0,19887,0.0,0.45009657740592957,0.4465722441673279,0.29859353601932526,0.5856653302907944
구성비__여성_매출_금액,numeric,20221,20214,20336,0.0,19644,0.0012351576319945517,0.447250634431839,0.4440080523490906,0.2968859598040581,0.5796298831701279
구성비__여성_매출_금액,numeric,20222,20214,20338,0.0,19792,0.0010118787041668105,0.4538818299770355,0.45167380571365356,0.30587904900312424,0.5867700278759003
구성비__여성_매출_금액,numeric,20223,20214,20336,0.0,19796,0.0008221305787989513,0.4524495303630829,0.4504621624946594,0.3040786385536194,0.5872899144887924
구성비__여성_매출_금액,numeric,20224,20214,20321,0.0,19752,0.001110288855695306,0.44975024461746216,0.44700929522514343,0.30085939168930054,0.5851211547851562
구성비__여성_매출_금액,numeric,20231,20214,20268,0.0,19668,0.000836637674291574,0.4508833587169647,0.44871553778648376,0.3019517734646797,0.5841436088085175
구성비__연령대_10_매출_금액,numeric,20214,20214,20412,0.0,12886,0.0,0.008741961792111397,0.0018578119343146682,0.0,0.009037611773237586
구성비__연령대_10_매출_금액,numeric,20221,20214,20336,0.0,11753,0.02722489726401228,0.006850138306617737,0.000837023719213903,0.0,0.006289510172791779
구성비__연령대_10_매출_금액,numeric,20222,20214,20338,0.0,12116,0.020556183755548796,0.006956907920539379,0.0010035863379016519,0.0,0.006555976578965783
구성비__연령대_10_매출_금액,numeric,20223,20214,20336,0.0,12037,0.016512298352884917,0.00706829410046339,0.0010992406168952584,0.0,0.006781011237762868
구성비__연령대_10_매출_금액,numeric,20224,20214,20321,0.0,12310,0.006836331671869031,0.007913452573120594,0.0013448571553453803,0.0,0.007559849414974451
구성비__연령대_10_매출_금액,numeric,20231,20214,20268,0.0,11439,0.05907255040608445,0.005711587145924568,0.000629623478744179,0.0,0.005139445187523961
구성비__연령대_20_매출_금액,numeric,20214,20214,20412,0.0,18230,0.0,0.13898436725139618,0.10097450017929077,0.034224129281938076,0.20335355028510094
구성비__연령대_20_매출_금액,numeric,20221,20214,20336,0.0,17681,0.016658666743405742,0.12331297248601913,0.08459970355033875,0.02507465612143278,0.18038692325353622
구성비__연령대_20_매출_금액,numeric,20222,20214,20338,0.0,17960,0.01767171558623696,0.12225731462240219,0.08570825308561325,0.028040387202054262,0.1776767522096634
구성비__연령대_20_매출_금액,numeric,20223,20214,20336,0.0,17917,0.014730606020261688,0.1241673082113266,0.08726367354393005,0.02708781836554408,0.18044371902942657
구성비__연령대_20_매출_금액,numeric,20224,20214,20321,0.0,17875,0.01557503964780237,0.12314308434724808,0.08513982594013214,0.02638496458530426,0.18000733852386475
구성비__연령대_20_매출_금액,numeric,20231,20214,20268,0.0,17532,0.07214441965504813,0.10699675977230072,0.07079245150089264,0.019503014627844095,0.15357421338558197
구성비__연령대_30_매출_금액,numeric,20214,20214,20412,0.0,19309,0.0,0.17534524202346802,0.16695725917816162,0.09389426931738853,0.23912616819143295
구성비__연령대_30_매출_금액,numeric,20221,20214,20336,0.0,18972,0.010463094042867127,0.17711137235164642,0.16575731337070465,0.0881388708949089,0.24764036014676094
구성비__연령대_30_매출_금액,numeric,20222,20214,20338,0.0,19149,0.007182288373135818,0.1787528544664383,0.17000657320022583,0.09208720363676548,0.24946492165327072
구성비__연령대_30_매출_금액,numeric,20223,20214,20336,0.0,19135,0.0038228662447040195,0.17676186561584473,0.16818767786026,0.09010850079357624,0.24582619592547417
구성비__연령대_30_매출_금액,numeric,20224,20214,20321,0.0,19054,0.003837719245597178,0.17368543148040771,0.1645696759223938,0.08820898085832596,0.24161118268966675
구성비__연령대_30_매출_금액,numeric,20231,20214,20268,0.0,18931,0.01794850762835313,0.17608623206615448,0.16452327370643616,0.08441188186407089,0.25041699409484863
구성비__연령대_40_매출_금액,numeric,20214,20214,20412,0.0,19694,0.0,0.22286058962345123,0.19478921592235565,0.135523721575737,0.2616346403956413
구성비__연령대_40_매출_금액,numeric,20221,20214,20336,0.0,19393,0.004222648282971796,0.21954472362995148,0.18980994820594788,0.1307128444314003,0.2570672780275345
구성비__연령대_40_매출_금액,numeric,20222,20214,20338,0.0,19568,0.0008011518984744732,0.22184519469738007,0.1928030252456665,0.13585063442587852,0.2585454136133194
구성비__연령대_40_매출_금액,numeric,20223,20214,20336,0.0,19512,0.0015464301044523694,0.2221556007862091,0.19309529662132263,0.13438423722982407,0.2594279944896698
구성비__연령대_40_매출_금액,numeric,20224,20214,20321,0.0,19494,0.0021831109294482834,0.22292469441890717,0.19255875051021576,0.13442844152450562,0.25744202733039856
구성비__연령대_40_매출_금액,numeric,20231,20214,20268,0.0,19428,0.0047013130010736095,0.21987156569957733,0.1895187795162201,0.13293226435780525,0.25808122754096985
구성비__연령대_50_매출_금액,numeric,20214,20214,20412,0.0,19629,0.0,0.21318159997463226,0.19693371653556824,0.12381924875080585,0.2724374756217003
구성비__연령대_50_매출_금액,numeric,20221,20214,20336,0.0,19431,0.005369845469856774,0.22008876502513885,0.20464718341827393,0.13099655508995056,0.2808409258723259
구성비__연령대_50_매출_금액,numeric,20222,20214,20338,0.0,19578,0.005059407869783923,0.21724794805049896,0.2029082179069519,0.13103000447154045,0.2765762656927109
구성비__연령대_50_매출_금액,numeric,20223,20214,20336,0.0,19524,0.0024947730621664786,0.21526069939136505,0.20076283812522888,0.1292017102241516,0.2746414691209793
구성비__연령대_50_매출_금액,numeric,20224,20214,20321,0.0,19479,0.002035109037244813,0.2146308869123459,0.19971917569637299,0.12819267809391022,0.2722749412059784
구성비__연령대_50_매출_금액,numeric,20231,20214,20268,0.0,19472,0.01246898299556699,0.221866637468338,0.20692560076713562,0.13713963329792023,0.27951380610466003
구성비__연령대_60_이상_매출_금액,numeric,20214,20214,20412,0.0,18932,0.0,0.1661418229341507,0.11133180558681488,0.047726928256452084,0.23503245413303375
구성비__연령대_60_이상_매출_금액,numeric,20221,20214,20336,0.0,18713,0.010909845885932464,0.18213696777820587,0.12451177090406418,0.053689831867814064,0.25610022991895676
구성비__연령대_60_이상_매출_금액,numeric,20222,20214,20338,0.0,18873,0.011381861703173592,0.18214482069015503,0.12644995748996735,0.0559185491874814,0.25777245312929153
구성비__연령대_60_이상_매출_금액,numeric,20223,20214,20336,0.0,18824,0.009214446280044794,0.18124130368232727,0.12513670325279236,0.0540415421128273,0.25695081055164337
구성비__연령대_60_이상_매출_금액,numeric,20224,20214,20321,0.0,18772,0.008003731000375545,0.18029512465000153,0.12398364394903183,0.053173359483480453,0.2554956078529358
구성비__연령대_60_이상_매출_금액,numeric,20231,20214,20268,0.0,18810,0.03200251920358299,0.19582948088645935,0.13850811123847961,0.060700864531099796,0.2796856015920639
구성비__주중_매출_건수,numeric,20214,20214,20412,0.0,18352,0.0,0.7678853869438171,0.7545696496963501,0.6849634051322937,0.8626569360494614
구성비__주중_매출_건수,numeric,20221,20214,20336,0.0,17986,0.00839009241941829,0.7606503963470459,0.7467908263206482,0.6759298741817474,0.853643000125885
구성비__주중_매출_건수,numeric,20222,20214,20338,0.0,18340,0.013207926013906902,0.7573864459991455,0.7432205677032471,0.673201397061348,0.8490850776433945
구성비__주중_매출_건수,numeric,20223,20214,20336,0.0,18157,0.005125633624842478,0.7735472321510315,0.7615310549736023,0.692307710647583,0.8644110858440399
구성비__주중_매출_건수,numeric,20224,20214,20321,0.0,18233,0.021933643671612848,0.7555854320526123,0.742270290851593,0.6688946485519409,0.8485089540481567
구성비__주중_매출_건수,numeric,20231,20214,20268,0.0,18044,0.007327156481388699,0.7757238745689392,0.7638500928878784,0.6925343424081802,0.868901938199997
구성비__주말_매출_건수,numeric,20214,20214,20412,0.0,18356,0.0,0.23211461305618286,0.2454303503036499,0.13734307512640953,0.3150365725159645
구성비__주말_매출_건수,numeric,20221,20214,20336,0.0,17991,0.00839009241941829,0.2393496036529541,0.2532091736793518,0.14635701477527618,0.32407013326883316
구성비__주말_매출_건수,numeric,20222,20214,20338,0.0,18350,0.013207926013906903,0.2426135092973709,0.25677943229675293,0.15091492235660553,0.32679862529039383
구성비__주말_매출_건수,numeric,20223,20214,20336,0.0,18170,0.005125633624842477,0.22645272314548492,0.2384689450263977,0.1355889029800892,0.3076923191547394
구성비__주말_매출_건수,numeric,20224,20214,20321,0.0,18240,0.021933643671612848,0.24441449344158173,0.25772973895072937,0.15149106085300446,0.3311053514480591
구성비__주말_매출_건수,numeric,20231,20214,20268,0.0,18052,0.007327156481388699,0.22427614033222198,0.23614993691444397,0.13109807670116425,0.307465635240078
구성비__월요일_매출_건수,numeric,20214,20214,20412,0.0,18498,0.0,0.14428755640983582,0.13938316702842712,0.11673974804580212,0.16794975474476814
구성비__월요일_매출_건수,numeric,20221,20214,20336,0.0,18113,0.05937992368701121,0.15449471771717072,0.14773336052894592,0.12078025005757809,0.1824660375714302
구성비__월요일_매출_건수,numeric,20222,20214,20338,0.0,18474,0.01634831880371449,0.1489167958498001,0.1425272822380066,0.11682546697556973,0.1761084944009781
구성비__월요일_매출_건수,numeric,20223,20214,20336,0.0,18289,0.011155130099548202,0.1404116451740265,0.13680170476436615,0.11372508108615875,0.162185400724411
구성비__월요일_매출_건수,numeric,20224,20214,20321,0.0,18236,0.008714730269499073,0.14037951827049255,0.1370449662208557,0.11260310560464859,0.16434837877750397
구성비__월요일_매출_건수,numeric,20231,20214,20268,0.0,18210,0.017236961707911575,0.14882425963878632,0.14208734035491943,0.11597061529755592,0.17584973201155663
구성비__화요일_매출_건수,numeric,20214,20214,20412,0.0,18540,0.0,0.14755630493164062,0.14231283962726593,0.11903489008545876,0.17050724104046822
구성비__화요일_매출_건수,numeric,20221,20214,20336,0.0,18095,0.030895989610466967,0.14380763471126556,0.14142408967018127,0.11910966970026493,0.16238632053136826
구성비__화요일_매출_건수,numeric,20222,20214,20338,0.0,18483,0.014553089265504655,0.15216529369354248,0.1464611142873764,0.12272603623569012,0.17703618109226227
구성비__화요일_매출_건수,numeric,20223,20214,20336,0.0,18370,0.004978409368356613,0.15023021399974823,0.14406171441078186,0.12008785456418991,0.17437434569001198
구성비__화요일_매출_건수,numeric,20224,20214,20321,0.0,18407,0.009349522381365796,0.15132182836532593,0.14489969611167908,0.11922048032283783,0.17582418024539948
구성비__화요일_매출_건수,numeric,20231,20214,20268,0.0,18224,0.01592327957475741,0.15004976093769073,0.14579400420188904,0.12334553152322769,0.1708965115249157
구성비__수요일_매출_건수,numeric,20214,20214,20412,0.0,18450,0.0,0.15003271400928497,0.14468920230865479,0.12456784583628178,0.1696866676211357
구성비__수요일_매출_건수,numeric,20221,20214,20336,0.0,18111,0.013484344714146935,0.14727509021759033,0.14400765299797058,0.12416107207536697,0.16512484475970268
구성비__수요일_매출_건수,numeric,20222,20214,20338,0.0,18414,0.00836964175210827,0.14867213368415833,0.14447802305221558,0.1259627528488636,0.16679158806800842
구성비__수요일_매출_건수,numeric,20223,20214,20336,0.0,18344,0.005723869434362648,0.15205973386764526,0.1469045877456665,0.12567108124494553,0.17385528981685638
구성비__수요일_매출_건수,numeric,20224,20214,20321,0.0,18291,0.002684720017504613,0.15038351714611053,0.14425140619277954,0.12328767031431198,0.17123620212078094
구성비__수요일_매출_건수,numeric,20231,20214,20268,0.0,18259,0.012034133617973779,0.1525571346282959,0.14775623381137848,0.12813735753297806,0.1712115854024887
구성비__목요일_매출_건수,numeric,20214,20214,20412,0.0,18494,0.0,0.15115530788898468,0.145428866147995,0.1269543059170246,0.1693267934024334
구성비__목요일_매출_건수,numeric,20221,20214,20336,0.0,18177,0.03883879918883371,0.15732865035533905,0.15076830983161926,0.12843865156173706,0.17987913638353348
구성비__목요일_매출_건수,numeric,20222,20214,20338,0.0,18389,0.027885785822056156,0.14473560452461243,0.14071309566497803,0.12266542576253414,0.1618492789566517
구성비__목요일_매출_건수,numeric,20223,20214,20336,0.0,18419,0.02424964170066911,0.15687210857868195,0.15062105655670166,0.13099101185798645,0.17584236711263657
구성비__목요일_매출_건수,numeric,20224,20214,20321,0.0,18332,0.004332721794282564,0.14970077574253082,0.14474941790103912,0.12437810748815536,0.16917923092842102
구성비__목요일_매출_건수,numeric,20231,20214,20268,0.0,18251,0.02295813020705996,0.1551959365606308,0.1498803198337555,0.1285901851952076,0.17631147801876068
구성비__금요일_매출_건수,numeric,20214,20214,20412,0.0,18542,0.0,0.17485350370407104,0.1712828278541565,0.1527530811727047,0.1939411759376526
구성비__금요일_매출_건수,numeric,20221,20214,20336,0.0,18114,0.3135627754954016,0.15774430334568024,0.15259356796741486,0.1328122466802597,0.1771312691271305
구성비__금요일_매출_건수,numeric,20222,20214,20338,0.0,18498,0.15015904808042738,0.16289667785167694,0.15883982181549072,0.14062874019145966,0.1820894367992878
구성비__금요일_매출_건수,numeric,20223,20214,20336,0.0,18391,0.002601412481391174,0.17397357523441315,0.1702476143836975,0.15224291384220123,0.19178621843457222
구성비__금요일_매출_건수,numeric,20224,20214,20321,0.0,18369,0.13725681748625243,0.16379989683628082,0.15953627228736877,0.14116354286670685,0.18168306350708008
구성비__금요일_매출_건수,numeric,20231,20214,20268,0.0,18255,0.03643011454151718,0.16909676790237427,0.16556966304779053,0.14554203674197197,0.18928995355963707
구성비__토요일_매출_건수,numeric,20214,20214,20412,0.0,18059,0.0,0.14475008845329285,0.14887502789497375,0.10736552812159061,0.18277936056256294
구성비__토요일_매출_건수,numeric,20221,20214,20336,0.0,17694,0.006981348600380242,0.1489071100950241,0.15184110403060913,0.1093114223331213,0.1875104419887066
구성비__토요일_매출_건수,numeric,20222,20214,20338,0.0,18089,0.01689987995243417,0.15210649371147156,0.15536409616470337,0.1139740813523531,0.19074055925011635
구성비__토요일_매출_건수,numeric,20223,20214,20336,0.0,17855,0.00868256959971572,0.1406116485595703,0.14494338631629944,0.10288812033832073,0.17667189240455627
구성비__토요일_매출_건수,numeric,20224,20214,20321,0.0,17966,0.0718594103309062,0.1580405831336975,0.1626138985157013,0.1163194477558136,0.19998665153980255
구성비__토요일_매출_건수,numeric,20231,20214,20268,0.0,17779,0.013396792893117744,0.1400938481092453,0.14223143458366394,0.09979338198900223,0.17883922904729843
구성비__일요일_매출_건수,numeric,20214,20214,20412,0.0,15017,0.0,0.08736453950405121,0.08974069356918335,0.0023799670161679387,0.141681008040905
구성비__일요일_매출_건수,numeric,20221,20214,20336,0.0,14883,0.005444635511816886,0.09044249355792999,0.09247861802577972,0.0021033287048339844,0.14641378074884415
구성비__일요일_매출_건수,numeric,20222,20214,20338,0.0,15005,0.006784466532072222,0.09050702303647995,0.09314095228910446,0.0025182676035910845,0.14686831086874008
구성비__일요일_매출_건수,numeric,20223,20214,20336,0.0,14872,0.0006530451455602426,0.08584106713533401,0.08699411898851395,0.0010213246277999133,0.14048068225383759
구성비__일요일_매출_건수,numeric,20224,20214,20321,0.0,14822,0.0003261992682195531,0.08637392520904541,0.08787578344345093,0.00030372635228559375,0.1411042958498001
구성비__일요일_매출_건수,numeric,20231,20214,20268,0.0,14758,0.002987950928573965,0.08418229967355728,0.08357420563697815,0.00021488918719114736,0.13904466852545738
구성비__시간대_건수~06_매출_건수,numeric,20214,20214,20412,0.0,7279,0.0,0.022402871400117874,0.0,0.0,0.00860722060315311
구성비__시간대_건수~06_매출_건수,numeric,20221,20214,20336,0.0,5404,0.08981897014902798,0.009267200715839863,0.0,0.0,0.0003430197684792802
구성비__시간대_건수~06_매출_건수,numeric,20222,20214,20338,0.0,7412,0.010326833839112506,0.02936243824660778,0.0,0.0,0.011585374129936099
구성비__시간대_건수~06_매출_건수,numeric,20223,20214,20336,0.0,7416,0.012932284942170722,0.03161531686782837,0.0,0.0,0.012610546313226223
구성비__시간대_건수~06_매출_건수,numeric,20224,20214,20321,0.0,7428,0.011970632442766398,0.03082350455224514,0.0,0.0,0.01339829433709383
구성비__시간대_건수~06_매출_건수,numeric,20231,20214,20268,0.0,7377,0.009311658735817952,0.030660688877105713,0.0,0.0,0.012391250813379884
구성비__시간대_건수~11_매출_건수,numeric,20214,20214,20412,0.0,15428,0.0,0.08307614177465439,0.05000000074505806,0.0027834505890496075,0.13741808757185936
구성비__시간대_건수~11_매출_건수,numeric,20221,20214,20336,0.0,15028,0.0008920138864453388,0.08192407339811325,0.049133628606796265,0.0017277128936257213,0.13353554531931877
구성비__시간대_건수~11_매출_건수,numeric,20222,20214,20338,0.0,15638,0.003651139735759483,0.08826500177383423,0.05403079465031624,0.004199904622510076,0.14481214061379433
구성비__시간대_건수~11_매출_건수,numeric,20223,20214,20336,0.0,15540,0.009772308727779552,0.09196256846189499,0.05793526768684387,0.0047801058972254395,0.15112527832388878
구성비__시간대_건수~11_매출_건수,numeric,20224,20214,20321,0.0,15449,0.0015341471053637152,0.08612345159053802,0.05287589877843857,0.003415744984522462,0.14264990389347076
구성비__시간대_건수~11_매출_건수,numeric,20231,20214,20268,0.0,15352,0.0010522751874465165,0.08413288742303848,0.052218303084373474,0.003150440694298595,0.13824451714754105
구성비__시간대_건수~14_매출_건수,numeric,20214,20214,20412,0.0,18094,0.0,0.24165759980678558,0.24373432993888855,0.1405954658985138,0.31774240732192993
구성비__시간대_건수~14_매출_건수,numeric,20221,20214,20336,0.0,17787,0.0038525716206855433,0.2481015920639038,0.2491292655467987,0.14814814925193787,0.3250923976302147
구성비__시간대_건수~14_매출_건수,numeric,20222,20214,20338,0.0,18012,0.003055053360892652,0.23730187118053436,0.23784136772155762,0.13558988645672798,0.3142857253551483
구성비__시간대_건수~14_매출_건수,numeric,20223,20214,20336,0.0,17852,0.0011403389958863518,0.23813067376613617,0.2395813763141632,0.13719193637371063,0.3141918405890465
구성비__시간대_건수~14_매출_건수,numeric,20224,20214,20321,0.0,17871,0.002051352269400775,0.2426563948392868,0.24519334733486176,0.13684210181236267,0.3221757411956787
구성비__시간대_건수~14_매출_건수,numeric,20231,20214,20268,0.0,17793,0.0012998392799795162,0.24223081767559052,0.24259905517101288,0.1395704336464405,0.3193923607468605
구성비__시간대_건수~17_매출_건수,numeric,20214,20214,20412,0.0,18863,0.0,0.25527119636535645,0.2553645968437195,0.1497742384672165,0.3405309095978737
구성비__시간대_건수~17_매출_건수,numeric,20221,20214,20336,0.0,18515,0.0031300412057878647,0.25996342301368713,0.2613908648490906,0.15574326738715172,0.34158168733119965
구성비__시간대_건수~17_매출_건수,numeric,20222,20214,20338,0.0,18665,0.027846562721576117,0.23975017666816711,0.2409507930278778,0.14245477318763733,0.3196256309747696
구성비__시간대_건수~17_매출_건수,numeric,20223,20214,20336,0.0,18552,0.03578465648926942,0.23737475275993347,0.23529411852359772,0.14012284576892853,0.31632284075021744
구성비__시간대_건수~17_매출_건수,numeric,20224,20214,20321,0.0,18593,0.004231040765050711,0.2507155239582062,0.2505219280719757,0.14419475197792053,0.3357512950897217
구성비__시간대_건수~17_매출_건수,numeric,20231,20214,20268,0.0,18468,0.004420077009649157,0.2504322826862335,0.25,0.14307194203138351,0.33647457510232925
구성비__시간대_건수~21_매출_건수,numeric,20214,20214,20412,0.0,18969,0.0,0.3121222257614136,0.31162428855895996,0.21630632504820824,0.40047961473464966
구성비__시간대_건수~21_매출_건수,numeric,20221,20214,20336,0.0,18632,0.02584966104849149,0.32708871364593506,0.3213971257209778,0.2189379371702671,0.42307692766189575
구성비__시간대_건수~21_매출_건수,numeric,20222,20214,20338,0.0,18886,0.0020406935116737586,0.3105563819408417,0.30956506729125977,0.2159075103700161,0.39753564447164536
구성비__시간대_건수~21_매출_건수,numeric,20223,20214,20336,0.0,18802,0.00199970057517399,0.30851423740386963,0.30667245388031006,0.21373369917273521,0.3949526622891426
구성비__시간대_건수~21_매출_건수,numeric,20224,20214,20321,0.0,18698,0.009581348924278057,0.29923737049102783,0.29621654748916626,0.20357941091060638,0.3856509327888489
구성비__시간대_건수~21_매출_건수,numeric,20231,20214,20268,0.0,18659,0.005993965206443622,0.3023563325405121,0.3014128804206848,0.2069338746368885,0.3896552845835686
구성비__시간대_건수~24_매출_건수,numeric,20214,20214,20412,0.0,13724,0.0,0.0854678675532341,0.023775484412908554,0.0,0.11817984282970428
구성비__시간대_건수~24_매출_건수,numeric,20221,20214,20336,0.0,13264,0.011845486512345408,0.07365499436855316,0.01704532839357853,0.0,0.09585713967680931
구성비__시간대_건수~24_매출_건수,numeric,20222,20214,20338,0.0,13911,0.0030650240134697934,0.09476415067911148,0.027938809245824814,0.0,0.13409479334950447
구성비__시간대_건수~24_매출_건수,numeric,20223,20214,20336,0.0,13731,0.0028800624311748784,0.09240245074033737,0.026490066200494766,0.0,0.1344686858355999
구성비__시간대_건수~24_매출_건수,numeric,20224,20214,20321,0.0,13511,0.002915189954683507,0.09044376015663147,0.02455129846930504,0.0,0.1305348128080368
구성비__시간대_건수~24_매출_건수,numeric,20231,20214,20268,0.0,13429,0.0027766050738139035,0.09018699079751968,0.02373509481549263,0.0,0.12967990711331367
구성비__남성_매출_건수,numeric,20214,20214,20412,0.0,19109,0.0,0.49472594261169434,0.4950501024723053,0.39071157574653625,0.6053690761327744
구성비__남성_매출_건수,numeric,20221,20214,20336,0.0,18816,0.0016174171050004238,0.49790915846824646,0.4974415600299835,0.39441337436437607,0.6108408868312836
구성비__남성_매출_건수,numeric,20222,20214,20338,0.0,18975,0.0013204184992890483,0.4920276999473572,0.49146848917007446,0.38863232731819153,0.6033039689064026
구성비__남성_매출_건수,numeric,20223,20214,20336,0.0,18936,0.0009132675428454596,0.49183839559555054,0.49167150259017944,0.3882061094045639,0.6040337085723877
구성비__남성_매출_건수,numeric,20224,20214,20321,0.0,18946,0.0011702483550268161,0.49078837037086487,0.4902067184448242,0.38638120889663696,0.6016260385513306
구성비__남성_매출_건수,numeric,20231,20214,20268,0.0,18833,0.0009095041668401125,0.4918721318244934,0.4918367862701416,0.38887256383895874,0.6030537933111191
구성비__여성_매출_건수,numeric,20214,20214,20412,0.0,19094,0.0,0.46175527572631836,0.459861159324646,0.3328375294804573,0.5773226171731949
구성비__여성_매출_건수,numeric,20221,20214,20336,0.0,18798,0.0009531690731181781,0.4588404595851898,0.4560125768184662,0.3298812359571457,0.5718059241771698
구성비__여성_매출_건수,numeric,20222,20214,20338,0.0,19008,0.0013653183300429796,0.46545374393463135,0.463936448097229,0.3373737037181854,0.5799457281827927
구성비__여성_매출_건수,numeric,20223,20214,20336,0.0,18977,0.0009249914457267755,0.46451130509376526,0.4624999463558197,0.3348976746201515,0.5794521570205688
구성비__여성_매출_건수,numeric,20224,20214,20321,0.0,18955,0.0007119869446390859,0.46401867270469666,0.4641440212726593,0.3358606994152069,0.5786516666412354
구성비__여성_매출_건수,numeric,20231,20214,20268,0.0,18857,0.0007441449461629171,0.46340447664260864,0.46402615308761597,0.33446497470140457,0.5784392952919006
구성비__연령대_10_매출_건수,numeric,20214,20214,20412,0.0,12648,0.0,0.013315637595951557,0.003961613401770592,0.0,0.01451885444112122
구성비__연령대_10_매출_건수,numeric,20221,20214,20336,0.0,11516,0.03349988311928041,0.010391723364591599,0.0020630178041756153,0.0,0.01022160961292684
구성비__연령대_10_매출_건수,numeric,20222,20214,20338,0.0,11894,0.02247730371993476,0.010898813605308533,0.0023932596668601036,0.0,0.01104972418397665
구성비__연령대_10_매출_건수,numeric,20223,20214,20336,0.0,11807,0.019400609247276927,0.01083210576325655,0.0025150112342089415,0.0,0.011202243156731129
구성비__연령대_10_매출_건수,numeric,20224,20214,20321,0.0,12083,0.007605485021899899,0.01198060717433691,0.003023812547326088,0.0,0.012360180728137493
구성비__연령대_10_매출_건수,numeric,20231,20214,20268,0.0,11265,0.06611081904547433,0.00883854553103447,0.0016040434129536152,0.0,0.008672847412526608
구성비__연령대_20_매출_건수,numeric,20214,20214,20412,0.0,17655,0.0,0.16705264151096344,0.13272160291671753,0.05511811003088951,0.24602780118584633
구성비__연령대_20_매출_건수,numeric,20221,20214,20336,0.0,17050,0.02302444167553257,0.1473418027162552,0.11290785670280457,0.041019631549715996,0.2157054767012596
구성비__연령대_20_매출_건수,numeric,20222,20214,20338,0.0,17404,0.021209081122799043,0.14693501591682434,0.1132807806134224,0.04449713137000799,0.213859673589468
구성비__연령대_20_매출_건수,numeric,20223,20214,20336,0.0,17320,0.020112358101969416,0.1483258754014969,0.11388663947582245,0.04409082606434822,0.21606042608618736
구성비__연령대_20_매출_건수,numeric,20224,20214,20321,0.0,17273,0.02031369431981188,0.147732675075531,0.11260371655225754,0.04316546767950058,0.2169816642999649
구성비__연령대_20_매출_건수,numeric,20231,20214,20268,0.0,16959,0.0876712036235972,0.12877239286899567,0.09361046552658081,0.03276786953210831,0.18598166853189468
구성비__연령대_30_매출_건수,numeric,20214,20214,20412,0.0,18501,0.0,0.18796467781066895,0.18424469232559204,0.11666242778301239,0.2511530742049217
구성비__연령대_30_매출_건수,numeric,20221,20214,20336,0.0,18076,0.016128496629448347,0.1912594586610794,0.184352844953537,0.11221981234848499,0.26124293357133865
구성비__연령대_30_매출_건수,numeric,20222,20214,20338,0.0,18442,0.013598663504641114,0.19324153661727905,0.1887780874967575,0.11538169346749783,0.2636844292283058
구성비__연령대_30_매출_건수,numeric,20223,20214,20336,0.0,18296,0.007404129721596183,0.19136053323745728,0.1878339648246765,0.11363046243786812,0.2596386671066284
구성비__연령대_30_매출_건수,numeric,20224,20214,20321,0.0,18278,0.006289844767557446,0.18841345608234406,0.18429003655910492,0.11154744774103165,0.2565670311450958
구성비__연령대_30_매출_건수,numeric,20231,20214,20268,0.0,18103,0.02984379530492602,0.1919672191143036,0.18600279092788696,0.1088845506310463,0.2663683667778969
구성비__연령대_40_매출_건수,numeric,20214,20214,20412,0.0,18834,0.0,0.2210145741701126,0.19553318619728088,0.14570164307951927,0.2515343129634857
구성비__연령대_40_매출_건수,numeric,20221,20214,20336,0.0,18435,0.005254812615735511,0.21799342334270477,0.1913573145866394,0.14052321016788483,0.2483355663716793
구성비__연령대_40_매출_건수,numeric,20222,20214,20338,0.0,18820,0.0015176963341133332,0.22042594850063324,0.19449380040168762,0.14461678639054298,0.24992840364575386
구성비__연령대_40_매출_건수,numeric,20223,20214,20336,0.0,18643,0.0016503985766695636,0.22067056596279144,0.19407644867897034,0.1430150605738163,0.2502460852265358
구성비__연령대_40_매출_건수,numeric,20224,20214,20321,0.0,18590,0.0008250185970503229,0.22301043570041656,0.1953352838754654,0.14432597160339355,0.25112107396125793
구성비__연령대_40_매출_건수,numeric,20231,20214,20268,0.0,18508,0.00358940845756985,0.2192244976758957,0.1919715851545334,0.14169440045952797,0.25009363144636154
구성비__연령대_50_매출_건수,numeric,20214,20214,20412,0.0,18762,0.0,0.20472431182861328,0.1949736773967743,0.12918393686413765,0.26245587319135666
구성비__연령대_50_매출_건수,numeric,20221,20214,20336,0.0,18416,0.00683663219935246,0.21221554279327393,0.2030816674232483,0.13648182153701782,0.2698700875043869
구성비__연령대_50_매출_건수,numeric,20222,20214,20338,0.0,18710,0.004839476459687539,0.20884214341640472,0.200253427028656,0.13623469322919846,0.2647954449057579
구성비__연령대_50_매출_건수,numeric,20223,20214,20336,0.0,18550,0.0033511555008491666,0.20821645855903625,0.19983211159706116,0.1351393647491932,0.26466093212366104
구성비__연령대_50_매출_건수,numeric,20224,20214,20321,0.0,18573,0.0035249538504004427,0.20781904458999634,0.19859813153743744,0.13497643172740936,0.2636338472366333
구성비__연령대_50_매출_건수,numeric,20231,20214,20268,0.0,18510,0.015324060527694599,0.21449312567710876,0.20593324303627014,0.14249152690172195,0.2683442085981369
구성비__연령대_60_이상_매출_건수,numeric,20214,20214,20412,0.0,18241,0.0,0.16238521039485931,0.1135595440864563,0.05032492149621248,0.23343044891953468
구성비__연령대_60_이상_매출_건수,numeric,20221,20214,20336,0.0,17955,0.009880856987383582,0.177549809217453,0.12760114669799805,0.05561399273574352,0.2544260695576668
구성비__연령대_60_이상_매출_건수,numeric,20222,20214,20338,0.0,18209,0.009044987709353799,0.17715489864349365,0.12666666507720947,0.056054080836474895,0.2541494071483612
구성비__연령대_60_이상_매출_건수,numeric,20223,20214,20336,0.0,18149,0.008383105236253158,0.17693106830120087,0.12654171884059906,0.0555555559694767,0.25192245841026306
구성비__연령대_60_이상_매출_건수,numeric,20224,20214,20321,0.0,18069,0.008605377186132215,0.17585650086402893,0.12674205005168915,0.055437665432691574,0.25218114256858826
구성비__연령대_60_이상_매출_건수,numeric,20231,20214,20268,0.0,18067,0.034458770245701646,0.19199253618717194,0.13991770148277283,0.06284251995384693,0.2772081717848778
유동__총_유동인구_수__분모0,numeric,20214,20214,20412,0.0,1,0.0,0.0,0.0,0.0,0.0
유동__총_유동인구_수__분모0,numeric,20221,20214,20336,0.0,1,0.0,0.0,0.0,0.0,0.0
유동__총_유동인구_수__분모0,numeric,20222,20214,20338,0.0,1,0.0,0.0,0.0,0.0,0.0
유동__총_유동인구_수__분모0,numeric,20223,20214,20336,0.0,1,0.0,0.0,0.0,0.0,0.0
유동__총_유동인구_수__분모0,numeric,20224,20214,20321,0.0,1,0.0,0.0,0.0,0.0,0.0
유동__총_유동인구_수__분모0,numeric,20231,20214,20268,0.0,1,0.0,0.0,0.0,0.0,0.0
구성비__유동__남성_유동인구_수,numeric,20214,20214,20412,0.0,1554,0.0,0.4784739911556244,0.4732145071029663,0.45824792981147766,0.4943132698535919
구성비__유동__남성_유동인구_수,numeric,20221,20214,20336,0.0,1555,0.008650317863190224,0.48000505566596985,0.47412142157554626,0.45954325795173645,0.4941690266132355
구성비__유동__남성_유동인구_수,numeric,20222,20214,20338,0.0,1552,0.007346684370355112,0.4775209128856659,0.4722972810268402,0.4569146931171417,0.49383169412612915
구성비__유동__남성_유동인구_수,numeric,20223,20214,20336,0.0,1554,0.003109833146079114,0.4779396057128906,0.4729227125644684,0.4578990638256073,0.49301600456237793
구성비__유동__남성_유동인구_수,numeric,20224,20214,20321,0.0001968407066581369,1554,0.0077697389033006825,0.4770187437534332,0.4720402956008911,0.4576471149921417,0.4923737347126007
구성비__유동__남성_유동인구_수,numeric,20231,20214,20268,4.933885928557332e-05,1553,0.021795245305746194,0.47787293791770935,0.47325074672698975,0.45867055654525757,0.49321410059928894
구성비__유동__여성_유동인구_수,numeric,20214,20214,20412,0.0,1555,0.0,0.5215262174606323,0.5267854928970337,0.5056867003440857,0.5417520999908447
구성비__유동__여성_유동인구_수,numeric,20221,20214,20336,0.0,1555,0.007500073756871907,0.5199950337409973,0.5258808732032776,0.5058309435844421,0.5404567718505859
구성비__유동__여성_유동인구_수,numeric,20222,20214,20338,0.0,1549,0.00774467357338195,0.5224788784980774,0.5277027487754822,0.5061683058738708,0.5430853366851807
구성비__유동__여성_유동인구_수,numeric,20223,20214,20336,0.0,1555,0.0033364638515549303,0.5220602750778198,0.5270772576332092,0.5069839954376221,0.5420997142791748
구성비__유동__여성_유동인구_수,numeric,20224,20214,20321,0.0001968407066581369,1554,0.008256413395828907,0.5229813456535339,0.5279600024223328,0.5076262354850769,0.5423528552055359
구성비__유동__여성_유동인구_수,numeric,20231,20214,20268,4.933885928557332e-05,1552,0.02185321882363314,0.522127091884613,0.5267504453659058,0.5067856311798096,0.5413292050361633
구성비__유동__연령대_10_유동인구_수,numeric,20214,20214,20412,0.0,1555,0.0,0.12855744361877441,0.12339036911725998,0.09113440662622452,0.1594712883234024
구성비__유동__연령대_10_유동인구_수,numeric,20221,20214,20336,0.0,1555,0.01168470023152908,0.12933921813964844,0.12515953183174133,0.09218569844961166,0.15759898722171783
구성비__유동__연령대_10_유동인구_수,numeric,20222,20214,20338,0.0,1552,0.008734835173721055,0.13178680837154388,0.1257559359073639,0.09229568392038345,0.16156445443630219
구성비__유동__연령대_10_유동인구_수,numeric,20223,20214,20336,0.0,1555,0.020380378073571237,0.13086523115634918,0.12423087656497955,0.09294310957193375,0.15910102427005768
구성비__유동__연령대_10_유동인구_수,numeric,20224,20214,20321,0.0001968407066581369,1555,0.009503856702830325,0.13035441935062408,0.12429258227348328,0.09135808795690536,0.15903162956237793
구성비__유동__연령대_10_유동인구_수,numeric,20231,20214,20268,4.933885928557332e-05,1553,0.01039141251063833,0.1308445930480957,0.12521381676197052,0.09291724860668182,0.15862436592578888
구성비__유동__연령대_20_유동인구_수,numeric,20214,20214,20412,0.0,1555,0.0,0.16954371333122253,0.15124984085559845,0.12443725019693375,0.19055473804473877
구성비__유동__연령대_20_유동인구_수,numeric,20221,20214,20336,0.0,1555,0.002805593846221967,0.16898255050182343,0.15020905435085297,0.12476962059736252,0.1906861513853073
구성비__유동__연령대_20_유동인구_수,numeric,20222,20214,20338,0.0,1551,0.005693870258594205,0.17063847184181213,0.15185293555259705,0.12283172458410263,0.19245222210884094
구성비__유동__연령대_20_유동인구_수,numeric,20223,20214,20336,0.0,1555,0.007546718099992402,0.17115071415901184,0.15239642560482025,0.12331926822662354,0.19416064023971558
구성비__유동__연령대_20_유동인구_수,numeric,20224,20214,20321,0.0001968407066581369,1555,0.020680915186360633,0.17101293802261353,0.15202969312667847,0.12140876799821854,0.19414068758487701
구성비__유동__연령대_20_유동인구_수,numeric,20231,20214,20268,4.933885928557332e-05,1552,0.020705323747173668,0.1699429154396057,0.15053831040859222,0.12263266742229462,0.19202199578285217
구성비__유동__연령대_30_유동인구_수,numeric,20214,20214,20412,0.0,1554,0.0,0.1768377274274826,0.1698468029499054,0.14350387454032898,0.20756150782108307
구성비__유동__연령대_30_유동인구_수,numeric,20221,20214,20336,0.0,1555,0.004585364504642426,0.17713254690170288,0.1701420545578003,0.14359453320503235,0.2066127359867096
구성비__유동__연령대_30_유동인구_수,numeric,20222,20214,20338,0.0,1552,0.0032368922971693715,0.17633047699928284,0.16901308298110962,0.14295372366905212,0.20512008666992188
구성비__유동__연령대_30_유동인구_수,numeric,20223,20214,20336,0.0,1555,0.002035449383998641,0.17647609114646912,0.16981633007526398,0.14359891414642334,0.2045731246471405
구성비__유동__연령대_30_유동인구_수,numeric,20224,20214,20321,0.0001968407066581369,1553,0.006750426303330414,0.17696641385555267,0.1696193665266037,0.14343544840812683,0.20713898539543152
구성비__유동__연령대_30_유동인구_수,numeric,20231,20214,20268,4.933885928557332e-05,1552,0.009087240429348187,0.1769728660583496,0.1697940081357956,0.1429763287305832,0.20677374303340912
구성비__유동__연령대_40_유동인구_수,numeric,20214,20214,20412,0.0,1555,0.0,0.16437050700187683,0.16106091439723969,0.1480148881673813,0.17900678515434265
구성비__유동__연령대_40_유동인구_수,numeric,20221,20214,20336,0.0,1555,0.003866820265263764,0.16423176229000092,0.16051112115383148,0.14776518940925598,0.1786039173603058
구성비__유동__연령대_40_유동인구_수,numeric,20222,20214,20338,0.0,1552,0.0041612718288629,0.16358761489391327,0.16059604287147522,0.14709149301052094,0.17913931608200073
구성비__유동__연령대_40_유동인구_수,numeric,20223,20214,20336,0.0,1555,0.014037850328972588,0.16374976933002472,0.16034060716629028,0.1477319449186325,0.17913790047168732
구성비__유동__연령대_40_유동인구_수,numeric,20224,20214,20321,0.0001968407066581369,1555,0.013371149032932522,0.16450916230678558,0.16130729019641876,0.14859697222709656,0.18036027252674103
구성비__유동__연령대_40_유동인구_수,numeric,20231,20214,20268,4.933885928557332e-05,1552,0.011613388034596125,0.16467830538749695,0.16109497845172882,0.14809657633304596,0.17959609627723694
구성비__유동__연령대_50_유동인구_수,numeric,20214,20214,20412,0.0,1555,0.0,0.14801697432994843,0.14922207593917847,0.1333528459072113,0.16255225241184235
구성비__유동__연령대_50_유동인구_수,numeric,20221,20214,20336,0.0,1554,0.009692491446588762,0.14832547307014465,0.14965547621250153,0.1338958740234375,0.1629311889410019
구성비__유동__연령대_50_유동인구_수,numeric,20222,20214,20338,0.0,1552,0.007235161353153012,0.14710241556167603,0.14894194900989532,0.13266652077436447,0.1625044047832489
구성비__유동__연령대_50_유동인구_수,numeric,20223,20214,20336,0.0,1555,0.02222864961089291,0.14769096672534943,0.1499054729938507,0.13313601911067963,0.16260680556297302
구성비__유동__연령대_50_유동인구_수,numeric,20224,20214,20321,0.0001968407066581369,1555,0.015159112617005555,0.14764440059661865,0.14937636256217957,0.1333581954240799,0.16243970394134521
구성비__유동__연령대_50_유동인구_수,numeric,20231,20214,20268,4.933885928557332e-05,1553,0.013040390881532514,0.14795327186584473,0.1492941975593567,0.13397233188152313,0.16277413070201874
구성비__유동__연령대_60_이상_유동인구_수,numeric,20214,20214,20412,0.0,1555,0.0,0.21267391741275787,0.21514751017093658,0.17153210937976837,0.2528191804885864
구성비__유동__연령대_60_이상_유동인구_수,numeric,20221,20214,20336,0.0,1555,0.0019733446621102877,0.21198871731758118,0.21535781025886536,0.1717357486486435,0.2517273426055908
구성비__유동__연령대_60_이상_유동인구_수,numeric,20222,20214,20338,0.0,1552,0.011489006573516985,0.21055422723293304,0.21499766409397125,0.16998711228370667,0.25151288509368896
구성비__유동__연령대_60_이상_유동인구_수,numeric,20223,20214,20336,0.0,1555,0.0056950198401460525,0.2100675404071808,0.21362920105457306,0.16846179962158203,0.2516789436340332
구성비__유동__연령대_60_이상_유동인구_수,numeric,20224,20214,20321,0.0001968407066581369,1555,0.008206796628109648,0.20951272547245026,0.21256192028522491,0.16917751729488373,0.2507985234260559
구성비__유동__연령대_60_이상_유동인구_수,numeric,20231,20214,20268,4.933885928557332e-05,1553,0.010519553104222793,0.20960839092731476,0.2126169204711914,0.16928058862686157,0.2502174377441406
구성비__유동__시간대_00_06_유동인구_수,numeric,20214,20214,20412,0.0,1554,0.0,0.2224043607711792,0.22786836326122284,0.17908136546611786,0.2729470729827881
구성비__유동__시간대_00_06_유동인구_수,numeric,20221,20214,20336,0.0,1555,0.009065246564515194,0.22141218185424805,0.2267361730337143,0.1782129555940628,0.27078360319137573
구성비__유동__시간대_00_06_유동인구_수,numeric,20222,20214,20338,0.0,1551,0.008144672871406248,0.22351664304733276,0.2288205921649933,0.1783050149679184,0.27543771266937256
구성비__유동__시간대_00_06_유동인구_수,numeric,20223,20214,20336,0.0,1555,0.005906041083483404,0.22333332896232605,0.22823494672775269,0.1799776703119278,0.2731008231639862
구성비__유동__시간대_00_06_유동인구_수,numeric,20224,20214,20321,0.0001968407066581369,1554,0.003749763649138803,0.2234679013490677,0.23103588819503784,0.17883656919002533,0.27288582921028137
구성비__유동__시간대_00_06_유동인구_수,numeric,20231,20214,20268,4.933885928557332e-05,1552,0.011821695395018513,0.22202688455581665,0.23019181191921234,0.17771577835083008,0.2733255624771118
구성비__유동__시간대_06_11_유동인구_수,numeric,20214,20214,20412,0.0,1555,0.0,0.20187599956989288,0.2031666785478592,0.19390463829040527,0.2106136679649353
구성비__유동__시간대_06_11_유동인구_수,numeric,20221,20214,20336,0.0,1555,0.012015055494082265,0.20232145488262177,0.20354311168193817,0.19501955807209015,0.21095901727676392
구성비__유동__시간대_06_11_유동인구_수,numeric,20222,20214,20338,0.0,1551,0.016448050187214788,0.20183613896369934,0.20356564223766327,0.1938484162092209,0.2109215445816517
구성비__유동__시간대_06_11_유동인구_수,numeric,20223,20214,20336,0.0,1555,0.004944246041218834,0.20207299292087555,0.2031911313533783,0.1944422423839569,0.21076194941997528
구성비__유동__시간대_06_11_유동인구_수,numeric,20224,20214,20321,0.0001968407066581369,1554,0.00914374847883775,0.20169483125209808,0.20271600782871246,0.19407056272029877,0.20999594032764435
구성비__유동__시간대_06_11_유동인구_수,numeric,20231,20214,20268,4.933885928557332e-05,1553,0.017045175981993146,0.20141083002090454,0.20275655388832092,0.19413748383522034,0.21038681268692017
구성비__유동__시간대_11_14_유동인구_수,numeric,20214,20214,20412,0.0,1555,0.0,0.13570281863212585,0.12776920199394226,0.11276707053184509,0.14969345927238464
구성비__유동__시간대_11_14_유동인구_수,numeric,20221,20214,20336,0.0,1554,0.012722628144129378,0.13635285198688507,0.12871186435222626,0.11438640207052231,0.15001900121569633
구성비__유동__시간대_11_14_유동인구_수,numeric,20222,20214,20338,0.0,1552,0.014417291247974102,0.13473063707351685,0.12636251747608185,0.11161138117313385,0.14995668828487396
구성비__유동__시간대_11_14_유동인구_수,numeric,20223,20214,20336,0.0,1555,0.011191265075181025,0.1351693868637085,0.12683182954788208,0.11235793679952621,0.14878039062023163
구성비__유동__시간대_11_14_유동인구_수,numeric,20224,20214,20321,0.0001968407066581369,1555,0.013626184008378846,0.1350569725036621,0.126631960272789,0.11202086508274078,0.15027838945388794
구성비__유동__시간대_11_14_유동인구_수,numeric,20231,20214,20268,4.933885928557332e-05,1553,0.008514980584254782,0.1360035389661789,0.126763254404068,0.11243898421525955,0.15080232918262482
구성비__유동__시간대_14_17_유동인구_수,numeric,20214,20214,20412,0.0,1555,0.0,0.13909056782722473,0.13297869265079498,0.1129506453871727,0.15805970132350922
구성비__유동__시간대_14_17_유동인구_수,numeric,20221,20214,20336,0.0,1555,0.01226831545868328,0.1399213969707489,0.13422895967960358,0.11430060863494873,0.15817788243293762
구성비__유동__시간대_14_17_유동인구_수,numeric,20222,20214,20338,0.0,1552,0.010828703269348277,0.13760554790496826,0.13092242181301117,0.11215667426586151,0.15688784420490265
구성비__유동__시간대_14_17_유동인구_수,numeric,20223,20214,20336,0.0,1555,0.008874683433837585,0.1380760222673416,0.13154906034469604,0.11311210691928864,0.15614888072013855
구성비__유동__시간대_14_17_유동인구_수,numeric,20224,20214,20321,0.0001968407066581369,1555,0.012137247907735326,0.13808958232402802,0.13028840720653534,0.11221203207969666,0.15684112906455994
구성비__유동__시간대_14_17_유동인구_수,numeric,20231,20214,20268,4.933885928557332e-05,1553,0.01033630741048295,0.1390005648136139,0.131352499127388,0.11255516111850739,0.15828324854373932
구성비__유동__시간대_17_21_유동인구_수,numeric,20214,20214,20412,0.0,1555,0.0,0.1808454543352127,0.17745494842529297,0.16116169095039368,0.19695661962032318
구성비__유동__시간대_17_21_유동인구_수,numeric,20221,20214,20336,0.0,1555,0.0018555153120949485,0.18096397817134857,0.1769774854183197,0.16144397854804993,0.1965782344341278
구성비__유동__시간대_17_21_유동인구_수,numeric,20222,20214,20338,0.0,1552,0.005871098913160226,0.18092553317546844,0.1781470626592636,0.16058233380317688,0.1971728503704071
구성비__유동__시간대_17_21_유동인구_수,numeric,20223,20214,20336,0.0,1555,0.006820176060933611,0.18030621111392975,0.17732377350330353,0.16066649556159973,0.19621656835079193
구성비__유동__시간대_17_21_유동인구_수,numeric,20224,20214,20321,0.0001968407066581369,1555,0.008757024443088644,0.18061785399913788,0.1781415492296219,0.16098399460315704,0.19689202308654785
구성비__유동__시간대_17_21_유동인구_수,numeric,20231,20214,20268,4.933885928557332e-05,1553,0.004659555115998851,0.18090195953845978,0.17750419676303864,0.16133663058280945,0.19770172238349915
구성비__유동__시간대_21_24_유동인구_수,numeric,20214,20214,20412,0.0,1554,0.0,0.1200811117887497,0.12626667320728302,0.11144938319921494,0.13354936242103577
구성비__유동__시간대_21_24_유동인구_수,numeric,20221,20214,20336,0.0,1553,0.009159157263241707,0.11902827024459839,0.1250961571931839,0.11007638275623322,0.13250510394573212
구성비__유동__시간대_21_24_유동인구_수,numeric,20222,20214,20338,0.0,1552,0.027341550158278723,0.12138576060533524,0.12738749384880066,0.11323747783899307,0.1347297877073288
구성비__유동__시간대_21_24_유동인구_수,numeric,20223,20214,20336,0.0,1555,0.012530140705538484,0.12104210257530212,0.12754319608211517,0.11274132132530212,0.1341855823993683
구성비__유동__시간대_21_24_유동인구_수,numeric,20224,20214,20321,0.0001968407066581369,1555,0.024824399682776874,0.12107329815626144,0.1273169219493866,0.1132977232336998,0.13465113937854767
구성비__유동__시간대_21_24_유동인구_수,numeric,20231,20214,20268,4.933885928557332e-05,1553,0.013387534150975473,0.12065634876489639,0.1270529180765152,0.11320484429597855,0.13415497541427612
구성비__유동__월요일_유동인구_수,numeric,20214,20214,20412,0.0,1554,0.0,0.1432071477174759,0.14285452663898468,0.1414353847503662,0.14445877075195312
구성비__유동__월요일_유동인구_수,numeric,20221,20214,20336,0.0,1552,0.27492159280799344,0.14374330639839172,0.14195466041564941,0.14032283425331116,0.14498861134052277
구성비__유동__월요일_유동인구_수,numeric,20222,20214,20338,0.0,1551,0.07665698356106741,0.1440243273973465,0.14309102296829224,0.14125491678714752,0.14587554335594177
구성비__유동__월요일_유동인구_수,numeric,20223,20214,20336,0.0,1554,0.01788181799412906,0.14330406486988068,0.14299556612968445,0.1413443684577942,0.1448933482170105
구성비__유동__월요일_유동인구_수,numeric,20224,20214,20321,0.0001968407066581369,1553,0.0539534528901181,0.14279119670391083,0.1428881734609604,0.1409607231616974,0.1446571946144104
구성비__유동__월요일_유동인구_수,numeric,20231,20214,20268,4.933885928557332e-05,1551,0.3863597394296047,0.14298056066036224,0.14162544906139374,0.1398811638355255,0.14412061870098114
구성비__유동__화요일_유동인구_수,numeric,20214,20214,20412,0.0,1553,0.0,0.14517170190811157,0.142488494515419,0.1404113918542862,0.14713428914546967
구성비__유동__화요일_유동인구_수,numeric,20221,20214,20336,0.0,1554,0.10546587389041392,0.14340268075466156,0.14185215532779694,0.14035937190055847,0.14451496303081512
구성비__유동__화요일_유동인구_수,numeric,20222,20214,20338,0.0,1551,0.02149204601312441,0.14534111320972443,0.14255684614181519,0.14009198546409607,0.1478043645620346
구성비__유동__화요일_유동인구_수,numeric,20223,20214,20336,0.0,1555,0.020132650945742233,0.14558227360248566,0.14287173748016357,0.14088213443756104,0.14784272015094757
구성비__유동__화요일_유동인구_수,numeric,20224,20214,20321,0.0001968407066581369,1555,0.05179190089919087,0.1447422057390213,0.14199812710285187,0.13973243534564972,0.14727061986923218
구성비__유동__화요일_유동인구_수,numeric,20231,20214,20268,4.933885928557332e-05,1549,0.028365068718267352,0.14427806437015533,0.1419278383255005,0.13992659747600555,0.1460781991481781
구성비__유동__수요일_유동인구_수,numeric,20214,20214,20412,0.0,1555,0.0,0.14553306996822357,0.14277683198451996,0.14043362438678741,0.14751408994197845
구성비__유동__수요일_유동인구_수,numeric,20221,20214,20336,0.0,1553,0.1625411711857792,0.14422740042209625,0.14256291091442108,0.14098866283893585,0.1457466036081314
구성비__유동__수요일_유동인구_수,numeric,20222,20214,20338,0.0,1552,0.01772529340666991,0.14465974271297455,0.1425812840461731,0.1403820812702179,0.14688153564929962
구성비__유동__수요일_유동인구_수,numeric,20223,20214,20336,0.0,1555,0.02975780957033552,0.14617595076560974,0.14318518340587616,0.14067593216896057,0.14866672456264496
구성비__유동__수요일_유동인구_수,numeric,20224,20214,20321,0.0001968407066581369,1555,0.028724339150152853,0.14504940807819366,0.1422571986913681,0.13998986780643463,0.14721746742725372
구성비__유동__수요일_유동인구_수,numeric,20231,20214,20268,4.933885928557332e-05,1549,0.019000098145719475,0.14490419626235962,0.14257584512233734,0.14046935737133026,0.1469312161207199
구성비__유동__목요일_유동인구_수,numeric,20214,20214,20412,0.0,1553,0.0,0.14540304243564606,0.1426096111536026,0.14021649956703186,0.14767968654632568
구성비__유동__목요일_유동인구_수,numeric,20221,20214,20336,0.0,1555,0.017730385464110453,0.14594613015651703,0.1429021656513214,0.14006997644901276,0.1482851207256317
구성비__유동__목요일_유동인구_수,numeric,20222,20214,20338,0.0,1551,0.02563232771538746,0.14429955184459686,0.14203068614006042,0.14007426798343658,0.14639393985271454
구성비__유동__목요일_유동인구_수,numeric,20223,20214,20336,0.0,1553,0.01612194250225629,0.14589709043502808,0.14290961623191833,0.14036697149276733,0.14834965765476227
구성비__유동__목요일_유동인구_수,numeric,20224,20214,20321,0.0001968407066581369,1553,0.057749975143431664,0.14503104984760284,0.1418483406305313,0.13957470655441284,0.14759911596775055
구성비__유동__목요일_유동인구_수,numeric,20231,20214,20268,4.933885928557332e-05,1551,0.05366911908069523,0.14561478793621063,0.14242316782474518,0.1398659199476242,0.14786525070667267
구성비__유동__금요일_유동인구_수,numeric,20214,20214,20412,0.0,1554,0.0,0.14509138464927673,0.14334844052791595,0.1406182497739792,0.1476876139640808
구성비__유동__금요일_유동인구_수,numeric,20221,20214,20336,0.0,1554,0.043169082043244315,0.14616601169109344,0.14389099180698395,0.1405431628227234,0.14886292815208435
구성비__유동__금요일_유동인구_수,numeric,20222,20214,20338,0.0,1551,0.04389663677906663,0.1449696272611618,0.1427403688430786,0.14009545743465424,0.14772546291351318
구성비__유동__금요일_유동인구_수,numeric,20223,20214,20336,0.0,1552,0.013250682162374811,0.14477820694446564,0.14280232787132263,0.14044514298439026,0.14728829264640808
구성비__유동__금요일_유동인구_수,numeric,20224,20214,20321,0.0001968407066581369,1552,0.04895810398824484,0.14506560564041138,0.1430402249097824,0.1400148868560791,0.1481701284646988
구성비__유동__금요일_유동인구_수,numeric,20231,20214,20268,4.933885928557332e-05,1550,0.03151334990349011,0.1456405222415924,0.14337174594402313,0.1403960883617401,0.1484890580177307
구성비__유동__토요일_유동인구_수,numeric,20214,20214,20412,0.0,1553,0.0,0.13971853256225586,0.14409460127353668,0.13684986531734467,0.14732088148593903
구성비__유동__토요일_유동인구_수,numeric,20221,20214,20336,0.0,1555,0.04051857200012117,0.1402028650045395,0.14486163854599,0.13777418434619904,0.14790968596935272
구성비__유동__토요일_유동인구_수,numeric,20222,20214,20338,0.0,1550,0.030237316069931196,0.14005471765995026,0.14400267601013184,0.13599498569965363,0.14794926345348358
구성비__유동__토요일_유동인구_수,numeric,20223,20214,20336,0.0,1555,0.033383866100397674,0.13852949440479279,0.14327888190746307,0.13506805896759033,0.14684079587459564
구성비__유동__토요일_유동인구_수,numeric,20224,20214,20321,0.0001968407066581369,1555,0.045790830511634795,0.14036843180656433,0.1444547325372696,0.13679935038089752,0.14840979874134064
구성비__유동__토요일_유동인구_수,numeric,20231,20214,20268,4.933885928557332e-05,1552,0.05884736701545746,0.1404583901166916,0.14503853023052216,0.13775035738945007,0.14890199899673462
구성비__유동__일요일_유동인구_수,numeric,20214,20214,20412,0.0,1554,0.0,0.13587556779384613,0.1417703479528427,0.12933547794818878,0.1492849737405777
구성비__유동__일요일_유동인구_수,numeric,20221,20214,20336,0.0,1555,0.005366069098245637,0.13631188869476318,0.1423071026802063,0.1298508197069168,0.1494167596101761
구성비__유동__일요일_유동인구_수,numeric,20222,20214,20338,0.0,1551,0.0159879446230879,0.13665123283863068,0.14254772663116455,0.1296631246805191,0.15014490485191345
구성비__유동__일요일_유동인구_수,numeric,20223,20214,20336,0.0,1554,0.004974482361276822,0.13573312759399414,0.14197537302970886,0.1290563941001892,0.1491357833147049
구성비__유동__일요일_유동인구_수,numeric,20224,20214,20321,0.0001968407066581369,1555,0.02448486744858602,0.13695234060287476,0.14332365989685059,0.13010646402835846,0.1503193974494934
구성비__유동__일요일_유동인구_수,numeric,20231,20214,20268,4.933885928557332e-05,1552,0.02691300070279514,0.13612352311611176,0.14319339394569397,0.12811397016048431,0.15064208209514618
상주__총_상주인구_수__분모0,numeric,20214,20214,20412,0.0,1,0.0,0.0,0.0,0.0,0.0
상주__총_상주인구_수__분모0,numeric,20221,20214,20336,0.0,1,0.0,0.0,0.0,0.0,0.0
상주__총_상주인구_수__분모0,numeric,20222,20214,20338,0.0,1,0.0,0.0,0.0,0.0,0.0
상주__총_상주인구_수__분모0,numeric,20223,20214,20336,0.0,1,0.0,0.0,0.0,0.0,0.0
상주__총_상주인구_수__분모0,numeric,20224,20214,20321,0.0,1,0.0,0.0,0.0,0.0,0.0
상주__총_상주인구_수__분모0,numeric,20231,20214,20268,0.0,1,0.0,0.0,0.0,0.0,0.0
구성비__상주__남성_상주인구_수,numeric,20214,20214,20412,0.0037722908093278463,1484,0.0,0.49633944034576416,0.4911242723464966,0.4726606011390686,0.5076355934143066
구성비__상주__남성_상주인구_수,numeric,20221,20214,20336,0.003737214791502754,1483,8.996853284910474e-06,0.4963506758213043,0.4911242723464966,0.4726606011390686,0.5076355934143066
구성비__상주__남성_상주인구_수,numeric,20222,20214,20338,0.0037860163241223324,1480,2.822495717278535e-05,0.4963027834892273,0.4911242723464966,0.4726606011390686,0.5078003406524658
구성비__상주__남성_상주인구_수,numeric,20223,20214,20336,0.0037863886703383164,1482,4.3764987057299505e-05,0.4963175654411316,0.4911242723464966,0.4725370407104492,0.5076355934143066
구성비__상주__남성_상주인구_수,numeric,20224,20214,20321,0.004970227843117957,1478,0.04886514394801243,0.5013636946678162,0.49445006251335144,0.4783913493156433,0.5099047422409058
구성비__상주__남성_상주인구_수,numeric,20231,20214,20268,0.003749753305703572,1477,0.04920344155638593,0.5018349289894104,0.4944649338722229,0.4784810245037079,0.5099047422409058
구성비__상주__여성_상주인구_수,numeric,20214,20214,20412,0.0037722908093278463,1484,0.0,0.5036605596542358,0.5088757276535034,0.49236440658569336,0.5273393988609314
구성비__상주__여성_상주인구_수,numeric,20221,20214,20336,0.003737214791502754,1483,9.938343339797442e-06,0.5036493539810181,0.5088757276535034,0.49236440658569336,0.5273393988609314
구성비__상주__여성_상주인구_수,numeric,20222,20214,20338,0.0037860163241223324,1480,2.4146731060671376e-05,0.5036972761154175,0.5088757276535034,0.49219968914985657,0.5273393988609314
구성비__상주__여성_상주인구_수,numeric,20223,20214,20336,0.0037863886703383164,1482,4.12721611978744e-05,0.5036824345588684,0.5088757276535034,0.49236440658569336,0.5274629592895508
구성비__상주__여성_상주인구_수,numeric,20224,20214,20321,0.004970227843117957,1478,0.04732678159871173,0.49863627552986145,0.505549967288971,0.49009525775909424,0.5216086506843567
구성비__상주__여성_상주인구_수,numeric,20231,20214,20268,0.003749753305703572,1477,0.04764709056173633,0.4981650710105896,0.5055350661277771,0.49009525775909424,0.5215190052986145
구성비__상주__연령대_10_상주인구_수,numeric,20214,20214,20412,0.0037722908093278463,1477,0.0,0.09815189242362976,0.09737318754196167,0.070928193628788,0.12039045244455338
구성비__상주__연령대_10_상주인구_수,numeric,20221,20214,20336,0.003737214791502754,1477,6.909995238696724e-06,0.09811057895421982,0.09737318754196167,0.07087279856204987,0.12039045244455338
구성비__상주__연령대_10_상주인구_수,numeric,20222,20214,20338,0.0037860163241223324,1474,1.4355058356851904e-05,0.09803973138332367,0.09733453392982483,0.07087279856204987,0.12027491629123688
구성비__상주__연령대_10_상주인구_수,numeric,20223,20214,20336,0.0037863886703383164,1476,3.6429896507908505e-05,0.09800516068935394,0.09722645580768585,0.07079645991325378,0.12027491629123688
구성비__상주__연령대_10_상주인구_수,numeric,20224,20214,20321,0.004970227843117957,1471,0.1322155689565878,0.08669091016054153,0.08694887161254883,0.06733430922031403,0.10631579160690308
구성비__상주__연령대_10_상주인구_수,numeric,20231,20214,20268,0.003749753305703572,1470,0.13317753992912953,0.08656667917966843,0.08694121986627579,0.06724665313959122,0.10631579160690308
구성비__상주__연령대_20_상주인구_수,numeric,20214,20214,20412,0.0037722908093278463,1496,0.0,0.18294668197631836,0.16069699823856354,0.13686685264110565,0.20338982343673706
구성비__상주__연령대_20_상주인구_수,numeric,20221,20214,20336,0.003737214791502754,1497,1.899760177421168e-05,0.18300941586494446,0.16069699823856354,0.13686685264110565,0.20338982343673706
구성비__상주__연령대_20_상주인구_수,numeric,20222,20214,20338,0.0037860163241223324,1494,3.346536284964363e-05,0.18319249153137207,0.16069699823856354,0.13686685264110565,0.20419254899024963
구성비__상주__연령대_20_상주인구_수,numeric,20223,20214,20336,0.0037863886703383164,1497,4.3022906576788116e-05,0.1832694113254547,0.16076184809207916,0.13686685264110565,0.20458553731441498
구성비__상주__연령대_20_상주인구_수,numeric,20224,20214,20321,0.004970227843117957,1464,2.9585661039087414,0.10335852950811386,0.103050597012043,0.08817455172538757,0.11826226860284805
구성비__상주__연령대_20_상주인구_수,numeric,20231,20214,20268,0.003749753305703572,1462,2.960128753640149,0.10328051447868347,0.103050597012043,0.08810103684663773,0.11826226860284805
구성비__상주__연령대_30_상주인구_수,numeric,20214,20214,20412,0.0037722908093278463,1493,0.0,0.16771940886974335,0.1575482338666916,0.1279638707637787,0.20417633652687073
구성비__상주__연령대_30_상주인구_수,numeric,20221,20214,20336,0.003737214791502754,1493,2.863913693269588e-06,0.16769348084926605,0.1575482338666916,0.1279638707637787,0.20417633652687073
구성비__상주__연령대_30_상주인구_수,numeric,20222,20214,20338,0.0037860163241223324,1490,1.4842948595910522e-05,0.1677567958831787,0.1575482338666916,0.1279638707637787,0.20417633652687073
구성비__상주__연령대_30_상주인구_수,numeric,20223,20214,20336,0.0037863886703383164,1493,3.638994471796156e-05,0.16788221895694733,0.1575482338666916,0.1279638707637787,0.20434781908988953
구성비__상주__연령대_30_상주인구_수,numeric,20224,20214,20321,0.004970227843117957,1490,0.09483653923754282,0.18592698872089386,0.1666666716337204,0.13635331392288208,0.21631686389446259
구성비__상주__연령대_30_상주인구_수,numeric,20231,20214,20268,0.003749753305703572,1489,0.09426340839145204,0.1865614950656891,0.1666666716337204,0.13634707033634186,0.2166847288608551
구성비__상주__연령대_40_상주인구_수,numeric,20214,20214,20412,0.0037722908093278463,1487,0.0,0.14465869963169098,0.14424552023410797,0.13135959208011627,0.15911449491977692
구성비__상주__연령대_40_상주인구_수,numeric,20221,20214,20336,0.003737214791502754,1486,2.4918594632867195e-05,0.14466893672943115,0.14424552023410797,0.13135959208011627,0.15911449491977692
구성비__상주__연령대_40_상주인구_수,numeric,20222,20214,20338,0.0037860163241223324,1483,2.0166138605103736e-05,0.14463138580322266,0.14424552023410797,0.13135959208011627,0.15911449491977692
구성비__상주__연령대_40_상주인구_수,numeric,20223,20214,20336,0.0037863886703383164,1484,2.2785824235502488e-05,0.144623264670372,0.14424552023410797,0.13135959208011627,0.15911449491977692
구성비__상주__연령대_40_상주인구_수,numeric,20224,20214,20321,0.004970227843117957,1479,0.33930186662097284,0.1609482318162918,0.15773674845695496,0.14015263319015503,0.18077623844146729
구성비__상주__연령대_40_상주인구_수,numeric,20231,20214,20268,0.003749753305703572,1477,0.3369574106834072,0.16073830425739288,0.15766923129558563,0.14008858799934387,0.18049706518650055
구성비__상주__연령대_50_상주인구_수,numeric,20214,20214,20412,0.0037722908093278463,1486,0.0,0.1559610664844513,0.15617433190345764,0.13550636172294617,0.17685949802398682
구성비__상주__연령대_50_상주인구_수,numeric,20221,20214,20336,0.003737214791502754,1485,6.792762409740834e-06,0.1559605449438095,0.15617433190345764,0.13550636172294617,0.17685949802398682
구성비__상주__연령대_50_상주인구_수,numeric,20222,20214,20338,0.0037860163241223324,1483,6.757385512746843e-06,0.1559174656867981,0.15617433190345764,0.13550636172294617,0.17685949802398682
구성비__상주__연령대_50_상주인구_수,numeric,20223,20214,20336,0.0037863886703383164,1486,2.771043043981623e-05,0.15587328374385834,0.15617433190345764,0.13537117838859558,0.17685118317604065
구성비__상주__연령대_50_상주인구_수,numeric,20224,20214,20321,0.004970227843117957,1479,0.08145728823021213,0.15987758338451385,0.160024031996727,0.14355400204658508,0.17517605423927307
구성비__상주__연령대_50_상주인구_수,numeric,20231,20214,20268,0.003749753305703572,1478,0.0798249447569019,0.15997077524662018,0.160024031996727,0.14355400204658508,0.17517605423927307
구성비__상주__연령대_60_이상_상주인구_수,numeric,20214,20214,20412,0.0037722908093278463,1509,0.0,0.25056228041648865,0.24683544039726257,0.19328993558883667,0.2929984927177429
구성비__상주__연령대_60_이상_상주인구_수,numeric,20221,20214,20336,0.003737214791502754,1509,1.9514130605785908e-05,0.2505570650100708,0.24685466289520264,0.19328993558883667,0.2929984927177429
구성비__상주__연령대_60_이상_상주인구_수,numeric,20222,20214,20338,0.0037860163241223324,1506,3.0351952090799593e-05,0.250462144613266,0.24685466289520264,0.19328993558883667,0.2929984927177429
구성비__상주__연령대_60_이상_상주인구_수,numeric,20223,20214,20336,0.0037863886703383164,1509,7.553088004627213e-05,0.2503466308116913,0.24683544039726257,0.19328993558883667,0.2927522361278534
구성비__상주__연령대_60_이상_상주인구_수,numeric,20224,20214,20321,0.004970227843117957,1500,0.5333011600590701,0.3031977415084839,0.29836830496788025,0.24754521250724792,0.34355828166007996
구성비__상주__연령대_60_이상_상주인구_수,numeric,20231,20214,20268,0.003749753305703572,1500,0.5275226713879756,0.30288222432136536,0.29816025495529175,0.24731183052062988,0.34355828166007996
직장__총_직장_인구_수__분모0,numeric,20214,20214,20412,0.0,1,0.0,0.0,0.0,0.0,0.0
직장__총_직장_인구_수__분모0,numeric,20221,20214,20336,0.0,1,0.0,0.0,0.0,0.0,0.0
직장__총_직장_인구_수__분모0,numeric,20222,20214,20338,0.0,1,0.0,0.0,0.0,0.0,0.0
직장__총_직장_인구_수__분모0,numeric,20223,20214,20336,0.0,1,0.0,0.0,0.0,0.0,0.0
직장__총_직장_인구_수__분모0,numeric,20224,20214,20321,0.0,1,0.0,0.0,0.0,0.0,0.0
직장__총_직장_인구_수__분모0,numeric,20231,20214,20268,0.0,1,0.0,0.0,0.0,0.0,0.0
구성비__직장__남성_직장_인구_수,numeric,20214,20214,20412,0.0014697236919459142,1447,0.0,0.5901628732681274,0.585457980632782,0.539170503616333,0.6385803818702698
구성비__직장__남성_직장_인구_수,numeric,20221,20214,20336,0.0014260424862313139,1446,2.0572169800572107e-05,0.5902364253997803,0.585457980632782,0.5393537878990173,0.6385803818702698
구성비__직장__남성_직장_인구_수,numeric,20222,20214,20338,0.0013767332087717573,1445,3.0277941653542737e-05,0.5902450680732727,0.585457980632782,0.539170503616333,0.6385803818702698
구성비__직장__남성_직장_인구_수,numeric,20223,20214,20336,0.0014260424862313139,1447,5.247154110897397e-05,0.5900712013244629,0.585457980632782,0.5387409329414368,0.6385803818702698
구성비__직장__남성_직장_인구_수,numeric,20224,20214,20321,0.00221445794990404,1425,0.0018013112432083394,0.5918070077896118,0.5866666436195374,0.5404868125915527,0.6403475403785706
구성비__직장__남성_직장_인구_수,numeric,20231,20214,20268,0.002220248667850799,1422,0.0017902315620601363,0.5918737649917603,0.5866666436195374,0.5405257344245911,0.6403475403785706
구성비__직장__여성_직장_인구_수,numeric,20214,20214,20412,0.0014697236919459142,1447,0.0,0.40983715653419495,0.414542019367218,0.3614196181297302,0.460829496383667
구성비__직장__여성_직장_인구_수,numeric,20221,20214,20336,0.0014260424862313139,1446,2.0098870167751964e-05,0.40976354479789734,0.414542019367218,0.3614196181297302,0.46064624190330505
구성비__직장__여성_직장_인구_수,numeric,20222,20214,20338,0.0013767332087717573,1445,2.9348527892261318e-05,0.4097549617290497,0.414542019367218,0.3614196181297302,0.460829496383667
구성비__직장__여성_직장_인구_수,numeric,20223,20214,20336,0.0014260424862313139,1447,4.8773224606258724e-05,0.40992873907089233,0.414542019367218,0.3614196181297302,0.46125906705856323
구성비__직장__여성_직장_인구_수,numeric,20224,20214,20321,0.00221445794990404,1425,0.0013606406489993952,0.40819302201271057,0.41333332657814026,0.35965242981910706,0.4595131576061249
구성비__직장__여성_직장_인구_수,numeric,20231,20214,20268,0.002220248667850799,1422,0.001333646842624867,0.4081262946128845,0.41333332657814026,0.35965242981910706,0.45947426557540894
구성비__직장__연령대_10_직장_인구_수,numeric,20214,20214,20412,0.0014697236919459142,287,0.0,0.0009051388478837907,0.0,0.0,0.0005271481350064278
구성비__직장__연령대_10_직장_인구_수,numeric,20221,20214,20336,0.0014260424862313139,287,2.001817408006271e-06,0.0009020390571095049,0.0,0.0,0.0005336983595043421
구성비__직장__연령대_10_직장_인구_수,numeric,20222,20214,20338,0.0013767332087717573,287,1.2088339444065943e-05,0.0009005431784316897,0.0,0.0,0.0005402485257945955
구성비__직장__연령대_10_직장_인구_수,numeric,20223,20214,20336,0.0014260424862313139,288,3.0346545753613883e-06,0.0009032138623297215,0.0,0.0,0.0005271481350064278
구성비__직장__연령대_10_직장_인구_수,numeric,20224,20214,20321,0.00221445794990404,242,0.008464466455885387,0.0007862111669965088,0.0,0.0,0.0
구성비__직장__연령대_10_직장_인구_수,numeric,20231,20214,20268,0.002220248667850799,242,0.008402836912126831,0.000783720810431987,0.0,0.0,0.0
구성비__직장__연령대_20_직장_인구_수,numeric,20214,20214,20412,0.0014697236919459142,1390,0.0,0.14414967596530914,0.13903743028640747,0.10521955043077469,0.1824175864458084
구성비__직장__연령대_20_직장_인구_수,numeric,20221,20214,20336,0.0014260424862313139,1391,1.3748782069502437e-05,0.14425061643123627,0.1390753835439682,0.10521955043077469,0.1824175864458084
구성비__직장__연령대_20_직장_인구_수,numeric,20222,20214,20338,0.0013767332087717573,1390,2.3789842360863238e-05,0.14428116381168365,0.1390753835439682,0.10521955043077469,0.1824175864458084
구성비__직장__연령대_20_직장_인구_수,numeric,20223,20214,20336,0.0014260424862313139,1393,3.6240574991170954e-05,0.14431552588939667,0.13919414579868317,0.10521955043077469,0.1824175864458084
구성비__직장__연령대_20_직장_인구_수,numeric,20224,20214,20321,0.00221445794990404,1395,0.012381465986406043,0.14225326478481293,0.1386430710554123,0.10239358246326447,0.18183951079845428
구성비__직장__연령대_20_직장_인구_수,numeric,20231,20214,20268,0.002220248667850799,1393,0.012439308187366882,0.14223524928092957,0.1386430710554123,0.10234541445970535,0.18183951079845428
구성비__직장__연령대_30_직장_인구_수,numeric,20214,20214,20412,0.0014697236919459142,1386,0.0,0.23747295141220093,0.2379182130098343,0.20465116202831268,0.27673768997192383
구성비__직장__연령대_30_직장_인구_수,numeric,20221,20214,20336,0.0014260424862313139,1386,1.3843699758208446e-05,0.23750609159469604,0.2379075288772583,0.2046588957309723,0.276824027299881
구성비__직장__연령대_30_직장_인구_수,numeric,20222,20214,20338,0.0013767332087717573,1384,4.4755628360483506e-05,0.23759715259075165,0.23797346651554108,0.2046588957309723,0.277094304561615
구성비__직장__연령대_30_직장_인구_수,numeric,20223,20214,20336,0.0014260424862313139,1387,4.698413538289425e-05,0.23747865855693817,0.2379075288772583,0.20465116202831268,0.276824027299881
구성비__직장__연령대_30_직장_인구_수,numeric,20224,20214,20321,0.00221445794990404,1382,0.0024918199522295575,0.23761413991451263,0.23868313431739807,0.20508474111557007,0.2772822082042694
구성비__직장__연령대_30_직장_인구_수,numeric,20231,20214,20268,0.002220248667850799,1381,0.0025675227774677786,0.2375899851322174,0.2387387454509735,0.20481927692890167,0.27766600251197815
구성비__직장__연령대_40_직장_인구_수,numeric,20214,20214,20412,0.0014697236919459142,1359,0.0,0.25097107887268066,0.2501033544540405,0.23315803706645966,0.2687875032424927
구성비__직장__연령대_40_직장_인구_수,numeric,20221,20214,20336,0.0014260424862313139,1359,1.55869637049374e-05,0.2509656548500061,0.2501033544540405,0.23315803706645966,0.2687999904155731
구성비__직장__연령대_40_직장_인구_수,numeric,20222,20214,20338,0.0013767332087717573,1357,2.8948251822190184e-05,0.25090721249580383,0.2501033544540405,0.23315803706645966,0.26875001192092896
구성비__직장__연령대_40_직장_인구_수,numeric,20223,20214,20336,0.0014260424862313139,1362,5.0634487268814195e-05,0.2508377730846405,0.25,0.23308271169662476,0.26875001192092896
구성비__직장__연령대_40_직장_인구_수,numeric,20224,20214,20321,0.00221445794990404,1341,0.005461374545996264,0.25223082304000854,0.2510548532009125,0.23435582220554352,0.2704402506351471
구성비__직장__연령대_40_직장_인구_수,numeric,20231,20214,20268,0.002220248667850799,1339,0.005326445580263947,0.2521955370903015,0.2510548532009125,0.23435582220554352,0.2704402506351471
구성비__직장__연령대_50_직장_인구_수,numeric,20214,20214,20412,0.0014697236919459142,1398,0.0,0.22623856365680695,0.22392638027668,0.18546026945114136,0.25876426696777344
구성비__직장__연령대_50_직장_인구_수,numeric,20221,20214,20336,0.0014260424862313139,1398,1.5371973311105285e-05,0.2261974960565567,0.2238806039094925,0.18546026945114136,0.2586206793785095
구성비__직장__연령대_50_직장_인구_수,numeric,20222,20214,20338,0.0013767332087717573,1397,2.9178087199771852e-05,0.22605833411216736,0.2237609326839447,0.18546026945114136,0.2584814131259918
구성비__직장__연령대_50_직장_인구_수,numeric,20223,20214,20336,0.0014260424862313139,1401,1.9332136547819463e-05,0.22615215182304382,0.22392638027668,0.18546026945114136,0.2586206793785095
구성비__직장__연령대_50_직장_인구_수,numeric,20224,20214,20321,0.00221445794990404,1383,0.005928907256550754,0.22755426168441772,0.2248520702123642,0.18562564253807068,0.2611386179924011
구성비__직장__연령대_50_직장_인구_수,numeric,20231,20214,20268,0.002220248667850799,1382,0.005939990510000032,0.22754964232444763,0.2248520702123642,0.18562564253807068,0.260869562625885
구성비__직장__연령대_60_이상_직장_인구_수,numeric,20214,20214,20412,0.0014697236919459142,1412,0.0,0.14026258885860443,0.12882095575332642,0.08798283338546753,0.1764705926179886
구성비__직장__연령대_60_이상_직장_인구_수,numeric,20221,20214,20336,0.0014260424862313139,1412,2.256949341631062e-05,0.1401781141757965,0.12880143523216248,0.08798283338546753,0.1764705926179886
구성비__직장__연령대_60_이상_직장_인구_수,numeric,20222,20214,20338,0.0013767332087717573,1410,4.918247814223593e-05,0.14025558531284332,0.12880143523216248,0.08771929889917374,0.1765904724597931
구성비__직장__연령대_60_이상_직장_인구_수,numeric,20223,20214,20336,0.0014260424862313139,1411,3.244580279668308e-05,0.14031270146369934,0.12880143523216248,0.08798283338546753,0.17665129899978638
구성비__직장__연령대_60_이상_직장_인구_수,numeric,20224,20214,20321,0.00221445794990404,1406,0.004443545318377097,0.13956131041049957,0.12742979824543,0.08695652335882187,0.17411763966083527
구성비__직장__연령대_60_이상_직장_인구_수,numeric,20231,20214,20268,0.002220248667850799,1406,0.004394206239895426,0.13964591920375824,0.12760916352272034,0.08695652335882187,0.17412935197353363
유동인구_대비_상주인구_비율,numeric,20214,20214,20412,0.0037722908093278463,1542,0.0,917.384033203125,373.1033020019531,251.29678344726562,613.6594848632812
유동인구_대비_상주인구_비율,numeric,20221,20214,20336,0.003737214791502754,1541,0.0018687986163421916,895.6041259765625,379.7044982910156,252.42428588867188,605.330810546875
유동인구_대비_상주인구_비율,numeric,20222,20214,20338,0.0037860163241223324,1539,0.004701849913172606,970.4530639648438,384.9537658691406,252.0531005859375,628.3309936523438
유동인구_대비_상주인구_비율,numeric,20223,20214,20336,0.0037863886703383164,1542,0.004453260014728259,947.31884765625,372.86553955078125,248.8876495361328,621.49072265625
유동인구_대비_상주인구_비율,numeric,20224,20214,20321,0.005167068549776094,1536,0.023664356798795246,1152.1343994140625,396.0666809082031,251.2490234375,690.0225219726562
유동인구_대비_상주인구_비율,numeric,20231,20214,20268,0.0037990921649891456,1537,0.020478162113873384,1275.77392578125,393.41217041015625,253.7821807861328,684.2963256835938
유동인구_대비_직장인구_비율,numeric,20214,20214,20412,0.0014697236919459142,1548,0.0,2092.03759765625,809.780029296875,210.51788330078125,2223.7578125
유동인구_대비_직장인구_비율,numeric,20221,20214,20336,0.0014260424862313139,1548,0.0014192737934621568,2101.911865234375,811.0632934570312,202.3921356201172,2212.047607421875
유동인구_대비_직장인구_비율,numeric,20222,20214,20338,0.0013767332087717573,1545,0.0030609748373454436,2128.82275390625,826.0381469726562,216.6107635498047,2226.209716796875
유동인구_대비_직장인구_비율,numeric,20223,20214,20336,0.0014260424862313139,1548,0.0024370252177763406,2039.6051025390625,798.6015625,217.47601318359375,2146.874267578125
유동인구_대비_직장인구_비율,numeric,20224,20214,20321,0.002411298656562177,1548,0.0037773439161337408,2027.29296875,819.4764404296875,227.62918090820312,2230.128662109375
유동인구_대비_직장인구_비율,numeric,20231,20214,20268,0.0022695875271363727,1546,0.0037751239182621356,2018.7532958984375,827.67724609375,222.80715942382812,2226.71142578125
상주인구_대비_직장인구_비율,numeric,20214,20214,20412,0.004899078973153047,1532,0.0,5.744492530822754,2.128140687942505,0.4761103093624115,6.801774978637695
상주인구_대비_직장인구_비율,numeric,20221,20214,20336,0.004868214004720693,1531,1.1675149599874353e-05,5.757645130157471,2.128140687942505,0.4687049388885498,6.801774978637695
상주인구_대비_직장인구_비율,numeric,20222,20214,20338,0.00486773527387157,1528,4.1462786542036346e-05,5.730456352233887,2.128140687942505,0.4687049388885498,6.782894611358643
상주인구_대비_직장인구_비율,numeric,20223,20214,20336,0.004868214004720693,1531,6.723845293409347e-05,5.673000812530518,2.128140687942505,0.4687049388885498,6.782894611358643
상주인구_대비_직장인구_비율,numeric,20224,20214,20321,0.006791004379705723,1524,0.0102173557279066,5.9205403327941895,2.136094570159912,0.4629248082637787,7.361111164093018
상주인구_대비_직장인구_비율,numeric,20231,20214,20268,0.005575291099269785,1525,0.009962564089555823,5.903980255126953,2.136094570159912,0.45344680547714233,7.333333492279053
점포당_유동인구,numeric,20214,20214,20412,0.011071918479325886,12533,0.0,230171.3125,141118.328125,63870.25,292237.3125
점포당_유동인구,numeric,20221,20214,20336,0.011260818253343824,12507,0.00021291791688154426,229850.46875,139648.0,63161.1875,289388.09375
점포당_유동인구,numeric,20222,20214,20338,0.01091552758383322,12521,0.00026775149889445856,232431.9375,141364.046875,64088.484375,293956.5
점포당_유동인구,numeric,20223,20214,20336,0.011014948859166011,12607,0.0006081383548354266,228134.765625,138203.96875,62142.0,286535.75
점포당_유동인구,numeric,20224,20214,20321,0.011318340632842872,12696,0.001002719497977623,227504.9375,136961.0,61473.265625,284951.625
점포당_유동인구,numeric,20231,20214,20268,0.011545293072824156,12641,0.000844270526344742,226573.953125,137374.59375,61520.13671875,285392.71875
공간__면적__분모0,numeric,20214,20214,20412,0.0,1,0.0,0.0,0.0,0.0,0.0
공간__면적__분모0,numeric,20221,20214,20336,0.0,1,0.0,0.0,0.0,0.0,0.0
공간__면적__분모0,numeric,20222,20214,20338,0.0,1,0.0,0.0,0.0,0.0,0.0
공간__면적__분모0,numeric,20223,20214,20336,0.0,1,0.0,0.0,0.0,0.0,0.0
공간__면적__분모0,numeric,20224,20214,20321,0.0,1,0.0,0.0,0.0,0.0,0.0
공간__면적__분모0,numeric,20231,20214,20268,0.0,1,0.0,0.0,0.0,0.0,0.0
면적당_유동인구,numeric,20214,20214,20412,0.0,1557,0.0,9.614237785339355,8.604085922241211,6.072115421295166,12.308189392089844
면적당_유동인구,numeric,20221,20214,20336,0.0,1557,0.000731726884777738,9.594950675964355,8.554191589355469,6.101972579956055,12.32792854309082
면적당_유동인구,numeric,20222,20214,20338,0.0,1554,0.006729933974012479,9.789190292358398,8.729670524597168,6.1604905128479,12.402460098266602
면적당_유동인구,numeric,20223,20214,20336,0.0,1557,0.002955774151110709,9.51944351196289,8.578583717346191,6.020635485649109,12.047791481018066
면적당_유동인구,numeric,20224,20214,20321,0.0001968407066581369,1557,0.00457324334255635,9.608743667602539,8.583717346191406,5.946897029876709,12.183647155761719
면적당_유동인구,numeric,20231,20214,20268,4.933885928557332e-05,1555,0.007205636019855203,9.618083953857422,8.678268432617188,5.903824329376221,12.134117126464844
점포당_상주인구,numeric,20214,20214,20412,0.014795218498922203,10661,0.0,647.9566650390625,362.0,143.375,819.5555419921875
점포당_상주인구,numeric,20221,20214,20336,0.014948859166011016,10586,7.872217482397417e-05,645.7020263671875,359.96002197265625,141.25,816.6666870117188
점포당_상주인구,numeric,20222,20214,20338,0.014652374864785132,10641,0.00031670661227922156,641.38525390625,355.3999938964844,140.1758270263672,803.25
점포당_상주인구,numeric,20223,20214,20336,0.014752163650668764,10673,0.00030232678864255367,645.3464965820312,358.5,140.5518341064453,805.3375244140625
점포당_상주인구,numeric,20224,20214,20321,0.015993307415973622,10723,0.0037337725206611307,632.5784301757812,332.87982177734375,128.42857360839844,785.75
점포당_상주인구,numeric,20231,20214,20268,0.015147029800671008,10686,0.004260392208268309,629.3900146484375,332.79998779296875,126.54545593261719,783.0
면적당_상주인구,numeric,20214,20214,20412,0.0037722908093278463,1542,0.0,0.024490581825375557,0.024705536663532257,0.013237700797617435,0.03474453464150429
면적당_상주인구,numeric,20221,20214,20336,0.003737214791502754,1542,1.186609128920126e-05,0.024485990405082703,0.024705536663532257,0.013237700797617435,0.03478467836976051
면적당_상주인구,numeric,20222,20214,20338,0.0037860163241223324,1539,3.609083149104211e-05,0.02446819469332695,0.024703387171030045,0.013237700797617435,0.03474453464150429
면적당_상주인구,numeric,20223,20214,20336,0.0037863886703383164,1542,3.60389518977924e-05,0.02445957623422146,0.024703387171030045,0.013231665827333927,0.03474453464150429
면적당_상주인구,numeric,20224,20214,20321,0.004970227843117957,1537,0.014522012915840245,0.024181917309761047,0.023820966482162476,0.01216132938861847,0.03537309914827347
면적당_상주인구,numeric,20231,20214,20268,0.003749753305703572,1538,0.014398967638850972,0.024155940860509872,0.023733148351311684,0.012135983444750309,0.035271018743515015
점포당_직장인구,numeric,20214,20214,20412,0.01249265138154027,9346,0.0,768.5105590820312,174.125,66.19999694824219,575.4444580078125
점포당_직장인구,numeric,20221,20214,20336,0.012637686860739576,9360,8.296999636524019e-05,765.947021484375,173.3333282470703,66.125,575.2222290039062
점포당_직장인구,numeric,20222,20214,20338,0.012243091749434555,9385,0.0001944654829557796,760.411376953125,172.3333282470703,65.875,571.0
점포당_직장인구,numeric,20223,20214,20336,0.012391817466561763,9394,0.0003149746317453267,761.1527099609375,172.3333282470703,66.19999694824219,574.2191162109375
점포당_직장인구,numeric,20224,20214,20321,0.013237537522759706,9394,0.0023255340380914273,712.25,163.9923095703125,61.33333206176758,532.9791870117188
점포당_직장인구,numeric,20231,20214,20268,0.013617525162818236,9369,0.0024946387113878874,707.0464477539062,164.0,61.25,529.25
면적당_직장인구,numeric,20214,20214,20412,0.0014697236919459142,1548,0.0,0.029430009424686432,0.010474960319697857,0.004632251802831888,0.030750179663300514
면적당_직장인구,numeric,20221,20214,20336,0.0014260424862313139,1548,1.2003428497388894e-05,0.0294402576982975,0.010474960319697857,0.004632251802831888,0.030750179663300514
면적당_직장인구,numeric,20222,20214,20338,0.0013767332087717573,1545,2.3806847510155587e-05,0.029502753168344498,0.010515390895307064,0.004637230187654495,0.030750179663300514
면적당_직장인구,numeric,20223,20214,20336,0.0014260424862313139,1548,5.8049154246687105e-05,0.02948334440588951,0.010474960319697857,0.004637230187654495,0.030750179663300514
면적당_직장인구,numeric,20224,20214,20321,0.00221445794990404,1549,0.01200430221878253,0.027806363999843597,0.01027237344533205,0.004544467199593782,0.027863185852766037
면적당_직장인구,numeric,20231,20214,20268,0.002220248667850799,1547,0.011422904590347421,0.027811391279101372,0.01027237344533205,0.004545689560472965,0.02757834829390049
면적당_집객시설,numeric,20214,20214,20412,0.007397609249461101,1501,0.0,0.0002734656445682049,0.00021469977218657732,0.0001329610386164859,0.00035530992317944765
면적당_집객시설,numeric,20221,20214,20336,0.007474429583005508,1500,5.51743888269144e-06,0.00027336328639648855,0.00021469977218657732,0.00013319554273039103,0.00035530992317944765
면적당_집객시설,numeric,20222,20214,20338,0.007473694561903825,1497,3.933520962373377e-05,0.0002743049117270857,0.00021474082313943654,0.00013394877896644175,0.0003578178584575653
면적당_집객시설,numeric,20223,20214,20336,0.007474429583005508,1501,4.7166215092942395e-05,0.00027455491363070905,0.00021474082313943654,0.00013394877896644175,0.0003578178584575653
면적당_집객시설,numeric,20224,20214,20321,0.007479946853009203,1501,3.624491698723167e-05,0.00027417021919973195,0.00021474082313943654,0.00013376733113545924,0.0003578178584575653
면적당_집객시설,numeric,20231,20214,20268,0.007548845470692718,1500,8.293944720040775e-05,0.00027441271231509745,0.00021474082313943654,0.00013394877896644175,0.0003578178584575653
점포당_집객시설,numeric,20214,20214,20412,0.01846952772878699,2665,0.0,6.129236221313477,3.8333332538604736,1.7374687194824219,7.34481143951416
점포당_집객시설,numeric,20221,20214,20336,0.01873524783634933,2655,0.0002585156640848964,6.117656230926514,3.799999952316284,1.7142857313156128,7.333333492279053
점포당_집객시설,numeric,20222,20214,20338,0.018389222145737044,2682,0.0002694854404412365,6.097218990325928,3.799999952316284,1.7000000476837158,7.300000190734863
점포당_집객시설,numeric,20223,20214,20336,0.01848937844217152,2650,0.00021379133911816065,6.128555774688721,3.799999952316284,1.7000000476837158,7.333333492279053
점포당_집객시설,numeric,20224,20214,20321,0.018601446779193936,2713,0.0005873425015246297,6.042156219482422,3.75,1.677520990371704,7.285714149475098
점포당_집객시설,numeric,20231,20214,20268,0.0190447996842313,2676,0.0005820261896447682,6.017947196960449,3.75,1.6666666269302368,7.25
면적당_아파트단지,numeric,20214,20214,20412,0.07539682539682539,1393,0.0,0.000419983291067183,0.00030803587287664413,0.00013279530685395002,0.0005936009692959487
면적당_아파트단지,numeric,20221,20214,20336,0.07558025177025963,1392,1.5922221124932812e-05,0.0004198684182483703,0.0003079023736063391,0.00013155009946785867,0.000594601035118103
면적당_아파트단지,numeric,20222,20214,20338,0.07572032648244666,1390,3.7328457428438686e-05,0.0004196010995656252,0.0003077574074268341,0.0001290931977564469,0.0005915332585573196
면적당_아파트단지,numeric,20223,20214,20336,0.07631785995279308,1392,5.480813219998874e-05,0.0004196609079372138,0.00030751212034374475,0.0001290931977564469,0.0005936009692959487
면적당_아파트단지,numeric,20224,20214,20321,0.07662024506667979,1393,0.0006241728097285208,0.0004170278552919626,0.0003046141064260155,0.0001278002600884065,0.0005833046161569655
면적당_아파트단지,numeric,20231,20214,20268,0.07612985987763964,1391,0.0006688811254165295,0.0004160962416790426,0.00030434728250838816,0.0001278002600884065,0.000578336650505662
점포당_아파트단지,numeric,20214,20214,20412,0.08588085439937292,3073,0.0,11.963268280029297,5.0,1.5,13.527777671813965
점포당_아파트단지,numeric,20221,20214,20336,0.08630015735641228,3077,7.508080149973276e-05,11.94985294342041,4.888888835906982,1.4615384340286255,13.5
점포당_아파트단지,numeric,20222,20214,20338,0.08609499459140525,3063,0.00014585348730741175,11.880901336669922,4.800000190734863,1.4328827857971191,13.333333015441895
점포당_아파트단지,numeric,20223,20214,20336,0.08684107002360346,3089,0.00019639269248778298,11.971237182617188,4.833333492279053,1.4316375255584717,13.396153450012207
점포당_아파트단지,numeric,20224,20214,20321,0.08715122287289011,2980,0.0005498386618127472,11.766481399536133,4.761663436889648,1.399999976158142,13.199999809265137
점포당_아파트단지,numeric,20231,20214,20268,0.08693507006118019,2969,0.0006567105874837946,11.695831298828125,4.75,1.399999976158142,13.0
면적당_가구,numeric,20214,20214,20412,0.0037722908093278463,1542,0.0,0.013362441211938858,0.013407592661678791,0.007947647012770176,0.018451178446412086
면적당_가구,numeric,20221,20214,20336,0.003737214791502754,1542,1.65150013208205e-05,0.013360724784433842,0.013407592661678791,0.007947647012770176,0.018451178446412086
면적당_가구,numeric,20222,20214,20338,0.0037860163241223324,1539,2.179673502176765e-05,0.013357613235712051,0.013407592661678791,0.007947647012770176,0.018451178446412086
면적당_가구,numeric,20223,20214,20336,0.0037863886703383164,1542,1.4860417798464084e-05,0.013354466296732426,0.013407592661678791,0.007928029634058475,0.018451178446412086
면적당_가구,numeric,20224,20214,20321,0.004970227843117957,1537,0.0003625747329446096,0.0133683355525136,0.013407592661678791,0.007926788181066513,0.018466006964445114
면적당_가구,numeric,20231,20214,20268,0.003749753305703572,1538,6.095492175297052e-05,0.01335673127323389,0.013407592661678791,0.007926788181066513,0.018466006964445114
점포당_가구,numeric,20214,20214,20412,0.014795218498922203,9633,0.0,349.6814270019531,202.14285278320312,81.70356750488281,444.4375
점포당_가구,numeric,20221,20214,20336,0.014948859166011016,9626,8.26296587207089e-05,348.44970703125,199.5,80.78750610351562,443.4964294433594
점포당_가구,numeric,20222,20214,20338,0.014652374864785132,9629,0.00030516023735059953,346.364501953125,198.25,80.59806060791016,438.93182373046875
점포당_가구,numeric,20223,20214,20336,0.014752163650668764,9698,0.00022454872562458335,348.1768798828125,199.3333282470703,80.66666412353516,441.25
점포당_가구,numeric,20224,20214,20321,0.015993307415973622,9807,0.000693810804774352,344.973876953125,198.3249969482422,79.76436614990234,433.44287109375
점포당_가구,numeric,20231,20214,20268,0.015147029800671008,9747,0.0005941535939658276,343.19171142578125,196.39999389648438,79.40908813476562,433.5714416503906
매출_변화방향_일치,numeric,20214,20214,20412,1.0,0,0.0,,,,
매출_변화방향_일치,numeric,20221,20214,20336,0.01524390243902439,2,,0.5977229475975037,1.0,0.0,1.0
매출_변화방향_일치,numeric,20222,20214,20338,0.014062346346740093,2,,0.6856672763824463,1.0,0.0,1.0
매출_변화방향_일치,numeric,20223,20214,20336,0.018292682926829267,2,,0.5792426466941833,1.0,0.0,1.0
매출_변화방향_일치,numeric,20224,20214,20321,0.018109345012548596,2,,0.6345411539077759,1.0,0.0,1.0
매출_변화방향_일치,numeric,20231,20214,20268,0.014406946911387409,2,,0.5810973048210144,1.0,0.0,1.0
매출_감소_지속,numeric,20214,20214,20412,1.0,0,0.0,,,,
매출_감소_지속,numeric,20221,20214,20336,0.01524390243902439,2,,0.36832118034362793,0.0,0.0,1.0
매출_감소_지속,numeric,20222,20214,20338,0.014062346346740093,2,,0.1723518818616867,0.0,0.0,0.0
매출_감소_지속,numeric,20223,20214,20336,0.018292682926829267,2,,0.24914847314357758,0.0,0.0,0.0
매출_감소_지속,numeric,20224,20214,20321,0.018109345012548596,2,,0.27118727564811707,0.0,0.0,1.0
매출_감소_지속,numeric,20231,20214,20268,0.014406946911387409,2,,0.2691229581832886,0.0,0.0,1.0
최근_2분기_매출_평균,numeric,20214,20214,20412,1.0,0,0.0,,,,
최근_2분기_매출_평균,numeric,20221,20214,20336,0.01524390243902439,19885,,1044182912.0,191321088.0,56846892.0,649910144.0
최근_2분기_매출_평균,numeric,20222,20214,20338,0.014062346346740093,19904,,1034622720.0,195981808.0,58226328.0,651294592.0
최근_2분기_매출_평균,numeric,20223,20214,20336,0.018292682926829267,19791,,1096497280.0,211989280.0,62867512.0,697918848.0
최근_2분기_매출_평균,numeric,20224,20214,20321,0.018109345012548596,19768,,1124144640.0,211240480.0,61131160.0,698480640.0
최근_2분기_매출_평균,numeric,20231,20214,20268,0.014406946911387409,19787,,1140859648.0,209437424.0,60644108.0,701673088.0
최근_2분기_매출_표준편차,numeric,20214,20214,20412,1.0,0,0.0,,,,
최근_2분기_매출_표준편차,numeric,20221,20214,20336,0.01524390243902439,19748,,109879344.0,16276266.0,4427771.0,58887256.0
최근_2분기_매출_표준편차,numeric,20222,20214,20338,0.014062346346740093,19745,,115459008.0,19589210.0,5177397.0,68515008.0
최근_2분기_매출_표준편차,numeric,20223,20214,20336,0.018292682926829267,19617,,69437584.0,11973337.0,3469738.5,39693280.0
최근_2분기_매출_표준편차,numeric,20224,20214,20321,0.018109345012548596,19588,,86074512.0,12908143.0,3635776.5,42572368.0
최근_2분기_매출_표준편차,numeric,20231,20214,20268,0.014406946911387409,19616,,93840016.0,13200050.0,3580800.5,44150936.0
최근_2분기_매출_최소,numeric,20214,20214,20412,1.0,0,0.0,,,,
최근_2분기_매출_최소,numeric,20221,20214,20336,0.01524390243902439,19863,,934303552.0,160914672.0,45355804.0,572218112.0
최근_2분기_매출_최소,numeric,20222,20214,20338,0.014062346346740093,19869,,919163648.0,161684320.0,45264756.0,570319424.0
최근_2분기_매출_최소,numeric,20223,20214,20336,0.018292682926829267,19758,,1027059584.0,188966688.0,52274072.0,640345472.0
최근_2분기_매출_최소,numeric,20224,20214,20321,0.018109345012548596,19733,,1038070144.0,187573264.0,51194120.0,638986048.0
최근_2분기_매출_최소,numeric,20231,20214,20268,0.014406946911387409,19753,,1047019520.0,184230320.0,50658288.0,634203072.0
최근_2분기_매출_최대,numeric,20214,20214,20412,1.0,0,0.0,,,,
최근_2분기_매출_최대,numeric,20221,20214,20336,0.01524390243902439,19813,,1154062208.0,217812896.0,66291728.0,724312768.0
최근_2분기_매출_최대,numeric,20222,20214,20338,0.014062346346740093,19825,,1150081664.0,226569264.0,68449576.0,732116224.0
최근_2분기_매출_최대,numeric,20223,20214,20336,0.018292682926829267,19723,,1165934848.0,234172128.0,71130936.0,751739904.0
최근_2분기_매출_최대,numeric,20224,20214,20321,0.018109345012548596,19691,,1210219136.0,232486944.0,69135552.0,757277120.0
최근_2분기_매출_최대,numeric,20231,20214,20268,0.014406946911387409,19724,,1234699520.0,232346944.0,68708808.0,759476928.0
최근_2분기_매출_변동계수,numeric,20214,20214,20412,1.0,0,0.0,,,,
최근_2분기_매출_변동계수,numeric,20221,20214,20336,0.01524390243902439,19736,,0.15268798172473907,0.09691431373357773,0.0426795668900013,0.19770993292331696
최근_2분기_매출_변동계수,numeric,20222,20214,20338,0.014062346346740093,19730,,0.16664552688598633,0.11722303926944733,0.05058438330888748,0.2242911010980606
최근_2분기_매출_변동계수,numeric,20223,20214,20336,0.018292682926829267,19601,,0.11636579036712646,0.06325272470712662,0.024755019694566727,0.14582720398902893
최근_2분기_매출_변동계수,numeric,20224,20214,20321,0.018109345012548596,19573,,0.11838511377573013,0.06848953664302826,0.02848760411143303,0.14967474341392517
최근_2분기_매출_변동계수,numeric,20231,20214,20268,0.014406946911387409,19601,,0.12346813082695007,0.0689641684293747,0.028700709342956543,0.15285348892211914
현재값_대비_최근_2분기_매출_평균_차이,numeric,20214,20214,20412,1.0,0,0.0,,,,
현재값_대비_최근_2분기_매출_평균_차이,numeric,20221,20214,20336,0.01524390243902439,19763,,-69792040.0,-6961956.0,-39130088.0,1103215.0
현재값_대비_최근_2분기_매출_평균_차이,numeric,20222,20214,20338,0.014062346346740093,19763,,61292056.0,8875964.0,-827880.5,46757720.0
현재값_대비_최근_2분기_매출_평균_차이,numeric,20223,20214,20336,0.018292682926829267,19629,,-3550681.0,-397421.0,-13253130.0,10656300.0
현재값_대비_최근_2분기_매출_평균_차이,numeric,20224,20214,20321,0.018109345012548596,19598,,31190248.0,300411.0,-10847925.0,15172561.0
현재값_대비_최근_2분기_매출_평균_차이,numeric,20231,20214,20268,0.014406946911387409,19625,,-13895751.0,-2403870.0,-21404380.0,5565998.5
최근_4분기_매출_평균,numeric,20214,20214,20412,1.0,0,0.0,,,,
최근_4분기_매출_평균,numeric,20221,20214,20336,1.0,0,0.0,,,,
최근_4분기_매출_평균,numeric,20222,20214,20338,1.0,0,0.0,,,,
최근_4분기_매출_평균,numeric,20223,20214,20336,0.03919158143194335,19433,,1091661696.0,211171312.0,63778632.0,689816960.0
최근_4분기_매출_평균,numeric,20224,20214,20321,0.040746026278234336,19379,,1103077760.0,214044720.0,63674672.0,699512000.0
최근_4분기_매출_평균,numeric,20231,20214,20268,0.03907637655417407,19350,,1141928448.0,219282208.0,65604716.0,719611136.0
최근_4분기_매출_표준편차,numeric,20214,20214,20412,1.0,0,0.0,,,,
최근_4분기_매출_표준편차,numeric,20221,20214,20336,1.0,0,0.0,,,,
최근_4분기_매출_표준편차,numeric,20222,20214,20338,1.0,0,0.0,,,,
최근_4분기_매출_표준편차,numeric,20223,20214,20336,0.03919158143194335,19320,,154246336.0,32116886.0,10561995.0,95506408.0
최근_4분기_매출_표준편차,numeric,20224,20214,20321,0.040746026278234336,19250,,148770144.0,31350884.0,10303149.0,92848440.0
최근_4분기_매출_표준편차,numeric,20231,20214,20268,0.03907637655417407,19211,,130422336.0,26546200.0,9113232.0,75856616.0
최근_4분기_매출_최소,numeric,20214,20214,20412,1.0,0,0.0,,,,
최근_4분기_매출_최소,numeric,20221,20214,20336,1.0,0,0.0,,,,
최근_4분기_매출_최소,numeric,20222,20214,20338,1.0,0,0.0,,,,
최근_4분기_매출_최소,numeric,20223,20214,20336,0.03919158143194335,19382,,898937408.0,153963120.0,41580332.0,553623744.0
최근_4분기_매출_최소,numeric,20224,20214,20321,0.040746026278234336,19327,,902779904.0,155541088.0,41594824.0,558942592.0
최근_4분기_매출_최소,numeric,20231,20214,20268,0.03907637655417407,19293,,986168192.0,171657248.0,45611836.0,601670848.0
최근_4분기_매출_최대,numeric,20214,20214,20412,1.0,0,0.0,,,,
최근_4분기_매출_최대,numeric,20221,20214,20336,1.0,0,0.0,,,,
최근_4분기_매출_최대,numeric,20222,20214,20338,1.0,0,0.0,,,,
최근_4분기_매출_최대,numeric,20223,20214,20336,0.03919158143194335,19310,,1291954944.0,263944784.0,83676656.0,835017216.0
최근_4분기_매출_최대,numeric,20224,20214,20321,0.040746026278234336,19257,,1287347072.0,262537696.0,82628344.0,830137600.0
최근_4분기_매출_최대,numeric,20231,20214,20268,0.03907637655417407,19233,,1318429312.0,267283328.0,83885208.0,837840192.0
최근_4분기_매출_변동계수,numeric,20214,20214,20412,1.0,0,0.0,,,,
최근_4분기_매출_변동계수,numeric,20221,20214,20336,1.0,0,0.0,,,,
최근_4분기_매출_변동계수,numeric,20222,20214,20338,1.0,0,0.0,,,,
최근_4분기_매출_변동계수,numeric,20223,20214,20336,0.03919158143194335,19316,,0.2163918912410736,0.1609848141670227,0.09281675517559052,0.2799076437950134
최근_4분기_매출_변동계수,numeric,20224,20214,20321,0.040746026278234336,19246,,0.20722438395023346,0.1573433130979538,0.09016390144824982,0.26610639691352844
최근_4분기_매출_변동계수,numeric,20231,20214,20268,0.03907637655417407,19211,,0.18504147231578827,0.12551064789295197,0.06796703487634659,0.23262974619865417
현재값_대비_최근_4분기_매출_평균_차이,numeric,20214,20214,20412,1.0,0,0.0,,,,
현재값_대비_최근_4분기_매출_평균_차이,numeric,20221,20214,20336,1.0,0,0.0,,,,
현재값_대비_최근_4분기_매출_평균_차이,numeric,20222,20214,20338,1.0,0,0.0,,,,
현재값_대비_최근_4분기_매출_평균_차이,numeric,20223,20214,20336,0.03919158143194335,19329,,21735790.0,3048311.0,-10777967.0,36129992.0
현재값_대비_최근_4분기_매출_평균_차이,numeric,20224,20214,20321,0.040746026278234336,19253,,75742688.0,3134078.0,-9632097.0,36993068.0
현재값_대비_최근_4분기_매출_평균_차이,numeric,20231,20214,20268,0.03907637655417407,19219,,8985986.0,-3475285.0,-29975872.0,10616878.0
log1p__당월_매출_금액,numeric,20214,20214,20412,0.0,20154,0.0,19.06843376159668,19.10441017150879,17.86067295074463,20.32805061340332
log1p__당월_매출_금액,numeric,20221,20214,20336,0.0,20077,0.006395376957018409,18.916229248046875,18.95751953125,17.698840618133545,20.20877695083618
log1p__당월_매출_금액,numeric,20222,20214,20338,0.0,20054,0.0009671353883595334,19.106067657470703,19.14531707763672,17.91993761062622,20.343924045562744
log1p__당월_매출_금액,numeric,20223,20214,20336,0.0,20016,0.0005198024166229849,19.071807861328125,19.12895965576172,17.85715103149414,20.332313537597656
log1p__당월_매출_금액,numeric,20224,20214,20321,0.0,20018,0.00044242821161535753,19.092185974121094,19.13981819152832,17.87640953063965,20.359922409057617
log1p__당월_매출_금액,numeric,20231,20214,20268,0.0,19976,0.0007687623220068384,19.060009002685547,19.113372802734375,17.845981121063232,20.330580711364746
log1p__당월_매출_건수,numeric,20214,20214,20412,0.0,13410,0.0,8.558445930480957,8.595171928405762,7.036148548126221,10.161515474319458
log1p__당월_매출_건수,numeric,20221,20214,20336,0.0,12808,0.005214361070734902,8.404813766479492,8.45286750793457,6.854090571403503,10.050419330596924
log1p__당월_매출_건수,numeric,20222,20214,20338,0.0,13395,0.0003024848270062331,8.586824417114258,8.623083114624023,7.0717854499816895,10.198682069778442
log1p__당월_매출_건수,numeric,20223,20214,20336,0.0,13172,0.00035402402892961634,8.537848472595215,8.564935684204102,6.9966816902160645,10.164119243621826
log1p__당월_매출_건수,numeric,20224,20214,20321,0.0,13157,0.0007402046808351195,8.524136543273926,8.558910369873047,6.986566543579102,10.167159080505371
log1p__당월_매출_건수,numeric,20231,20214,20268,0.0,13001,0.001980212055734093,8.477717399597168,8.512080192565918,6.939253807067871,10.118709802627563
log1p__점포_수,numeric,20214,20214,20412,0.0,257,0.0,2.1080782413482666,1.945910096168518,1.6094379425048828,2.5649492740631104
log1p__점포_수,numeric,20221,20214,20336,0.0,261,0.0003536789964823244,2.112424850463867,1.945910096168518,1.6094379425048828,2.5649492740631104
log1p__점포_수,numeric,20222,20214,20338,0.0,263,0.0006039678195402774,2.1200132369995117,1.945910096168518,1.6094379425048828,2.5649492740631104
log1p__점포_수,numeric,20223,20214,20336,0.0,267,0.0004569958118758545,2.116070508956909,1.945910096168518,1.6094379425048828,2.5649492740631104
log1p__점포_수,numeric,20224,20214,20321,0.0,268,0.0010325909078481525,2.1267850399017334,1.945910096168518,1.6094379425048828,2.5649492740631104
log1p__점포_수,numeric,20231,20214,20268,0.0,262,0.0011489929174178114,2.1284732818603516,1.945910096168518,1.6094379425048828,2.5649492740631104
log1p__유동__총_유동인구_수,numeric,20214,20214,20412,0.0,1555,0.0,13.70404052734375,13.836182594299316,13.219290733337402,14.379631996154785
log1p__유동__총_유동인구_수,numeric,20221,20214,20336,0.0,1555,0.002748572232752599,13.699723243713379,13.823966979980469,13.209184646606445,14.383545875549316
log1p__유동__총_유동인구_수,numeric,20222,20214,20338,0.0,1551,0.002341393620250662,13.72309398651123,13.84170913696289,13.221111297607422,14.393268585205078
log1p__유동__총_유동인구_수,numeric,20223,20214,20336,0.0,1554,0.0031145024959771074,13.693558692932129,13.814019203186035,13.182733535766602,14.36038875579834
log1p__유동__총_유동인구_수,numeric,20224,20214,20321,0.0001968407066581369,1555,0.0030865950839586015,13.703181266784668,13.809553146362305,13.182619094848633,14.377857208251953
log1p__유동__총_유동인구_수,numeric,20231,20214,20268,4.933885928557332e-05,1553,0.0027092535033683973,13.70163345336914,13.81887149810791,13.202681541442871,14.366622924804688
log1p__상주__총_상주인구_수,numeric,20214,20214,20412,0.0037722908093278463,1332,0.0,7.655735969543457,7.899153709411621,7.144407272338867,8.45404052734375
log1p__상주__총_상주인구_수,numeric,20221,20214,20336,0.003737214791502754,1332,3.196947273077718e-05,7.6542134284973145,7.899153709411621,7.144407272338867,8.45404052734375
log1p__상주__총_상주인구_수,numeric,20222,20214,20338,0.0037860163241223324,1328,2.3187427242417805e-05,7.6533427238464355,7.898782253265381,7.142036437988281,8.453826904296875
log1p__상주__총_상주인구_수,numeric,20223,20214,20336,0.0037863886703383164,1330,6.40779322230985e-05,7.651263236999512,7.898411273956299,7.1372785568237305,8.450626373291016
log1p__상주__총_상주인구_수,numeric,20224,20214,20321,0.004970227843117957,1328,0.00929308140101633,7.597289085388184,7.822845458984375,7.085901260375977,8.431634902954102
log1p__상주__총_상주인구_수,numeric,20231,20214,20268,0.003749753305703572,1328,0.008874639167199667,7.58955192565918,7.822845458984375,7.0817084312438965,8.431634902954102
log1p__직장__총_직장_인구_수,numeric,20214,20214,20412,0.0014697236919459142,1061,0.0,7.2315239906311035,6.894670009613037,6.077642440795898,8.41715145111084
log1p__직장__총_직장_인구_수,numeric,20221,20214,20336,0.0014260424862313139,1060,1.4133053688004802e-05,7.231439590454102,6.898714542388916,6.077642440795898,8.41715145111084
log1p__직장__총_직장_인구_수,numeric,20222,20214,20338,0.0013767332087717573,1060,1.4628947913759828e-05,7.233227729797363,6.898714542388916,6.079933166503906,8.41715145111084
log1p__직장__총_직장_인구_수,numeric,20223,20214,20336,0.0014260424862313139,1062,3.6173417302228506e-05,7.230654716491699,6.894670009613037,6.075345993041992,8.400434494018555
log1p__직장__총_직장_인구_수,numeric,20224,20214,20321,0.00221445794990404,1050,0.0028597355906495457,7.180939197540283,6.856461524963379,6.03308629989624,8.2771577835083
log1p__직장__총_직장_인구_수,numeric,20231,20214,20268,0.002220248667850799,1051,0.0027348974248535256,7.181564807891846,6.857513904571533,6.03308629989624,8.2771577835083
log1p__시설__집객시설_수,numeric,20214,20214,20412,0.007397609249461101,126,0.0,3.2629566192626953,3.25809645652771,2.6390573978424072,3.891820192337036
log1p__시설__집객시설_수,numeric,20221,20214,20336,0.007474429583005508,126,9.352706104176212e-06,3.262050151824951,3.25809645652771,2.6390573978424072,3.891820192337036
log1p__시설__집객시설_수,numeric,20222,20214,20338,0.007473694561903825,126,1.0914208564642735e-05,3.265117883682251,3.25809645652771,2.6390573978424072,3.891820192337036
log1p__시설__집객시설_수,numeric,20223,20214,20336,0.007474429583005508,126,1.9103716103888288e-05,3.263988494873047,3.25809645652771,2.6390573978424072,3.891820192337036
log1p__시설__집객시설_수,numeric,20224,20214,20321,0.007479946853009203,126,6.112950223364514e-05,3.264197587966919,3.25809645652771,2.6390573978424072,3.891820192337036
log1p__시설__집객시설_수,numeric,20231,20214,20268,0.007548845470692718,126,6.562470350505413e-05,3.2657084465026855,3.25809645652771,2.6390573978424072,3.891820192337036
log1p__아파트__아파트_단지_수,numeric,20214,20214,20412,0.07539682539682539,206,0.0,3.4361064434051514,3.5835189819335938,2.6390573978424072,4.317488193511963
log1p__아파트__아파트_단지_수,numeric,20221,20214,20336,0.07558025177025963,206,1.9258011960389152e-05,3.4351871013641357,3.5835189819335938,2.6390573978424072,4.317488193511963
log1p__아파트__아파트_단지_수,numeric,20222,20214,20338,0.07572032648244666,206,3.312396373653714e-05,3.4325079917907715,3.5835189819335938,2.6390573978424072,4.317488193511963
log1p__아파트__아파트_단지_수,numeric,20223,20214,20336,0.07631785995279308,206,8.238650013740329e-05,3.4306881427764893,3.5835189819335938,2.6390573978424072,4.317488193511963
log1p__아파트__아파트_단지_수,numeric,20224,20214,20321,0.07662024506667979,203,0.000627045289750007,3.425401449203491,3.5835189819335938,2.6390573978424072,4.317488193511963
log1p__아파트__아파트_단지_수,numeric,20231,20214,20268,0.07612985987763964,203,0.0005808619372835201,3.423147201538086,3.5553481578826904,2.6390573978424072,4.317488193511963
log1p__상주__총_가구_수,numeric,20214,20214,20412,0.0037722908093278463,1175,0.0,7.078823566436768,7.297091007232666,6.556778430938721,7.8682541847229
log1p__상주__총_가구_수,numeric,20221,20214,20336,0.003737214791502754,1176,1.4383141838011869e-05,7.077395439147949,7.295056343078613,6.553933620452881,7.8682541847229
log1p__상주__총_가구_수,numeric,20222,20214,20338,0.0037860163241223324,1173,2.201885382331779e-05,7.076966762542725,7.295056343078613,6.553933620452881,7.864419937133789
log1p__상주__총_가구_수,numeric,20223,20214,20336,0.0037863886703383164,1172,5.536126415306581e-05,7.075135707855225,7.295056343078613,6.5525078773498535,7.864419937133789
log1p__상주__총_가구_수,numeric,20224,20214,20321,0.004970227843117957,1174,0.0003625482823989317,7.080151081085205,7.295056343078613,6.555356979370117,7.8682541847229
log1p__상주__총_가구_수,numeric,20231,20214,20268,0.003749753305703572,1175,4.6739600396438865e-05,7.073233604431152,7.295056343078613,6.553933620452881,7.8682541847229
log1p__아파트__아파트_평균_시가,numeric,20214,20214,20412,0.07539682539682539,1391,0.0,19.18873405456543,19.072404861450195,18.8447265625,19.38808822631836
log1p__아파트__아파트_평균_시가,numeric,20221,20214,20336,0.07558025177025963,1390,1.7049677059565343e-05,19.18845558166504,19.071168899536133,18.8447265625,19.38808822631836
log1p__아파트__아파트_평균_시가,numeric,20222,20214,20338,0.07572032648244666,1388,1.4698552200582017e-05,19.18878746032715,19.072429656982422,18.8447265625,19.38808822631836
log1p__아파트__아파트_평균_시가,numeric,20223,20214,20336,0.07631785995279308,1390,4.424969704075724e-05,19.188692092895508,19.072404861450195,18.8447265625,19.38808822631836
log1p__아파트__아파트_평균_시가,numeric,20224,20214,20321,0.07662024506667979,1392,0.0002623964070093221,19.188753128051758,19.07292938232422,18.844240188598633,19.39299774169922
log1p__아파트__아파트_평균_시가,numeric,20231,20214,20268,0.07612985987763964,1390,0.00022789437020079867,19.18981170654297,19.075668334960938,18.8447265625,19.393198013305664
