relation_type,feature_a,feature_b,metric,value,secondary_value,sample_count,note
arithmetic_sum,당월_매출_금액,주중_매출_금액 + 주말_매출_금액,weekday_weekend_amount_sum,1.0,0.0,122011,value=exact match rate; secondary=max relative difference
arithmetic_sum,당월_매출_금액,월요일_매출_금액 + 화요일_매출_금액 + 수요일_매출_금액 + 목요일_매출_금액 + 금요일_매출_금액 + 토요일_매출_금액 + 일요일_매출_금액,weekday_amount_sum,1.0,0.0,122011,value=exact match rate; secondary=max relative difference
arithmetic_sum,당월_매출_금액,시간대_00~06_매출_금액 + 시간대_06~11_매출_금액 + 시간대_11~14_매출_금액 + 시간대_14~17_매출_금액 + 시간대_17~21_매출_금액 + 시간대_21~24_매출_금액,time_amount_sum,1.0,0.0,122011,value=exact match rate; secondary=max relative difference
arithmetic_sum,당월_매출_금액,남성_매출_금액 + 여성_매출_금액,gender_amount_sum,0.38331789756661283,0.9986698509803922,122011,value=exact match rate; secondary=max relative difference
arithmetic_sum,당월_매출_금액,연령대_10_매출_금액 + 연령대_20_매출_금액 + 연령대_30_매출_금액 + 연령대_40_매출_금액 + 연령대_50_매출_금액 + 연령대_60_이상_매출_금액,age_amount_sum,0.3832031538140004,0.9986698509803922,122011,value=exact match rate; secondary=max relative difference
arithmetic_sum,당월_매출_건수,주중_매출_건수 + 주말_매출_건수,weekday_weekend_count_sum,1.0,0.0,122011,value=exact match rate; secondary=max relative difference
arithmetic_sum,당월_매출_건수,월요일_매출_건수 + 화요일_매출_건수 + 수요일_매출_건수 + 목요일_매출_건수 + 금요일_매출_건수 + 토요일_매출_건수 + 일요일_매출_건수,weekday_count_sum,1.0,0.0,122011,value=exact match rate; secondary=max relative difference
arithmetic_sum,당월_매출_건수,시간대_건수~06_매출_건수 + 시간대_건수~11_매출_건수 + 시간대_건수~14_매출_건수 + 시간대_건수~17_매출_건수 + 시간대_건수~21_매출_건수 + 시간대_건수~24_매출_건수,time_count_sum,0.9999918040176705,0.043478260869565216,122011,value=exact match rate; secondary=max relative difference
arithmetic_sum,당월_매출_건수,남성_매출_건수 + 여성_매출_건수,gender_count_sum,0.38022801222840563,0.9748633879781421,122011,value=exact match rate; secondary=max relative difference
arithmetic_sum,당월_매출_건수,연령대_10_매출_건수 + 연령대_20_매출_건수 + 연령대_30_매출_건수 + 연령대_40_매출_건수 + 연령대_50_매출_건수 + 연령대_60_이상_매출_건수,age_count_sum,0.3780069010171214,0.9748633879781421,122011,value=exact match rate; secondary=max relative difference
arithmetic_sum,유동__총_유동인구_수,유동__남성_유동인구_수 + 유동__여성_유동인구_수,floating_gender_sum,0.7226939658705309,0.00028876696505919725,122006,value=exact match rate; secondary=max relative difference
arithmetic_sum,상주__총_상주인구_수,상주__남성_상주인구_수 + 상주__여성_상주인구_수,resident_gender_sum,1.0,0.0,121527,value=exact match rate; secondary=max relative difference
arithmetic_sum,직장__총_직장_인구_수,직장__남성_직장_인구_수 + 직장__여성_직장_인구_수,worker_gender_sum,1.0,0.0,121805,value=exact match rate; secondary=max relative difference
numeric_correlation,당월_매출_금액,주중_매출_금액,pearson_and_spearman,0.9718443371656459,0.9939606923348074,20000,deterministic discovery sample; threshold abs>=0.90
numeric_correlation,당월_매출_금액,주말_매출_금액,pearson_and_spearman,0.9440496044730373,0.8855794520384301,20000,deterministic discovery sample; threshold abs>=0.90
numeric_correlation,당월_매출_금액,월요일_매출_금액,pearson_and_spearman,0.9734421570178392,0.9475552851788965,20000,deterministic discovery sample; threshold abs>=0.90
numeric_correlation,당월_매출_금액,화요일_매출_금액,pearson_and_spearman,0.9563979742021871,0.9557748060887566,20000,deterministic discovery sample; threshold abs>=0.90
numeric_correlation,당월_매출_금액,수요일_매출_금액,pearson_and_spearman,0.9619112621658745,0.9595520165259943,20000,deterministic discovery sample; threshold abs>=0.90
numeric_correlation,당월_매출_금액,목요일_매출_금액,pearson_and_spearman,0.9391566088366656,0.9594977124128639,20000,deterministic discovery sample; threshold abs>=0.90
numeric_correlation,당월_매출_금액,금요일_매출_금액,pearson_and_spearman,0.9719010468784904,0.9624938951931996,20000,deterministic discovery sample; threshold abs>=0.90
numeric_correlation,당월_매출_금액,토요일_매출_금액,pearson_and_spearman,0.9522387082434289,0.8920707996924009,20000,deterministic discovery sample; threshold abs>=0.90
numeric_correlation,당월_매출_금액,일요일_매출_금액,pearson_and_spearman,0.9171794153455068,0.6337606689784394,20000,deterministic discovery sample; threshold abs>=0.90
numeric_correlation,당월_매출_금액,시간대_11~14_매출_금액,pearson_and_spearman,0.9732053120435392,0.8750513838587868,20000,deterministic discovery sample; threshold abs>=0.90
numeric_correlation,당월_매출_금액,시간대_14~17_매출_금액,pearson_and_spearman,0.9712102873941165,0.8878057678977056,20000,deterministic discovery sample; threshold abs>=0.90
numeric_correlation,당월_매출_금액,시간대_17~21_매출_금액,pearson_and_spearman,0.9377968070319365,0.9248548176138726,20000,deterministic discovery sample; threshold abs>=0.90
numeric_correlation,당월_매출_금액,남성_매출_금액,pearson_and_spearman,0.9881332897124601,0.9606046587592594,20000,deterministic discovery sample; threshold abs>=0.90
numeric_correlation,당월_매출_금액,여성_매출_금액,pearson_and_spearman,0.958853435419642,0.9473594496240024,20000,deterministic discovery sample; threshold abs>=0.90
numeric_correlation,당월_매출_금액,연령대_30_매출_금액,pearson_and_spearman,0.9625652737065838,0.892890242503769,20000,deterministic discovery sample; threshold abs>=0.90
numeric_correlation,당월_매출_금액,연령대_40_매출_금액,pearson_and_spearman,0.9545104818191127,0.9224197306199443,20000,deterministic discovery sample; threshold abs>=0.90
numeric_correlation,당월_매출_금액,연령대_50_매출_금액,pearson_and_spearman,0.9820768206973416,0.9298649953665844,20000,deterministic discovery sample; threshold abs>=0.90
numeric_correlation,당월_매출_금액,연령대_60_이상_매출_금액,pearson_and_spearman,0.9287593165717319,0.8308593154548652,20000,deterministic discovery sample; threshold abs>=0.90
numeric_correlation,당월_매출_금액,최근_2분기_매출_평균,pearson_and_spearman,0.9981042254510921,0.9906924915460428,20000,deterministic discovery sample; threshold abs>=0.90
numeric_correlation,당월_매출_금액,최근_2분기_매출_최소,pearson_and_spearman,0.9978417719355391,0.9859620719126128,20000,deterministic discovery sample; threshold abs>=0.90
numeric_correlation,당월_매출_금액,최근_2분기_매출_최대,pearson_and_spearman,0.9955402820589705,0.986179823027861,20000,deterministic discovery sample; threshold abs>=0.90
numeric_correlation,당월_매출_금액,최근_4분기_매출_평균,pearson_and_spearman,0.996605504302051,0.9834868507092637,20000,deterministic discovery sample; threshold abs>=0.90
numeric_correlation,당월_매출_금액,최근_4분기_매출_최소,pearson_and_spearman,0.9938217165443703,0.97234312396914,20000,deterministic discovery sample; threshold abs>=0.90
numeric_correlation,당월_매출_금액,최근_4분기_매출_최대,pearson_and_spearman,0.9935463721833573,0.9748198005488563,20000,deterministic discovery sample; threshold abs>=0.90
numeric_correlation,당월_매출_금액,log1p__당월_매출_금액,pearson_and_spearman,0.2329801177786157,0.99999999998125,20000,deterministic discovery sample; threshold abs>=0.90
numeric_correlation,당월_매출_건수,주중_매출_건수,pearson_and_spearman,0.9709398485969226,0.9973286434410341,20000,deterministic discovery sample; threshold abs>=0.90
numeric_correlation,당월_매출_건수,주말_매출_건수,pearson_and_spearman,0.9021420324591202,0.9519168899541378,20000,deterministic discovery sample; threshold abs>=0.90
numeric_correlation,당월_매출_건수,월요일_매출_건수,pearson_and_spearman,0.9743071049808559,0.9785617566469867,20000,deterministic discovery sample; threshold abs>=0.90
numeric_correlation,당월_매출_건수,화요일_매출_건수,pearson_and_spearman,0.967009812418148,0.9856096366675554,20000,deterministic discovery sample; threshold abs>=0.90
numeric_correlation,당월_매출_건수,수요일_매출_건수,pearson_and_spearman,0.9634838150284056,0.9875987822108472,20000,deterministic discovery sample; threshold abs>=0.90
numeric_correlation,당월_매출_건수,목요일_매출_건수,pearson_and_spearman,0.9523831334547564,0.9884554201964326,20000,deterministic discovery sample; threshold abs>=0.90
numeric_correlation,당월_매출_건수,금요일_매출_건수,pearson_and_spearman,0.9803134113533852,0.9905451096356299,20000,deterministic discovery sample; threshold abs>=0.90
numeric_correlation,당월_매출_건수,토요일_매출_건수,pearson_and_spearman,0.905433931310367,0.9583660887599662,20000,deterministic discovery sample; threshold abs>=0.90
numeric_correlation,당월_매출_건수,시간대_건수~14_매출_건수,pearson_and_spearman,0.9346591338907037,0.9288981702465683,20000,deterministic discovery sample; threshold abs>=0.90
numeric_correlation,당월_매출_건수,시간대_건수~17_매출_건수,pearson_and_spearman,0.9409519205927307,0.9406902342032344,20000,deterministic discovery sample; threshold abs>=0.90
numeric_correlation,당월_매출_건수,시간대_건수~21_매출_건수,pearson_and_spearman,0.9430985995396014,0.9646226367881411,20000,deterministic discovery sample; threshold abs>=0.90
numeric_correlation,당월_매출_건수,남성_매출_건수,pearson_and_spearman,0.9846974760867497,0.9862096907791542,20000,deterministic discovery sample; threshold abs>=0.90
numeric_correlation,당월_매출_건수,여성_매출_건수,pearson_and_spearman,0.9675434070773296,0.977138459756871,20000,deterministic discovery sample; threshold abs>=0.90
numeric_correlation,당월_매출_건수,연령대_20_매출_건수,pearson_and_spearman,0.7889506907522418,0.9139411072503896,20000,deterministic discovery sample; threshold abs>=0.90
numeric_correlation,당월_매출_건수,연령대_30_매출_건수,pearson_and_spearman,0.9531319019695166,0.961377465882514,20000,deterministic discovery sample; threshold abs>=0.90
numeric_correlation,당월_매출_건수,연령대_40_매출_건수,pearson_and_spearman,0.9736766096477038,0.9677836191168315,20000,deterministic discovery sample; threshold abs>=0.90
numeric_correlation,당월_매출_건수,연령대_50_매출_건수,pearson_and_spearman,0.9555922696721274,0.9709750687043507,20000,deterministic discovery sample; threshold abs>=0.90
numeric_correlation,당월_매출_건수,연령대_60_이상_매출_건수,pearson_and_spearman,0.8149251573011179,0.9039973966448736,20000,deterministic discovery sample; threshold abs>=0.90
numeric_correlation,당월_매출_건수,점포당_거래건수,pearson_and_spearman,0.332721476031691,0.908267290486896,20000,deterministic discovery sample; threshold abs>=0.90
numeric_correlation,당월_매출_건수,log1p__당월_매출_건수,pearson_and_spearman,0.3916200898745858,1.0,20000,deterministic discovery sample; threshold abs>=0.90
numeric_correlation,주중_매출_금액,월요일_매출_금액,pearson_and_spearman,0.9876875846732893,0.9536239618976721,20000,deterministic discovery sample; threshold abs>=0.90
numeric_correlation,주중_매출_금액,화요일_매출_금액,pearson_and_spearman,0.9883841744102695,0.9619986559524272,20000,deterministic discovery sample; threshold abs>=0.90
numeric_correlation,주중_매출_금액,수요일_매출_금액,pearson_and_spearman,0.9915609272180478,0.9624398535339457,20000,deterministic discovery sample; threshold abs>=0.90
numeric_correlation,주중_매출_금액,목요일_매출_금액,pearson_and_spearman,0.9860116049024692,0.9621279401096532,20000,deterministic discovery sample; threshold abs>=0.90
numeric_correlation,주중_매출_금액,금요일_매출_금액,pearson_and_spearman,0.9909665876260103,0.9622884941836484,20000,deterministic discovery sample; threshold abs>=0.90
numeric_correlation,주중_매출_금액,시간대_11~14_매출_금액,pearson_and_spearman,0.966926034632921,0.8773536174125641,20000,deterministic discovery sample; threshold abs>=0.90
numeric_correlation,주중_매출_금액,시간대_14~17_매출_금액,pearson_and_spearman,0.9311196864576229,0.8877609391393452,20000,deterministic discovery sample; threshold abs>=0.90
numeric_correlation,주중_매출_금액,시간대_17~21_매출_금액,pearson_and_spearman,0.8504927570418508,0.9118059658748794,20000,deterministic discovery sample; threshold abs>=0.90
numeric_correlation,주중_매출_금액,남성_매출_금액,pearson_and_spearman,0.9450427511617495,0.9496347366179183,20000,deterministic discovery sample; threshold abs>=0.90
numeric_correlation,주중_매출_금액,여성_매출_금액,pearson_and_spearman,0.933235826326384,0.9412940868349465,20000,deterministic discovery sample; threshold abs>=0.90
numeric_correlation,주중_매출_금액,연령대_40_매출_금액,pearson_and_spearman,0.9198637971250889,0.9183044046513535,20000,deterministic discovery sample; threshold abs>=0.90
numeric_correlation,주중_매출_금액,연령대_50_매출_금액,pearson_and_spearman,0.9617962263332358,0.9211373499215284,20000,deterministic discovery sample; threshold abs>=0.90
numeric_correlation,주중_매출_금액,연령대_60_이상_매출_금액,pearson_and_spearman,0.9109995110077728,0.8227432911821461,20000,deterministic discovery sample; threshold abs>=0.90
numeric_correlation,주중_매출_금액,최근_2분기_매출_평균,pearson_and_spearman,0.973462587535333,0.9851173976535081,20000,deterministic discovery sample; threshold abs>=0.90
numeric_correlation,주중_매출_금액,최근_2분기_매출_최소,pearson_and_spearman,0.9684470754160919,0.9799814058061166,20000,deterministic discovery sample; threshold abs>=0.90
numeric_correlation,주중_매출_금액,최근_2분기_매출_최대,pearson_and_spearman,0.975458841009065,0.981005423697557,20000,deterministic discovery sample; threshold abs>=0.90
numeric_correlation,주중_매출_금액,최근_4분기_매출_평균,pearson_and_spearman,0.9612295296818235,0.9784825271246214,20000,deterministic discovery sample; threshold abs>=0.90
numeric_correlation,주중_매출_금액,최근_4분기_매출_최소,pearson_and_spearman,0.9471045895731918,0.9670430724270496,20000,deterministic discovery sample; threshold abs>=0.90
numeric_correlation,주중_매출_금액,최근_4분기_매출_최대,pearson_and_spearman,0.9667796973435381,0.9707870828315074,20000,deterministic discovery sample; threshold abs>=0.90
numeric_correlation,주중_매출_금액,log1p__당월_매출_금액,pearson_and_spearman,0.281727476764022,0.9939606952896942,20000,deterministic discovery sample; threshold abs>=0.90
numeric_correlation,주말_매출_금액,토요일_매출_금액,pearson_and_spearman,0.9951616020205801,0.9838196296998724,20000,deterministic discovery sample; threshold abs>=0.90
numeric_correlation,주말_매출_금액,일요일_매출_금액,pearson_and_spearman,0.9904747964239189,0.8054126167460929,20000,deterministic discovery sample; threshold abs>=0.90
numeric_correlation,주말_매출_금액,시간대_14~17_매출_금액,pearson_and_spearman,0.9347106532507096,0.7610789994627554,20000,deterministic discovery sample; threshold abs>=0.90
numeric_correlation,주말_매출_금액,시간대_17~21_매출_금액,pearson_and_spearman,0.9705683131981951,0.8802280230352939,20000,deterministic discovery sample; threshold abs>=0.90
numeric_correlation,주말_매출_금액,남성_매출_금액,pearson_and_spearman,0.9542189017558526,0.8848879892726573,20000,deterministic discovery sample; threshold abs>=0.90
numeric_correlation,주말_매출_금액,여성_매출_금액,pearson_and_spearman,0.9032742525214502,0.85609520636209,20000,deterministic discovery sample; threshold abs>=0.90
numeric_correlation,주말_매출_금액,연령대_30_매출_금액,pearson_and_spearman,0.9593328928076346,0.8556597012964776,20000,deterministic discovery sample; threshold abs>=0.90
numeric_correlation,주말_매출_금액,연령대_40_매출_금액,pearson_and_spearman,0.9119834719235781,0.8339967553738264,20000,deterministic discovery sample; threshold abs>=0.90
numeric_correlation,주말_매출_금액,연령대_50_매출_금액,pearson_and_spearman,0.9168128179369335,0.8621612938060538,20000,deterministic discovery sample; threshold abs>=0.90
numeric_correlation,주말_매출_금액,주말_매출_건수,pearson_and_spearman,0.9124792445764229,0.8728615364092573,20000,deterministic discovery sample; threshold abs>=0.90
numeric_correlation,주말_매출_금액,토요일_매출_건수,pearson_and_spearman,0.9087729163098732,0.8735806970022826,20000,deterministic discovery sample; threshold abs>=0.90
numeric_correlation,주말_매출_금액,일요일_매출_건수,pearson_and_spearman,0.9047989482110611,0.7324921077672563,20000,deterministic discovery sample; threshold abs>=0.90
numeric_correlation,주말_매출_금액,최근_2분기_매출_평균,pearson_and_spearman,0.9503482068154863,0.8753895906312302,20000,deterministic discovery sample; threshold abs>=0.90
numeric_correlation,주말_매출_금액,최근_2분기_매출_최소,pearson_and_spearman,0.9563710484735951,0.880693504121359,20000,deterministic discovery sample; threshold abs>=0.90
numeric_correlation,주말_매출_금액,최근_2분기_매출_최대,pearson_and_spearman,0.941980344606997,0.8666376574427629,20000,deterministic discovery sample; threshold abs>=0.90
numeric_correlation,주말_매출_금액,최근_4분기_매출_평균,pearson_and_spearman,0.9074838330839735,0.8699358410137248,20000,deterministic discovery sample; threshold abs>=0.90
numeric_correlation,주말_매출_금액,최근_4분기_매출_최소,pearson_and_spearman,0.9229189305759137,0.8746342865826109,20000,deterministic discovery sample; threshold abs>=0.90
numeric_correlation,월요일_매출_금액,화요일_매출_금액,pearson_and_spearman,0.9700724171632291,0.9151933954132955,20000,deterministic discovery sample; threshold abs>=0.90
numeric_correlation,월요일_매출_금액,수요일_매출_금액,pearson_and_spearman,0.9706362822654455,0.9140800476720036,20000,deterministic discovery sample; threshold abs>=0.90
numeric_correlation,월요일_매출_금액,목요일_매출_금액,pearson_and_spearman,0.9628560957621571,0.9140194184822351,20000,deterministic discovery sample; threshold abs>=0.90
numeric_correlation,월요일_매출_금액,금요일_매출_금액,pearson_and_spearman,0.9788213953689316,0.9129618669040857,20000,deterministic discovery sample; threshold abs>=0.90
numeric_correlation,월요일_매출_금액,시간대_11~14_매출_금액,pearson_and_spearman,0.9546658686872119,0.8490786596415606,20000,deterministic discovery sample; threshold abs>=0.90
numeric_correlation,월요일_매출_금액,시간대_14~17_매출_금액,pearson_and_spearman,0.9338332554130022,0.8537153357740876,20000,deterministic discovery sample; threshold abs>=0.90
numeric_correlation,월요일_매출_금액,남성_매출_금액,pearson_and_spearman,0.9521106896343483,0.9137678952021767,20000,deterministic discovery sample; threshold abs>=0.90
numeric_correlation,월요일_매출_금액,여성_매출_금액,pearson_and_spearman,0.9282876304262963,0.9058382387281518,20000,deterministic discovery sample; threshold abs>=0.90
numeric_correlation,월요일_매출_금액,연령대_30_매출_금액,pearson_and_spearman,0.9092790352290857,0.850274292246537,20000,deterministic discovery sample; threshold abs>=0.90
numeric_correlation,월요일_매출_금액,연령대_40_매출_금액,pearson_and_spearman,0.9284645254928099,0.8909761156379311,20000,deterministic discovery sample; threshold abs>=0.90
numeric_correlation,월요일_매출_금액,연령대_50_매출_금액,pearson_and_spearman,0.9617542891828589,0.889507058332824,20000,deterministic discovery sample; threshold abs>=0.90
numeric_correlation,월요일_매출_금액,연령대_60_이상_매출_금액,pearson_and_spearman,0.90161960006,0.7941921856919035,20000,deterministic discovery sample; threshold abs>=0.90
numeric_correlation,월요일_매출_금액,최근_2분기_매출_평균,pearson_and_spearman,0.9793298747015738,0.9406702503062887,20000,deterministic discovery sample; threshold abs>=0.90
numeric_correlation,월요일_매출_금액,최근_2분기_매출_최소,pearson_and_spearman,0.9756442549219277,0.9420813643964225,20000,deterministic discovery sample; threshold abs>=0.90
numeric_correlation,월요일_매출_금액,최근_2분기_매출_최대,pearson_and_spearman,0.9800530919307155,0.9339909433497537,20000,deterministic discovery sample; threshold abs>=0.90
numeric_correlation,월요일_매출_금액,최근_4분기_매출_평균,pearson_and_spearman,0.9663050537668846,0.9341172464044144,20000,deterministic discovery sample; threshold abs>=0.90
numeric_correlation,월요일_매출_금액,최근_4분기_매출_최소,pearson_and_spearman,0.9586525092691003,0.9327215180670926,20000,deterministic discovery sample; threshold abs>=0.90
numeric_correlation,월요일_매출_금액,최근_4분기_매출_최대,pearson_and_spearman,0.9686931358249573,0.92191070945213,20000,deterministic discovery sample; threshold abs>=0.90
numeric_correlation,월요일_매출_금액,log1p__당월_매출_금액,pearson_and_spearman,0.2638155182921691,0.9475552761525301,20000,deterministic discovery sample; threshold abs>=0.90
numeric_correlation,화요일_매출_금액,수요일_매출_금액,pearson_and_spearman,0.977906013864264,0.9229545604971059,20000,deterministic discovery sample; threshold abs>=0.90
numeric_correlation,화요일_매출_금액,목요일_매출_금액,pearson_and_spearman,0.965471477094955,0.9230049958873621,20000,deterministic discovery sample; threshold abs>=0.90
numeric_correlation,화요일_매출_금액,금요일_매출_금액,pearson_and_spearman,0.9733185336545137,0.9222902498118611,20000,deterministic discovery sample; threshold abs>=0.90
numeric_correlation,화요일_매출_금액,시간대_11~14_매출_금액,pearson_and_spearman,0.9553292761180237,0.8494669918193685,20000,deterministic discovery sample; threshold abs>=0.90
numeric_correlation,화요일_매출_금액,시간대_14~17_매출_금액,pearson_and_spearman,0.9117879205099293,0.8528479089904333,20000,deterministic discovery sample; threshold abs>=0.90
numeric_correlation,화요일_매출_금액,남성_매출_금액,pearson_and_spearman,0.9381423464333417,0.9203162266688348,20000,deterministic discovery sample; threshold abs>=0.90
numeric_correlation,화요일_매출_금액,여성_매출_금액,pearson_and_spearman,0.9051645312244049,0.9093517375917384,20000,deterministic discovery sample; threshold abs>=0.90
numeric_correlation,화요일_매출_금액,연령대_40_매출_금액,pearson_and_spearman,0.9007490006026375,0.8978033594055632,20000,deterministic discovery sample; threshold abs>=0.90
numeric_correlation,화요일_매출_금액,연령대_50_매출_금액,pearson_and_spearman,0.948778381860367,0.8939816856120641,20000,deterministic discovery sample; threshold abs>=0.90
numeric_correlation,화요일_매출_금액,연령대_60_이상_매출_금액,pearson_and_spearman,0.908475185073977,0.7908675136081625,20000,deterministic discovery sample; threshold abs>=0.90
numeric_correlation,화요일_매출_금액,최근_2분기_매출_평균,pearson_and_spearman,0.9581772473332878,0.9479866754938164,20000,deterministic discovery sample; threshold abs>=0.90
numeric_correlation,화요일_매출_금액,최근_2분기_매출_최소,pearson_and_spearman,0.953649101588883,0.9479463479131176,20000,deterministic discovery sample; threshold abs>=0.90
numeric_correlation,화요일_매출_금액,최근_2분기_매출_최대,pearson_and_spearman,0.9597560912427763,0.9419929320280209,20000,deterministic discovery sample; threshold abs>=0.90
numeric_correlation,화요일_매출_금액,최근_4분기_매출_평균,pearson_and_spearman,0.9224098143572884,0.9422986301657917,20000,deterministic discovery sample; threshold abs>=0.90
numeric_correlation,화요일_매출_금액,최근_4분기_매출_최소,pearson_and_spearman,0.9056303943262117,0.9380350493467395,20000,deterministic discovery sample; threshold abs>=0.90
numeric_correlation,화요일_매출_금액,최근_4분기_매출_최대,pearson_and_spearman,0.9294925115188722,0.9321899886961105,20000,deterministic discovery sample; threshold abs>=0.90
numeric_correlation,화요일_매출_금액,log1p__당월_매출_금액,pearson_and_spearman,0.27610500102007807,0.9557748117359349,20000,deterministic discovery sample; threshold abs>=0.90
numeric_correlation,수요일_매출_금액,목요일_매출_금액,pearson_and_spearman,0.9807888239961776,0.923302024012537,20000,deterministic discovery sample; threshold abs>=0.90
numeric_correlation,수요일_매출_금액,금요일_매출_금액,pearson_and_spearman,0.9753832424836738,0.9239410864694524,20000,deterministic discovery sample; threshold abs>=0.90
numeric_correlation,수요일_매출_금액,시간대_11~14_매출_금액,pearson_and_spearman,0.9638547094380165,0.8509718245699203,20000,deterministic discovery sample; threshold abs>=0.90
numeric_correlation,수요일_매출_금액,시간대_14~17_매출_금액,pearson_and_spearman,0.9218293765878169,0.8527961826711574,20000,deterministic discovery sample; threshold abs>=0.90
numeric_correlation,수요일_매출_금액,남성_매출_금액,pearson_and_spearman,0.9347115360275795,0.9233191412141515,20000,deterministic discovery sample; threshold abs>=0.90
numeric_correlation,수요일_매출_금액,여성_매출_금액,pearson_and_spearman,0.9223455026568161,0.9114353349768588,20000,deterministic discovery sample; threshold abs>=0.90
numeric_correlation,수요일_매출_금액,연령대_40_매출_금액,pearson_and_spearman,0.904042499862094,0.897906893617474,20000,deterministic discovery sample; threshold abs>=0.90
numeric_correlation,수요일_매출_금액,연령대_50_매출_금액,pearson_and_spearman,0.9524031412825573,0.8962155509353186,20000,deterministic discovery sample; threshold abs>=0.90
numeric_correlation,수요일_매출_금액,연령대_60_이상_매출_금액,pearson_and_spearman,0.9113663722634853,0.7974546619910291,20000,deterministic discovery sample; threshold abs>=0.90
numeric_correlation,수요일_매출_금액,최근_2분기_매출_평균,pearson_and_spearman,0.9610849623701642,0.9536550086310092,20000,deterministic discovery sample; threshold abs>=0.90
numeric_correlation,수요일_매출_금액,최근_2분기_매출_최소,pearson_and_spearman,0.956280280496121,0.9526540130231321,20000,deterministic discovery sample; threshold abs>=0.90
numeric_correlation,수요일_매출_금액,최근_2분기_매출_최대,pearson_and_spearman,0.9629168913862558,0.9478084047038794,20000,deterministic discovery sample; threshold abs>=0.90
numeric_correlation,수요일_매출_금액,최근_4분기_매출_평균,pearson_and_spearman,0.9362622016144682,0.9480218066963211,20000,deterministic discovery sample; threshold abs>=0.90
numeric_correlation,수요일_매출_금액,최근_4분기_매출_최소,pearson_and_spearman,0.9215096289659646,0.9441851626698773,20000,deterministic discovery sample; threshold abs>=0.90
numeric_correlation,수요일_매출_금액,최근_4분기_매출_최대,pearson_and_spearman,0.9410717591571666,0.9372645790467249,20000,deterministic discovery sample; threshold abs>=0.90
numeric_correlation,수요일_매출_금액,log1p__당월_매출_금액,pearson_and_spearman,0.2798803264071451,0.9595520033763164,20000,deterministic discovery sample; threshold abs>=0.90
numeric_correlation,목요일_매출_금액,금요일_매출_금액,pearson_and_spearman,0.9696616264665924,0.9261544113720316,20000,deterministic discovery sample; threshold abs>=0.90
numeric_correlation,목요일_매출_금액,시간대_11~14_매출_금액,pearson_and_spearman,0.9522447326156985,0.8505169738722634,20000,deterministic discovery sample; threshold abs>=0.90
numeric_correlation,목요일_매출_금액,시간대_14~17_매출_금액,pearson_and_spearman,0.9075737517545942,0.8514897098707409,20000,deterministic discovery sample; threshold abs>=0.90
numeric_correlation,목요일_매출_금액,남성_매출_금액,pearson_and_spearman,0.8995834681424846,0.9221078649488788,20000,deterministic discovery sample; threshold abs>=0.90
numeric_correlation,목요일_매출_금액,여성_매출_금액,pearson_and_spearman,0.9181653787223755,0.9126569405204658,20000,deterministic discovery sample; threshold abs>=0.90
numeric_correlation,목요일_매출_금액,연령대_50_매출_금액,pearson_and_spearman,0.9329100396841249,0.8979333083220216,20000,deterministic discovery sample; threshold abs>=0.90
numeric_correlation,목요일_매출_금액,최근_2분기_매출_평균,pearson_and_spearman,0.9358488925350821,0.9515043609172487,20000,deterministic discovery sample; threshold abs>=0.90
numeric_correlation,목요일_매출_금액,최근_2분기_매출_최소,pearson_and_spearman,0.9276189983140761,0.9507713476908791,20000,deterministic discovery sample; threshold abs>=0.90
numeric_correlation,목요일_매출_금액,최근_2분기_매출_최대,pearson_and_spearman,0.9409881193411037,0.9454529275788681,20000,deterministic discovery sample; threshold abs>=0.90
numeric_correlation,목요일_매출_금액,최근_4분기_매출_평균,pearson_and_spearman,0.9425749974088843,0.9450910732907294,20000,deterministic discovery sample; threshold abs>=0.90
numeric_correlation,목요일_매출_금액,최근_4분기_매출_최소,pearson_and_spearman,0.9272170877763263,0.9412867949106242,20000,deterministic discovery sample; threshold abs>=0.90
numeric_correlation,목요일_매출_금액,최근_4분기_매출_최대,pearson_and_spearman,0.9486769905502199,0.9340399036433483,20000,deterministic discovery sample; threshold abs>=0.90
numeric_correlation,목요일_매출_금액,log1p__당월_매출_금액,pearson_and_spearman,0.2958115798637235,0.959497730170512,20000,deterministic discovery sample; threshold abs>=0.90
numeric_correlation,금요일_매출_금액,시간대_11~14_매출_금액,pearson_and_spearman,0.9554111657845817,0.8493574062645385,20000,deterministic discovery sample; threshold abs>=0.90
numeric_correlation,금요일_매출_금액,시간대_14~17_매출_금액,pearson_and_spearman,0.9275888305098962,0.8517274203805549,20000,deterministic discovery sample; threshold abs>=0.90
numeric_correlation,금요일_매출_금액,시간대_17~21_매출_금액,pearson_and_spearman,0.8610228768172724,0.9008156916399006,20000,deterministic discovery sample; threshold abs>=0.90
numeric_correlation,금요일_매출_금액,남성_매출_금액,pearson_and_spearman,0.9446045218167558,0.928953513136535,20000,deterministic discovery sample; threshold abs>=0.90
numeric_correlation,금요일_매출_금액,여성_매출_금액,pearson_and_spearman,0.9388943258540866,0.9156984955772011,20000,deterministic discovery sample; threshold abs>=0.90
numeric_correlation,금요일_매출_금액,연령대_30_매출_금액,pearson_and_spearman,0.9104561128234088,0.875512692973486,20000,deterministic discovery sample; threshold abs>=0.90
numeric_correlation,금요일_매출_금액,연령대_40_매출_금액,pearson_and_spearman,0.9193801819482056,0.8989048593303203,20000,deterministic discovery sample; threshold abs>=0.90
numeric_correlation,금요일_매출_금액,연령대_50_매출_금액,pearson_and_spearman,0.957997124272957,0.9020403082020718,20000,deterministic discovery sample; threshold abs>=0.90
numeric_correlation,금요일_매출_금액,연령대_60_이상_매출_금액,pearson_and_spearman,0.9056683747814127,0.8053632291533006,20000,deterministic discovery sample; threshold abs>=0.90
numeric_correlation,금요일_매출_금액,최근_2분기_매출_평균,pearson_and_spearman,0.9774997356512011,0.9534986097388841,20000,deterministic discovery sample; threshold abs>=0.90
numeric_correlation,금요일_매출_금액,최근_2분기_매출_최소,pearson_and_spearman,0.9735817697414617,0.9538469919971138,20000,deterministic discovery sample; threshold abs>=0.90
numeric_correlation,금요일_매출_금액,최근_2분기_매출_최대,pearson_and_spearman,0.9784476335204846,0.9470467703757312,20000,deterministic discovery sample; threshold abs>=0.90
numeric_correlation,금요일_매출_금액,최근_4분기_매출_평균,pearson_and_spearman,0.9660394770776991,0.9478849435303672,20000,deterministic discovery sample; threshold abs>=0.90
numeric_correlation,금요일_매출_금액,최근_4분기_매출_최소,pearson_and_spearman,0.9515320455647613,0.9452461481813398,20000,deterministic discovery sample; threshold abs>=0.90
numeric_correlation,금요일_매출_금액,최근_4분기_매출_최대,pearson_and_spearman,0.9726648438677528,0.9358563242025607,20000,deterministic discovery sample; threshold abs>=0.90
numeric_correlation,금요일_매출_금액,log1p__당월_매출_금액,pearson_and_spearman,0.27902224983442264,0.9624938921283217,20000,deterministic discovery sample; threshold abs>=0.90
numeric_correlation,토요일_매출_금액,일요일_매출_금액,pearson_and_spearman,0.9721538088048391,0.7188101644140029,20000,deterministic discovery sample; threshold abs>=0.90
numeric_correlation,토요일_매출_금액,시간대_14~17_매출_금액,pearson_and_spearman,0.9281223512682883,0.7772054535087666,20000,deterministic discovery sample; threshold abs>=0.90
numeric_correlation,토요일_매출_금액,시간대_17~21_매출_금액,pearson_and_spearman,0.9607813314663445,0.8739947138798397,20000,deterministic discovery sample; threshold abs>=0.90
numeric_correlation,토요일_매출_금액,남성_매출_금액,pearson_and_spearman,0.9648209958453063,0.8857667681279457,20000,deterministic discovery sample; threshold abs>=0.90
numeric_correlation,토요일_매출_금액,연령대_30_매출_금액,pearson_and_spearman,0.9573214474104317,0.8535492562777905,20000,deterministic discovery sample; threshold abs>=0.90
numeric_correlation,토요일_매출_금액,연령대_40_매출_금액,pearson_and_spearman,0.9058857819027355,0.8385430580951873,20000,deterministic discovery sample; threshold abs>=0.90
numeric_correlation,토요일_매출_금액,연령대_50_매출_금액,pearson_and_spearman,0.9229323782593448,0.8708683444015521,20000,deterministic discovery sample; threshold abs>=0.90
numeric_correlation,토요일_매출_금액,주말_매출_건수,pearson_and_spearman,0.9159551140477689,0.8449626471639977,20000,deterministic discovery sample; threshold abs>=0.90
numeric_correlation,토요일_매출_금액,토요일_매출_건수,pearson_and_spearman,0.9197677626282291,0.8644002276378542,20000,deterministic discovery sample; threshold abs>=0.90
numeric_correlation,토요일_매출_금액,최근_2분기_매출_평균,pearson_and_spearman,0.9563006842750624,0.8825387723883561,20000,deterministic discovery sample; threshold abs>=0.90
numeric_correlation,토요일_매출_금액,최근_2분기_매출_최소,pearson_and_spearman,0.963145572809794,0.8867009434111389,20000,deterministic discovery sample; threshold abs>=0.90
numeric_correlation,토요일_매출_금액,최근_2분기_매출_최대,pearson_and_spearman,0.947139368281147,0.8745209013677172,20000,deterministic discovery sample; threshold abs>=0.90
numeric_correlation,토요일_매출_금액,최근_4분기_매출_평균,pearson_and_spearman,0.9329502157596138,0.8772856021937292,20000,deterministic discovery sample; threshold abs>=0.90
numeric_correlation,토요일_매출_금액,최근_4분기_매출_최소,pearson_and_spearman,0.9440120178137777,0.8807064271599988,20000,deterministic discovery sample; threshold abs>=0.90
numeric_correlation,토요일_매출_금액,최근_4분기_매출_최대,pearson_and_spearman,0.9200643630710209,0.8614314620824749,20000,deterministic discovery sample; threshold abs>=0.90
numeric_correlation,일요일_매출_금액,시간대_14~17_매출_금액,pearson_and_spearman,0.9287024460803521,0.4895659231677651,20000,deterministic discovery sample; threshold abs>=0.90
numeric_correlation,일요일_매출_금액,시간대_17~21_매출_금액,pearson_and_spearman,0.9684581824092904,0.6982350923082635,20000,deterministic discovery sample; threshold abs>=0.90
numeric_correlation,일요일_매출_금액,남성_매출_금액,pearson_and_spearman,0.923801222647237,0.6549303598475634,20000,deterministic discovery sample; threshold abs>=0.90
numeric_correlation,일요일_매출_금액,연령대_30_매출_금액,pearson_and_spearman,0.9465089901155692,0.6604776760802512,20000,deterministic discovery sample; threshold abs>=0.90
numeric_correlation,일요일_매출_금액,연령대_40_매출_금액,pearson_and_spearman,0.9056582879179383,0.6032257914083886,20000,deterministic discovery sample; threshold abs>=0.90
numeric_correlation,일요일_매출_금액,일요일_매출_건수,pearson_and_spearman,0.8996853699400387,0.9373979082841009,20000,deterministic discovery sample; threshold abs>=0.90
numeric_correlation,일요일_매출_금액,최근_2분기_매출_평균,pearson_and_spearman,0.9291047734912612,0.6219304134974752,20000,deterministic discovery sample; threshold abs>=0.90
numeric_correlation,일요일_매출_금액,최근_2분기_매출_최소,pearson_and_spearman,0.9338930121118554,0.632308617893795,20000,deterministic discovery sample; threshold abs>=0.90
numeric_correlation,일요일_매출_금액,최근_2분기_매출_최대,pearson_and_spearman,0.9219632338533347,0.6116967609766457,20000,deterministic discovery sample; threshold abs>=0.90
numeric_correlation,시간대_00~06_매출_금액,시간대_건수~06_매출_건수,pearson_and_spearman,0.8916530128372798,0.9925603136201742,20000,deterministic discovery sample; threshold abs>=0.90
numeric_correlation,시간대_00~06_매출_금액,구성비__시간대_00~06_매출_금액,pearson_and_spearman,0.08624835761261758,0.9805044154519539,20000,deterministic discovery sample; threshold abs>=0.90
numeric_correlation,시간대_00~06_매출_금액,구성비__시간대_건수~06_매출_건수,pearson_and_spearman,0.08013826080003265,0.9770116274089718,20000,deterministic discovery sample; threshold abs>=0.90
numeric_correlation,시간대_06~11_매출_금액,시간대_건수~11_매출_건수,pearson_and_spearman,0.6011631844094446,0.9246775860369133,20000,deterministic discovery sample; threshold abs>=0.90
numeric_correlation,시간대_11~14_매출_금액,시간대_14~17_매출_금액,pearson_and_spearman,0.9651689679242696,0.8890934819557619,20000,deterministic discovery sample; threshold abs>=0.90
numeric_correlation,시간대_11~14_매출_금액,남성_매출_금액,pearson_and_spearman,0.9561805827229446,0.8138700543759756,20000,deterministic discovery sample; threshold abs>=0.90
numeric_correlation,시간대_11~14_매출_금액,여성_매출_금액,pearson_and_spearman,0.9478899841170293,0.8642369344807178,20000,deterministic discovery sample; threshold abs>=0.90
numeric_correlation,시간대_11~14_매출_금액,연령대_30_매출_금액,pearson_and_spearman,0.9219162748487488,0.7774698621042724,20000,deterministic discovery sample; threshold abs>=0.90
numeric_correlation,시간대_11~14_매출_금액,연령대_40_매출_금액,pearson_and_spearman,0.9229577825763993,0.8002926785568001,20000,deterministic discovery sample; threshold abs>=0.90
numeric_correlation,시간대_11~14_매출_금액,연령대_50_매출_금액,pearson_and_spearman,0.9696754396000715,0.8196169470684108,20000,deterministic discovery sample; threshold abs>=0.90
numeric_correlation,시간대_11~14_매출_금액,연령대_60_이상_매출_금액,pearson_and_spearman,0.9297199194701712,0.7803142954787899,20000,deterministic discovery sample; threshold abs>=0.90
numeric_correlation,시간대_11~14_매출_금액,최근_2분기_매출_평균,pearson_and_spearman,0.9780296026831553,0.8674504844001133,20000,deterministic discovery sample; threshold abs>=0.90
numeric_correlation,시간대_11~14_매출_금액,최근_2분기_매출_최소,pearson_and_spearman,0.9752360673500947,0.869546513511653,20000,deterministic discovery sample; threshold abs>=0.90
numeric_correlation,시간대_11~14_매출_금액,최근_2분기_매출_최대,pearson_and_spearman,0.9779136271872924,0.8602694003877052,20000,deterministic discovery sample; threshold abs>=0.90
numeric_correlation,시간대_11~14_매출_금액,최근_4분기_매출_평균,pearson_and_spearman,0.9637422709468525,0.8578069123624116,20000,deterministic discovery sample; threshold abs>=0.90
numeric_correlation,시간대_11~14_매출_금액,최근_4분기_매출_최소,pearson_and_spearman,0.9562505463591336,0.862286604984346,20000,deterministic discovery sample; threshold abs>=0.90
numeric_correlation,시간대_11~14_매출_금액,최근_4분기_매출_최대,pearson_and_spearman,0.963080622811524,0.8457881643504263,20000,deterministic discovery sample; threshold abs>=0.90
numeric_correlation,시간대_14~17_매출_금액,시간대_17~21_매출_금액,pearson_and_spearman,0.9217166256164845,0.7974219187125982,20000,deterministic discovery sample; threshold abs>=0.90
numeric_correlation,시간대_14~17_매출_금액,남성_매출_금액,pearson_and_spearman,0.9527756464540362,0.8170372060776246,20000,deterministic discovery sample; threshold abs>=0.90
numeric_correlation,시간대_14~17_매출_금액,여성_매출_금액,pearson_and_spearman,0.9690066478496308,0.8934871473961432,20000,deterministic discovery sample; threshold abs>=0.90
numeric_correlation,시간대_14~17_매출_금액,연령대_30_매출_금액,pearson_and_spearman,0.9461202953803751,0.7562771190490799,20000,deterministic discovery sample; threshold abs>=0.90
numeric_correlation,시간대_14~17_매출_금액,연령대_40_매출_금액,pearson_and_spearman,0.9516826921672146,0.8251587713882772,20000,deterministic discovery sample; threshold abs>=0.90
numeric_correlation,시간대_14~17_매출_금액,연령대_50_매출_금액,pearson_and_spearman,0.9688428039994437,0.8320542168854322,20000,deterministic discovery sample; threshold abs>=0.90
numeric_correlation,시간대_14~17_매출_금액,연령대_60_이상_매출_금액,pearson_and_spearman,0.9028363725291634,0.7814221995045325,20000,deterministic discovery sample; threshold abs>=0.90
numeric_correlation,시간대_14~17_매출_금액,최근_2분기_매출_평균,pearson_and_spearman,0.9758833339082322,0.8798431515280292,20000,deterministic discovery sample; threshold abs>=0.90
numeric_correlation,시간대_14~17_매출_금액,최근_2분기_매출_최소,pearson_and_spearman,0.9730546582767862,0.8752039077982583,20000,deterministic discovery sample; threshold abs>=0.90
numeric_correlation,시간대_14~17_매출_금액,최근_2분기_매출_최대,pearson_and_spearman,0.9758066048157557,0.8759161701641092,20000,deterministic discovery sample; threshold abs>=0.90
numeric_correlation,시간대_14~17_매출_금액,최근_4분기_매출_평균,pearson_and_spearman,0.9717120832588998,0.8721734727343794,20000,deterministic discovery sample; threshold abs>=0.90
numeric_correlation,시간대_14~17_매출_금액,최근_4분기_매출_최소,pearson_and_spearman,0.9780334955733002,0.8678587945592238,20000,deterministic discovery sample; threshold abs>=0.90
numeric_correlation,시간대_14~17_매출_금액,최근_4분기_매출_최대,pearson_and_spearman,0.9635469058161815,0.8647138043020475,20000,deterministic discovery sample; threshold abs>=0.90
numeric_correlation,시간대_17~21_매출_금액,남성_매출_금액,pearson_and_spearman,0.9369947308574369,0.8983720171627372,20000,deterministic discovery sample; threshold abs>=0.90
numeric_correlation,시간대_17~21_매출_금액,여성_매출_금액,pearson_and_spearman,0.9028675754806424,0.8997203735823334,20000,deterministic discovery sample; threshold abs>=0.90
numeric_correlation,시간대_17~21_매출_금액,연령대_30_매출_금액,pearson_and_spearman,0.9556836672178152,0.8711336615835874,20000,deterministic discovery sample; threshold abs>=0.90
numeric_correlation,시간대_17~21_매출_금액,연령대_40_매출_금액,pearson_and_spearman,0.9299773965117943,0.8924183867191643,20000,deterministic discovery sample; threshold abs>=0.90
numeric_correlation,시간대_17~21_매출_금액,연령대_50_매출_금액,pearson_and_spearman,0.9002549231804765,0.8758077288244911,20000,deterministic discovery sample; threshold abs>=0.90
numeric_correlation,시간대_17~21_매출_금액,최근_2분기_매출_평균,pearson_and_spearman,0.9510888470791234,0.9143113221491731,20000,deterministic discovery sample; threshold abs>=0.90
numeric_correlation,시간대_17~21_매출_금액,최근_2분기_매출_최소,pearson_and_spearman,0.9539139450603171,0.9186874697769071,20000,deterministic discovery sample; threshold abs>=0.90
numeric_correlation,시간대_17~21_매출_금액,최근_2분기_매출_최대,pearson_and_spearman,0.9457401822138265,0.9059036442575186,20000,deterministic discovery sample; threshold abs>=0.90
numeric_correlation,시간대_17~21_매출_금액,최근_4분기_매출_평균,pearson_and_spearman,0.9033301726626505,0.9078888975540186,20000,deterministic discovery sample; threshold abs>=0.90
numeric_correlation,시간대_17~21_매출_금액,최근_4분기_매출_최소,pearson_and_spearman,0.9127413442713141,0.9140872375670568,20000,deterministic discovery sample; threshold abs>=0.90
numeric_correlation,시간대_17~21_매출_금액,log1p__당월_매출_금액,pearson_and_spearman,0.21261367562860853,0.9248547861107288,20000,deterministic discovery sample; threshold abs>=0.90
numeric_correlation,시간대_21~24_매출_금액,시간대_건수~24_매출_건수,pearson_and_spearman,0.6313551557603273,0.9503940321297328,20000,deterministic discovery sample; threshold abs>=0.90
numeric_correlation,남성_매출_금액,여성_매출_금액,pearson_and_spearman,0.9175484855384916,0.8643960336078018,20000,deterministic discovery sample; threshold abs>=0.90
numeric_correlation,남성_매출_금액,연령대_30_매출_금액,pearson_and_spearman,0.9504126569250146,0.8828900365056697,20000,deterministic discovery sample; threshold abs>=0.90
numeric_correlation,남성_매출_금액,연령대_40_매출_금액,pearson_and_spearman,0.9381755256142774,0.9049085288056868,20000,deterministic discovery sample; threshold abs>=0.90
numeric_correlation,남성_매출_금액,연령대_50_매출_금액,pearson_and_spearman,0.9723137483599432,0.9128045746702774,20000,deterministic discovery sample; threshold abs>=0.90
numeric_correlation,남성_매출_금액,연령대_60_이상_매출_금액,pearson_and_spearman,0.9319206220386528,0.80618553552259,20000,deterministic discovery sample; threshold abs>=0.90
numeric_correlation,남성_매출_금액,최근_2분기_매출_평균,pearson_and_spearman,0.9885380915234149,0.9522082830637911,20000,deterministic discovery sample; threshold abs>=0.90
numeric_correlation,남성_매출_금액,최근_2분기_매출_최소,pearson_and_spearman,0.9916220842307399,0.9518838109966831,20000,deterministic discovery sample; threshold abs>=0.90
numeric_correlation,남성_매출_금액,최근_2분기_매출_최대,pearson_and_spearman,0.9828393171400592,0.9456849253141555,20000,deterministic discovery sample; threshold abs>=0.90
numeric_correlation,남성_매출_금액,최근_4분기_매출_평균,pearson_and_spearman,0.9825616805024643,0.9463662794636809,20000,deterministic discovery sample; threshold abs>=0.90
numeric_correlation,남성_매출_금액,최근_4분기_매출_최소,pearson_and_spearman,0.9805955496805561,0.9407051759883713,20000,deterministic discovery sample; threshold abs>=0.90
numeric_correlation,남성_매출_금액,최근_4분기_매출_최대,pearson_and_spearman,0.977476612830163,0.9343216573690152,20000,deterministic discovery sample; threshold abs>=0.90
numeric_correlation,남성_매출_금액,log1p__당월_매출_금액,pearson_and_spearman,0.20583552967157023,0.960604651258506,20000,deterministic discovery sample; threshold abs>=0.90
numeric_correlation,여성_매출_금액,연령대_30_매출_금액,pearson_and_spearman,0.9431068535257399,0.8594669251600063,20000,deterministic discovery sample; threshold abs>=0.90
numeric_correlation,여성_매출_금액,연령대_40_매출_금액,pearson_and_spearman,0.9463366966751717,0.8979111452540826,20000,deterministic discovery sample; threshold abs>=0.90
numeric_correlation,여성_매출_금액,연령대_50_매출_금액,pearson_and_spearman,0.9558302602142229,0.8949436865864102,20000,deterministic discovery sample; threshold abs>=0.90
numeric_correlation,여성_매출_금액,최근_2분기_매출_평균,pearson_and_spearman,0.9573969517956391,0.9390138926556562,20000,deterministic discovery sample; threshold abs>=0.90
numeric_correlation,여성_매출_금액,최근_2분기_매출_최소,pearson_and_spearman,0.9525448831863641,0.937968698228838,20000,deterministic discovery sample; threshold abs>=0.90
numeric_correlation,여성_매출_금액,최근_2분기_매출_최대,pearson_and_spearman,0.9592840406053869,0.9331274542398204,20000,deterministic discovery sample; threshold abs>=0.90
numeric_correlation,여성_매출_금액,최근_4분기_매출_평균,pearson_and_spearman,0.9758455657307243,0.9350364020881485,20000,deterministic discovery sample; threshold abs>=0.90
numeric_correlation,여성_매출_금액,최근_4분기_매출_최소,pearson_and_spearman,0.9775612887056095,0.9320847035587562,20000,deterministic discovery sample; threshold abs>=0.90
numeric_correlation,여성_매출_금액,최근_4분기_매출_최대,pearson_and_spearman,0.9707075995491125,0.9233436014736291,20000,deterministic discovery sample; threshold abs>=0.90
numeric_correlation,여성_매출_금액,log1p__당월_매출_금액,pearson_and_spearman,0.2422476206046226,0.9473594522142674,20000,deterministic discovery sample; threshold abs>=0.90
numeric_correlation,연령대_10_매출_금액,연령대_10_매출_건수,pearson_and_spearman,0.5800228290590755,0.9700778877343543,20000,deterministic discovery sample; threshold abs>=0.90
numeric_correlation,연령대_20_매출_금액,연령대_30_매출_금액,pearson_and_spearman,0.9055705325122667,0.8614033283443333,20000,deterministic discovery sample; threshold abs>=0.90
numeric_correlation,연령대_20_매출_금액,연령대_20_매출_건수,pearson_and_spearman,0.5530323327850118,0.9111964685138793,20000,deterministic discovery sample; threshold abs>=0.90
numeric_correlation,연령대_30_매출_금액,연령대_40_매출_금액,pearson_and_spearman,0.9189014992701936,0.8449857686845771,20000,deterministic discovery sample; threshold abs>=0.90
numeric_correlation,연령대_30_매출_금액,연령대_50_매출_금액,pearson_and_spearman,0.9208818673538105,0.7986351897021682,20000,deterministic discovery sample; threshold abs>=0.90
numeric_correlation,연령대_30_매출_금액,최근_2분기_매출_평균,pearson_and_spearman,0.9623420310315722,0.8813366378030425,20000,deterministic discovery sample; threshold abs>=0.90
numeric_correlation,연령대_30_매출_금액,최근_2분기_매출_최소,pearson_and_spearman,0.9642828837840279,0.8871177162607733,20000,deterministic discovery sample; threshold abs>=0.90
numeric_correlation,연령대_30_매출_금액,최근_2분기_매출_최대,pearson_and_spearman,0.9577971156180994,0.871954497378884,20000,deterministic discovery sample; threshold abs>=0.90
numeric_correlation,연령대_30_매출_금액,최근_4분기_매출_평균,pearson_and_spearman,0.935376785465735,0.8793642340516596,20000,deterministic discovery sample; threshold abs>=0.90
numeric_correlation,연령대_30_매출_금액,최근_4분기_매출_최소,pearson_and_spearman,0.9435272557055507,0.8832381051040452,20000,deterministic discovery sample; threshold abs>=0.90
numeric_correlation,연령대_30_매출_금액,최근_4분기_매출_최대,pearson_and_spearman,0.9266865282679156,0.8620852970951304,20000,deterministic discovery sample; threshold abs>=0.90
numeric_correlation,연령대_40_매출_금액,연령대_50_매출_금액,pearson_and_spearman,0.9569648085985064,0.8688650411208984,20000,deterministic discovery sample; threshold abs>=0.90
numeric_correlation,연령대_40_매출_금액,최근_2분기_매출_평균,pearson_and_spearman,0.9566683569091334,0.912860716917078,20000,deterministic discovery sample; threshold abs>=0.90
numeric_correlation,연령대_40_매출_금액,최근_2분기_매출_최소,pearson_and_spearman,0.9545079177064846,0.9158039783371008,20000,deterministic discovery sample; threshold abs>=0.90
numeric_correlation,연령대_40_매출_금액,최근_2분기_매출_최대,pearson_and_spearman,0.9560143978272486,0.904928166794266,20000,deterministic discovery sample; threshold abs>=0.90
numeric_correlation,연령대_40_매출_금액,최근_4분기_매출_평균,pearson_and_spearman,0.9364319404232111,0.9068406747349432,20000,deterministic discovery sample; threshold abs>=0.90
numeric_correlation,연령대_40_매출_금액,최근_4분기_매출_최소,pearson_and_spearman,0.9456184263255794,0.9094822943750381,20000,deterministic discovery sample; threshold abs>=0.90
numeric_correlation,연령대_40_매출_금액,최근_4분기_매출_최대,pearson_and_spearman,0.9264139172461594,0.8920277770662599,20000,deterministic discovery sample; threshold abs>=0.90
numeric_correlation,연령대_40_매출_금액,log1p__당월_매출_금액,pearson_and_spearman,0.2226022216220158,0.9224197273431827,20000,deterministic discovery sample; threshold abs>=0.90
numeric_correlation,연령대_50_매출_금액,연령대_60_이상_매출_금액,pearson_and_spearman,0.9281252527129805,0.8428488756808076,20000,deterministic discovery sample; threshold abs>=0.90
numeric_correlation,연령대_50_매출_금액,최근_2분기_매출_평균,pearson_and_spearman,0.9820248911276294,0.9233883904120822,20000,deterministic discovery sample; threshold abs>=0.90
numeric_correlation,연령대_50_매출_금액,최근_2분기_매출_최소,pearson_and_spearman,0.9807169877101523,0.9237056194857192,20000,deterministic discovery sample; threshold abs>=0.90
numeric_correlation,연령대_50_매출_금액,최근_2분기_매출_최대,pearson_and_spearman,0.9804940075682215,0.9171219405904695,20000,deterministic discovery sample; threshold abs>=0.90
numeric_correlation,연령대_50_매출_금액,최근_4분기_매출_평균,pearson_and_spearman,0.9719495384841742,0.9185528566308686,20000,deterministic discovery sample; threshold abs>=0.90
numeric_correlation,연령대_50_매출_금액,최근_4분기_매출_최소,pearson_and_spearman,0.9718377845525297,0.9167818061389069,20000,deterministic discovery sample; threshold abs>=0.90
numeric_correlation,연령대_50_매출_금액,최근_4분기_매출_최대,pearson_and_spearman,0.9665518578098438,0.9065163524216344,20000,deterministic discovery sample; threshold abs>=0.90
numeric_correlation,연령대_50_매출_금액,log1p__당월_매출_금액,pearson_and_spearman,0.21229405937196646,0.9298649721357065,20000,deterministic discovery sample; threshold abs>=0.90
numeric_correlation,연령대_60_이상_매출_금액,최근_2분기_매출_평균,pearson_and_spearman,0.9343656922484446,0.8249238479408599,20000,deterministic discovery sample; threshold abs>=0.90
numeric_correlation,연령대_60_이상_매출_금액,최근_2분기_매출_최소,pearson_and_spearman,0.9352855408165106,0.8234360347801539,20000,deterministic discovery sample; threshold abs>=0.90
numeric_correlation,연령대_60_이상_매출_금액,최근_2분기_매출_최대,pearson_and_spearman,0.9308642594457938,0.8208440144071574,20000,deterministic discovery sample; threshold abs>=0.90
numeric_correlation,주중_매출_건수,주말_매출_건수,pearson_and_spearman,0.7726720517767487,0.930860600834527,20000,deterministic discovery sample; threshold abs>=0.90
numeric_correlation,주중_매출_건수,월요일_매출_건수,pearson_and_spearman,0.9966406038099693,0.9828565402395154,20000,deterministic discovery sample; threshold abs>=0.90
numeric_correlation,주중_매출_건수,화요일_매출_건수,pearson_and_spearman,0.9973694476453127,0.9897387279498352,20000,deterministic discovery sample; threshold abs>=0.90
numeric_correlation,주중_매출_건수,수요일_매출_건수,pearson_and_spearman,0.9984202334306597,0.989826452318333,20000,deterministic discovery sample; threshold abs>=0.90
numeric_correlation,주중_매출_건수,목요일_매출_건수,pearson_and_spearman,0.9960479233870839,0.9904165029874117,20000,deterministic discovery sample; threshold abs>=0.90
numeric_correlation,주중_매출_건수,금요일_매출_건수,pearson_and_spearman,0.9954650692655225,0.9907975793071871,20000,deterministic discovery sample; threshold abs>=0.90
numeric_correlation,주중_매출_건수,토요일_매출_건수,pearson_and_spearman,0.7799003443297585,0.94149403337039,20000,deterministic discovery sample; threshold abs>=0.90
numeric_correlation,주중_매출_건수,시간대_건수~11_매출_건수,pearson_and_spearman,0.9040011133912171,0.8167445086766085,20000,deterministic discovery sample; threshold abs>=0.90
numeric_correlation,주중_매출_건수,시간대_건수~14_매출_건수,pearson_and_spearman,0.9331026832202455,0.9339470100839189,20000,deterministic discovery sample; threshold abs>=0.90
numeric_correlation,주중_매출_건수,시간대_건수~17_매출_건수,pearson_and_spearman,0.8559023231534509,0.9407468308057655,20000,deterministic discovery sample; threshold abs>=0.90
numeric_correlation,주중_매출_건수,시간대_건수~21_매출_건수,pearson_and_spearman,0.8668756177812446,0.9559683741964751,20000,deterministic discovery sample; threshold abs>=0.90
numeric_correlation,주중_매출_건수,남성_매출_건수,pearson_and_spearman,0.9538413033447953,0.9814523453481889,20000,deterministic discovery sample; threshold abs>=0.90
numeric_correlation,주중_매출_건수,여성_매출_건수,pearson_and_spearman,0.9340034766792064,0.9754238485787422,20000,deterministic discovery sample; threshold abs>=0.90
numeric_correlation,주중_매출_건수,연령대_20_매출_건수,pearson_and_spearman,0.8205041709614813,0.9046717440758038,20000,deterministic discovery sample; threshold abs>=0.90
numeric_correlation,주중_매출_건수,연령대_30_매출_건수,pearson_and_spearman,0.9549328072065463,0.956305252443612,20000,deterministic discovery sample; threshold abs>=0.90
numeric_correlation,주중_매출_건수,연령대_40_매출_건수,pearson_and_spearman,0.9454170512334141,0.9667013499073934,20000,deterministic discovery sample; threshold abs>=0.90
numeric_correlation,주중_매출_건수,연령대_50_매출_건수,pearson_and_spearman,0.8921376598679736,0.9674802751475947,20000,deterministic discovery sample; threshold abs>=0.90
numeric_correlation,주중_매출_건수,연령대_60_이상_매출_건수,pearson_and_spearman,0.7226636021043719,0.9035095973130748,20000,deterministic discovery sample; threshold abs>=0.90
numeric_correlation,주중_매출_건수,점포당_거래건수,pearson_and_spearman,0.36910739609421234,0.9064285414797134,20000,deterministic discovery sample; threshold abs>=0.90
numeric_correlation,주중_매출_건수,log1p__당월_매출_건수,pearson_and_spearman,0.43424176026843697,0.9973286434410341,20000,deterministic discovery sample; threshold abs>=0.90
numeric_correlation,주말_매출_건수,월요일_매출_건수,pearson_and_spearman,0.7876598208733977,0.909707845680921,20000,deterministic discovery sample; threshold abs>=0.90
numeric_correlation,주말_매출_건수,화요일_매출_건수,pearson_and_spearman,0.7669898516296649,0.9159238684508251,20000,deterministic discovery sample; threshold abs>=0.90
numeric_correlation,주말_매출_건수,수요일_매출_건수,pearson_and_spearman,0.7557428548722572,0.9244425472749386,20000,deterministic discovery sample; threshold abs>=0.90
numeric_correlation,주말_매출_건수,목요일_매출_건수,pearson_and_spearman,0.730574990638413,0.9263798387662653,20000,deterministic discovery sample; threshold abs>=0.90
numeric_correlation,주말_매출_건수,금요일_매출_건수,pearson_and_spearman,0.8057107211801912,0.9344161114592845,20000,deterministic discovery sample; threshold abs>=0.90
numeric_correlation,주말_매출_건수,토요일_매출_건수,pearson_and_spearman,0.9957009960464479,0.9916573253015436,20000,deterministic discovery sample; threshold abs>=0.90
numeric_correlation,주말_매출_건수,일요일_매출_건수,pearson_and_spearman,0.9919081393260115,0.8641357501170802,20000,deterministic discovery sample; threshold abs>=0.90
numeric_correlation,주말_매출_건수,시간대_건수~17_매출_건수,pearson_and_spearman,0.9529003004553472,0.8869530523523694,20000,deterministic discovery sample; threshold abs>=0.90
numeric_correlation,주말_매출_건수,시간대_건수~21_매출_건수,pearson_and_spearman,0.9388123252370524,0.9537138154827458,20000,deterministic discovery sample; threshold abs>=0.90
numeric_correlation,주말_매출_건수,남성_매출_건수,pearson_and_spearman,0.892376416904112,0.9471908582399714,20000,deterministic discovery sample; threshold abs>=0.90
numeric_correlation,주말_매출_건수,여성_매출_건수,pearson_and_spearman,0.8826378043394725,0.9315396105234786,20000,deterministic discovery sample; threshold abs>=0.90
numeric_correlation,주말_매출_건수,연령대_30_매출_건수,pearson_and_spearman,0.8066811069755223,0.9256843152418222,20000,deterministic discovery sample; threshold abs>=0.90
numeric_correlation,주말_매출_건수,연령대_40_매출_건수,pearson_and_spearman,0.8783303615265148,0.9190580468301222,20000,deterministic discovery sample; threshold abs>=0.90
numeric_correlation,주말_매출_건수,연령대_50_매출_건수,pearson_and_spearman,0.9264107718851536,0.9341328537334748,20000,deterministic discovery sample; threshold abs>=0.90
numeric_correlation,주말_매출_건수,log1p__당월_매출_건수,pearson_and_spearman,0.25594481005661135,0.9519168899541378,20000,deterministic discovery sample; threshold abs>=0.90
numeric_correlation,월요일_매출_건수,화요일_매출_건수,pearson_and_spearman,0.9937913808792918,0.9700732058708954,20000,deterministic discovery sample; threshold abs>=0.90
numeric_correlation,월요일_매출_건수,수요일_매출_건수,pearson_and_spearman,0.9921719646409165,0.9682655154273173,20000,deterministic discovery sample; threshold abs>=0.90
numeric_correlation,월요일_매출_건수,목요일_매출_건수,pearson_and_spearman,0.9893438103333501,0.9690563680502635,20000,deterministic discovery sample; threshold abs>=0.90
numeric_correlation,월요일_매출_건수,금요일_매출_건수,pearson_and_spearman,0.9919536967660884,0.9685450331277833,20000,deterministic discovery sample; threshold abs>=0.90
numeric_correlation,월요일_매출_건수,토요일_매출_건수,pearson_and_spearman,0.7960326612382291,0.9221860566812258,20000,deterministic discovery sample; threshold abs>=0.90
numeric_correlation,월요일_매출_건수,시간대_건수~11_매출_건수,pearson_and_spearman,0.9023199794469061,0.8196573341347665,20000,deterministic discovery sample; threshold abs>=0.90
numeric_correlation,월요일_매출_건수,시간대_건수~14_매출_건수,pearson_and_spearman,0.9289978995633023,0.919770238064495,20000,deterministic discovery sample; threshold abs>=0.90
numeric_correlation,월요일_매출_건수,시간대_건수~17_매출_건수,pearson_and_spearman,0.8679953995620523,0.9282735887807926,20000,deterministic discovery sample; threshold abs>=0.90
numeric_correlation,월요일_매출_건수,시간대_건수~21_매출_건수,pearson_and_spearman,0.8754675822869944,0.9370252234017299,20000,deterministic discovery sample; threshold abs>=0.90
numeric_correlation,월요일_매출_건수,남성_매출_건수,pearson_and_spearman,0.9588984222507253,0.9644541018733418,20000,deterministic discovery sample; threshold abs>=0.90
numeric_correlation,월요일_매출_건수,여성_매출_건수,pearson_and_spearman,0.9359752320352417,0.9574722508668287,20000,deterministic discovery sample; threshold abs>=0.90
numeric_correlation,월요일_매출_건수,연령대_30_매출_건수,pearson_and_spearman,0.9540065121615873,0.9363739241513679,20000,deterministic discovery sample; threshold abs>=0.90
numeric_correlation,월요일_매출_건수,연령대_40_매출_건수,pearson_and_spearman,0.9508901367597211,0.9515858556696252,20000,deterministic discovery sample; threshold abs>=0.90
numeric_correlation,월요일_매출_건수,연령대_50_매출_건수,pearson_and_spearman,0.9030830575826889,0.9525821025756169,20000,deterministic discovery sample; threshold abs>=0.90
numeric_correlation,월요일_매출_건수,log1p__당월_매출_건수,pearson_and_spearman,0.4284887719822339,0.9785617566469867,20000,deterministic discovery sample; threshold abs>=0.90
numeric_correlation,화요일_매출_건수,수요일_매출_건수,pearson_and_spearman,0.9971602215415484,0.9765601017343197,20000,deterministic discovery sample; threshold abs>=0.90
numeric_correlation,화요일_매출_건수,목요일_매출_건수,pearson_and_spearman,0.9910404945726281,0.9770929444178554,20000,deterministic discovery sample; threshold abs>=0.90
numeric_correlation,화요일_매출_건수,금요일_매출_건수,pearson_and_spearman,0.9892034964204716,0.9766331364076466,20000,deterministic discovery sample; threshold abs>=0.90
numeric_correlation,화요일_매출_건수,토요일_매출_건수,pearson_and_spearman,0.7762273660708292,0.927294084151323,20000,deterministic discovery sample; threshold abs>=0.90
numeric_correlation,화요일_매출_건수,시간대_건수~11_매출_건수,pearson_and_spearman,0.9103979524919069,0.8125883068446916,20000,deterministic discovery sample; threshold abs>=0.90
numeric_correlation,화요일_매출_건수,시간대_건수~14_매출_건수,pearson_and_spearman,0.9335010742472531,0.9251154104819252,20000,deterministic discovery sample; threshold abs>=0.90
numeric_correlation,화요일_매출_건수,시간대_건수~17_매출_건수,pearson_and_spearman,0.8497549126607925,0.9299633741656457,20000,deterministic discovery sample; threshold abs>=0.90
numeric_correlation,화요일_매출_건수,시간대_건수~21_매출_건수,pearson_and_spearman,0.8620218133866134,0.9439368293186978,20000,deterministic discovery sample; threshold abs>=0.90
numeric_correlation,화요일_매출_건수,남성_매출_건수,pearson_and_spearman,0.9547468152239884,0.9702848651341536,20000,deterministic discovery sample; threshold abs>=0.90
numeric_correlation,화요일_매출_건수,여성_매출_건수,pearson_and_spearman,0.9215575533942142,0.9639759019327827,20000,deterministic discovery sample; threshold abs>=0.90
numeric_correlation,화요일_매출_건수,연령대_30_매출_건수,pearson_and_spearman,0.9504514327987681,0.9452184375429724,20000,deterministic discovery sample; threshold abs>=0.90
numeric_correlation,화요일_매출_건수,연령대_40_매출_건수,pearson_and_spearman,0.9407612300608897,0.9571279661802469,20000,deterministic discovery sample; threshold abs>=0.90
numeric_correlation,화요일_매출_건수,연령대_50_매출_건수,pearson_and_spearman,0.8894781992468035,0.9570900704132604,20000,deterministic discovery sample; threshold abs>=0.90
numeric_correlation,화요일_매출_건수,log1p__당월_매출_건수,pearson_and_spearman,0.42848105456822827,0.9856096366675554,20000,deterministic discovery sample; threshold abs>=0.90
numeric_correlation,수요일_매출_건수,목요일_매출_건수,pearson_and_spearman,0.9961063919904342,0.9783317041548966,20000,deterministic discovery sample; threshold abs>=0.90
numeric_correlation,수요일_매출_건수,금요일_매출_건수,pearson_and_spearman,0.9909590278744062,0.9775648990255112,20000,deterministic discovery sample; threshold abs>=0.90
numeric_correlation,수요일_매출_건수,토요일_매출_건수,pearson_and_spearman,0.7621820253794398,0.9345092641036732,20000,deterministic discovery sample; threshold abs>=0.90
numeric_correlation,수요일_매출_건수,시간대_건수~11_매출_건수,pearson_and_spearman,0.903150459591086,0.8090603619948378,20000,deterministic discovery sample; threshold abs>=0.90
numeric_correlation,수요일_매출_건수,시간대_건수~14_매출_건수,pearson_and_spearman,0.9313262934199259,0.926056294537229,20000,deterministic discovery sample; threshold abs>=0.90
numeric_correlation,수요일_매출_건수,시간대_건수~17_매출_건수,pearson_and_spearman,0.8410962654744388,0.9298225973836977,20000,deterministic discovery sample; threshold abs>=0.90
numeric_correlation,수요일_매출_건수,시간대_건수~21_매출_건수,pearson_and_spearman,0.8577130008609046,0.9495427321787605,20000,deterministic discovery sample; threshold abs>=0.90
numeric_correlation,수요일_매출_건수,남성_매출_건수,pearson_and_spearman,0.9477724833398185,0.9725681940046029,20000,deterministic discovery sample; threshold abs>=0.90
numeric_correlation,수요일_매출_건수,여성_매출_건수,pearson_and_spearman,0.9238927566748842,0.9660851994154843,20000,deterministic discovery sample; threshold abs>=0.90
numeric_correlation,수요일_매출_건수,연령대_20_매출_건수,pearson_and_spearman,0.8214119790091625,0.9001398097037401,20000,deterministic discovery sample; threshold abs>=0.90
numeric_correlation,수요일_매출_건수,연령대_30_매출_건수,pearson_and_spearman,0.952411898907106,0.9494998087109614,20000,deterministic discovery sample; threshold abs>=0.90
numeric_correlation,수요일_매출_건수,연령대_40_매출_건수,pearson_and_spearman,0.9393391460338547,0.9587639119159996,20000,deterministic discovery sample; threshold abs>=0.90
numeric_correlation,수요일_매출_건수,연령대_50_매출_건수,pearson_and_spearman,0.8798550932849577,0.9586178333593787,20000,deterministic discovery sample; threshold abs>=0.90
numeric_correlation,수요일_매출_건수,log1p__당월_매출_건수,pearson_and_spearman,0.4364963871977336,0.9875987822108472,20000,deterministic discovery sample; threshold abs>=0.90
numeric_correlation,목요일_매출_건수,금요일_매출_건수,pearson_and_spearman,0.9881762056286814,0.9789921524121066,20000,deterministic discovery sample; threshold abs>=0.90
numeric_correlation,목요일_매출_건수,토요일_매출_건수,pearson_and_spearman,0.7357251458081827,0.9356544308315785,20000,deterministic discovery sample; threshold abs>=0.90
numeric_correlation,목요일_매출_건수,시간대_건수~14_매출_건수,pearson_and_spearman,0.9250903756156295,0.9261248120652339,20000,deterministic discovery sample; threshold abs>=0.90
numeric_correlation,목요일_매출_건수,시간대_건수~17_매출_건수,pearson_and_spearman,0.826112021298868,0.929894872275922,20000,deterministic discovery sample; threshold abs>=0.90
numeric_correlation,목요일_매출_건수,시간대_건수~21_매출_건수,pearson_and_spearman,0.8392835414666465,0.9501221934276787,20000,deterministic discovery sample; threshold abs>=0.90
numeric_correlation,목요일_매출_건수,남성_매출_건수,pearson_and_spearman,0.9323560273606668,0.9728108833878041,20000,deterministic discovery sample; threshold abs>=0.90
numeric_correlation,목요일_매출_건수,여성_매출_건수,pearson_and_spearman,0.9203038452355718,0.9664005194248804,20000,deterministic discovery sample; threshold abs>=0.90
numeric_correlation,목요일_매출_건수,연령대_20_매출_건수,pearson_and_spearman,0.8283576903261144,0.9010309423090462,20000,deterministic discovery sample; threshold abs>=0.90
numeric_correlation,목요일_매출_건수,연령대_30_매출_건수,pearson_and_spearman,0.9478083107939169,0.9508754878506047,20000,deterministic discovery sample; threshold abs>=0.90
numeric_correlation,목요일_매출_건수,연령대_40_매출_건수,pearson_and_spearman,0.9299930816268676,0.9588266254847712,20000,deterministic discovery sample; threshold abs>=0.90
numeric_correlation,목요일_매출_건수,연령대_50_매출_건수,pearson_and_spearman,0.8624872752802151,0.9593040244450611,20000,deterministic discovery sample; threshold abs>=0.90
numeric_correlation,목요일_매출_건수,log1p__당월_매출_건수,pearson_and_spearman,0.4428440177036699,0.9884554201964326,20000,deterministic discovery sample; threshold abs>=0.90
numeric_correlation,금요일_매출_건수,토요일_매출_건수,pearson_and_spearman,0.8125520341304553,0.9438783757726958,20000,deterministic discovery sample; threshold abs>=0.90
numeric_correlation,금요일_매출_건수,시간대_건수~14_매출_건수,pearson_and_spearman,0.9312734138894473,0.9219150113312831,20000,deterministic discovery sample; threshold abs>=0.90
numeric_correlation,금요일_매출_건수,시간대_건수~17_매출_건수,pearson_and_spearman,0.877817015289838,0.9295164238337738,20000,deterministic discovery sample; threshold abs>=0.90
numeric_correlation,금요일_매출_건수,시간대_건수~21_매출_건수,pearson_and_spearman,0.8835873657571371,0.9531259725553242,20000,deterministic discovery sample; threshold abs>=0.90
numeric_correlation,금요일_매출_건수,남성_매출_건수,pearson_and_spearman,0.9589724498609152,0.9762491565713893,20000,deterministic discovery sample; threshold abs>=0.90
numeric_correlation,금요일_매출_건수,여성_매출_건수,pearson_and_spearman,0.9508989880567364,0.9689176098413843,20000,deterministic discovery sample; threshold abs>=0.90
numeric_correlation,금요일_매출_건수,연령대_20_매출_건수,pearson_and_spearman,0.8246992293791292,0.9053245981952414,20000,deterministic discovery sample; threshold abs>=0.90
numeric_correlation,금요일_매출_건수,연령대_30_매출_건수,pearson_and_spearman,0.9542584046230933,0.9546988308942282,20000,deterministic discovery sample; threshold abs>=0.90
numeric_correlation,금요일_매출_건수,연령대_40_매출_건수,pearson_and_spearman,0.9499426677475175,0.9600979651059204,20000,deterministic discovery sample; threshold abs>=0.90
numeric_correlation,금요일_매출_건수,연령대_50_매출_건수,pearson_and_spearman,0.9090055970595821,0.961259229202298,20000,deterministic discovery sample; threshold abs>=0.90
numeric_correlation,금요일_매출_건수,점포당_거래건수,pearson_and_spearman,0.36330031515054034,0.9000422261900151,20000,deterministic discovery sample; threshold abs>=0.90
numeric_correlation,금요일_매출_건수,log1p__당월_매출_건수,pearson_and_spearman,0.42843962331046487,0.9905451096356299,20000,deterministic discovery sample; threshold abs>=0.90
numeric_correlation,토요일_매출_건수,일요일_매출_건수,pearson_and_spearman,0.9758843775224121,0.8080255920236513,20000,deterministic discovery sample; threshold abs>=0.90
numeric_correlation,토요일_매출_건수,시간대_건수~17_매출_건수,pearson_and_spearman,0.9524088960900532,0.9008783071133085,20000,deterministic discovery sample; threshold abs>=0.90
numeric_correlation,토요일_매출_건수,시간대_건수~21_매출_건수,pearson_and_spearman,0.9284799727378321,0.9510645790464493,20000,deterministic discovery sample; threshold abs>=0.90
numeric_correlation,토요일_매출_건수,남성_매출_건수,pearson_and_spearman,0.8974559387173536,0.9511547078493364,20000,deterministic discovery sample; threshold abs>=0.90
numeric_correlation,토요일_매출_건수,여성_매출_건수,pearson_and_spearman,0.8781843440764171,0.9404139975733151,20000,deterministic discovery sample; threshold abs>=0.90
numeric_correlation,토요일_매출_건수,연령대_30_매출_건수,pearson_and_spearman,0.8000259007451119,0.9279406878958004,20000,deterministic discovery sample; threshold abs>=0.90
numeric_correlation,토요일_매출_건수,연령대_40_매출_건수,pearson_and_spearman,0.8759843961844362,0.9255907171915755,20000,deterministic discovery sample; threshold abs>=0.90
numeric_correlation,토요일_매출_건수,연령대_50_매출_건수,pearson_and_spearman,0.9346993116645756,0.941866209259755,20000,deterministic discovery sample; threshold abs>=0.90
numeric_correlation,토요일_매출_건수,log1p__당월_매출_건수,pearson_and_spearman,0.25663552953574276,0.9583660887599662,20000,deterministic discovery sample; threshold abs>=0.90
numeric_correlation,일요일_매출_건수,시간대_건수~17_매출_건수,pearson_and_spearman,0.9402482022110655,0.6782575490372648,20000,deterministic discovery sample; threshold abs>=0.90
numeric_correlation,일요일_매출_건수,시간대_건수~21_매출_건수,pearson_and_spearman,0.9398457523154424,0.8151460515524043,20000,deterministic discovery sample; threshold abs>=0.90
numeric_correlation,일요일_매출_건수,연령대_50_매출_건수,pearson_and_spearman,0.902094863458294,0.7443537015650853,20000,deterministic discovery sample; threshold abs>=0.90
numeric_correlation,시간대_건수~06_매출_건수,구성비__시간대_00~06_매출_금액,pearson_and_spearman,0.14514829439055035,0.9746364649776672,20000,deterministic discovery sample; threshold abs>=0.90
numeric_correlation,시간대_건수~06_매출_건수,구성비__시간대_건수~06_매출_건수,pearson_and_spearman,0.15512175814180418,0.9764188164610235,20000,deterministic discovery sample; threshold abs>=0.90
numeric_correlation,시간대_건수~14_매출_건수,시간대_건수~17_매출_건수,pearson_and_spearman,0.8681858701854752,0.9433521682647303,20000,deterministic discovery sample; threshold abs>=0.90
numeric_correlation,시간대_건수~14_매출_건수,남성_매출_건수,pearson_and_spearman,0.9008533629974487,0.9007019915143515,20000,deterministic discovery sample; threshold abs>=0.90
numeric_correlation,시간대_건수~14_매출_건수,여성_매출_건수,pearson_and_spearman,0.9088644236846442,0.9244057494617728,20000,deterministic discovery sample; threshold abs>=0.90
numeric_correlation,시간대_건수~14_매출_건수,연령대_40_매출_건수,pearson_and_spearman,0.9141775167133375,0.898797676152536,20000,deterministic discovery sample; threshold abs>=0.90
numeric_correlation,시간대_건수~14_매출_건수,연령대_50_매출_건수,pearson_and_spearman,0.8822539439761352,0.9055848451556385,20000,deterministic discovery sample; threshold abs>=0.90
numeric_correlation,시간대_건수~14_매출_건수,log1p__당월_매출_건수,pearson_and_spearman,0.37572019138889706,0.9288981702465683,20000,deterministic discovery sample; threshold abs>=0.90
numeric_correlation,시간대_건수~17_매출_건수,시간대_건수~21_매출_건수,pearson_and_spearman,0.9242154949225818,0.8938670849091409,20000,deterministic discovery sample; threshold abs>=0.90
numeric_correlation,시간대_건수~17_매출_건수,남성_매출_건수,pearson_and_spearman,0.9089301654101726,0.9093286159887072,20000,deterministic discovery sample; threshold abs>=0.90
numeric_correlation,시간대_건수~17_매출_건수,여성_매출_건수,pearson_and_spearman,0.9486939661793696,0.9437412614494062,20000,deterministic discovery sample; threshold abs>=0.90
numeric_correlation,시간대_건수~17_매출_건수,연령대_40_매출_건수,pearson_and_spearman,0.9300140814386145,0.9140847830812106,20000,deterministic discovery sample; threshold abs>=0.90
numeric_correlation,시간대_건수~17_매출_건수,연령대_50_매출_건수,pearson_and_spearman,0.9590230749494121,0.9208545989611339,20000,deterministic discovery sample; threshold abs>=0.90
numeric_correlation,시간대_건수~17_매출_건수,log1p__당월_매출_건수,pearson_and_spearman,0.3071551833773623,0.9406902342032344,20000,deterministic discovery sample; threshold abs>=0.90
numeric_correlation,시간대_건수~21_매출_건수,남성_매출_건수,pearson_and_spearman,0.932650519685787,0.9536859317616948,20000,deterministic discovery sample; threshold abs>=0.90
numeric_correlation,시간대_건수~21_매출_건수,여성_매출_건수,pearson_and_spearman,0.9247548224630424,0.9473473502103965,20000,deterministic discovery sample; threshold abs>=0.90
numeric_correlation,시간대_건수~21_매출_건수,연령대_20_매출_건수,pearson_and_spearman,0.7490851926634725,0.9077663054029352,20000,deterministic discovery sample; threshold abs>=0.90
numeric_correlation,시간대_건수~21_매출_건수,연령대_30_매출_건수,pearson_and_spearman,0.8927265029132887,0.9378577190911968,20000,deterministic discovery sample; threshold abs>=0.90
numeric_correlation,시간대_건수~21_매출_건수,연령대_40_매출_건수,pearson_and_spearman,0.9306509939269116,0.9420414792495436,20000,deterministic discovery sample; threshold abs>=0.90
numeric_correlation,시간대_건수~21_매출_건수,연령대_50_매출_건수,pearson_and_spearman,0.9190603704208681,0.9405358640469951,20000,deterministic discovery sample; threshold abs>=0.90
numeric_correlation,시간대_건수~21_매출_건수,log1p__당월_매출_건수,pearson_and_spearman,0.38057454002389424,0.9646226367881411,20000,deterministic discovery sample; threshold abs>=0.90
numeric_correlation,남성_매출_건수,여성_매출_건수,pearson_and_spearman,0.9153055859755197,0.9377492169079189,20000,deterministic discovery sample; threshold abs>=0.90
numeric_correlation,남성_매출_건수,연령대_20_매출_건수,pearson_and_spearman,0.7809982817343907,0.9066283081140464,20000,deterministic discovery sample; threshold abs>=0.90
numeric_correlation,남성_매출_건수,연령대_30_매출_건수,pearson_and_spearman,0.9482401083824908,0.9530913171519039,20000,deterministic discovery sample; threshold abs>=0.90
numeric_correlation,남성_매출_건수,연령대_40_매출_건수,pearson_and_spearman,0.9533889474016878,0.958496645604757,20000,deterministic discovery sample; threshold abs>=0.90
numeric_correlation,남성_매출_건수,연령대_50_매출_건수,pearson_and_spearman,0.9347117418178775,0.9625259981163653,20000,deterministic discovery sample; threshold abs>=0.90
numeric_correlation,남성_매출_건수,점포당_거래건수,pearson_and_spearman,0.3601292155895692,0.9049587763148957,20000,deterministic discovery sample; threshold abs>=0.90
numeric_correlation,남성_매출_건수,log1p__당월_매출_건수,pearson_and_spearman,0.3726684783466539,0.9862096907791542,20000,deterministic discovery sample; threshold abs>=0.90
numeric_correlation,여성_매출_건수,연령대_30_매출_건수,pearson_and_spearman,0.9155333962352126,0.9408403897030907,20000,deterministic discovery sample; threshold abs>=0.90
numeric_correlation,여성_매출_건수,연령대_40_매출_건수,pearson_and_spearman,0.9521447231734816,0.9499404868992621,20000,deterministic discovery sample; threshold abs>=0.90
numeric_correlation,여성_매출_건수,연령대_50_매출_건수,pearson_and_spearman,0.9346950408151703,0.94888583995079,20000,deterministic discovery sample; threshold abs>=0.90
numeric_correlation,여성_매출_건수,log1p__당월_매출_건수,pearson_and_spearman,0.4027110945331762,0.977138459756871,20000,deterministic discovery sample; threshold abs>=0.90
numeric_correlation,연령대_20_매출_건수,연령대_30_매출_건수,pearson_and_spearman,0.8675141042589969,0.9429057633969514,20000,deterministic discovery sample; threshold abs>=0.90
numeric_correlation,연령대_20_매출_건수,log1p__당월_매출_건수,pearson_and_spearman,0.4048781319113265,0.9139411072503896,20000,deterministic discovery sample; threshold abs>=0.90
numeric_correlation,연령대_30_매출_건수,연령대_40_매출_건수,pearson_and_spearman,0.941817530023927,0.9335100058380498,20000,deterministic discovery sample; threshold abs>=0.90
numeric_correlation,연령대_30_매출_건수,연령대_50_매출_건수,pearson_and_spearman,0.8422089036107512,0.9073745634628101,20000,deterministic discovery sample; threshold abs>=0.90
numeric_correlation,연령대_30_매출_건수,log1p__당월_매출_건수,pearson_and_spearman,0.38467418238735096,0.961377465882514,20000,deterministic discovery sample; threshold abs>=0.90
numeric_correlation,연령대_40_매출_건수,연령대_50_매출_건수,pearson_and_spearman,0.9438835393847175,0.9461722309538629,20000,deterministic discovery sample; threshold abs>=0.90
numeric_correlation,연령대_40_매출_건수,log1p__당월_매출_건수,pearson_and_spearman,0.37684212386909055,0.9677836191168315,20000,deterministic discovery sample; threshold abs>=0.90
numeric_correlation,연령대_50_매출_건수,연령대_60_이상_매출_건수,pearson_and_spearman,0.9163339648005723,0.9296681809567693,20000,deterministic discovery sample; threshold abs>=0.90
numeric_correlation,연령대_50_매출_건수,log1p__당월_매출_건수,pearson_and_spearman,0.3462559892260688,0.9709750687043507,20000,deterministic discovery sample; threshold abs>=0.90
numeric_correlation,연령대_60_이상_매출_건수,log1p__당월_매출_건수,pearson_and_spearman,0.2497142110921937,0.9039973966448736,20000,deterministic discovery sample; threshold abs>=0.90
numeric_correlation,점포_수,유사_업종_점포_수,pearson_and_spearman,0.9992732869889291,0.9185206226045471,20000,deterministic discovery sample; threshold abs>=0.90
numeric_correlation,점포_수,폐업_점포_수,pearson_and_spearman,0.9071548176906982,0.3609681039973182,20000,deterministic discovery sample; threshold abs>=0.90
numeric_correlation,점포_수,log1p__점포_수,pearson_and_spearman,0.30910913410468055,1.0,20000,deterministic discovery sample; threshold abs>=0.90
numeric_correlation,유사_업종_점포_수,폐업_점포_수,pearson_and_spearman,0.9116740141863181,0.3991901311123275,20000,deterministic discovery sample; threshold abs>=0.90
numeric_correlation,유사_업종_점포_수,log1p__점포_수,pearson_and_spearman,0.3183457036617211,0.9185206226045471,20000,deterministic discovery sample; threshold abs>=0.90
numeric_correlation,개업_율,개업_점포_수,pearson_and_spearman,0.25850758740502133,0.977096101747031,20000,deterministic discovery sample; threshold abs>=0.90
numeric_correlation,개업_율,개업_강도,pearson_and_spearman,0.9997791193602446,0.9997451428198861,20000,deterministic discovery sample; threshold abs>=0.90
numeric_correlation,개업_점포_수,개업_강도,pearson_and_spearman,0.25810494374936377,0.9774305492572358,20000,deterministic discovery sample; threshold abs>=0.90
numeric_correlation,폐업_률,폐업_점포_수,pearson_and_spearman,0.19339012554646598,0.9801834242041452,20000,deterministic discovery sample; threshold abs>=0.90
numeric_correlation,폐업_률,폐업_강도,pearson_and_spearman,0.9998083915991707,0.9998060371525255,20000,deterministic discovery sample; threshold abs>=0.90
numeric_correlation,폐업_점포_수,폐업_강도,pearson_and_spearman,0.19265820994324798,0.9803912764589996,20000,deterministic discovery sample; threshold abs>=0.90
numeric_correlation,프랜차이즈_점포_수,프랜차이즈_점포_비율,pearson_and_spearman,0.43595256184555925,0.9453586586960041,20000,deterministic discovery sample; threshold abs>=0.90
numeric_correlation,전분기_연속_여부,최근_4분기_연속_여부,pearson_and_spearman,1.0,1.0,20000,deterministic discovery sample; threshold abs>=0.90
numeric_correlation,최근_2분기_매출_변화액,현재값_대비_최근_2분기_매출_평균_차이,pearson_and_spearman,0.9999999999999738,0.9999995466766035,20000,deterministic discovery sample; threshold abs>=0.90
numeric_correlation,주말_매출_비중,구성비__주중_매출_금액,pearson_and_spearman,-0.9999999999999932,-0.9999999999688673,20000,deterministic discovery sample; threshold abs>=0.90
numeric_correlation,주말_매출_비중,구성비__주중_매출_건수,pearson_and_spearman,-0.896956246927367,-0.9000175817199791,20000,deterministic discovery sample; threshold abs>=0.90
numeric_correlation,주말_매출_비중,구성비__주말_매출_건수,pearson_and_spearman,0.8969562467131604,0.9000175827950286,20000,deterministic discovery sample; threshold abs>=0.90
numeric_correlation,유동__총_유동인구_수,유동__남성_유동인구_수,pearson_and_spearman,0.9939915107281768,0.9968059219363126,20000,deterministic discovery sample; threshold abs>=0.90
numeric_correlation,유동__총_유동인구_수,유동__여성_유동인구_수,pearson_and_spearman,0.9943107626153211,0.9971359439563343,20000,deterministic discovery sample; threshold abs>=0.90
numeric_correlation,유동__총_유동인구_수,유동__연령대_20_유동인구_수,pearson_and_spearman,0.87646758473844,0.9390849202602759,20000,deterministic discovery sample; threshold abs>=0.90
numeric_correlation,유동__총_유동인구_수,유동__연령대_30_유동인구_수,pearson_and_spearman,0.9552970416300324,0.9641933387283462,20000,deterministic discovery sample; threshold abs>=0.90
numeric_correlation,유동__총_유동인구_수,유동__연령대_40_유동인구_수,pearson_and_spearman,0.9668221914871233,0.9808326193845344,20000,deterministic discovery sample; threshold abs>=0.90
numeric_correlation,유동__총_유동인구_수,유동__연령대_50_유동인구_수,pearson_and_spearman,0.9551372270264588,0.97814344682411,20000,deterministic discovery sample; threshold abs>=0.90
numeric_correlation,유동__총_유동인구_수,유동__연령대_60_이상_유동인구_수,pearson_and_spearman,0.8990781883865631,0.9379633057751576,20000,deterministic discovery sample; threshold abs>=0.90
numeric_correlation,유동__총_유동인구_수,유동__시간대_00_06_유동인구_수,pearson_and_spearman,0.868586924270087,0.9408047191252025,20000,deterministic discovery sample; threshold abs>=0.90
numeric_correlation,유동__총_유동인구_수,유동__시간대_06_11_유동인구_수,pearson_and_spearman,0.9935256871461589,0.9967543570945513,20000,deterministic discovery sample; threshold abs>=0.90
numeric_correlation,유동__총_유동인구_수,유동__시간대_11_14_유동인구_수,pearson_and_spearman,0.9382876293220671,0.9691024245850011,20000,deterministic discovery sample; threshold abs>=0.90
numeric_correlation,유동__총_유동인구_수,유동__시간대_14_17_유동인구_수,pearson_and_spearman,0.9375751291079614,0.9631585515760038,20000,deterministic discovery sample; threshold abs>=0.90
numeric_correlation,유동__총_유동인구_수,유동__시간대_17_21_유동인구_수,pearson_and_spearman,0.9781141334824123,0.9848806052231237,20000,deterministic discovery sample; threshold abs>=0.90
numeric_correlation,유동__총_유동인구_수,유동__시간대_21_24_유동인구_수,pearson_and_spearman,0.9522274819443619,0.9782865321696192,20000,deterministic discovery sample; threshold abs>=0.90
numeric_correlation,유동__총_유동인구_수,유동__월요일_유동인구_수,pearson_and_spearman,0.9981021685502456,0.9991772388997363,20000,deterministic discovery sample; threshold abs>=0.90
numeric_correlation,유동__총_유동인구_수,유동__화요일_유동인구_수,pearson_and_spearman,0.9956939136373263,0.9981156578242086,20000,deterministic discovery sample; threshold abs>=0.90
numeric_correlation,유동__총_유동인구_수,유동__수요일_유동인구_수,pearson_and_spearman,0.9960442425320694,0.998222036920851,20000,deterministic discovery sample; threshold abs>=0.90
numeric_correlation,유동__총_유동인구_수,유동__목요일_유동인구_수,pearson_and_spearman,0.9951160716135604,0.9978509124674524,20000,deterministic discovery sample; threshold abs>=0.90
numeric_correlation,유동__총_유동인구_수,유동__금요일_유동인구_수,pearson_and_spearman,0.9966401234943075,0.9984792475504567,20000,deterministic discovery sample; threshold abs>=0.90
numeric_correlation,유동__총_유동인구_수,유동__토요일_유동인구_수,pearson_and_spearman,0.9832678919768868,0.9908826365754252,20000,deterministic discovery sample; threshold abs>=0.90
numeric_correlation,유동__총_유동인구_수,유동__일요일_유동인구_수,pearson_and_spearman,0.9586319392053775,0.9812710682400226,20000,deterministic discovery sample; threshold abs>=0.90
numeric_correlation,유동__총_유동인구_수,시설__고등학교_수,pearson_and_spearman,0.9202933691501439,0.7546158069845949,20000,deterministic discovery sample; threshold abs>=0.90
numeric_correlation,유동__총_유동인구_수,log1p__유동__총_유동인구_수,pearson_and_spearman,0.8109349473988055,1.0,20000,deterministic discovery sample; threshold abs>=0.90
numeric_correlation,유동__남성_유동인구_수,유동__여성_유동인구_수,pearson_and_spearman,0.9766772841958902,0.988119118776489,20000,deterministic discovery sample; threshold abs>=0.90
numeric_correlation,유동__남성_유동인구_수,유동__연령대_20_유동인구_수,pearson_and_spearman,0.8698999743827798,0.940247899065628,20000,deterministic discovery sample; threshold abs>=0.90
numeric_correlation,유동__남성_유동인구_수,유동__연령대_30_유동인구_수,pearson_and_spearman,0.9620880098985024,0.9697263983369039,20000,deterministic discovery sample; threshold abs>=0.90
numeric_correlation,유동__남성_유동인구_수,유동__연령대_40_유동인구_수,pearson_and_spearman,0.9737738444025942,0.9830962194575774,20000,deterministic discovery sample; threshold abs>=0.90
numeric_correlation,유동__남성_유동인구_수,유동__연령대_50_유동인구_수,pearson_and_spearman,0.9567259684033244,0.9768794135348167,20000,deterministic discovery sample; threshold abs>=0.90
numeric_correlation,유동__남성_유동인구_수,유동__연령대_60_이상_유동인구_수,pearson_and_spearman,0.8887031609597758,0.9281044265466828,20000,deterministic discovery sample; threshold abs>=0.90
numeric_correlation,유동__남성_유동인구_수,유동__시간대_00_06_유동인구_수,pearson_and_spearman,0.8382897377765146,0.9286552091267686,20000,deterministic discovery sample; threshold abs>=0.90
numeric_correlation,유동__남성_유동인구_수,유동__시간대_06_11_유동인구_수,pearson_and_spearman,0.9897689448565407,0.9951859874486002,20000,deterministic discovery sample; threshold abs>=0.90
numeric_correlation,유동__남성_유동인구_수,유동__시간대_11_14_유동인구_수,pearson_and_spearman,0.9528612592152904,0.9740490475940722,20000,deterministic discovery sample; threshold abs>=0.90
numeric_correlation,유동__남성_유동인구_수,유동__시간대_14_17_유동인구_수,pearson_and_spearman,0.9507790778185105,0.967800531804729,20000,deterministic discovery sample; threshold abs>=0.90
numeric_correlation,유동__남성_유동인구_수,유동__시간대_17_21_유동인구_수,pearson_and_spearman,0.9744802580260885,0.9824104772404435,20000,deterministic discovery sample; threshold abs>=0.90
numeric_correlation,유동__남성_유동인구_수,유동__시간대_21_24_유동인구_수,pearson_and_spearman,0.9281167174260877,0.9681957509502177,20000,deterministic discovery sample; threshold abs>=0.90
numeric_correlation,유동__남성_유동인구_수,유동__월요일_유동인구_수,pearson_and_spearman,0.9956483846718681,0.9974735285613343,20000,deterministic discovery sample; threshold abs>=0.90
numeric_correlation,유동__남성_유동인구_수,유동__화요일_유동인구_수,pearson_and_spearman,0.995563592965736,0.9974087655745866,20000,deterministic discovery sample; threshold abs>=0.90
numeric_correlation,유동__남성_유동인구_수,유동__수요일_유동인구_수,pearson_and_spearman,0.9956820106137158,0.9974703290770356,20000,deterministic discovery sample; threshold abs>=0.90
numeric_correlation,유동__남성_유동인구_수,유동__목요일_유동인구_수,pearson_and_spearman,0.9955758421666911,0.9973766115244248,20000,deterministic discovery sample; threshold abs>=0.90
numeric_correlation,유동__남성_유동인구_수,유동__금요일_유동인구_수,pearson_and_spearman,0.9958136489850383,0.9973636429484987,20000,deterministic discovery sample; threshold abs>=0.90
numeric_correlation,유동__남성_유동인구_수,유동__토요일_유동인구_수,pearson_and_spearman,0.9660234093742414,0.9819214921025855,20000,deterministic discovery sample; threshold abs>=0.90
numeric_correlation,유동__남성_유동인구_수,유동__일요일_유동인구_수,pearson_and_spearman,0.9339220840679172,0.970467490551255,20000,deterministic discovery sample; threshold abs>=0.90
numeric_correlation,유동__남성_유동인구_수,시설__고등학교_수,pearson_and_spearman,0.9284132468707033,0.7546158069845949,20000,deterministic discovery sample; threshold abs>=0.90
numeric_correlation,유동__남성_유동인구_수,log1p__유동__총_유동인구_수,pearson_and_spearman,0.7945570104003062,0.9968059219363126,20000,deterministic discovery sample; threshold abs>=0.90
numeric_correlation,유동__여성_유동인구_수,유동__연령대_20_유동인구_수,pearson_and_spearman,0.8727475718507145,0.9319491686649022,20000,deterministic discovery sample; threshold abs>=0.90
numeric_correlation,유동__여성_유동인구_수,유동__연령대_30_유동인구_수,pearson_and_spearman,0.9376677454685247,0.953346722415643,20000,deterministic discovery sample; threshold abs>=0.90
numeric_correlation,유동__여성_유동인구_수,유동__연령대_40_유동인구_수,pearson_and_spearman,0.948903568960285,0.9731308527670024,20000,deterministic discovery sample; threshold abs>=0.90
numeric_correlation,유동__여성_유동인구_수,유동__연령대_50_유동인구_수,pearson_and_spearman,0.9425723066900765,0.9740423415668368,20000,deterministic discovery sample; threshold abs>=0.90
numeric_correlation,유동__여성_유동인구_수,유동__연령대_60_이상_유동인구_수,pearson_and_spearman,0.8988025049814392,0.9427640177093195,20000,deterministic discovery sample; threshold abs>=0.90
numeric_correlation,유동__여성_유동인구_수,유동__시간대_00_06_유동인구_수,pearson_and_spearman,0.888050223123071,0.9477742752358449,20000,deterministic discovery sample; threshold abs>=0.90
numeric_correlation,유동__여성_유동인구_수,유동__시간대_06_11_유동인구_수,pearson_and_spearman,0.9857198518376336,0.9923495181936925,20000,deterministic discovery sample; threshold abs>=0.90
numeric_correlation,유동__여성_유동인구_수,유동__시간대_11_14_유동인구_수,pearson_and_spearman,0.9132808734354749,0.9585108997563624,20000,deterministic discovery sample; threshold abs>=0.90
numeric_correlation,유동__여성_유동인구_수,유동__시간대_14_17_유동인구_수,pearson_and_spearman,0.9139094978780208,0.9529402220798617,20000,deterministic discovery sample; threshold abs>=0.90
numeric_correlation,유동__여성_유동인구_수,유동__시간대_17_21_유동인구_수,pearson_and_spearman,0.9703665329595107,0.9815053686825582,20000,deterministic discovery sample; threshold abs>=0.90
numeric_correlation,유동__여성_유동인구_수,유동__시간대_21_24_유동인구_수,pearson_and_spearman,0.964705569199804,0.9828363543069577,20000,deterministic discovery sample; threshold abs>=0.90
numeric_correlation,유동__여성_유동인구_수,유동__월요일_유동인구_수,pearson_and_spearman,0.9889755686412094,0.994871052960633,20000,deterministic discovery sample; threshold abs>=0.90
numeric_correlation,유동__여성_유동인구_수,유동__화요일_유동인구_수,pearson_and_spearman,0.9843340215492515,0.9928392590227805,20000,deterministic discovery sample; threshold abs>=0.90
numeric_correlation,유동__여성_유동인구_수,유동__수요일_유동인구_수,pearson_and_spearman,0.9849059934197842,0.9929889558796375,20000,deterministic discovery sample; threshold abs>=0.90
numeric_correlation,유동__여성_유동인구_수,유동__목요일_유동인구_수,pearson_and_spearman,0.9831885997320889,0.9923460630378955,20000,deterministic discovery sample; threshold abs>=0.90
numeric_correlation,유동__여성_유동인구_수,유동__금요일_유동인구_수,pearson_and_spearman,0.9859467778143447,0.9936038460849047,20000,deterministic discovery sample; threshold abs>=0.90
numeric_correlation,유동__여성_유동인구_수,유동__토요일_유동인구_수,pearson_and_spearman,0.9887059736400255,0.9939689219651066,20000,deterministic discovery sample; threshold abs>=0.90
numeric_correlation,유동__여성_유동인구_수,유동__일요일_유동인구_수,pearson_and_spearman,0.9716191452668366,0.9864982318837593,20000,deterministic discovery sample; threshold abs>=0.90
numeric_correlation,유동__여성_유동인구_수,시설__고등학교_수,pearson_and_spearman,0.9106399204183931,0.7546158069845949,20000,deterministic discovery sample; threshold abs>=0.90
numeric_correlation,유동__여성_유동인구_수,log1p__유동__총_유동인구_수,pearson_and_spearman,0.8175178518328106,0.9971359439563343,20000,deterministic discovery sample; threshold abs>=0.90
numeric_correlation,유동__연령대_10_유동인구_수,유동__시간대_21_24_유동인구_수,pearson_and_spearman,0.8468076594652995,0.9013910406546092,20000,deterministic discovery sample; threshold abs>=0.90
numeric_correlation,유동__연령대_10_유동인구_수,유동__일요일_유동인구_수,pearson_and_spearman,0.8484367222439827,0.9067726991503132,20000,deterministic discovery sample; threshold abs>=0.90
numeric_correlation,유동__연령대_20_유동인구_수,유동__연령대_30_유동인구_수,pearson_and_spearman,0.863416694933523,0.945813377710044,20000,deterministic discovery sample; threshold abs>=0.90
numeric_correlation,유동__연령대_20_유동인구_수,유동__연령대_40_유동인구_수,pearson_and_spearman,0.7811068951076783,0.9020373802409236,20000,deterministic discovery sample; threshold abs>=0.90
numeric_correlation,유동__연령대_20_유동인구_수,유동__시간대_06_11_유동인구_수,pearson_and_spearman,0.8423931488851794,0.9346159753685525,20000,deterministic discovery sample; threshold abs>=0.90
numeric_correlation,유동__연령대_20_유동인구_수,유동__시간대_11_14_유동인구_수,pearson_and_spearman,0.8264034700135516,0.9306209052181064,20000,deterministic discovery sample; threshold abs>=0.90
numeric_correlation,유동__연령대_20_유동인구_수,유동__시간대_14_17_유동인구_수,pearson_and_spearman,0.8401976329623905,0.9255659951751602,20000,deterministic discovery sample; threshold abs>=0.90
numeric_correlation,유동__연령대_20_유동인구_수,유동__시간대_17_21_유동인구_수,pearson_and_spearman,0.9074848202686233,0.9346792682165093,20000,deterministic discovery sample; threshold abs>=0.90
numeric_correlation,유동__연령대_20_유동인구_수,유동__시간대_21_24_유동인구_수,pearson_and_spearman,0.8461496561382317,0.9082153677220871,20000,deterministic discovery sample; threshold abs>=0.90
numeric_correlation,유동__연령대_20_유동인구_수,유동__월요일_유동인구_수,pearson_and_spearman,0.8649954016860623,0.9390327757262958,20000,deterministic discovery sample; threshold abs>=0.90
numeric_correlation,유동__연령대_20_유동인구_수,유동__화요일_유동인구_수,pearson_and_spearman,0.865601195165924,0.9416269785601019,20000,deterministic discovery sample; threshold abs>=0.90
numeric_correlation,유동__연령대_20_유동인구_수,유동__수요일_유동인구_수,pearson_and_spearman,0.8682438573604749,0.9423371675372193,20000,deterministic discovery sample; threshold abs>=0.90
numeric_correlation,유동__연령대_20_유동인구_수,유동__목요일_유동인구_수,pearson_and_spearman,0.8684477801852529,0.9429283551860745,20000,deterministic discovery sample; threshold abs>=0.90
numeric_correlation,유동__연령대_20_유동인구_수,유동__금요일_유동인구_수,pearson_and_spearman,0.8767911440704809,0.9432532392078814,20000,deterministic discovery sample; threshold abs>=0.90
numeric_correlation,유동__연령대_20_유동인구_수,유동__토요일_유동인구_수,pearson_and_spearman,0.881274968776784,0.9225456058214223,20000,deterministic discovery sample; threshold abs>=0.90
numeric_correlation,유동__연령대_20_유동인구_수,유동__일요일_유동인구_수,pearson_and_spearman,0.8446992858724622,0.9054179143547271,20000,deterministic discovery sample; threshold abs>=0.90
numeric_correlation,유동__연령대_20_유동인구_수,시설__고등학교_수,pearson_and_spearman,0.912620756999306,0.7546158069845949,20000,deterministic discovery sample; threshold abs>=0.90
numeric_correlation,유동__연령대_20_유동인구_수,log1p__유동__총_유동인구_수,pearson_and_spearman,0.6607555361167429,0.9390849202602759,20000,deterministic discovery sample; threshold abs>=0.90
numeric_correlation,유동__연령대_30_유동인구_수,유동__연령대_40_유동인구_수,pearson_and_spearman,0.9656662127762294,0.9713021242410391,20000,deterministic discovery sample; threshold abs>=0.90
numeric_correlation,유동__연령대_30_유동인구_수,유동__연령대_50_유동인구_수,pearson_and_spearman,0.8847333551002291,0.9302369551894727,20000,deterministic discovery sample; threshold abs>=0.90
numeric_correlation,유동__연령대_30_유동인구_수,유동__시간대_06_11_유동인구_수,pearson_and_spearman,0.9540187372969252,0.9654368667914779,20000,deterministic discovery sample; threshold abs>=0.90
numeric_correlation,유동__연령대_30_유동인구_수,유동__시간대_11_14_유동인구_수,pearson_and_spearman,0.9408481126284699,0.9634099589767282,20000,deterministic discovery sample; threshold abs>=0.90
numeric_correlation,유동__연령대_30_유동인구_수,유동__시간대_14_17_유동인구_수,pearson_and_spearman,0.9373501080150776,0.9559157383046335,20000,deterministic discovery sample; threshold abs>=0.90
numeric_correlation,유동__연령대_30_유동인구_수,유동__시간대_17_21_유동인구_수,pearson_and_spearman,0.9411989621984482,0.953175391901106,20000,deterministic discovery sample; threshold abs>=0.90
numeric_correlation,유동__연령대_30_유동인구_수,유동__시간대_21_24_유동인구_수,pearson_and_spearman,0.8694488251450705,0.919192248653101,20000,deterministic discovery sample; threshold abs>=0.90
numeric_correlation,유동__연령대_30_유동인구_수,유동__월요일_유동인구_수,pearson_and_spearman,0.9601552559874985,0.9670841319675618,20000,deterministic discovery sample; threshold abs>=0.90
numeric_correlation,유동__연령대_30_유동인구_수,유동__화요일_유동인구_수,pearson_and_spearman,0.965255280048545,0.9703390207524968,20000,deterministic discovery sample; threshold abs>=0.90
numeric_correlation,유동__연령대_30_유동인구_수,유동__수요일_유동인구_수,pearson_and_spearman,0.9654224202097823,0.9707471518466231,20000,deterministic discovery sample; threshold abs>=0.90
numeric_correlation,유동__연령대_30_유동인구_수,유동__목요일_유동인구_수,pearson_and_spearman,0.9664538423203276,0.9714235341146524,20000,deterministic discovery sample; threshold abs>=0.90
numeric_correlation,유동__연령대_30_유동인구_수,유동__금요일_유동인구_수,pearson_and_spearman,0.9644676309051521,0.9709454154278279,20000,deterministic discovery sample; threshold abs>=0.90
numeric_correlation,유동__연령대_30_유동인구_수,유동__토요일_유동인구_수,pearson_and_spearman,0.9118597425315884,0.9378813448983272,20000,deterministic discovery sample; threshold abs>=0.90
numeric_correlation,유동__연령대_30_유동인구_수,유동__일요일_유동인구_수,pearson_and_spearman,0.8716991819555174,0.9198568085587503,20000,deterministic discovery sample; threshold abs>=0.90
numeric_correlation,유동__연령대_30_유동인구_수,시설__고등학교_수,pearson_and_spearman,0.962441949876835,0.7546158069845949,20000,deterministic discovery sample; threshold abs>=0.90
numeric_correlation,유동__연령대_30_유동인구_수,log1p__유동__총_유동인구_수,pearson_and_spearman,0.7485423975451241,0.9641933387283462,20000,deterministic discovery sample; threshold abs>=0.90
numeric_correlation,유동__연령대_40_유동인구_수,유동__연령대_50_유동인구_수,pearson_and_spearman,0.95353801467245,0.9683360121742552,20000,deterministic discovery sample; threshold abs>=0.90
numeric_correlation,유동__연령대_40_유동인구_수,유동__연령대_60_이상_유동인구_수,pearson_and_spearman,0.8610445170043003,0.9018034929511591,20000,deterministic discovery sample; threshold abs>=0.90
numeric_correlation,유동__연령대_40_유동인구_수,유동__시간대_06_11_유동인구_수,pearson_and_spearman,0.9731347576356507,0.9812185145282931,20000,deterministic discovery sample; threshold abs>=0.90
numeric_correlation,유동__연령대_40_유동인구_수,유동__시간대_11_14_유동인구_수,pearson_and_spearman,0.9613603469056928,0.9747972665398493,20000,deterministic discovery sample; threshold abs>=0.90
numeric_correlation,유동__연령대_40_유동인구_수,유동__시간대_14_17_유동인구_수,pearson_and_spearman,0.9534972988875342,0.9687115449977902,20000,deterministic discovery sample; threshold abs>=0.90
numeric_correlation,유동__연령대_40_유동인구_수,유동__시간대_17_21_유동인구_수,pearson_and_spearman,0.9403693525172636,0.969560369549428,20000,deterministic discovery sample; threshold abs>=0.90
numeric_correlation,유동__연령대_40_유동인구_수,유동__시간대_21_24_유동인구_수,pearson_and_spearman,0.8678565607867457,0.9374784670133439,20000,deterministic discovery sample; threshold abs>=0.90
numeric_correlation,유동__연령대_40_유동인구_수,유동__월요일_유동인구_수,pearson_and_spearman,0.975965370922417,0.9835007971464174,20000,deterministic discovery sample; threshold abs>=0.90
numeric_correlation,유동__연령대_40_유동인구_수,유동__화요일_유동인구_수,pearson_and_spearman,0.9803912347111623,0.9854214829685258,20000,deterministic discovery sample; threshold abs>=0.90
numeric_correlation,유동__연령대_40_유동인구_수,유동__수요일_유동인구_수,pearson_and_spearman,0.9797141740837695,0.9854198965535773,20000,deterministic discovery sample; threshold abs>=0.90
numeric_correlation,유동__연령대_40_유동인구_수,유동__목요일_유동인구_수,pearson_and_spearman,0.980677673708133,0.9857841379199835,20000,deterministic discovery sample; threshold abs>=0.90
numeric_correlation,유동__연령대_40_유동인구_수,유동__금요일_유동인구_수,pearson_and_spearman,0.9764749327679787,0.985190849312016,20000,deterministic discovery sample; threshold abs>=0.90
numeric_correlation,유동__연령대_40_유동인구_수,유동__토요일_유동인구_수,pearson_and_spearman,0.914756935996102,0.9576541982890195,20000,deterministic discovery sample; threshold abs>=0.90
numeric_correlation,유동__연령대_40_유동인구_수,유동__일요일_유동인구_수,pearson_and_spearman,0.8755263213115033,0.9421752513134133,20000,deterministic discovery sample; threshold abs>=0.90
numeric_correlation,유동__연령대_40_유동인구_수,시설__고등학교_수,pearson_and_spearman,0.957244051936439,0.7546158069845949,20000,deterministic discovery sample; threshold abs>=0.90
numeric_correlation,유동__연령대_40_유동인구_수,log1p__유동__총_유동인구_수,pearson_and_spearman,0.7751970670444668,0.9808326193845344,20000,deterministic discovery sample; threshold abs>=0.90
numeric_correlation,유동__연령대_50_유동인구_수,유동__연령대_60_이상_유동인구_수,pearson_and_spearman,0.9582344734293499,0.9680831452025673,20000,deterministic discovery sample; threshold abs>=0.90
numeric_correlation,유동__연령대_50_유동인구_수,유동__시간대_00_06_유동인구_수,pearson_and_spearman,0.8196077042070047,0.9264778668174551,20000,deterministic discovery sample; threshold abs>=0.90
numeric_correlation,유동__연령대_50_유동인구_수,유동__시간대_06_11_유동인구_수,pearson_and_spearman,0.9605004072404308,0.9770064293845837,20000,deterministic discovery sample; threshold abs>=0.90
numeric_correlation,유동__연령대_50_유동인구_수,유동__시간대_11_14_유동인구_수,pearson_and_spearman,0.9173230388568603,0.9440674968509313,20000,deterministic discovery sample; threshold abs>=0.90
numeric_correlation,유동__연령대_50_유동인구_수,유동__시간대_14_17_유동인구_수,pearson_and_spearman,0.9098950102965115,0.9379794005851096,20000,deterministic discovery sample; threshold abs>=0.90
numeric_correlation,유동__연령대_50_유동인구_수,유동__시간대_17_21_유동인구_수,pearson_and_spearman,0.9168388196948675,0.9597493457112696,20000,deterministic discovery sample; threshold abs>=0.90
numeric_correlation,유동__연령대_50_유동인구_수,유동__시간대_21_24_유동인구_수,pearson_and_spearman,0.886035562016028,0.9584791744612681,20000,deterministic discovery sample; threshold abs>=0.90
numeric_correlation,유동__연령대_50_유동인구_수,유동__월요일_유동인구_수,pearson_and_spearman,0.9596899717288294,0.9779297066417806,20000,deterministic discovery sample; threshold abs>=0.90
numeric_correlation,유동__연령대_50_유동인구_수,유동__화요일_유동인구_수,pearson_and_spearman,0.9573948928029131,0.975573427674452,20000,deterministic discovery sample; threshold abs>=0.90
numeric_correlation,유동__연령대_50_유동인구_수,유동__수요일_유동인구_수,pearson_and_spearman,0.9567709928606681,0.9754374760652975,20000,deterministic discovery sample; threshold abs>=0.90
numeric_correlation,유동__연령대_50_유동인구_수,유동__목요일_유동인구_수,pearson_and_spearman,0.956126630329256,0.9747350474289953,20000,deterministic discovery sample; threshold abs>=0.90
numeric_correlation,유동__연령대_50_유동인구_수,유동__금요일_유동인구_수,pearson_and_spearman,0.9547662802539977,0.975466801545344,20000,deterministic discovery sample; threshold abs>=0.90
numeric_correlation,유동__연령대_50_유동인구_수,유동__토요일_유동인구_수,pearson_and_spearman,0.9249700412848876,0.9696549144589502,20000,deterministic discovery sample; threshold abs>=0.90
numeric_correlation,유동__연령대_50_유동인구_수,유동__일요일_유동인구_수,pearson_and_spearman,0.8998845369480062,0.9630469339444148,20000,deterministic discovery sample; threshold abs>=0.90
numeric_correlation,유동__연령대_50_유동인구_수,시설__고등학교_수,pearson_and_spearman,0.9157941115617884,0.7546158069845949,20000,deterministic discovery sample; threshold abs>=0.90
numeric_correlation,유동__연령대_50_유동인구_수,log1p__유동__총_유동인구_수,pearson_and_spearman,0.7850050107041402,0.97814344682411,20000,deterministic discovery sample; threshold abs>=0.90
numeric_correlation,유동__연령대_60_이상_유동인구_수,유동__시간대_00_06_유동인구_수,pearson_and_spearman,0.8664008860028886,0.9388481420368499,20000,deterministic discovery sample; threshold abs>=0.90
numeric_correlation,유동__연령대_60_이상_유동인구_수,유동__시간대_06_11_유동인구_수,pearson_and_spearman,0.9067507337168513,0.9353247771594965,20000,deterministic discovery sample; threshold abs>=0.90
numeric_correlation,유동__연령대_60_이상_유동인구_수,유동__시간대_17_21_유동인구_수,pearson_and_spearman,0.8372037853381127,0.9079687241081079,20000,deterministic discovery sample; threshold abs>=0.90
numeric_correlation,유동__연령대_60_이상_유동인구_수,유동__시간대_21_24_유동인구_수,pearson_and_spearman,0.8875698773065589,0.9518396316282361,20000,deterministic discovery sample; threshold abs>=0.90
numeric_correlation,유동__연령대_60_이상_유동인구_수,유동__월요일_유동인구_수,pearson_and_spearman,0.8965198831165719,0.9333950253589248,20000,deterministic discovery sample; threshold abs>=0.90
numeric_correlation,유동__연령대_60_이상_유동인구_수,유동__화요일_유동인구_수,pearson_and_spearman,0.8853257817966678,0.9260272822684138,20000,deterministic discovery sample; threshold abs>=0.90
numeric_correlation,유동__연령대_60_이상_유동인구_수,유동__수요일_유동인구_수,pearson_and_spearman,0.8845182022169145,0.925705062275874,20000,deterministic discovery sample; threshold abs>=0.90
numeric_correlation,유동__연령대_60_이상_유동인구_수,유동__목요일_유동인구_수,pearson_and_spearman,0.8812661573400894,0.9236719831832689,20000,deterministic discovery sample; threshold abs>=0.90
numeric_correlation,유동__연령대_60_이상_유동인구_수,유동__금요일_유동인구_수,pearson_and_spearman,0.8823248474641323,0.926082259332515,20000,deterministic discovery sample; threshold abs>=0.90
numeric_correlation,유동__연령대_60_이상_유동인구_수,유동__토요일_유동인구_수,pearson_and_spearman,0.9003501601533037,0.9510145170445924,20000,deterministic discovery sample; threshold abs>=0.90
numeric_correlation,유동__연령대_60_이상_유동인구_수,유동__일요일_유동인구_수,pearson_and_spearman,0.9018667708128678,0.9564923233560054,20000,deterministic discovery sample; threshold abs>=0.90
numeric_correlation,유동__연령대_60_이상_유동인구_수,log1p__유동__총_유동인구_수,pearson_and_spearman,0.7649047150243332,0.9379633057751576,20000,deterministic discovery sample; threshold abs>=0.90
numeric_correlation,유동__시간대_00_06_유동인구_수,유동__시간대_06_11_유동인구_수,pearson_and_spearman,0.8780448389244299,0.9419568698203814,20000,deterministic discovery sample; threshold abs>=0.90
numeric_correlation,유동__시간대_00_06_유동인구_수,유동__시간대_21_24_유동인구_수,pearson_and_spearman,0.9576071283164659,0.9791789478691129,20000,deterministic discovery sample; threshold abs>=0.90
numeric_correlation,유동__시간대_00_06_유동인구_수,유동__월요일_유동인구_수,pearson_and_spearman,0.8547323216589384,0.9352173271786848,20000,deterministic discovery sample; threshold abs>=0.90
numeric_correlation,유동__시간대_00_06_유동인구_수,유동__화요일_유동인구_수,pearson_and_spearman,0.8340464881633244,0.9264008384882103,20000,deterministic discovery sample; threshold abs>=0.90
numeric_correlation,유동__시간대_00_06_유동인구_수,유동__수요일_유동인구_수,pearson_and_spearman,0.8334047502892119,0.9259165837985097,20000,deterministic discovery sample; threshold abs>=0.90
numeric_correlation,유동__시간대_00_06_유동인구_수,유동__목요일_유동인구_수,pearson_and_spearman,0.826735363658737,0.9232646654119198,20000,deterministic discovery sample; threshold abs>=0.90
numeric_correlation,유동__시간대_00_06_유동인구_수,유동__금요일_유동인구_수,pearson_and_spearman,0.8289460779276092,0.9245327211218165,20000,deterministic discovery sample; threshold abs>=0.90
numeric_correlation,유동__시간대_00_06_유동인구_수,유동__토요일_유동인구_수,pearson_and_spearman,0.906687660120496,0.9591037739664224,20000,deterministic discovery sample; threshold abs>=0.90
numeric_correlation,유동__시간대_00_06_유동인구_수,유동__일요일_유동인구_수,pearson_and_spearman,0.9509598521258861,0.9752987047819771,20000,deterministic discovery sample; threshold abs>=0.90
numeric_correlation,유동__시간대_00_06_유동인구_수,log1p__유동__총_유동인구_수,pearson_and_spearman,0.7889746227928581,0.9408047191252025,20000,deterministic discovery sample; threshold abs>=0.90
numeric_correlation,유동__시간대_06_11_유동인구_수,유동__시간대_11_14_유동인구_수,pearson_and_spearman,0.9311197781378231,0.9668516823588853,20000,deterministic discovery sample; threshold abs>=0.90
numeric_correlation,유동__시간대_06_11_유동인구_수,유동__시간대_14_17_유동인구_수,pearson_and_spearman,0.9236176272526151,0.9568831342152906,20000,deterministic discovery sample; threshold abs>=0.90
numeric_correlation,유동__시간대_06_11_유동인구_수,유동__시간대_17_21_유동인구_수,pearson_and_spearman,0.9531833500924315,0.9725799705148451,20000,deterministic discovery sample; threshold abs>=0.90
numeric_correlation,유동__시간대_06_11_유동인구_수,유동__시간대_21_24_유동인구_수,pearson_and_spearman,0.9411303083446935,0.9707754945492407,20000,deterministic discovery sample; threshold abs>=0.90
numeric_correlation,유동__시간대_06_11_유동인구_수,유동__월요일_유동인구_수,pearson_and_spearman,0.9957814012281614,0.9978963230089161,20000,deterministic discovery sample; threshold abs>=0.90
numeric_correlation,유동__시간대_06_11_유동인구_수,유동__화요일_유동인구_수,pearson_and_spearman,0.9933523338517621,0.9971304449210692,20000,deterministic discovery sample; threshold abs>=0.90
numeric_correlation,유동__시간대_06_11_유동인구_수,유동__수요일_유동인구_수,pearson_and_spearman,0.9928518982567123,0.9969187024749959,20000,deterministic discovery sample; threshold abs>=0.90
numeric_correlation,유동__시간대_06_11_유동인구_수,유동__목요일_유동인구_수,pearson_and_spearman,0.9916950271779845,0.9964761859949552,20000,deterministic discovery sample; threshold abs>=0.90
numeric_correlation,유동__시간대_06_11_유동인구_수,유동__금요일_유동인구_수,pearson_and_spearman,0.989823174970578,0.99586526959018,20000,deterministic discovery sample; threshold abs>=0.90
numeric_correlation,유동__시간대_06_11_유동인구_수,유동__토요일_유동인구_수,pearson_and_spearman,0.9663892847433632,0.9820948276519245,20000,deterministic discovery sample; threshold abs>=0.90
numeric_correlation,유동__시간대_06_11_유동인구_수,유동__일요일_유동인구_수,pearson_and_spearman,0.9473296666566061,0.9739775840669695,20000,deterministic discovery sample; threshold abs>=0.90
numeric_correlation,유동__시간대_06_11_유동인구_수,시설__고등학교_수,pearson_and_spearman,0.9179741964577529,0.7546158069845949,20000,deterministic discovery sample; threshold abs>=0.90
numeric_correlation,유동__시간대_06_11_유동인구_수,log1p__유동__총_유동인구_수,pearson_and_spearman,0.8173991273838597,0.9967543570945513,20000,deterministic discovery sample; threshold abs>=0.90
numeric_correlation,유동__시간대_11_14_유동인구_수,유동__시간대_14_17_유동인구_수,pearson_and_spearman,0.9977342393837919,0.9975925792915635,20000,deterministic discovery sample; threshold abs>=0.90
numeric_correlation,유동__시간대_11_14_유동인구_수,유동__시간대_17_21_유동인구_수,pearson_and_spearman,0.9508243543512965,0.9780704470493833,20000,deterministic discovery sample; threshold abs>=0.90
numeric_correlation,유동__시간대_11_14_유동인구_수,유동__시간대_21_24_유동인구_수,pearson_and_spearman,0.7911547688436242,0.9041194005796495,20000,deterministic discovery sample; threshold abs>=0.90
numeric_correlation,유동__시간대_11_14_유동인구_수,유동__월요일_유동인구_수,pearson_and_spearman,0.9487570536661636,0.9731763042222789,20000,deterministic discovery sample; threshold abs>=0.90
numeric_correlation,유동__시간대_11_14_유동인구_수,유동__화요일_유동인구_수,pearson_and_spearman,0.9599606201873288,0.9784380212655865,20000,deterministic discovery sample; threshold abs>=0.90
numeric_correlation,유동__시간대_11_14_유동인구_수,유동__수요일_유동인구_수,pearson_and_spearman,0.9603099608079355,0.9788357656742995,20000,deterministic discovery sample; threshold abs>=0.90
numeric_correlation,유동__시간대_11_14_유동인구_수,유동__목요일_유동인구_수,pearson_and_spearman,0.9637329466688577,0.9801861325051395,20000,deterministic discovery sample; threshold abs>=0.90
numeric_correlation,유동__시간대_11_14_유동인구_수,유동__금요일_유동인구_수,pearson_and_spearman,0.9617412304201826,0.9793089855903634,20000,deterministic discovery sample; threshold abs>=0.90
numeric_correlation,유동__시간대_11_14_유동인구_수,유동__토요일_유동인구_수,pearson_and_spearman,0.8760515853774073,0.9376407194797728,20000,deterministic discovery sample; threshold abs>=0.90
numeric_correlation,유동__시간대_11_14_유동인구_수,유동__일요일_유동인구_수,pearson_and_spearman,0.8085100164097306,0.9122435933109538,20000,deterministic discovery sample; threshold abs>=0.90
numeric_correlation,유동__시간대_11_14_유동인구_수,시설__고등학교_수,pearson_and_spearman,0.9627900459876797,0.7546158069845949,20000,deterministic discovery sample; threshold abs>=0.90
numeric_correlation,유동__시간대_11_14_유동인구_수,log1p__유동__총_유동인구_수,pearson_and_spearman,0.7024821312031724,0.9691024245850011,20000,deterministic discovery sample; threshold abs>=0.90
numeric_correlation,유동__시간대_14_17_유동인구_수,유동__시간대_17_21_유동인구_수,pearson_and_spearman,0.9606819532710661,0.981843898179886,20000,deterministic discovery sample; threshold abs>=0.90
numeric_correlation,유동__시간대_14_17_유동인구_수,유동__월요일_유동인구_수,pearson_and_spearman,0.9456130105193462,0.966288205532202,20000,deterministic discovery sample; threshold abs>=0.90
numeric_correlation,유동__시간대_14_17_유동인구_수,유동__화요일_유동인구_수,pearson_and_spearman,0.9563610717011856,0.9715477425972243,20000,deterministic discovery sample; threshold abs>=0.90
numeric_correlation,유동__시간대_14_17_유동인구_수,유동__수요일_유동인구_수,pearson_and_spearman,0.9572171305116758,0.9721708751084589,20000,deterministic discovery sample; threshold abs>=0.90
numeric_correlation,유동__시간대_14_17_유동인구_수,유동__목요일_유동인구_수,pearson_and_spearman,0.9607569367288341,0.9736588427744237,20000,deterministic discovery sample; threshold abs>=0.90
numeric_correlation,유동__시간대_14_17_유동인구_수,유동__금요일_유동인구_수,pearson_and_spearman,0.9607053186492097,0.9735588410143479,20000,deterministic discovery sample; threshold abs>=0.90
numeric_correlation,유동__시간대_14_17_유동인구_수,유동__토요일_유동인구_수,pearson_and_spearman,0.8820205068200738,0.9342142582404289,20000,deterministic discovery sample; threshold abs>=0.90
numeric_correlation,유동__시간대_14_17_유동인구_수,유동__일요일_유동인구_수,pearson_and_spearman,0.8126209806700736,0.907077361948454,20000,deterministic discovery sample; threshold abs>=0.90
numeric_correlation,유동__시간대_14_17_유동인구_수,시설__고등학교_수,pearson_and_spearman,0.9604678397085799,0.7546158069845949,20000,deterministic discovery sample; threshold abs>=0.90
numeric_correlation,유동__시간대_14_17_유동인구_수,log1p__유동__총_유동인구_수,pearson_and_spearman,0.6983566691045526,0.9631585515760038,20000,deterministic discovery sample; threshold abs>=0.90
numeric_correlation,유동__시간대_17_21_유동인구_수,유동__시간대_21_24_유동인구_수,pearson_and_spearman,0.9124610345752326,0.9539954942678963,20000,deterministic discovery sample; threshold abs>=0.90
numeric_correlation,유동__시간대_17_21_유동인구_수,유동__월요일_유동인구_수,pearson_and_spearman,0.9736547038995466,0.9829782607129807,20000,deterministic discovery sample; threshold abs>=0.90
numeric_correlation,유동__시간대_17_21_유동인구_수,유동__화요일_유동인구_수,pearson_and_spearman,0.975251199279319,0.9837594562562253,20000,deterministic discovery sample; threshold abs>=0.90
numeric_correlation,유동__시간대_17_21_유동인구_수,유동__수요일_유동인구_수,pearson_and_spearman,0.9768329095164766,0.9844735821794653,20000,deterministic discovery sample; threshold abs>=0.90
numeric_correlation,유동__시간대_17_21_유동인구_수,유동__목요일_유동인구_수,pearson_and_spearman,0.9772736059838484,0.9848296725508059,20000,deterministic discovery sample; threshold abs>=0.90
numeric_correlation,유동__시간대_17_21_유동인구_수,유동__금요일_유동인구_수,pearson_and_spearman,0.9827937602481717,0.9869338735960284,20000,deterministic discovery sample; threshold abs>=0.90
numeric_correlation,유동__시간대_17_21_유동인구_수,유동__토요일_유동인구_수,pearson_and_spearman,0.9635278785437483,0.9759709909020804,20000,deterministic discovery sample; threshold abs>=0.90
numeric_correlation,유동__시간대_17_21_유동인구_수,유동__일요일_유동인구_수,pearson_and_spearman,0.9199508731816531,0.9582411581531434,20000,deterministic discovery sample; threshold abs>=0.90
numeric_correlation,유동__시간대_17_21_유동인구_수,시설__고등학교_수,pearson_and_spearman,0.9267828984582449,0.7546158069845949,20000,deterministic discovery sample; threshold abs>=0.90
numeric_correlation,유동__시간대_17_21_유동인구_수,log1p__유동__총_유동인구_수,pearson_and_spearman,0.7660138980310234,0.9848806052231237,20000,deterministic discovery sample; threshold abs>=0.90
numeric_correlation,유동__시간대_21_24_유동인구_수,유동__월요일_유동인구_수,pearson_and_spearman,0.9380889678130641,0.972528665247632,20000,deterministic discovery sample; threshold abs>=0.90
numeric_correlation,유동__시간대_21_24_유동인구_수,유동__화요일_유동인구_수,pearson_and_spearman,0.9247541921093468,0.9665759525373205,20000,deterministic discovery sample; threshold abs>=0.90
numeric_correlation,유동__시간대_21_24_유동인구_수,유동__수요일_유동인구_수,pearson_and_spearman,0.9253601123811543,0.9666819868866325,20000,deterministic discovery sample; threshold abs>=0.90
numeric_correlation,유동__시간대_21_24_유동인구_수,유동__목요일_유동인구_수,pearson_and_spearman,0.9206678394389853,0.9649482285182389,20000,deterministic discovery sample; threshold abs>=0.90
numeric_correlation,유동__시간대_21_24_유동인구_수,유동__금요일_유동인구_수,pearson_and_spearman,0.9265325253378099,0.9674490969509026,20000,deterministic discovery sample; threshold abs>=0.90
numeric_correlation,유동__시간대_21_24_유동인구_수,유동__토요일_유동인구_수,pearson_and_spearman,0.9802784027202426,0.9914024722144554,20000,deterministic discovery sample; threshold abs>=0.90
numeric_correlation,유동__시간대_21_24_유동인구_수,유동__일요일_유동인구_수,pearson_and_spearman,0.9922534712933228,0.9954931913653553,20000,deterministic discovery sample; threshold abs>=0.90
numeric_correlation,유동__시간대_21_24_유동인구_수,log1p__유동__총_유동인구_수,pearson_and_spearman,0.8184622506733489,0.9782865321696192,20000,deterministic discovery sample; threshold abs>=0.90
numeric_correlation,유동__월요일_유동인구_수,유동__화요일_유동인구_수,pearson_and_spearman,0.998539936841561,0.9993436764736098,20000,deterministic discovery sample; threshold abs>=0.90
numeric_correlation,유동__월요일_유동인구_수,유동__수요일_유동인구_수,pearson_and_spearman,0.9983757949493873,0.9992578843858532,20000,deterministic discovery sample; threshold abs>=0.90
numeric_correlation,유동__월요일_유동인구_수,유동__목요일_유동인구_수,pearson_and_spearman,0.9981424023088689,0.9991015446992301,20000,deterministic discovery sample; threshold abs>=0.90
numeric_correlation,유동__월요일_유동인구_수,유동__금요일_유동인구_수,pearson_and_spearman,0.9979063651115119,0.9990401873901842,20000,deterministic discovery sample; threshold abs>=0.90
numeric_correlation,유동__월요일_유동인구_수,유동__토요일_유동인구_수,pearson_and_spearman,0.9712223346063223,0.9853638957991544,20000,deterministic discovery sample; threshold abs>=0.90
numeric_correlation,유동__월요일_유동인구_수,유동__일요일_유동인구_수,pearson_and_spearman,0.9434614126238194,0.9748653665166198,20000,deterministic discovery sample; threshold abs>=0.90
numeric_correlation,유동__월요일_유동인구_수,시설__고등학교_수,pearson_and_spearman,0.9309566139942478,0.7546158069845949,20000,deterministic discovery sample; threshold abs>=0.90
numeric_correlation,유동__월요일_유동인구_수,log1p__유동__총_유동인구_수,pearson_and_spearman,0.8067973712316439,0.9991772388997363,20000,deterministic discovery sample; threshold abs>=0.90
numeric_correlation,유동__화요일_유동인구_수,유동__수요일_유동인구_수,pearson_and_spearman,0.9998338059670218,0.9999008927601072,20000,deterministic discovery sample; threshold abs>=0.90
numeric_correlation,유동__화요일_유동인구_수,유동__목요일_유동인구_수,pearson_and_spearman,0.9994709047467729,0.9997564331874138,20000,deterministic discovery sample; threshold abs>=0.90
numeric_correlation,유동__화요일_유동인구_수,유동__금요일_유동인구_수,pearson_and_spearman,0.9985243809332106,0.9993883320300662,20000,deterministic discovery sample; threshold abs>=0.90
numeric_correlation,유동__화요일_유동인구_수,유동__토요일_유동인구_수,pearson_and_spearman,0.962716313941263,0.9812879141816857,20000,deterministic discovery sample; threshold abs>=0.90
numeric_correlation,유동__화요일_유동인구_수,유동__일요일_유동인구_수,pearson_and_spearman,0.9296911699458051,0.9687858538355076,20000,deterministic discovery sample; threshold abs>=0.90
numeric_correlation,유동__화요일_유동인구_수,시설__고등학교_수,pearson_and_spearman,0.9383624945598824,0.7546158069845949,20000,deterministic discovery sample; threshold abs>=0.90
numeric_correlation,유동__화요일_유동인구_수,log1p__유동__총_유동인구_수,pearson_and_spearman,0.798368152402967,0.9981156578242086,20000,deterministic discovery sample; threshold abs>=0.90
numeric_correlation,유동__수요일_유동인구_수,유동__목요일_유동인구_수,pearson_and_spearman,0.9996476820691741,0.9998462037812708,20000,deterministic discovery sample; threshold abs>=0.90
numeric_correlation,유동__수요일_유동인구_수,유동__금요일_유동인구_수,pearson_and_spearman,0.9988021163652667,0.9995348175201849,20000,deterministic discovery sample; threshold abs>=0.90
numeric_correlation,유동__수요일_유동인구_수,유동__토요일_유동인구_수,pearson_and_spearman,0.9639654071911505,0.9816778383594068,20000,deterministic discovery sample; threshold abs>=0.90
numeric_correlation,유동__수요일_유동인구_수,유동__일요일_유동인구_수,pearson_and_spearman,0.9307361986438714,0.9690099556692557,20000,deterministic discovery sample; threshold abs>=0.90
numeric_correlation,유동__수요일_유동인구_수,시설__고등학교_수,pearson_and_spearman,0.9389451423387242,0.7546158069845949,20000,deterministic discovery sample; threshold abs>=0.90
numeric_correlation,유동__수요일_유동인구_수,log1p__유동__총_유동인구_수,pearson_and_spearman,0.7980132636905594,0.998222036920851,20000,deterministic discovery sample; threshold abs>=0.90
numeric_correlation,유동__목요일_유동인구_수,유동__금요일_유동인구_수,pearson_and_spearman,0.9990996642149483,0.9996446555733899,20000,deterministic discovery sample; threshold abs>=0.90
numeric_correlation,유동__목요일_유동인구_수,유동__토요일_유동인구_수,pearson_and_spearman,0.9614405057205876,0.9806362288192015,20000,deterministic discovery sample; threshold abs>=0.90
numeric_correlation,유동__목요일_유동인구_수,유동__일요일_유동인구_수,pearson_and_spearman,0.9265141323550078,0.9673563441898992,20000,deterministic discovery sample; threshold abs>=0.90
numeric_correlation,유동__목요일_유동인구_수,시설__고등학교_수,pearson_and_spearman,0.9412230473385471,0.7546158069845949,20000,deterministic discovery sample; threshold abs>=0.90
numeric_correlation,유동__목요일_유동인구_수,log1p__유동__총_유동인구_수,pearson_and_spearman,0.7950834760745935,0.9978509124674524,20000,deterministic discovery sample; threshold abs>=0.90
numeric_correlation,유동__금요일_유동인구_수,유동__토요일_유동인구_수,pearson_and_spearman,0.9685506569017126,0.9835338159531954,20000,deterministic discovery sample; threshold abs>=0.90
numeric_correlation,유동__금요일_유동인구_수,유동__일요일_유동인구_수,pearson_and_spearman,0.9331502949741366,0.9701148234484317,20000,deterministic discovery sample; threshold abs>=0.90
numeric_correlation,유동__금요일_유동인구_수,시설__고등학교_수,pearson_and_spearman,0.9346500510760437,0.7546158069845949,20000,deterministic discovery sample; threshold abs>=0.90
numeric_correlation,유동__금요일_유동인구_수,log1p__유동__총_유동인구_수,pearson_and_spearman,0.7944212824743072,0.9984792475504567,20000,deterministic discovery sample; threshold abs>=0.90
numeric_correlation,유동__토요일_유동인구_수,유동__일요일_유동인구_수,pearson_and_spearman,0.9891231302295971,0.9959216502252973,20000,deterministic discovery sample; threshold abs>=0.90
numeric_correlation,유동__토요일_유동인구_수,log1p__유동__총_유동인구_수,pearson_and_spearman,0.8100356270543575,0.9908826365754252,20000,deterministic discovery sample; threshold abs>=0.90
numeric_correlation,유동__일요일_유동인구_수,log1p__유동__총_유동인구_수,pearson_and_spearman,0.8190851630226444,0.9812710682400226,20000,deterministic discovery sample; threshold abs>=0.90
numeric_correlation,상주__총_상주인구_수,상주__남성_상주인구_수,pearson_and_spearman,0.9959236304132376,0.9968592256430623,20000,deterministic discovery sample; threshold abs>=0.90
numeric_correlation,상주__총_상주인구_수,상주__여성_상주인구_수,pearson_and_spearman,0.9962611856460661,0.9967053857970442,20000,deterministic discovery sample; threshold abs>=0.90
numeric_correlation,상주__총_상주인구_수,상주__연령대_10_상주인구_수,pearson_and_spearman,0.9047005345063297,0.9266090082380111,20000,deterministic discovery sample; threshold abs>=0.90
numeric_correlation,상주__총_상주인구_수,상주__연령대_20_상주인구_수,pearson_and_spearman,0.8239516081815078,0.9194983106859573,20000,deterministic discovery sample; threshold abs>=0.90
numeric_correlation,상주__총_상주인구_수,상주__연령대_30_상주인구_수,pearson_and_spearman,0.9053663589536303,0.946290503800878,20000,deterministic discovery sample; threshold abs>=0.90
numeric_correlation,상주__총_상주인구_수,상주__연령대_40_상주인구_수,pearson_and_spearman,0.9713413048815743,0.9818401077425687,20000,deterministic discovery sample; threshold abs>=0.90
numeric_correlation,상주__총_상주인구_수,상주__연령대_50_상주인구_수,pearson_and_spearman,0.9622714676567133,0.9726694241566073,20000,deterministic discovery sample; threshold abs>=0.90
numeric_correlation,상주__총_상주인구_수,상주__연령대_60_이상_상주인구_수,pearson_and_spearman,0.9266201195476043,0.9412642134937238,20000,deterministic discovery sample; threshold abs>=0.90
numeric_correlation,상주__총_상주인구_수,상주__남성연령대_10_상주인구_수,pearson_and_spearman,0.9008200583619752,0.9227754352735033,20000,deterministic discovery sample; threshold abs>=0.90
numeric_correlation,상주__총_상주인구_수,상주__남성연령대_20_상주인구_수,pearson_and_spearman,0.8570756093680473,0.9342089908339818,20000,deterministic discovery sample; threshold abs>=0.90
numeric_correlation,상주__총_상주인구_수,상주__남성연령대_30_상주인구_수,pearson_and_spearman,0.9050522763702034,0.951886117961187,20000,deterministic discovery sample; threshold abs>=0.90
numeric_correlation,상주__총_상주인구_수,상주__남성연령대_40_상주인구_수,pearson_and_spearman,0.9713497114110122,0.9832077076734888,20000,deterministic discovery sample; threshold abs>=0.90
numeric_correlation,상주__총_상주인구_수,상주__남성연령대_50_상주인구_수,pearson_and_spearman,0.9523948629852558,0.9680673613241457,20000,deterministic discovery sample; threshold abs>=0.90
numeric_correlation,상주__총_상주인구_수,상주__남성연령대_60_이상_상주인구_수,pearson_and_spearman,0.9174720765174743,0.9370216630762522,20000,deterministic discovery sample; threshold abs>=0.90
numeric_correlation,상주__총_상주인구_수,상주__여성연령대_10_상주인구_수,pearson_and_spearman,0.9044197795915158,0.9261732573558329,20000,deterministic discovery sample; threshold abs>=0.90
numeric_correlation,상주__총_상주인구_수,상주__여성연령대_30_상주인구_수,pearson_and_spearman,0.88464095285345,0.9312590098310166,20000,deterministic discovery sample; threshold abs>=0.90
numeric_correlation,상주__총_상주인구_수,상주__여성연령대_40_상주인구_수,pearson_and_spearman,0.9554162957641126,0.9692896362080097,20000,deterministic discovery sample; threshold abs>=0.90
numeric_correlation,상주__총_상주인구_수,상주__여성연령대_50_상주인구_수,pearson_and_spearman,0.95634562952858,0.9637164926860314,20000,deterministic discovery sample; threshold abs>=0.90
numeric_correlation,상주__총_상주인구_수,상주__여성연령대_60_이상_상주인구_수,pearson_and_spearman,0.9265764018324328,0.9382890051771867,20000,deterministic discovery sample; threshold abs>=0.90
numeric_correlation,상주__총_상주인구_수,상주__총_가구_수,pearson_and_spearman,0.9387413151461559,0.9617973125249863,20000,deterministic discovery sample; threshold abs>=0.90
numeric_correlation,상주__총_상주인구_수,상주__비_아파트_가구_수,pearson_and_spearman,0.9387413151461559,0.9617973125249863,20000,deterministic discovery sample; threshold abs>=0.90
numeric_correlation,상주__총_상주인구_수,log1p__상주__총_상주인구_수,pearson_and_spearman,0.7881992629129552,1.0,20000,deterministic discovery sample; threshold abs>=0.90
numeric_correlation,상주__총_상주인구_수,log1p__상주__총_가구_수,pearson_and_spearman,0.7673580946876181,0.9617973125249863,20000,deterministic discovery sample; threshold abs>=0.90
numeric_correlation,상주__남성_상주인구_수,상주__여성_상주인구_수,pearson_and_spearman,0.9844074212459923,0.9874249212360201,20000,deterministic discovery sample; threshold abs>=0.90
numeric_correlation,상주__남성_상주인구_수,상주__연령대_10_상주인구_수,pearson_and_spearman,0.8936827934795545,0.918530809958006,20000,deterministic discovery sample; threshold abs>=0.90
numeric_correlation,상주__남성_상주인구_수,상주__연령대_20_상주인구_수,pearson_and_spearman,0.8143741873361465,0.9096076621588518,20000,deterministic discovery sample; threshold abs>=0.90
numeric_correlation,상주__남성_상주인구_수,상주__연령대_30_상주인구_수,pearson_and_spearman,0.8974191119123345,0.9385578253502018,20000,deterministic discovery sample; threshold abs>=0.90
numeric_correlation,상주__남성_상주인구_수,상주__연령대_40_상주인구_수,pearson_and_spearman,0.9656100634172982,0.9771129581422584,20000,deterministic discovery sample; threshold abs>=0.90
numeric_correlation,상주__남성_상주인구_수,상주__연령대_50_상주인구_수,pearson_and_spearman,0.964668255676388,0.976124090194924,20000,deterministic discovery sample; threshold abs>=0.90
numeric_correlation,상주__남성_상주인구_수,상주__연령대_60_이상_상주인구_수,pearson_and_spearman,0.9314699842701494,0.9471717856778488,20000,deterministic discovery sample; threshold abs>=0.90
numeric_correlation,상주__남성_상주인구_수,상주__남성연령대_10_상주인구_수,pearson_and_spearman,0.8912022157873973,0.9158501357349396,20000,deterministic discovery sample; threshold abs>=0.90
numeric_correlation,상주__남성_상주인구_수,상주__남성연령대_20_상주인구_수,pearson_and_spearman,0.8587361664542154,0.9305754265534184,20000,deterministic discovery sample; threshold abs>=0.90
numeric_correlation,상주__남성_상주인구_수,상주__남성연령대_30_상주인구_수,pearson_and_spearman,0.9071580277693461,0.9494137621362353,20000,deterministic discovery sample; threshold abs>=0.90
numeric_correlation,상주__남성_상주인구_수,상주__남성연령대_40_상주인구_수,pearson_and_spearman,0.9740176488408551,0.9836641392572334,20000,deterministic discovery sample; threshold abs>=0.90
numeric_correlation,상주__남성_상주인구_수,상주__남성연령대_50_상주인구_수,pearson_and_spearman,0.9627461904881585,0.9765891515058677,20000,deterministic discovery sample; threshold abs>=0.90
numeric_correlation,상주__남성_상주인구_수,상주__남성연령대_60_이상_상주인구_수,pearson_and_spearman,0.9276507334239101,0.947446678791573,20000,deterministic discovery sample; threshold abs>=0.90
numeric_correlation,상주__남성_상주인구_수,상주__여성연령대_10_상주인구_수,pearson_and_spearman,0.8919809818276576,0.9169626045786424,20000,deterministic discovery sample; threshold abs>=0.90
numeric_correlation,상주__남성_상주인구_수,상주__여성연령대_30_상주인구_수,pearson_and_spearman,0.8666370704990624,0.9181867866368437,20000,deterministic discovery sample; threshold abs>=0.90
numeric_correlation,상주__남성_상주인구_수,상주__여성연령대_40_상주인구_수,pearson_and_spearman,0.9411460397228829,0.9586782357639504,20000,deterministic discovery sample; threshold abs>=0.90
numeric_correlation,상주__남성_상주인구_수,상주__여성연령대_50_상주인구_수,pearson_and_spearman,0.950987283405341,0.9604081514381805,20000,deterministic discovery sample; threshold abs>=0.90
numeric_correlation,상주__남성_상주인구_수,상주__여성연령대_60_이상_상주인구_수,pearson_and_spearman,0.9269098368364054,0.939269342848098,20000,deterministic discovery sample; threshold abs>=0.90
numeric_correlation,상주__남성_상주인구_수,상주__총_가구_수,pearson_and_spearman,0.9393193230226073,0.9605487211840719,20000,deterministic discovery sample; threshold abs>=0.90
numeric_correlation,상주__남성_상주인구_수,상주__비_아파트_가구_수,pearson_and_spearman,0.9393193230226073,0.9605487211840719,20000,deterministic discovery sample; threshold abs>=0.90
numeric_correlation,상주__남성_상주인구_수,log1p__상주__총_상주인구_수,pearson_and_spearman,0.7849094048283118,0.9968592256430623,20000,deterministic discovery sample; threshold abs>=0.90
numeric_correlation,상주__남성_상주인구_수,log1p__상주__총_가구_수,pearson_and_spearman,0.7660550201703585,0.9605487211840719,20000,deterministic discovery sample; threshold abs>=0.90
numeric_correlation,상주__여성_상주인구_수,상주__연령대_10_상주인구_수,pearson_and_spearman,0.9083384265852408,0.9306134389745147,20000,deterministic discovery sample; threshold abs>=0.90
numeric_correlation,상주__여성_상주인구_수,상주__연령대_20_상주인구_수,pearson_and_spearman,0.8268271580968707,0.92322706143896,20000,deterministic discovery sample; threshold abs>=0.90
numeric_correlation,상주__여성_상주인구_수,상주__연령대_30_상주인구_수,pearson_and_spearman,0.906058296684182,0.947798157279332,20000,deterministic discovery sample; threshold abs>=0.90
numeric_correlation,상주__여성_상주인구_수,상주__연령대_40_상주인구_수,pearson_and_spearman,0.9694065388245456,0.9806701830606392,20000,deterministic discovery sample; threshold abs>=0.90
numeric_correlation,상주__여성_상주인구_수,상주__연령대_50_상주인구_수,pearson_and_spearman,0.9526211388160257,0.963760103709759,20000,deterministic discovery sample; threshold abs>=0.90
numeric_correlation,상주__여성_상주인구_수,상주__연령대_60_이상_상주인구_수,pearson_and_spearman,0.9148927632351376,0.930204738590933,20000,deterministic discovery sample; threshold abs>=0.90
numeric_correlation,상주__여성_상주인구_수,상주__남성연령대_10_상주인구_수,pearson_and_spearman,0.9031468110352706,0.9256961979878455,20000,deterministic discovery sample; threshold abs>=0.90
numeric_correlation,상주__여성_상주인구_수,상주__남성연령대_20_상주인구_수,pearson_and_spearman,0.8489344510186775,0.9319818094487998,20000,deterministic discovery sample; threshold abs>=0.90
numeric_correlation,상주__여성_상주인구_수,상주__남성연령대_30_상주인구_수,pearson_and_spearman,0.8961180287269783,0.948062952236532,20000,deterministic discovery sample; threshold abs>=0.90
numeric_correlation,상주__여성_상주인구_수,상주__남성연령대_40_상주인구_수,pearson_and_spearman,0.9613702945794138,0.9765743368005322,20000,deterministic discovery sample; threshold abs>=0.90
numeric_correlation,상주__여성_상주인구_수,상주__남성연령대_50_상주인구_수,pearson_and_spearman,0.9352013032428068,0.9538005328464716,20000,deterministic discovery sample; threshold abs>=0.90
numeric_correlation,상주__여성_상주인구_수,상주__남성연령대_60_이상_상주인구_수,pearson_and_spearman,0.9007108156425436,0.9212939658696402,20000,deterministic discovery sample; threshold abs>=0.90
numeric_correlation,상주__여성_상주인구_수,상주__여성연령대_10_상주인구_수,pearson_and_spearman,0.9094208807735709,0.9312561607263963,20000,deterministic discovery sample; threshold abs>=0.90
numeric_correlation,상주__여성_상주인구_수,상주__여성연령대_20_상주인구_수,pearson_and_spearman,0.7810817693191243,0.9070339507465949,20000,deterministic discovery sample; threshold abs>=0.90
numeric_correlation,상주__여성_상주인구_수,상주__여성연령대_30_상주인구_수,pearson_and_spearman,0.8951233659918839,0.9383964114090353,20000,deterministic discovery sample; threshold abs>=0.90
numeric_correlation,상주__여성_상주인구_수,상주__여성연령대_40_상주인구_수,pearson_and_spearman,0.9617817646736924,0.9746622256338732,20000,deterministic discovery sample; threshold abs>=0.90
numeric_correlation,상주__여성_상주인구_수,상주__여성연령대_50_상주인구_수,pearson_and_spearman,0.954168324134395,0.9624594403833389,20000,deterministic discovery sample; threshold abs>=0.90
numeric_correlation,상주__여성_상주인구_수,상주__여성연령대_60_이상_상주인구_수,pearson_and_spearman,0.9191751369857148,0.9325147187093464,20000,deterministic discovery sample; threshold abs>=0.90
numeric_correlation,상주__여성_상주인구_수,상주__총_가구_수,pearson_and_spearman,0.9310128251585107,0.9560702842389807,20000,deterministic discovery sample; threshold abs>=0.90
numeric_correlation,상주__여성_상주인구_수,상주__비_아파트_가구_수,pearson_and_spearman,0.9310128251585107,0.9560702842389807,20000,deterministic discovery sample; threshold abs>=0.90
numeric_correlation,상주__여성_상주인구_수,log1p__상주__총_상주인구_수,pearson_and_spearman,0.7853259536608014,0.9967053857970442,20000,deterministic discovery sample; threshold abs>=0.90
numeric_correlation,상주__여성_상주인구_수,log1p__상주__총_가구_수,pearson_and_spearman,0.7627411698320434,0.9560702842389807,20000,deterministic discovery sample; threshold abs>=0.90
numeric_correlation,상주__연령대_10_상주인구_수,상주__연령대_40_상주인구_수,pearson_and_spearman,0.923980933174476,0.9392750963574422,20000,deterministic discovery sample; threshold abs>=0.90
numeric_correlation,상주__연령대_10_상주인구_수,상주__연령대_50_상주인구_수,pearson_and_spearman,0.908372675869113,0.9367479671222428,20000,deterministic discovery sample; threshold abs>=0.90
numeric_correlation,상주__연령대_10_상주인구_수,상주__남성연령대_10_상주인구_수,pearson_and_spearman,0.9977674665046032,0.997765289192123,20000,deterministic discovery sample; threshold abs>=0.90
numeric_correlation,상주__연령대_10_상주인구_수,상주__남성연령대_40_상주인구_수,pearson_and_spearman,0.8967619405922853,0.9212307321495512,20000,deterministic discovery sample; threshold abs>=0.90
numeric_correlation,상주__연령대_10_상주인구_수,상주__남성연령대_50_상주인구_수,pearson_and_spearman,0.8803199874889152,0.9131607531211484,20000,deterministic discovery sample; threshold abs>=0.90
numeric_correlation,상주__연령대_10_상주인구_수,상주__여성연령대_10_상주인구_수,pearson_and_spearman,0.9975237400423199,0.9975017923889568,20000,deterministic discovery sample; threshold abs>=0.90
numeric_correlation,상주__연령대_10_상주인구_수,상주__여성연령대_40_상주인구_수,pearson_and_spearman,0.9368171023470521,0.9501049477501967,20000,deterministic discovery sample; threshold abs>=0.90
numeric_correlation,상주__연령대_10_상주인구_수,상주__여성연령대_50_상주인구_수,pearson_and_spearman,0.9209475986973806,0.9533763748547565,20000,deterministic discovery sample; threshold abs>=0.90
numeric_correlation,상주__연령대_10_상주인구_수,log1p__상주__총_상주인구_수,pearson_and_spearman,0.6838982452729414,0.9266090082380111,20000,deterministic discovery sample; threshold abs>=0.90
numeric_correlation,상주__연령대_20_상주인구_수,상주__남성연령대_20_상주인구_수,pearson_and_spearman,0.9777791804914918,0.9894597286315475,20000,deterministic discovery sample; threshold abs>=0.90
numeric_correlation,상주__연령대_20_상주인구_수,상주__남성연령대_30_상주인구_수,pearson_and_spearman,0.8348589402467388,0.9016939874033947,20000,deterministic discovery sample; threshold abs>=0.90
numeric_correlation,상주__연령대_20_상주인구_수,상주__여성연령대_20_상주인구_수,pearson_and_spearman,0.9849878154081977,0.9941451335313111,20000,deterministic discovery sample; threshold abs>=0.90
numeric_correlation,상주__연령대_20_상주인구_수,상주__총_가구_수,pearson_and_spearman,0.8599139045642435,0.9010616543998096,20000,deterministic discovery sample; threshold abs>=0.90
numeric_correlation,상주__연령대_20_상주인구_수,상주__비_아파트_가구_수,pearson_and_spearman,0.8599139045642435,0.9010616543998096,20000,deterministic discovery sample; threshold abs>=0.90
numeric_correlation,상주__연령대_20_상주인구_수,log1p__상주__총_상주인구_수,pearson_and_spearman,0.6579469826831038,0.9194983106859573,20000,deterministic discovery sample; threshold abs>=0.90
numeric_correlation,상주__연령대_20_상주인구_수,log1p__상주__총_가구_수,pearson_and_spearman,0.671666256251873,0.9010616543998096,20000,deterministic discovery sample; threshold abs>=0.90
numeric_correlation,상주__연령대_30_상주인구_수,상주__연령대_40_상주인구_수,pearson_and_spearman,0.8867525127535059,0.940103271707871,20000,deterministic discovery sample; threshold abs>=0.90
numeric_correlation,상주__연령대_30_상주인구_수,상주__남성연령대_30_상주인구_수,pearson_and_spearman,0.9886983328908066,0.9943076038037989,20000,deterministic discovery sample; threshold abs>=0.90
numeric_correlation,상주__연령대_30_상주인구_수,상주__남성연령대_40_상주인구_수,pearson_and_spearman,0.894214633288233,0.9439603219836603,20000,deterministic discovery sample; threshold abs>=0.90
numeric_correlation,상주__연령대_30_상주인구_수,상주__여성연령대_30_상주인구_수,pearson_and_spearman,0.9882682894982561,0.9941196145098501,20000,deterministic discovery sample; threshold abs>=0.90
numeric_correlation,상주__연령대_30_상주인구_수,상주__여성연령대_40_상주인구_수,pearson_and_spearman,0.8645524234554729,0.924584293119978,20000,deterministic discovery sample; threshold abs>=0.90
numeric_correlation,상주__연령대_30_상주인구_수,상주__총_가구_수,pearson_and_spearman,0.9473046655355463,0.9623566994456652,20000,deterministic discovery sample; threshold abs>=0.90
numeric_correlation,상주__연령대_30_상주인구_수,상주__비_아파트_가구_수,pearson_and_spearman,0.9473046655355463,0.9623566994456652,20000,deterministic discovery sample; threshold abs>=0.90
numeric_correlation,상주__연령대_30_상주인구_수,log1p__상주__총_상주인구_수,pearson_and_spearman,0.7144183296026443,0.946290503800878,20000,deterministic discovery sample; threshold abs>=0.90
numeric_correlation,상주__연령대_30_상주인구_수,log1p__상주__총_가구_수,pearson_and_spearman,0.7372802765463843,0.9623566994456652,20000,deterministic discovery sample; threshold abs>=0.90
numeric_correlation,상주__연령대_40_상주인구_수,상주__연령대_50_상주인구_수,pearson_and_spearman,0.9403380053014111,0.9617881006310641,20000,deterministic discovery sample; threshold abs>=0.90
numeric_correlation,상주__연령대_40_상주인구_수,상주__연령대_60_이상_상주인구_수,pearson_and_spearman,0.8984406372174207,0.9215669417407973,20000,deterministic discovery sample; threshold abs>=0.90
numeric_correlation,상주__연령대_40_상주인구_수,상주__남성연령대_10_상주인구_수,pearson_and_spearman,0.9211480225374287,0.9365567171249929,20000,deterministic discovery sample; threshold abs>=0.90
numeric_correlation,상주__연령대_40_상주인구_수,상주__남성연령대_30_상주인구_수,pearson_and_spearman,0.872105448359304,0.9361192404322175,20000,deterministic discovery sample; threshold abs>=0.90
numeric_correlation,상주__연령대_40_상주인구_수,상주__남성연령대_40_상주인구_수,pearson_and_spearman,0.9921391378310125,0.9951083070011711,20000,deterministic discovery sample; threshold abs>=0.90
numeric_correlation,상주__연령대_40_상주인구_수,상주__남성연령대_50_상주인구_수,pearson_and_spearman,0.928968482604388,0.9546869383426024,20000,deterministic discovery sample; threshold abs>=0.90
numeric_correlation,상주__연령대_40_상주인구_수,상주__남성연령대_60_이상_상주인구_수,pearson_and_spearman,0.8871137303811193,0.9158895849083959,20000,deterministic discovery sample; threshold abs>=0.90
numeric_correlation,상주__연령대_40_상주인구_수,상주__여성연령대_10_상주인구_수,pearson_and_spearman,0.9225039059799232,0.9376128216972187,20000,deterministic discovery sample; threshold abs>=0.90
numeric_correlation,상주__연령대_40_상주인구_수,상주__여성연령대_30_상주인구_수,pearson_and_spearman,0.8810613396284049,0.9347541601882735,20000,deterministic discovery sample; threshold abs>=0.90
numeric_correlation,상주__연령대_40_상주인구_수,상주__여성연령대_40_상주인구_수,pearson_and_spearman,0.9916936594111639,0.9935839709051533,20000,deterministic discovery sample; threshold abs>=0.90
numeric_correlation,상주__연령대_40_상주인구_수,상주__여성연령대_50_상주인구_수,pearson_and_spearman,0.9362138668739556,0.9565346082799748,20000,deterministic discovery sample; threshold abs>=0.90
numeric_correlation,상주__연령대_40_상주인구_수,상주__여성연령대_60_이상_상주인구_수,pearson_and_spearman,0.9004620906842687,0.9206121028022587,20000,deterministic discovery sample; threshold abs>=0.90
numeric_correlation,상주__연령대_40_상주인구_수,상주__총_가구_수,pearson_and_spearman,0.8952799592582582,0.9387486068426162,20000,deterministic discovery sample; threshold abs>=0.90
numeric_correlation,상주__연령대_40_상주인구_수,상주__비_아파트_가구_수,pearson_and_spearman,0.8952799592582582,0.9387486068426162,20000,deterministic discovery sample; threshold abs>=0.90
numeric_correlation,상주__연령대_40_상주인구_수,log1p__상주__총_상주인구_수,pearson_and_spearman,0.7546153400234523,0.9818401077425687,20000,deterministic discovery sample; threshold abs>=0.90
numeric_correlation,상주__연령대_40_상주인구_수,log1p__상주__총_가구_수,pearson_and_spearman,0.7293780253335183,0.9387486068426162,20000,deterministic discovery sample; threshold abs>=0.90
numeric_correlation,상주__연령대_50_상주인구_수,상주__연령대_60_이상_상주인구_수,pearson_and_spearman,0.9607511487103194,0.9701813447422338,20000,deterministic discovery sample; threshold abs>=0.90
numeric_correlation,상주__연령대_50_상주인구_수,상주__남성연령대_10_상주인구_수,pearson_and_spearman,0.9056325660806747,0.9348895530553881,20000,deterministic discovery sample; threshold abs>=0.90
numeric_correlation,상주__연령대_50_상주인구_수,상주__남성연령대_40_상주인구_수,pearson_and_spearman,0.9380838367993292,0.9618594245548473,20000,deterministic discovery sample; threshold abs>=0.90
numeric_correlation,상주__연령대_50_상주인구_수,상주__남성연령대_50_상주인구_수,pearson_and_spearman,0.9915668082193524,0.9942608069179832,20000,deterministic discovery sample; threshold abs>=0.90
numeric_correlation,상주__연령대_50_상주인구_수,상주__남성연령대_60_이상_상주인구_수,pearson_and_spearman,0.9547392232980283,0.9676397626095474,20000,deterministic discovery sample; threshold abs>=0.90
numeric_correlation,상주__연령대_50_상주인구_수,상주__여성연령대_10_상주인구_수,pearson_and_spearman,0.9068732660566798,0.9344166941003521,20000,deterministic discovery sample; threshold abs>=0.90
numeric_correlation,상주__연령대_50_상주인구_수,상주__여성연령대_40_상주인구_수,pearson_and_spearman,0.9272465573789513,0.9515609700823748,20000,deterministic discovery sample; threshold abs>=0.90
numeric_correlation,상주__연령대_50_상주인구_수,상주__여성연령대_50_상주인구_수,pearson_and_spearman,0.9920659501246121,0.9909171187591604,20000,deterministic discovery sample; threshold abs>=0.90
numeric_correlation,상주__연령대_50_상주인구_수,상주__여성연령대_60_이상_상주인구_수,pearson_and_spearman,0.9577885688447456,0.9646321845373543,20000,deterministic discovery sample; threshold abs>=0.90
numeric_correlation,상주__연령대_50_상주인구_수,상주__총_가구_수,pearson_and_spearman,0.8513234874578569,0.9049659128335692,20000,deterministic discovery sample; threshold abs>=0.90
numeric_correlation,상주__연령대_50_상주인구_수,상주__비_아파트_가구_수,pearson_and_spearman,0.8513234874578569,0.9049659128335692,20000,deterministic discovery sample; threshold abs>=0.90
numeric_correlation,상주__연령대_50_상주인구_수,log1p__상주__총_상주인구_수,pearson_and_spearman,0.7633544792106228,0.9726694241566073,20000,deterministic discovery sample; threshold abs>=0.90
numeric_correlation,상주__연령대_50_상주인구_수,log1p__상주__총_가구_수,pearson_and_spearman,0.7221325934534443,0.9049659128335692,20000,deterministic discovery sample; threshold abs>=0.90
numeric_correlation,상주__연령대_60_이상_상주인구_수,상주__남성연령대_40_상주인구_수,pearson_and_spearman,0.9060776584422747,0.9270316464150178,20000,deterministic discovery sample; threshold abs>=0.90
numeric_correlation,상주__연령대_60_이상_상주인구_수,상주__남성연령대_50_상주인구_수,pearson_and_spearman,0.9532263196835864,0.9637476797308422,20000,deterministic discovery sample; threshold abs>=0.90
numeric_correlation,상주__연령대_60_이상_상주인구_수,상주__남성연령대_60_이상_상주인구_수,pearson_and_spearman,0.9946019153085378,0.9953991860536213,20000,deterministic discovery sample; threshold abs>=0.90
numeric_correlation,상주__연령대_60_이상_상주인구_수,상주__여성연령대_40_상주인구_수,pearson_and_spearman,0.875869258528056,0.9070131170322102,20000,deterministic discovery sample; threshold abs>=0.90
numeric_correlation,상주__연령대_60_이상_상주인구_수,상주__여성연령대_50_상주인구_수,pearson_and_spearman,0.9525684085558206,0.9622511337252944,20000,deterministic discovery sample; threshold abs>=0.90
numeric_correlation,상주__연령대_60_이상_상주인구_수,상주__여성연령대_60_이상_상주인구_수,pearson_and_spearman,0.9961944938559747,0.9951902139824811,20000,deterministic discovery sample; threshold abs>=0.90
numeric_correlation,상주__연령대_60_이상_상주인구_수,log1p__상주__총_상주인구_수,pearson_and_spearman,0.7410111227964751,0.9412642134937238,20000,deterministic discovery sample; threshold abs>=0.90
numeric_correlation,상주__남성연령대_10_상주인구_수,상주__남성연령대_40_상주인구_수,pearson_and_spearman,0.8945354655889014,0.9188817575645186,20000,deterministic discovery sample; threshold abs>=0.90
numeric_correlation,상주__남성연령대_10_상주인구_수,상주__남성연령대_50_상주인구_수,pearson_and_spearman,0.8784692234356455,0.9114888242525511,20000,deterministic discovery sample; threshold abs>=0.90
numeric_correlation,상주__남성연령대_10_상주인구_수,상주__여성연령대_10_상주인구_수,pearson_and_spearman,0.9905997890429245,0.9907454000847399,20000,deterministic discovery sample; threshold abs>=0.90
numeric_correlation,상주__남성연령대_10_상주인구_수,상주__여성연령대_40_상주인구_수,pearson_and_spearman,0.9334072990686433,0.9470241123758254,20000,deterministic discovery sample; threshold abs>=0.90
numeric_correlation,상주__남성연령대_10_상주인구_수,상주__여성연령대_50_상주인구_수,pearson_and_spearman,0.9173889122614286,0.9511135553750621,20000,deterministic discovery sample; threshold abs>=0.90
numeric_correlation,상주__남성연령대_10_상주인구_수,log1p__상주__총_상주인구_수,pearson_and_spearman,0.6813718211202229,0.9227754352735033,20000,deterministic discovery sample; threshold abs>=0.90
numeric_correlation,상주__남성연령대_20_상주인구_수,상주__여성연령대_20_상주인구_수,pearson_and_spearman,0.9269121435410397,0.9691373470899989,20000,deterministic discovery sample; threshold abs>=0.90
numeric_correlation,상주__남성연령대_20_상주인구_수,log1p__상주__총_상주인구_수,pearson_and_spearman,0.6774176540324726,0.9342089908339818,20000,deterministic discovery sample; threshold abs>=0.90
numeric_correlation,상주__남성연령대_30_상주인구_수,상주__남성연령대_40_상주인구_수,pearson_and_spearman,0.8919364386125921,0.9454435117628016,20000,deterministic discovery sample; threshold abs>=0.90
numeric_correlation,상주__남성연령대_30_상주인구_수,상주__여성연령대_30_상주인구_수,pearson_and_spearman,0.9542024587010646,0.9773915325148405,20000,deterministic discovery sample; threshold abs>=0.90
numeric_correlation,상주__남성연령대_30_상주인구_수,상주__여성연령대_40_상주인구_수,pearson_and_spearman,0.8374322722819593,0.9147704444904559,20000,deterministic discovery sample; threshold abs>=0.90
numeric_correlation,상주__남성연령대_30_상주인구_수,상주__총_가구_수,pearson_and_spearman,0.9495908563958882,0.9664415104728711,20000,deterministic discovery sample; threshold abs>=0.90
numeric_correlation,상주__남성연령대_30_상주인구_수,상주__비_아파트_가구_수,pearson_and_spearman,0.9495908563958882,0.9664415104728711,20000,deterministic discovery sample; threshold abs>=0.90
numeric_correlation,상주__남성연령대_30_상주인구_수,log1p__상주__총_상주인구_수,pearson_and_spearman,0.7111822071550784,0.951886117961187,20000,deterministic discovery sample; threshold abs>=0.90
numeric_correlation,상주__남성연령대_30_상주인구_수,log1p__상주__총_가구_수,pearson_and_spearman,0.7338254192749222,0.9664415104728711,20000,deterministic discovery sample; threshold abs>=0.90
numeric_correlation,상주__남성연령대_40_상주인구_수,상주__남성연령대_50_상주인구_수,pearson_and_spearman,0.9359767201897783,0.9609205463559248,20000,deterministic discovery sample; threshold abs>=0.90
numeric_correlation,상주__남성연령대_40_상주인구_수,상주__남성연령대_60_이상_상주인구_수,pearson_and_spearman,0.899652718457961,0.9255366770871416,20000,deterministic discovery sample; threshold abs>=0.90
numeric_correlation,상주__남성연령대_40_상주인구_수,상주__여성연령대_10_상주인구_수,pearson_and_spearman,0.8947776673949563,0.9193470820001978,20000,deterministic discovery sample; threshold abs>=0.90
numeric_correlation,상주__남성연령대_40_상주인구_수,상주__여성연령대_30_상주인구_수,pearson_and_spearman,0.8757493660611773,0.9327714581693125,20000,deterministic discovery sample; threshold abs>=0.90
numeric_correlation,상주__남성연령대_40_상주인구_수,상주__여성연령대_40_상주인구_수,pearson_and_spearman,0.9678023480060279,0.9780014570951636,20000,deterministic discovery sample; threshold abs>=0.90
numeric_correlation,상주__남성연령대_40_상주인구_수,상주__여성연령대_50_상주인구_수,pearson_and_spearman,0.9250107834920439,0.9486308216819826,20000,deterministic discovery sample; threshold abs>=0.90
numeric_correlation,상주__남성연령대_40_상주인구_수,상주__여성연령대_60_이상_상주인구_수,pearson_and_spearman,0.9039179552534732,0.9215159574991739,20000,deterministic discovery sample; threshold abs>=0.90
numeric_correlation,상주__남성연령대_40_상주인구_수,상주__총_가구_수,pearson_and_spearman,0.911271597175179,0.9497196808990495,20000,deterministic discovery sample; threshold abs>=0.90
numeric_correlation,상주__남성연령대_40_상주인구_수,상주__비_아파트_가구_수,pearson_and_spearman,0.911271597175179,0.9497196808990495,20000,deterministic discovery sample; threshold abs>=0.90
numeric_correlation,상주__남성연령대_40_상주인구_수,log1p__상주__총_상주인구_수,pearson_and_spearman,0.7552575456843336,0.9832077076734888,20000,deterministic discovery sample; threshold abs>=0.90
numeric_correlation,상주__남성연령대_40_상주인구_수,log1p__상주__총_가구_수,pearson_and_spearman,0.7370673749084682,0.9497196808990495,20000,deterministic discovery sample; threshold abs>=0.90
numeric_correlation,상주__남성연령대_50_상주인구_수,상주__남성연령대_60_이상_상주인구_수,pearson_and_spearman,0.9563494211875543,0.9678446495689145,20000,deterministic discovery sample; threshold abs>=0.90
numeric_correlation,상주__남성연령대_50_상주인구_수,상주__여성연령대_10_상주인구_수,pearson_and_spearman,0.8780194215218536,0.9107727967868156,20000,deterministic discovery sample; threshold abs>=0.90
numeric_correlation,상주__남성연령대_50_상주인구_수,상주__여성연령대_40_상주인구_수,pearson_and_spearman,0.9065431581572846,0.9371336545740616,20000,deterministic discovery sample; threshold abs>=0.90
numeric_correlation,상주__남성연령대_50_상주인구_수,상주__여성연령대_50_상주인구_수,pearson_and_spearman,0.9674069794651866,0.9717161795759973,20000,deterministic discovery sample; threshold abs>=0.90
numeric_correlation,상주__남성연령대_50_상주인구_수,상주__여성연령대_60_이상_상주인구_수,pearson_and_spearman,0.9426534184186736,0.9511275052310173,20000,deterministic discovery sample; threshold abs>=0.90
numeric_correlation,상주__남성연령대_50_상주인구_수,상주__총_가구_수,pearson_and_spearman,0.8617598226853387,0.9135018810362354,20000,deterministic discovery sample; threshold abs>=0.90
numeric_correlation,상주__남성연령대_50_상주인구_수,상주__비_아파트_가구_수,pearson_and_spearman,0.8617598226853387,0.9135018810362354,20000,deterministic discovery sample; threshold abs>=0.90
numeric_correlation,상주__남성연령대_50_상주인구_수,log1p__상주__총_상주인구_수,pearson_and_spearman,0.7630000602567555,0.9680673613241457,20000,deterministic discovery sample; threshold abs>=0.90
numeric_correlation,상주__남성연령대_50_상주인구_수,log1p__상주__총_가구_수,pearson_and_spearman,0.7312298434972933,0.9135018810362354,20000,deterministic discovery sample; threshold abs>=0.90
numeric_correlation,상주__남성연령대_60_이상_상주인구_수,상주__여성연령대_50_상주인구_수,pearson_and_spearman,0.9377916916144261,0.9512373852484176,20000,deterministic discovery sample; threshold abs>=0.90
numeric_correlation,상주__남성연령대_60_이상_상주인구_수,상주__여성연령대_60_이상_상주인구_수,pearson_and_spearman,0.9817730546987923,0.9817126347537362,20000,deterministic discovery sample; threshold abs>=0.90
numeric_correlation,상주__남성연령대_60_이상_상주인구_수,log1p__상주__총_상주인구_수,pearson_and_spearman,0.7375031696766877,0.9370216630762522,20000,deterministic discovery sample; threshold abs>=0.90
numeric_correlation,상주__여성연령대_10_상주인구_수,상주__여성연령대_40_상주인구_수,pearson_and_spearman,0.9358856402417509,0.9486742104271937,20000,deterministic discovery sample; threshold abs>=0.90
numeric_correlation,상주__여성연령대_10_상주인구_수,상주__여성연령대_50_상주인구_수,pearson_and_spearman,0.9202495343001633,0.9513868243680105,20000,deterministic discovery sample; threshold abs>=0.90
numeric_correlation,상주__여성연령대_10_상주인구_수,log1p__상주__총_상주인구_수,pearson_and_spearman,0.6832574198404634,0.9261732573558329,20000,deterministic discovery sample; threshold abs>=0.90
numeric_correlation,상주__여성연령대_30_상주인구_수,상주__여성연령대_40_상주인구_수,pearson_and_spearman,0.8720841005464646,0.92588612979624,20000,deterministic discovery sample; threshold abs>=0.90
numeric_correlation,상주__여성연령대_30_상주인구_수,상주__총_가구_수,pearson_and_spearman,0.9229554003078548,0.9471769865849332,20000,deterministic discovery sample; threshold abs>=0.90
numeric_correlation,상주__여성연령대_30_상주인구_수,상주__비_아파트_가구_수,pearson_and_spearman,0.9229554003078548,0.9471769865849332,20000,deterministic discovery sample; threshold abs>=0.90
numeric_correlation,상주__여성연령대_30_상주인구_수,log1p__상주__총_상주인구_수,pearson_and_spearman,0.7011083311488897,0.9312590098310166,20000,deterministic discovery sample; threshold abs>=0.90
numeric_correlation,상주__여성연령대_30_상주인구_수,log1p__상주__총_가구_수,pearson_and_spearman,0.7236616822287578,0.9471769865849332,20000,deterministic discovery sample; threshold abs>=0.90
numeric_correlation,상주__여성연령대_40_상주인구_수,상주__여성연령대_50_상주인구_수,pearson_and_spearman,0.9323879585178043,0.9563933485113835,20000,deterministic discovery sample; threshold abs>=0.90
numeric_correlation,상주__여성연령대_40_상주인구_수,상주__여성연령대_60_이상_상주인구_수,pearson_and_spearman,0.8821551060094591,0.9116438807608053,20000,deterministic discovery sample; threshold abs>=0.90
numeric_correlation,상주__여성연령대_40_상주인구_수,상주__총_가구_수,pearson_and_spearman,0.8641732471777743,0.9152916117453147,20000,deterministic discovery sample; threshold abs>=0.90
numeric_correlation,상주__여성연령대_40_상주인구_수,상주__비_아파트_가구_수,pearson_and_spearman,0.8641732471777743,0.9152916117453147,20000,deterministic discovery sample; threshold abs>=0.90
numeric_correlation,상주__여성연령대_40_상주인구_수,log1p__상주__총_상주인구_수,pearson_and_spearman,0.7415901582291224,0.9692896362080097,20000,deterministic discovery sample; threshold abs>=0.90
numeric_correlation,상주__여성연령대_40_상주인구_수,log1p__상주__총_가구_수,pearson_and_spearman,0.709523116744806,0.9152916117453147,20000,deterministic discovery sample; threshold abs>=0.90
numeric_correlation,상주__여성연령대_50_상주인구_수,상주__여성연령대_60_이상_상주인구_수,pearson_and_spearman,0.9570361627035338,0.9665043138804321,20000,deterministic discovery sample; threshold abs>=0.90
numeric_correlation,상주__여성연령대_50_상주인구_수,log1p__상주__총_상주인구_수,pearson_and_spearman,0.7513969197132675,0.9637164926860314,20000,deterministic discovery sample; threshold abs>=0.90
numeric_correlation,상주__여성연령대_60_이상_상주인구_수,log1p__상주__총_상주인구_수,pearson_and_spearman,0.737777865428663,0.9382890051771867,20000,deterministic discovery sample; threshold abs>=0.90
numeric_correlation,상주__총_가구_수,상주__비_아파트_가구_수,pearson_and_spearman,1.0,1.0,20000,deterministic discovery sample; threshold abs>=0.90
numeric_correlation,상주__총_가구_수,log1p__상주__총_상주인구_수,pearson_and_spearman,0.7654266213772967,0.9617973125249863,20000,deterministic discovery sample; threshold abs>=0.90
numeric_correlation,상주__총_가구_수,log1p__상주__총_가구_수,pearson_and_spearman,0.802617287170275,1.0,20000,deterministic discovery sample; threshold abs>=0.90
numeric_correlation,상주__비_아파트_가구_수,log1p__상주__총_상주인구_수,pearson_and_spearman,0.7654266213772967,0.9617973125249863,20000,deterministic discovery sample; threshold abs>=0.90
numeric_correlation,상주__비_아파트_가구_수,log1p__상주__총_가구_수,pearson_and_spearman,0.802617287170275,1.0,20000,deterministic discovery sample; threshold abs>=0.90
numeric_correlation,직장__총_직장_인구_수,직장__남성_직장_인구_수,pearson_and_spearman,0.9953222762466584,0.9949070175365463,20000,deterministic discovery sample; threshold abs>=0.90
numeric_correlation,직장__총_직장_인구_수,직장__여성_직장_인구_수,pearson_and_spearman,0.9881197044446624,0.9898170638570764,20000,deterministic discovery sample; threshold abs>=0.90
numeric_correlation,직장__총_직장_인구_수,직장__연령대_20_직장_인구_수,pearson_and_spearman,0.9931929311496892,0.9758441478359713,20000,deterministic discovery sample; threshold abs>=0.90
numeric_correlation,직장__총_직장_인구_수,직장__연령대_30_직장_인구_수,pearson_and_spearman,0.9944836040438674,0.9895763006424049,20000,deterministic discovery sample; threshold abs>=0.90
numeric_correlation,직장__총_직장_인구_수,직장__연령대_40_직장_인구_수,pearson_and_spearman,0.9986375132673693,0.9959560035167108,20000,deterministic discovery sample; threshold abs>=0.90
numeric_correlation,직장__총_직장_인구_수,직장__연령대_50_직장_인구_수,pearson_and_spearman,0.9841134520101108,0.9884308302830775,20000,deterministic discovery sample; threshold abs>=0.90
numeric_correlation,직장__총_직장_인구_수,직장__연령대_60_이상_직장_인구_수,pearson_and_spearman,0.9178644877100667,0.941325140559842,20000,deterministic discovery sample; threshold abs>=0.90
numeric_correlation,직장__총_직장_인구_수,직장__남성연령대_20_직장_인구_수,pearson_and_spearman,0.9875854974765503,0.9681840485664915,20000,deterministic discovery sample; threshold abs>=0.90
numeric_correlation,직장__총_직장_인구_수,직장__남성연령대_30_직장_인구_수,pearson_and_spearman,0.9855168940404971,0.98344303740698,20000,deterministic discovery sample; threshold abs>=0.90
numeric_correlation,직장__총_직장_인구_수,직장__남성연령대_40_직장_인구_수,pearson_and_spearman,0.9948349271879381,0.9897817101678423,20000,deterministic discovery sample; threshold abs>=0.90
numeric_correlation,직장__총_직장_인구_수,직장__남성연령대_50_직장_인구_수,pearson_and_spearman,0.9779405696243192,0.9812217363598322,20000,deterministic discovery sample; threshold abs>=0.90
numeric_correlation,직장__총_직장_인구_수,직장__남성연령대_60_이상_직장_인구_수,pearson_and_spearman,0.9181566737081905,0.9386657412877064,20000,deterministic discovery sample; threshold abs>=0.90
numeric_correlation,직장__총_직장_인구_수,직장__여성연령대_20_직장_인구_수,pearson_and_spearman,0.9789051249689884,0.9648563762261334,20000,deterministic discovery sample; threshold abs>=0.90
numeric_correlation,직장__총_직장_인구_수,직장__여성연령대_30_직장_인구_수,pearson_and_spearman,0.9758500139499635,0.9795414573831592,20000,deterministic discovery sample; threshold abs>=0.90
numeric_correlation,직장__총_직장_인구_수,직장__여성연령대_40_직장_인구_수,pearson_and_spearman,0.9817412501787594,0.9822600584754212,20000,deterministic discovery sample; threshold abs>=0.90
numeric_correlation,직장__총_직장_인구_수,직장__여성연령대_50_직장_인구_수,pearson_and_spearman,0.910821618318693,0.9652743692533351,20000,deterministic discovery sample; threshold abs>=0.90
numeric_correlation,직장__총_직장_인구_수,직장__여성연령대_60_이상_직장_인구_수,pearson_and_spearman,0.8869653561284533,0.913639436919378,20000,deterministic discovery sample; threshold abs>=0.90
numeric_correlation,직장__총_직장_인구_수,시설__고등학교_수,pearson_and_spearman,0.9463757973045287,0.7582114479907154,20000,deterministic discovery sample; threshold abs>=0.90
numeric_correlation,직장__총_직장_인구_수,log1p__직장__총_직장_인구_수,pearson_and_spearman,0.6423674759550092,1.0,20000,deterministic discovery sample; threshold abs>=0.90
numeric_correlation,직장__남성_직장_인구_수,직장__여성_직장_인구_수,pearson_and_spearman,0.9686498700381292,0.9718555509204084,20000,deterministic discovery sample; threshold abs>=0.90
numeric_correlation,직장__남성_직장_인구_수,직장__연령대_20_직장_인구_수,pearson_and_spearman,0.9838013363089723,0.9683611869325746,20000,deterministic discovery sample; threshold abs>=0.90
numeric_correlation,직장__남성_직장_인구_수,직장__연령대_30_직장_인구_수,pearson_and_spearman,0.9921166477788281,0.9852762427319516,20000,deterministic discovery sample; threshold abs>=0.90
numeric_correlation,직장__남성_직장_인구_수,직장__연령대_40_직장_인구_수,pearson_and_spearman,0.9946270505821714,0.9912803517228796,20000,deterministic discovery sample; threshold abs>=0.90
numeric_correlation,직장__남성_직장_인구_수,직장__연령대_50_직장_인구_수,pearson_and_spearman,0.9800588442430013,0.9846061623630873,20000,deterministic discovery sample; threshold abs>=0.90
numeric_correlation,직장__남성_직장_인구_수,직장__연령대_60_이상_직장_인구_수,pearson_and_spearman,0.9134039999476695,0.93923620779911,20000,deterministic discovery sample; threshold abs>=0.90
numeric_correlation,직장__남성_직장_인구_수,직장__남성연령대_20_직장_인구_수,pearson_and_spearman,0.990502361419839,0.9699117137495787,20000,deterministic discovery sample; threshold abs>=0.90
numeric_correlation,직장__남성_직장_인구_수,직장__남성연령대_30_직장_인구_수,pearson_and_spearman,0.9943317274221093,0.9871636975190773,20000,deterministic discovery sample; threshold abs>=0.90
numeric_correlation,직장__남성_직장_인구_수,직장__남성연령대_40_직장_인구_수,pearson_and_spearman,0.9985341734523766,0.994659035897033,20000,deterministic discovery sample; threshold abs>=0.90
numeric_correlation,직장__남성_직장_인구_수,직장__남성연령대_50_직장_인구_수,pearson_and_spearman,0.9810936125863267,0.9879344002603048,20000,deterministic discovery sample; threshold abs>=0.90
numeric_correlation,직장__남성_직장_인구_수,직장__남성연령대_60_이상_직장_인구_수,pearson_and_spearman,0.9153266366754708,0.9417961778594286,20000,deterministic discovery sample; threshold abs>=0.90
numeric_correlation,직장__남성_직장_인구_수,직장__여성연령대_20_직장_인구_수,pearson_and_spearman,0.9593059711161426,0.9498428813098106,20000,deterministic discovery sample; threshold abs>=0.90
numeric_correlation,직장__남성_직장_인구_수,직장__여성연령대_30_직장_인구_수,pearson_and_spearman,0.9565463063211718,0.9641233292209305,20000,deterministic discovery sample; threshold abs>=0.90
numeric_correlation,직장__남성_직장_인구_수,직장__여성연령대_40_직장_인구_수,pearson_and_spearman,0.9613088891455915,0.9646336698309941,20000,deterministic discovery sample; threshold abs>=0.90
numeric_correlation,직장__남성_직장_인구_수,직장__여성연령대_50_직장_인구_수,pearson_and_spearman,0.8917229132527463,0.9466942218779977,20000,deterministic discovery sample; threshold abs>=0.90
numeric_correlation,직장__남성_직장_인구_수,직장__여성연령대_60_이상_직장_인구_수,pearson_and_spearman,0.8794928658808132,0.9013527812019617,20000,deterministic discovery sample; threshold abs>=0.90
numeric_correlation,직장__남성_직장_인구_수,시설__고등학교_수,pearson_and_spearman,0.9149226964097226,0.7582114479907154,20000,deterministic discovery sample; threshold abs>=0.90
numeric_correlation,직장__남성_직장_인구_수,log1p__직장__총_직장_인구_수,pearson_and_spearman,0.6388517065428755,0.9949070175365463,20000,deterministic discovery sample; threshold abs>=0.90
numeric_correlation,직장__여성_직장_인구_수,직장__연령대_20_직장_인구_수,pearson_and_spearman,0.9889429069815632,0.9722958929788605,20000,deterministic discovery sample; threshold abs>=0.90
numeric_correlation,직장__여성_직장_인구_수,직장__연령대_30_직장_인구_수,pearson_and_spearman,0.9790339629786441,0.9804200719546382,20000,deterministic discovery sample; threshold abs>=0.90
numeric_correlation,직장__여성_직장_인구_수,직장__연령대_40_직장_인구_수,pearson_and_spearman,0.98572207516134,0.985278554103084,20000,deterministic discovery sample; threshold abs>=0.90
numeric_correlation,직장__여성_직장_인구_수,직장__연령대_50_직장_인구_수,pearson_and_spearman,0.971548866421193,0.9757333011948127,20000,deterministic discovery sample; threshold abs>=0.90
numeric_correlation,직장__여성_직장_인구_수,직장__연령대_60_이상_직장_인구_수,pearson_and_spearman,0.9072256014184555,0.9307612676702682,20000,deterministic discovery sample; threshold abs>=0.90
numeric_correlation,직장__여성_직장_인구_수,직장__남성연령대_20_직장_인구_수,pearson_and_spearman,0.9638637244820987,0.9516730427459342,20000,deterministic discovery sample; threshold abs>=0.90
numeric_correlation,직장__여성_직장_인구_수,직장__남성연령대_30_직장_인구_수,pearson_and_spearman,0.9524526972138406,0.9634275497447833,20000,deterministic discovery sample; threshold abs>=0.90
numeric_correlation,직장__여성_직장_인구_수,직장__남성연령대_40_직장_인구_수,pearson_and_spearman,0.9697284831543441,0.9669932339626167,20000,deterministic discovery sample; threshold abs>=0.90
numeric_correlation,직장__여성_직장_인구_수,직장__남성연령대_50_직장_인구_수,pearson_and_spearman,0.9540294418167268,0.9553738841539391,20000,deterministic discovery sample; threshold abs>=0.90
numeric_correlation,직장__여성_직장_인구_수,직장__남성연령대_60_이상_직장_인구_수,pearson_and_spearman,0.9049184478219329,0.9214693397269798,20000,deterministic discovery sample; threshold abs>=0.90
numeric_correlation,직장__여성_직장_인구_수,직장__여성연령대_20_직장_인구_수,pearson_and_spearman,0.9911691796430336,0.9732752086769405,20000,deterministic discovery sample; threshold abs>=0.90
numeric_correlation,직장__여성_직장_인구_수,직장__여성연령대_30_직장_인구_수,pearson_and_spearman,0.9877031071007129,0.9876613785782549,20000,deterministic discovery sample; threshold abs>=0.90
numeric_correlation,직장__여성_직장_인구_수,직장__여성연령대_40_직장_인구_수,pearson_and_spearman,0.9952759587731645,0.9922084364911591,20000,deterministic discovery sample; threshold abs>=0.90
numeric_correlation,직장__여성_직장_인구_수,직장__여성연령대_50_직장_인구_수,pearson_and_spearman,0.9236050456077222,0.9770657479315867,20000,deterministic discovery sample; threshold abs>=0.90
numeric_correlation,직장__여성_직장_인구_수,직장__여성연령대_60_이상_직장_인구_수,pearson_and_spearman,0.8817149325254807,0.9186395693729402,20000,deterministic discovery sample; threshold abs>=0.90
numeric_correlation,직장__여성_직장_인구_수,시설__고등학교_수,pearson_and_spearman,0.9709914129478975,0.7582114479907154,20000,deterministic discovery sample; threshold abs>=0.90
numeric_correlation,직장__여성_직장_인구_수,log1p__직장__총_직장_인구_수,pearson_and_spearman,0.6355487741941812,0.9898170638570764,20000,deterministic discovery sample; threshold abs>=0.90
numeric_correlation,직장__연령대_10_직장_인구_수,직장__남성연령대_10_직장_인구_수,pearson_and_spearman,0.9716958682146563,0.9174764688325573,20000,deterministic discovery sample; threshold abs>=0.90
numeric_correlation,직장__연령대_10_직장_인구_수,직장__여성연령대_10_직장_인구_수,pearson_and_spearman,0.9876367604158722,0.9471182149862605,20000,deterministic discovery sample; threshold abs>=0.90
numeric_correlation,직장__연령대_10_직장_인구_수,시설__고등학교_수,pearson_and_spearman,0.9989184213393435,0.8075412957380287,20000,deterministic discovery sample; threshold abs>=0.90
numeric_correlation,직장__연령대_10_직장_인구_수,구성비__직장__연령대_10_직장_인구_수,pearson_and_spearman,0.5251859683497134,0.989533053331684,20000,deterministic discovery sample; threshold abs>=0.90
numeric_correlation,직장__연령대_20_직장_인구_수,직장__연령대_30_직장_인구_수,pearson_and_spearman,0.99076313646095,0.9881798383722008,20000,deterministic discovery sample; threshold abs>=0.90
numeric_correlation,직장__연령대_20_직장_인구_수,직장__연령대_40_직장_인구_수,pearson_and_spearman,0.9888749874228595,0.9695783811816252,20000,deterministic discovery sample; threshold abs>=0.90
numeric_correlation,직장__연령대_20_직장_인구_수,직장__연령대_50_직장_인구_수,pearson_and_spearman,0.965081863772667,0.9427780420993527,20000,deterministic discovery sample; threshold abs>=0.90
numeric_correlation,직장__연령대_20_직장_인구_수,직장__남성연령대_20_직장_인구_수,pearson_and_spearman,0.9876835119213847,0.9884239491328051,20000,deterministic discovery sample; threshold abs>=0.90
numeric_correlation,직장__연령대_20_직장_인구_수,직장__남성연령대_30_직장_인구_수,pearson_and_spearman,0.9767515887479027,0.9816738002938306,20000,deterministic discovery sample; threshold abs>=0.90
numeric_correlation,직장__연령대_20_직장_인구_수,직장__남성연령대_40_직장_인구_수,pearson_and_spearman,0.9828656368950591,0.9676897399488815,20000,deterministic discovery sample; threshold abs>=0.90
numeric_correlation,직장__연령대_20_직장_인구_수,직장__남성연령대_50_직장_인구_수,pearson_and_spearman,0.9577385245014535,0.9382135618863751,20000,deterministic discovery sample; threshold abs>=0.90
numeric_correlation,직장__연령대_20_직장_인구_수,직장__여성연령대_20_직장_인구_수,pearson_and_spearman,0.991243772113077,0.9907754499121033,20000,deterministic discovery sample; threshold abs>=0.90
numeric_correlation,직장__연령대_20_직장_인구_수,직장__여성연령대_30_직장_인구_수,pearson_and_spearman,0.9799262345023945,0.9794581089595702,20000,deterministic discovery sample; threshold abs>=0.90
numeric_correlation,직장__연령대_20_직장_인구_수,직장__여성연령대_40_직장_인구_수,pearson_and_spearman,0.9769528254010554,0.9539122568575488,20000,deterministic discovery sample; threshold abs>=0.90
numeric_correlation,직장__연령대_20_직장_인구_수,직장__여성연령대_50_직장_인구_수,pearson_and_spearman,0.8959633611911816,0.9231169415692073,20000,deterministic discovery sample; threshold abs>=0.90
numeric_correlation,직장__연령대_20_직장_인구_수,시설__고등학교_수,pearson_and_spearman,0.9898045333681562,0.7582114479907154,20000,deterministic discovery sample; threshold abs>=0.90
numeric_correlation,직장__연령대_20_직장_인구_수,log1p__직장__총_직장_인구_수,pearson_and_spearman,0.6322261244859105,0.9758441478359713,20000,deterministic discovery sample; threshold abs>=0.90
numeric_correlation,직장__연령대_30_직장_인구_수,직장__연령대_40_직장_인구_수,pearson_and_spearman,0.9940782967431465,0.9894503648518077,20000,deterministic discovery sample; threshold abs>=0.90
numeric_correlation,직장__연령대_30_직장_인구_수,직장__연령대_50_직장_인구_수,pearson_and_spearman,0.9641645226164473,0.9647725405349408,20000,deterministic discovery sample; threshold abs>=0.90
numeric_correlation,직장__연령대_30_직장_인구_수,직장__남성연령대_20_직장_인구_수,pearson_and_spearman,0.9832163889275832,0.9800978126928268,20000,deterministic discovery sample; threshold abs>=0.90
numeric_correlation,직장__연령대_30_직장_인구_수,직장__남성연령대_30_직장_인구_수,pearson_and_spearman,0.9915693053448938,0.9946256107108712,20000,deterministic discovery sample; threshold abs>=0.90
numeric_correlation,직장__연령대_30_직장_인구_수,직장__남성연령대_40_직장_인구_수,pearson_and_spearman,0.993811095766941,0.9879337428173224,20000,deterministic discovery sample; threshold abs>=0.90
numeric_correlation,직장__연령대_30_직장_인구_수,직장__남성연령대_50_직장_인구_수,pearson_and_spearman,0.96776676627334,0.9625380712745412,20000,deterministic discovery sample; threshold abs>=0.90
numeric_correlation,직장__연령대_30_직장_인구_수,직장__여성연령대_20_직장_인구_수,pearson_and_spearman,0.9781584966597064,0.9777341884456072,20000,deterministic discovery sample; threshold abs>=0.90
numeric_correlation,직장__연령대_30_직장_인구_수,직장__여성연령대_30_직장_인구_수,pearson_and_spearman,0.9803718001477443,0.9885249236883608,20000,deterministic discovery sample; threshold abs>=0.90
numeric_correlation,직장__연령대_30_직장_인구_수,직장__여성연령대_40_직장_인구_수,pearson_and_spearman,0.9697197841676974,0.9710840195259562,20000,deterministic discovery sample; threshold abs>=0.90
numeric_correlation,직장__연령대_30_직장_인구_수,직장__여성연령대_50_직장_인구_수,pearson_and_spearman,0.8717394826624993,0.9382886120507322,20000,deterministic discovery sample; threshold abs>=0.90
numeric_correlation,직장__연령대_30_직장_인구_수,시설__고등학교_수,pearson_and_spearman,0.9512883586821327,0.7582114479907154,20000,deterministic discovery sample; threshold abs>=0.90
numeric_correlation,직장__연령대_30_직장_인구_수,log1p__직장__총_직장_인구_수,pearson_and_spearman,0.614534364918675,0.9895763006424049,20000,deterministic discovery sample; threshold abs>=0.90
numeric_correlation,직장__연령대_40_직장_인구_수,직장__연령대_50_직장_인구_수,pearson_and_spearman,0.9833578029526309,0.9867566149658318,20000,deterministic discovery sample; threshold abs>=0.90
numeric_correlation,직장__연령대_40_직장_인구_수,직장__연령대_60_이상_직장_인구_수,pearson_and_spearman,0.9080627965239709,0.9233775961864288,20000,deterministic discovery sample; threshold abs>=0.90
numeric_correlation,직장__연령대_40_직장_인구_수,직장__남성연령대_20_직장_인구_수,pearson_and_spearman,0.9835818046927187,0.962300180247902,20000,deterministic discovery sample; threshold abs>=0.90
numeric_correlation,직장__연령대_40_직장_인구_수,직장__남성연령대_30_직장_인구_수,pearson_and_spearman,0.9849306297338775,0.9831219632305577,20000,deterministic discovery sample; threshold abs>=0.90
numeric_correlation,직장__연령대_40_직장_인구_수,직장__남성연령대_40_직장_인구_수,pearson_and_spearman,0.9962938021490668,0.9936857531645009,20000,deterministic discovery sample; threshold abs>=0.90
numeric_correlation,직장__연령대_40_직장_인구_수,직장__남성연령대_50_직장_인구_수,pearson_and_spearman,0.9792984395773227,0.9807057459677031,20000,deterministic discovery sample; threshold abs>=0.90
numeric_correlation,직장__연령대_40_직장_인구_수,직장__남성연령대_60_이상_직장_인구_수,pearson_and_spearman,0.9092910111137774,0.9223733737913105,20000,deterministic discovery sample; threshold abs>=0.90
numeric_correlation,직장__연령대_40_직장_인구_수,직장__여성연령대_20_직장_인구_수,pearson_and_spearman,0.9744046675387469,0.9590714533736118,20000,deterministic discovery sample; threshold abs>=0.90
numeric_correlation,직장__연령대_40_직장_인구_수,직장__여성연령대_30_직장_인구_수,pearson_and_spearman,0.9757331951005971,0.9796618500084435,20000,deterministic discovery sample; threshold abs>=0.90
numeric_correlation,직장__연령대_40_직장_인구_수,직장__여성연령대_40_직장_인구_수,pearson_and_spearman,0.9828629990708229,0.9855309712589753,20000,deterministic discovery sample; threshold abs>=0.90
numeric_correlation,직장__연령대_40_직장_인구_수,직장__여성연령대_50_직장_인구_수,pearson_and_spearman,0.9056164709490766,0.9604814775468101,20000,deterministic discovery sample; threshold abs>=0.90
numeric_correlation,직장__연령대_40_직장_인구_수,시설__고등학교_수,pearson_and_spearman,0.9168756649050757,0.758342075328549,20000,deterministic discovery sample; threshold abs>=0.90
numeric_correlation,직장__연령대_40_직장_인구_수,log1p__직장__총_직장_인구_수,pearson_and_spearman,0.6374013324499015,0.9959560035167108,20000,deterministic discovery sample; threshold abs>=0.90
numeric_correlation,직장__연령대_50_직장_인구_수,직장__연령대_60_이상_직장_인구_수,pearson_and_spearman,0.9299600637031775,0.9473225927360042,20000,deterministic discovery sample; threshold abs>=0.90
numeric_correlation,직장__연령대_50_직장_인구_수,직장__남성연령대_20_직장_인구_수,pearson_and_spearman,0.9633888548051569,0.9374767989604907,20000,deterministic discovery sample; threshold abs>=0.90
numeric_correlation,직장__연령대_50_직장_인구_수,직장__남성연령대_30_직장_인구_수,pearson_and_spearman,0.9567876396055375,0.9586844211464101,20000,deterministic discovery sample; threshold abs>=0.90
numeric_correlation,직장__연령대_50_직장_인구_수,직장__남성연령대_40_직장_인구_수,pearson_and_spearman,0.9776566104527233,0.9782191061951072,20000,deterministic discovery sample; threshold abs>=0.90
numeric_correlation,직장__연령대_50_직장_인구_수,직장__남성연령대_50_직장_인구_수,pearson_and_spearman,0.987102792704365,0.9906781857396354,20000,deterministic discovery sample; threshold abs>=0.90
numeric_correlation,직장__연령대_50_직장_인구_수,직장__남성연령대_60_이상_직장_인구_수,pearson_and_spearman,0.9280712696993842,0.9454111680373388,20000,deterministic discovery sample; threshold abs>=0.90
numeric_correlation,직장__연령대_50_직장_인구_수,직장__여성연령대_20_직장_인구_수,pearson_and_spearman,0.9480289166658947,0.930506545080614,20000,deterministic discovery sample; threshold abs>=0.90
numeric_correlation,직장__연령대_50_직장_인구_수,직장__여성연령대_30_직장_인구_수,pearson_and_spearman,0.9440959744775342,0.9551212488040908,20000,deterministic discovery sample; threshold abs>=0.90
numeric_correlation,직장__연령대_50_직장_인구_수,직장__여성연령대_40_직장_인구_수,pearson_and_spearman,0.970913604472045,0.975417354527052,20000,deterministic discovery sample; threshold abs>=0.90
numeric_correlation,직장__연령대_50_직장_인구_수,직장__여성연령대_50_직장_인구_수,pearson_and_spearman,0.9396797940504001,0.975063155236303,20000,deterministic discovery sample; threshold abs>=0.90
numeric_correlation,직장__연령대_50_직장_인구_수,직장__여성연령대_60_이상_직장_인구_수,pearson_and_spearman,0.9028874048595477,0.9151693165391168,20000,deterministic discovery sample; threshold abs>=0.90
numeric_correlation,직장__연령대_50_직장_인구_수,log1p__직장__총_직장_인구_수,pearson_and_spearman,0.6557831347595102,0.9884308302830775,20000,deterministic discovery sample; threshold abs>=0.90
numeric_correlation,직장__연령대_60_이상_직장_인구_수,직장__남성연령대_20_직장_인구_수,pearson_and_spearman,0.9119409492175811,0.8813475751110098,20000,deterministic discovery sample; threshold abs>=0.90
numeric_correlation,직장__연령대_60_이상_직장_인구_수,직장__남성연령대_40_직장_인구_수,pearson_and_spearman,0.8996658739847555,0.913580406012339,20000,deterministic discovery sample; threshold abs>=0.90
numeric_correlation,직장__연령대_60_이상_직장_인구_수,직장__남성연령대_50_직장_인구_수,pearson_and_spearman,0.889000717212803,0.9316950590383477,20000,deterministic discovery sample; threshold abs>=0.90
numeric_correlation,직장__연령대_60_이상_직장_인구_수,직장__남성연령대_60_이상_직장_인구_수,pearson_and_spearman,0.9942256954112481,0.9936416342568449,20000,deterministic discovery sample; threshold abs>=0.90
numeric_correlation,직장__연령대_60_이상_직장_인구_수,직장__여성연령대_40_직장_인구_수,pearson_and_spearman,0.9032841209477213,0.920329671906806,20000,deterministic discovery sample; threshold abs>=0.90
numeric_correlation,직장__연령대_60_이상_직장_인구_수,직장__여성연령대_50_직장_인구_수,pearson_and_spearman,0.9357544460711881,0.9482623263185425,20000,deterministic discovery sample; threshold abs>=0.90
numeric_correlation,직장__연령대_60_이상_직장_인구_수,직장__여성연령대_60_이상_직장_인구_수,pearson_and_spearman,0.9781418669442845,0.9696609305964433,20000,deterministic discovery sample; threshold abs>=0.90
numeric_correlation,직장__연령대_60_이상_직장_인구_수,log1p__직장__총_직장_인구_수,pearson_and_spearman,0.6824765401200418,0.941325140559842,20000,deterministic discovery sample; threshold abs>=0.90
numeric_correlation,직장__남성연령대_10_직장_인구_수,직장__여성연령대_10_직장_인구_수,pearson_and_spearman,0.9226503575555814,0.8310125111306459,20000,deterministic discovery sample; threshold abs>=0.90
numeric_correlation,직장__남성연령대_10_직장_인구_수,시설__고등학교_수,pearson_and_spearman,0.9985464254181124,0.8270949228659992,20000,deterministic discovery sample; threshold abs>=0.90
numeric_correlation,직장__남성연령대_20_직장_인구_수,직장__남성연령대_30_직장_인구_수,pearson_and_spearman,0.9882055550692364,0.9853809871510558,20000,deterministic discovery sample; threshold abs>=0.90
numeric_correlation,직장__남성연령대_20_직장_인구_수,직장__남성연령대_40_직장_인구_수,pearson_and_spearman,0.9860576852900322,0.9676948971919104,20000,deterministic discovery sample; threshold abs>=0.90
numeric_correlation,직장__남성연령대_20_직장_인구_수,직장__남성연령대_50_직장_인구_수,pearson_and_spearman,0.9547594300448381,0.9368094871500582,20000,deterministic discovery sample; threshold abs>=0.90
numeric_correlation,직장__남성연령대_20_직장_인구_수,직장__남성연령대_60_이상_직장_인구_수,pearson_and_spearman,0.9091127398968093,0.8782533062132938,20000,deterministic discovery sample; threshold abs>=0.90
numeric_correlation,직장__남성연령대_20_직장_인구_수,직장__여성연령대_20_직장_인구_수,pearson_and_spearman,0.95837477374504,0.9606595303337371,20000,deterministic discovery sample; threshold abs>=0.90
numeric_correlation,직장__남성연령대_20_직장_인구_수,직장__여성연령대_30_직장_인구_수,pearson_and_spearman,0.9437140213611928,0.9550455588406104,20000,deterministic discovery sample; threshold abs>=0.90
numeric_correlation,직장__남성연령대_20_직장_인구_수,직장__여성연령대_40_직장_인구_수,pearson_and_spearman,0.9536079128328084,0.9354228499487495,20000,deterministic discovery sample; threshold abs>=0.90
numeric_correlation,직장__남성연령대_20_직장_인구_수,직장__여성연령대_50_직장_인구_수,pearson_and_spearman,0.8971670757695629,0.9106914076095945,20000,deterministic discovery sample; threshold abs>=0.90
numeric_correlation,직장__남성연령대_20_직장_인구_수,시설__고등학교_수,pearson_and_spearman,0.9900397140201095,0.7584018131737973,20000,deterministic discovery sample; threshold abs>=0.90
numeric_correlation,직장__남성연령대_20_직장_인구_수,log1p__직장__총_직장_인구_수,pearson_and_spearman,0.6333399942125421,0.9681840485664915,20000,deterministic discovery sample; threshold abs>=0.90
numeric_correlation,직장__남성연령대_30_직장_인구_수,직장__남성연령대_40_직장_인구_수,pearson_and_spearman,0.9933487280826618,0.9899801391419772,20000,deterministic discovery sample; threshold abs>=0.90
numeric_correlation,직장__남성연령대_30_직장_인구_수,직장__남성연령대_50_직장_인구_수,pearson_and_spearman,0.9611831227388629,0.9616060002116863,20000,deterministic discovery sample; threshold abs>=0.90
numeric_correlation,직장__남성연령대_30_직장_인구_수,직장__여성연령대_20_직장_인구_수,pearson_and_spearman,0.948380104832975,0.9614086889587384,20000,deterministic discovery sample; threshold abs>=0.90
numeric_correlation,직장__남성연령대_30_직장_인구_수,직장__여성연령대_30_직장_인구_수,pearson_and_spearman,0.9465594032862171,0.9687288981770193,20000,deterministic discovery sample; threshold abs>=0.90
numeric_correlation,직장__남성연령대_30_직장_인구_수,직장__여성연령대_40_직장_인구_수,pearson_and_spearman,0.9421882954449973,0.9525771115772893,20000,deterministic discovery sample; threshold abs>=0.90
numeric_correlation,직장__남성연령대_30_직장_인구_수,직장__여성연령대_50_직장_인구_수,pearson_and_spearman,0.863315965757709,0.9240195415232103,20000,deterministic discovery sample; threshold abs>=0.90
numeric_correlation,직장__남성연령대_30_직장_인구_수,시설__고등학교_수,pearson_and_spearman,0.9421530572023886,0.7583794098274825,20000,deterministic discovery sample; threshold abs>=0.90
numeric_correlation,직장__남성연령대_30_직장_인구_수,log1p__직장__총_직장_인구_수,pearson_and_spearman,0.6130946226256571,0.98344303740698,20000,deterministic discovery sample; threshold abs>=0.90
numeric_correlation,직장__남성연령대_40_직장_인구_수,직장__남성연령대_50_직장_인구_수,pearson_and_spearman,0.9812340614300123,0.9833520302670394,20000,deterministic discovery sample; threshold abs>=0.90
numeric_correlation,직장__남성연령대_40_직장_인구_수,직장__남성연령대_60_이상_직장_인구_수,pearson_and_spearman,0.9016254937187157,0.9154350702162908,20000,deterministic discovery sample; threshold abs>=0.90
numeric_correlation,직장__남성연령대_40_직장_인구_수,직장__여성연령대_20_직장_인구_수,pearson_and_spearman,0.9613495027358019,0.9509001091067755,20000,deterministic discovery sample; threshold abs>=0.90
numeric_correlation,직장__남성연령대_40_직장_인구_수,직장__여성연령대_30_직장_인구_수,pearson_and_spearman,0.9622596105861433,0.9662521211001326,20000,deterministic discovery sample; threshold abs>=0.90
numeric_correlation,직장__남성연령대_40_직장_인구_수,직장__여성연령대_40_직장_인구_수,pearson_and_spearman,0.9633644364046094,0.9623429278406261,20000,deterministic discovery sample; threshold abs>=0.90
numeric_correlation,직장__남성연령대_40_직장_인구_수,직장__여성연령대_50_직장_인구_수,pearson_and_spearman,0.8840988955561613,0.9367810225478218,20000,deterministic discovery sample; threshold abs>=0.90
numeric_correlation,직장__남성연령대_40_직장_인구_수,log1p__직장__총_직장_인구_수,pearson_and_spearman,0.6285166951437359,0.9897817101678423,20000,deterministic discovery sample; threshold abs>=0.90
numeric_correlation,직장__남성연령대_50_직장_인구_수,직장__남성연령대_60_이상_직장_인구_수,pearson_and_spearman,0.8910228880254655,0.9370309326172751,20000,deterministic discovery sample; threshold abs>=0.90
numeric_correlation,직장__남성연령대_50_직장_인구_수,직장__여성연령대_20_직장_인구_수,pearson_and_spearman,0.9419115646622579,0.9225456630627212,20000,deterministic discovery sample; threshold abs>=0.90
numeric_correlation,직장__남성연령대_50_직장_인구_수,직장__여성연령대_30_직장_인구_수,pearson_and_spearman,0.9463743562886727,0.9453454802834266,20000,deterministic discovery sample; threshold abs>=0.90
numeric_correlation,직장__남성연령대_50_직장_인구_수,직장__여성연령대_40_직장_인구_수,pearson_and_spearman,0.9505897877014601,0.9546044641883302,20000,deterministic discovery sample; threshold abs>=0.90
numeric_correlation,직장__남성연령대_50_직장_인구_수,직장__여성연령대_50_직장_인구_수,pearson_and_spearman,0.8728016842264117,0.9408226940271536,20000,deterministic discovery sample; threshold abs>=0.90
numeric_correlation,직장__남성연령대_50_직장_인구_수,log1p__직장__총_직장_인구_수,pearson_and_spearman,0.6399365131565032,0.9812217363598322,20000,deterministic discovery sample; threshold abs>=0.90
numeric_correlation,직장__남성연령대_60_이상_직장_인구_수,직장__여성연령대_40_직장_인구_수,pearson_and_spearman,0.902914076742007,0.915791301198482,20000,deterministic discovery sample; threshold abs>=0.90
numeric_correlation,직장__남성연령대_60_이상_직장_인구_수,직장__여성연령대_50_직장_인구_수,pearson_and_spearman,0.9256751744202496,0.9369946958600265,20000,deterministic discovery sample; threshold abs>=0.90
numeric_correlation,직장__남성연령대_60_이상_직장_인구_수,직장__여성연령대_60_이상_직장_인구_수,pearson_and_spearman,0.9501800440417465,0.9392379626234552,20000,deterministic discovery sample; threshold abs>=0.90
numeric_correlation,직장__남성연령대_60_이상_직장_인구_수,log1p__직장__총_직장_인구_수,pearson_and_spearman,0.6866617843732994,0.9386657412877064,20000,deterministic discovery sample; threshold abs>=0.90
numeric_correlation,직장__여성연령대_10_직장_인구_수,시설__고등학교_수,pearson_and_spearman,0.9985419008571762,0.8075412957380287,20000,deterministic discovery sample; threshold abs>=0.90
numeric_correlation,직장__여성연령대_10_직장_인구_수,구성비__직장__연령대_10_직장_인구_수,pearson_and_spearman,0.5240515360812369,0.9325840236187612,20000,deterministic discovery sample; threshold abs>=0.90
numeric_correlation,직장__여성연령대_20_직장_인구_수,직장__여성연령대_30_직장_인구_수,pearson_and_spearman,0.9917206193508262,0.9846286929687303,20000,deterministic discovery sample; threshold abs>=0.90
numeric_correlation,직장__여성연령대_20_직장_인구_수,직장__여성연령대_40_직장_인구_수,pearson_and_spearman,0.9779451199409837,0.9542989947245286,20000,deterministic discovery sample; threshold abs>=0.90
numeric_correlation,직장__여성연령대_20_직장_인구_수,직장__여성연령대_50_직장_인구_수,pearson_and_spearman,0.8777894457108114,0.9186196739411652,20000,deterministic discovery sample; threshold abs>=0.90
numeric_correlation,직장__여성연령대_20_직장_인구_수,시설__고등학교_수,pearson_and_spearman,0.9890483696028914,0.758211862573875,20000,deterministic discovery sample; threshold abs>=0.90
numeric_correlation,직장__여성연령대_20_직장_인구_수,log1p__직장__총_직장_인구_수,pearson_and_spearman,0.6191787090807902,0.9648563762261334,20000,deterministic discovery sample; threshold abs>=0.90
numeric_correlation,직장__여성연령대_30_직장_인구_수,직장__여성연령대_40_직장_인구_수,pearson_and_spearman,0.9801370330304899,0.9811973064366175,20000,deterministic discovery sample; threshold abs>=0.90
numeric_correlation,직장__여성연령대_30_직장_인구_수,직장__여성연령대_50_직장_인구_수,pearson_and_spearman,0.8562631674229938,0.9434806987411203,20000,deterministic discovery sample; threshold abs>=0.90
numeric_correlation,직장__여성연령대_30_직장_인구_수,시설__고등학교_수,pearson_and_spearman,0.9624354884498497,0.7583445641236043,20000,deterministic discovery sample; threshold abs>=0.90
numeric_correlation,직장__여성연령대_30_직장_인구_수,log1p__직장__총_직장_인구_수,pearson_and_spearman,0.596779751041697,0.9795414573831592,20000,deterministic discovery sample; threshold abs>=0.90
numeric_correlation,직장__여성연령대_40_직장_인구_수,직장__여성연령대_50_직장_인구_수,pearson_and_spearman,0.9290176827752143,0.9768113154395196,20000,deterministic discovery sample; threshold abs>=0.90
numeric_correlation,직장__여성연령대_40_직장_인구_수,시설__고등학교_수,pearson_and_spearman,0.9390904929801442,0.7586014565536278,20000,deterministic discovery sample; threshold abs>=0.90
numeric_correlation,직장__여성연령대_40_직장_인구_수,log1p__직장__총_직장_인구_수,pearson_and_spearman,0.6404559629413941,0.9822600584754212,20000,deterministic discovery sample; threshold abs>=0.90
numeric_correlation,직장__여성연령대_50_직장_인구_수,직장__여성연령대_60_이상_직장_인구_수,pearson_and_spearman,0.9243614150671697,0.9358096776680931,20000,deterministic discovery sample; threshold abs>=0.90
numeric_correlation,직장__여성연령대_50_직장_인구_수,시설__고등학교_수,pearson_and_spearman,0.9640695036272643,0.7583524454696062,20000,deterministic discovery sample; threshold abs>=0.90
numeric_correlation,직장__여성연령대_50_직장_인구_수,log1p__직장__총_직장_인구_수,pearson_and_spearman,0.6320137316050303,0.9652743692533351,20000,deterministic discovery sample; threshold abs>=0.90
numeric_correlation,직장__여성연령대_60_이상_직장_인구_수,시설__고등학교_수,pearson_and_spearman,0.9653041407818753,0.7582898162921032,20000,deterministic discovery sample; threshold abs>=0.90
numeric_correlation,직장__여성연령대_60_이상_직장_인구_수,log1p__직장__총_직장_인구_수,pearson_and_spearman,0.6518125633653076,0.913639436919378,20000,deterministic discovery sample; threshold abs>=0.90
numeric_correlation,시설__집객시설_수,시설__약국_수,pearson_and_spearman,0.9051241337204169,0.8367139286320758,20000,deterministic discovery sample; threshold abs>=0.90
numeric_correlation,시설__집객시설_수,시설__고등학교_수,pearson_and_spearman,0.9197758134501064,0.766234832315194,20000,deterministic discovery sample; threshold abs>=0.90
numeric_correlation,시설__집객시설_수,log1p__시설__집객시설_수,pearson_and_spearman,0.7831876631155176,1.0,20000,deterministic discovery sample; threshold abs>=0.90
numeric_correlation,시설__유치원_수,시설__대학교_수,pearson_and_spearman,1.0,1.0,20000,deterministic discovery sample; threshold abs>=0.90
numeric_correlation,시설__고등학교_수,시설__슈퍼마켓_수,pearson_and_spearman,-0.9999999999999999,-1.0,20000,deterministic discovery sample; threshold abs>=0.90
numeric_correlation,시설__고등학교_수,시설__극장_수,pearson_and_spearman,0.9999999999999998,1.0,20000,deterministic discovery sample; threshold abs>=0.90
numeric_correlation,시설__고등학교_수,시설__지하철_역_수,pearson_and_spearman,1.0,1.0,20000,deterministic discovery sample; threshold abs>=0.90
numeric_correlation,시설__고등학교_수,유동인구_대비_상주인구_비율,pearson_and_spearman,0.9435986116408016,0.7546158069845949,20000,deterministic discovery sample; threshold abs>=0.90
numeric_correlation,시설__고등학교_수,면적당_직장인구,pearson_and_spearman,0.9447683146384197,0.7582114479907154,20000,deterministic discovery sample; threshold abs>=0.90
numeric_correlation,시설__백화점_수,아파트__아파트_면적_165_제곱미터_세대_수,pearson_and_spearman,0.9950016503820717,0.8800690490526744,20000,deterministic discovery sample; threshold abs>=0.90
numeric_correlation,시설__백화점_수,아파트__아파트_가격_6_억_이상_세대_수,pearson_and_spearman,0.921617477597383,0.7933277335767487,20000,deterministic discovery sample; threshold abs>=0.90
numeric_correlation,시설__백화점_수,아파트__아파트_평균_시가,pearson_and_spearman,0.9619824561439976,0.5972660009515994,20000,deterministic discovery sample; threshold abs>=0.90
numeric_correlation,아파트__아파트_단지_수,아파트__아파트_면적_66_제곱미터_미만_세대_수,pearson_and_spearman,0.9830263196166625,0.9751694678061723,20000,deterministic discovery sample; threshold abs>=0.90
numeric_correlation,아파트__아파트_단지_수,아파트__아파트_가격_1_억_세대_수,pearson_and_spearman,0.9088735062598867,0.9016399018690194,20000,deterministic discovery sample; threshold abs>=0.90
numeric_correlation,아파트__아파트_단지_수,log1p__아파트__아파트_단지_수,pearson_and_spearman,0.783960091420976,1.0,20000,deterministic discovery sample; threshold abs>=0.90
numeric_correlation,아파트__아파트_면적_66_제곱미터_미만_세대_수,아파트__아파트_가격_1_억_세대_수,pearson_and_spearman,0.9400714311971167,0.9394113587407927,20000,deterministic discovery sample; threshold abs>=0.90
numeric_correlation,아파트__아파트_면적_66_제곱미터_미만_세대_수,log1p__아파트__아파트_단지_수,pearson_and_spearman,0.7680891404091498,0.9751694678061723,20000,deterministic discovery sample; threshold abs>=0.90
numeric_correlation,아파트__아파트_가격_1_억_세대_수,log1p__아파트__아파트_단지_수,pearson_and_spearman,0.6956270621145718,0.9016399018690194,20000,deterministic discovery sample; threshold abs>=0.90
numeric_correlation,아파트__아파트_평균_시가,log1p__아파트__아파트_평균_시가,pearson_and_spearman,0.8865619178901208,0.9999999968050302,20000,deterministic discovery sample; threshold abs>=0.90
numeric_correlation,점포당_거래건수,log1p__당월_매출_건수,pearson_and_spearman,0.37750898906666813,0.908267290486896,20000,deterministic discovery sample; threshold abs>=0.90
numeric_correlation,구성비__주중_매출_금액,구성비__주중_매출_건수,pearson_and_spearman,0.8969562470953085,0.9000176316666579,20000,deterministic discovery sample; threshold abs>=0.90
numeric_correlation,구성비__주중_매출_금액,구성비__주말_매출_건수,pearson_and_spearman,-0.896956246881097,-0.9000176327417074,20000,deterministic discovery sample; threshold abs>=0.90
numeric_correlation,구성비__일요일_매출_금액,구성비__일요일_매출_건수,pearson_and_spearman,0.9097984647107434,0.9473349867702006,20000,deterministic discovery sample; threshold abs>=0.90
numeric_correlation,구성비__시간대_00~06_매출_금액,구성비__시간대_건수~06_매출_건수,pearson_and_spearman,0.9482927666035801,0.9965886584805695,20000,deterministic discovery sample; threshold abs>=0.90
numeric_correlation,구성비__시간대_06~11_매출_금액,구성비__시간대_건수~11_매출_건수,pearson_and_spearman,0.8596295427738685,0.9505828298956821,20000,deterministic discovery sample; threshold abs>=0.90
numeric_correlation,구성비__시간대_14~17_매출_금액,구성비__시간대_건수~17_매출_건수,pearson_and_spearman,0.889958759863581,0.903078114473222,20000,deterministic discovery sample; threshold abs>=0.90
numeric_correlation,구성비__시간대_21~24_매출_금액,구성비__시간대_건수~24_매출_건수,pearson_and_spearman,0.9518339042815713,0.9802934490788315,20000,deterministic discovery sample; threshold abs>=0.90
numeric_correlation,구성비__연령대_10_매출_금액,구성비__연령대_10_매출_건수,pearson_and_spearman,0.8868535709234091,0.9756552797400132,20000,deterministic discovery sample; threshold abs>=0.90
numeric_correlation,구성비__연령대_20_매출_금액,구성비__연령대_20_매출_건수,pearson_and_spearman,0.9247487136485333,0.9411503705191185,20000,deterministic discovery sample; threshold abs>=0.90
numeric_correlation,구성비__연령대_40_매출_금액,구성비__연령대_40_매출_건수,pearson_and_spearman,0.9056671366642511,0.8452601982279326,20000,deterministic discovery sample; threshold abs>=0.90
numeric_correlation,구성비__연령대_60_이상_매출_금액,구성비__연령대_60_이상_매출_건수,pearson_and_spearman,0.9086053315598512,0.9321566745959801,20000,deterministic discovery sample; threshold abs>=0.90
numeric_correlation,구성비__주중_매출_건수,구성비__주말_매출_건수,pearson_and_spearman,-0.9999999999999848,-0.999999999995874,20000,deterministic discovery sample; threshold abs>=0.90
numeric_correlation,구성비__남성_매출_건수,구성비__여성_매출_건수,pearson_and_spearman,-0.9063299323708934,-0.8882852972299567,20000,deterministic discovery sample; threshold abs>=0.90
numeric_correlation,구성비__유동__남성_유동인구_수,구성비__유동__여성_유동인구_수,pearson_and_spearman,-0.999999986292027,-0.9999999505884967,20000,deterministic discovery sample; threshold abs>=0.90
numeric_correlation,구성비__유동__시간대_00_06_유동인구_수,구성비__유동__시간대_11_14_유동인구_수,pearson_and_spearman,-0.9244329604713731,-0.9485119570811184,20000,deterministic discovery sample; threshold abs>=0.90
numeric_correlation,구성비__유동__시간대_00_06_유동인구_수,구성비__유동__시간대_14_17_유동인구_수,pearson_and_spearman,-0.974549052943932,-0.9828542458960758,20000,deterministic discovery sample; threshold abs>=0.90
numeric_correlation,구성비__유동__시간대_11_14_유동인구_수,구성비__유동__시간대_14_17_유동인구_수,pearson_and_spearman,0.967073512805069,0.9719887315788742,20000,deterministic discovery sample; threshold abs>=0.90
numeric_correlation,구성비__유동__시간대_11_14_유동인구_수,구성비__유동__시간대_21_24_유동인구_수,pearson_and_spearman,-0.9469889960718484,-0.8790852789359012,20000,deterministic discovery sample; threshold abs>=0.90
numeric_correlation,구성비__유동__화요일_유동인구_수,구성비__유동__수요일_유동인구_수,pearson_and_spearman,0.9723196352347598,0.9373851693119984,20000,deterministic discovery sample; threshold abs>=0.90
numeric_correlation,구성비__유동__화요일_유동인구_수,구성비__유동__목요일_유동인구_수,pearson_and_spearman,0.9385297798871489,0.9137406140365144,20000,deterministic discovery sample; threshold abs>=0.90
numeric_correlation,구성비__유동__화요일_유동인구_수,구성비__유동__토요일_유동인구_수,pearson_and_spearman,-0.9624733084437483,-0.9323496403100708,20000,deterministic discovery sample; threshold abs>=0.90
numeric_correlation,구성비__유동__화요일_유동인구_수,구성비__유동__일요일_유동인구_수,pearson_and_spearman,-0.9374815355382331,-0.8901642384017774,20000,deterministic discovery sample; threshold abs>=0.90
numeric_correlation,구성비__유동__수요일_유동인구_수,구성비__유동__목요일_유동인구_수,pearson_and_spearman,0.9636020229637527,0.9508367464235795,20000,deterministic discovery sample; threshold abs>=0.90
numeric_correlation,구성비__유동__수요일_유동인구_수,구성비__유동__토요일_유동인구_수,pearson_and_spearman,-0.9516478076192975,-0.8967210137778276,20000,deterministic discovery sample; threshold abs>=0.90
numeric_correlation,구성비__유동__수요일_유동인구_수,구성비__유동__일요일_유동인구_수,pearson_and_spearman,-0.953717080724637,-0.9330540050335089,20000,deterministic discovery sample; threshold abs>=0.90
numeric_correlation,구성비__유동__목요일_유동인구_수,구성비__유동__금요일_유동인구_수,pearson_and_spearman,0.9133851625133952,0.8637467317077708,20000,deterministic discovery sample; threshold abs>=0.90
numeric_correlation,구성비__유동__목요일_유동인구_수,구성비__유동__토요일_유동인구_수,pearson_and_spearman,-0.9412657818432731,-0.8672167462139581,20000,deterministic discovery sample; threshold abs>=0.90
numeric_correlation,구성비__유동__목요일_유동인구_수,구성비__유동__일요일_유동인구_수,pearson_and_spearman,-0.9752174566873479,-0.9613419553848087,20000,deterministic discovery sample; threshold abs>=0.90
numeric_correlation,구성비__유동__금요일_유동인구_수,구성비__유동__일요일_유동인구_수,pearson_and_spearman,-0.9521744113140053,-0.9292267419866174,20000,deterministic discovery sample; threshold abs>=0.90
numeric_correlation,구성비__상주__남성_상주인구_수,구성비__상주__여성_상주인구_수,pearson_and_spearman,-0.9999999999999176,-1.0,20000,deterministic discovery sample; threshold abs>=0.90
numeric_correlation,구성비__직장__남성_직장_인구_수,구성비__직장__여성_직장_인구_수,pearson_and_spearman,-0.9999999999999698,-1.0,20000,deterministic discovery sample; threshold abs>=0.90
numeric_correlation,유동인구_대비_직장인구_비율,상주인구_대비_직장인구_비율,pearson_and_spearman,0.8613153642319081,0.9165144226822014,20000,deterministic discovery sample; threshold abs>=0.90
numeric_correlation,유동인구_대비_직장인구_비율,면적당_직장인구,pearson_and_spearman,-0.16215689078133777,-0.915688453150309,20000,deterministic discovery sample; threshold abs>=0.90
numeric_correlation,상주인구_대비_직장인구_비율,면적당_직장인구,pearson_and_spearman,-0.24340617785658267,-0.947083934924523,20000,deterministic discovery sample; threshold abs>=0.90
numeric_correlation,점포당_상주인구,점포당_가구,pearson_and_spearman,0.9720269859134615,0.9802172348389863,20000,deterministic discovery sample; threshold abs>=0.90
numeric_correlation,면적당_상주인구,면적당_가구,pearson_and_spearman,0.9035881186130643,0.9323442977112676,20000,deterministic discovery sample; threshold abs>=0.90
numeric_correlation,최근_2분기_매출_평균,최근_2분기_매출_최소,pearson_and_spearman,0.9984667368572067,0.9898637888425165,20000,deterministic discovery sample; threshold abs>=0.90
numeric_correlation,최근_2분기_매출_평균,최근_2분기_매출_최대,pearson_and_spearman,0.9986313989605573,0.997511905540687,20000,deterministic discovery sample; threshold abs>=0.90
numeric_correlation,최근_2분기_매출_평균,최근_4분기_매출_평균,pearson_and_spearman,0.9987447499405648,0.9933630939910842,20000,deterministic discovery sample; threshold abs>=0.90
numeric_correlation,최근_2분기_매출_평균,최근_4분기_매출_최소,pearson_and_spearman,0.9950376411773729,0.9763652775974669,20000,deterministic discovery sample; threshold abs>=0.90
numeric_correlation,최근_2분기_매출_평균,최근_4분기_매출_최대,pearson_and_spearman,0.9961135768307545,0.9861123323305928,20000,deterministic discovery sample; threshold abs>=0.90
numeric_correlation,최근_2분기_매출_평균,log1p__당월_매출_금액,pearson_and_spearman,0.22367398418715453,0.9906924875328283,20000,deterministic discovery sample; threshold abs>=0.90
numeric_correlation,최근_2분기_매출_최소,최근_2분기_매출_최대,pearson_and_spearman,0.9942051473990904,0.9783456303750903,20000,deterministic discovery sample; threshold abs>=0.90
numeric_correlation,최근_2분기_매출_최소,최근_4분기_매출_평균,pearson_and_spearman,0.9974563785914208,0.9837163363620196,20000,deterministic discovery sample; threshold abs>=0.90
numeric_correlation,최근_2분기_매출_최소,최근_4분기_매출_최소,pearson_and_spearman,0.9953521069942985,0.985373891820836,20000,deterministic discovery sample; threshold abs>=0.90
numeric_correlation,최근_2분기_매출_최소,최근_4분기_매출_최대,pearson_and_spearman,0.9925521517698551,0.9674671554280082,20000,deterministic discovery sample; threshold abs>=0.90
numeric_correlation,최근_2분기_매출_최소,log1p__당월_매출_금액,pearson_and_spearman,0.2144154864887308,0.9859620576965195,20000,deterministic discovery sample; threshold abs>=0.90
numeric_correlation,최근_2분기_매출_최대,최근_4분기_매출_평균,pearson_and_spearman,0.9977725393344816,0.99144728451488,20000,deterministic discovery sample; threshold abs>=0.90
numeric_correlation,최근_2분기_매출_최대,최근_4분기_매출_최소,pearson_and_spearman,0.9926206070649298,0.9662122986978652,20000,deterministic discovery sample; threshold abs>=0.90
numeric_correlation,최근_2분기_매출_최대,최근_4분기_매출_최대,pearson_and_spearman,0.9972072360154941,0.9889783728521755,20000,deterministic discovery sample; threshold abs>=0.90
numeric_correlation,최근_2분기_매출_최대,log1p__당월_매출_금액,pearson_and_spearman,0.2317914286383755,0.986179827724073,20000,deterministic discovery sample; threshold abs>=0.90
numeric_correlation,최근_4분기_매출_평균,최근_4분기_매출_최소,pearson_and_spearman,0.9969598559009226,0.9793802351097901,20000,deterministic discovery sample; threshold abs>=0.90
numeric_correlation,최근_4분기_매출_평균,최근_4분기_매출_최대,pearson_and_spearman,0.9974551107503231,0.9941401146879666,20000,deterministic discovery sample; threshold abs>=0.90
numeric_correlation,최근_4분기_매출_평균,log1p__당월_매출_금액,pearson_and_spearman,0.2868907175712631,0.9834868481184249,20000,deterministic discovery sample; threshold abs>=0.90
numeric_correlation,최근_4분기_매출_최소,최근_4분기_매출_최대,pearson_and_spearman,0.9899664038123073,0.9573104094004012,20000,deterministic discovery sample; threshold abs>=0.90
numeric_correlation,최근_4분기_매출_최소,log1p__당월_매출_금액,pearson_and_spearman,0.26936269666234997,0.9723431200724238,20000,deterministic discovery sample; threshold abs>=0.90
numeric_correlation,최근_4분기_매출_최대,log1p__당월_매출_금액,pearson_and_spearman,0.29935529742300154,0.9748197962042006,20000,deterministic discovery sample; threshold abs>=0.90
numeric_correlation,log1p__상주__총_상주인구_수,log1p__상주__총_가구_수,pearson_and_spearman,0.9732811124085818,0.9617973125249863,20000,deterministic discovery sample; threshold abs>=0.90
categorical_association,기준_년분기_코드,상권_구분_코드,cramers_v,0.0,5.803685546121255e-07,122011,MI=8.25196e-07; one_to_one=False; min_positive_cell=237; top100 pooled for V
categorical_association,기준_년분기_코드,상권_구분_코드_명,cramers_v,0.0,5.803685546121255e-07,122011,MI=8.25196e-07; one_to_one=False; min_positive_cell=237; top100 pooled for V
categorical_association,기준_년분기_코드,상권_코드,cramers_v,0.0,0.00039949945088534923,122011,MI=0.00176063; one_to_one=False; min_positive_cell=33; top100 pooled for V
categorical_association,기준_년분기_코드,상권_코드_명,cramers_v,0.0,0.0003994994508853492,122011,MI=0.00176063; one_to_one=False; min_positive_cell=33; top100 pooled for V
categorical_association,기준_년분기_코드,서비스_업종_코드,cramers_v,0.0,4.421268146468546e-05,122011,MI=0.00012318; one_to_one=False; min_positive_cell=10; top100 pooled for V
categorical_association,기준_년분기_코드,서비스_업종_코드_명,cramers_v,0.0,4.421268146468546e-05,122011,MI=0.00012318; one_to_one=False; min_positive_cell=10; top100 pooled for V
categorical_association,기준_년분기_코드,변화__상권_변화_지표,cramers_v,0.0023143447763497803,4.4697836768727925e-05,122011,MI=6.93413e-05; one_to_one=False; min_positive_cell=2353; top100 pooled for V
categorical_association,기준_년분기_코드,변화__상권_변화_지표_명,cramers_v,0.0023143447763497803,4.4697836768727925e-05,122011,MI=6.93413e-05; one_to_one=False; min_positive_cell=2353; top100 pooled for V
categorical_association,기준_년분기_코드,공간__상권_구분_코드,cramers_v,0.0,5.803685546121255e-07,122011,MI=8.25196e-07; one_to_one=False; min_positive_cell=237; top100 pooled for V
categorical_association,기준_년분기_코드,공간__상권_구분_코드_명,cramers_v,0.0,5.803685546121255e-07,122011,MI=8.25196e-07; one_to_one=False; min_positive_cell=237; top100 pooled for V
categorical_association,기준_년분기_코드,공간__상권_코드_명,cramers_v,0.0,0.0003994994508853492,122011,MI=0.00176063; one_to_one=False; min_positive_cell=33; top100 pooled for V
categorical_association,기준_년분기_코드,공간__자치구_코드,cramers_v,0.0,5.422848171078657e-06,122011,MI=1.34865e-05; one_to_one=False; min_positive_cell=535; top100 pooled for V
categorical_association,기준_년분기_코드,공간__자치구_명,cramers_v,0.0,5.422848171078657e-06,122011,MI=1.34865e-05; one_to_one=False; min_positive_cell=535; top100 pooled for V
categorical_association,기준_년분기_코드,공간__행정동_코드,cramers_v,0.0,8.237077765140625e-05,122011,MI=0.000310416; one_to_one=False; min_positive_cell=66; top100 pooled for V
categorical_association,기준_년분기_코드,공간__행정동_명,cramers_v,0.0,8.232752998534332e-05,122011,MI=0.000310041; one_to_one=False; min_positive_cell=66; top100 pooled for V
categorical_association,상권_구분_코드,상권_구분_코드_명,cramers_v,1.0,1.0,122011,MI=1.05194; one_to_one=True; min_positive_cell=1430; top100 pooled for V
categorical_association,상권_구분_코드,상권_코드,cramers_v,0.6544692913898251,0.26056299407863454,122011,MI=1.05194; one_to_one=False; min_positive_cell=168; top100 pooled for V
categorical_association,상권_구분_코드,상권_코드_명,cramers_v,0.6544692913898251,0.26056299407863454,122011,MI=1.05194; one_to_one=False; min_positive_cell=168; top100 pooled for V
categorical_association,상권_구분_코드,서비스_업종_코드,cramers_v,0.24157523932865624,0.034106558004006596,122011,MI=0.0824073; one_to_one=False; min_positive_cell=6; top100 pooled for V
categorical_association,상권_구분_코드,서비스_업종_코드_명,cramers_v,0.24157523932865624,0.034106558004006596,122011,MI=0.0824073; one_to_one=False; min_positive_cell=6; top100 pooled for V
categorical_association,상권_구분_코드,변화__상권_변화_지표,cramers_v,0.1921718897294326,0.048735790826587425,122011,MI=0.0575777; one_to_one=False; min_positive_cell=211; top100 pooled for V
categorical_association,상권_구분_코드,변화__상권_변화_지표_명,cramers_v,0.1921718897294326,0.048735790826587425,122011,MI=0.0575777; one_to_one=False; min_positive_cell=211; top100 pooled for V
categorical_association,상권_구분_코드,공간__상권_구분_코드,cramers_v,1.0,1.0,122011,MI=1.05194; one_to_one=True; min_positive_cell=1430; top100 pooled for V
categorical_association,상권_구분_코드,공간__상권_구분_코드_명,cramers_v,1.0,1.0,122011,MI=1.05194; one_to_one=True; min_positive_cell=1430; top100 pooled for V
categorical_association,상권_구분_코드,공간__상권_코드_명,cramers_v,0.6544692913898251,0.26056299407863454,122011,MI=1.05194; one_to_one=False; min_positive_cell=168; top100 pooled for V
categorical_association,상권_구분_코드,공간__자치구_코드,cramers_v,0.29094152974615767,0.05846015099866373,122011,MI=0.123764; one_to_one=False; min_positive_cell=27; top100 pooled for V
categorical_association,상권_구분_코드,공간__자치구_명,cramers_v,0.29094152974615767,0.05846015099866373,122011,MI=0.123764; one_to_one=False; min_positive_cell=27; top100 pooled for V
categorical_association,상권_구분_코드,공간__행정동_코드,cramers_v,0.46872518728663054,0.14282723730240068,122011,MI=0.485414; one_to_one=False; min_positive_cell=1; top100 pooled for V
categorical_association,상권_구분_코드,공간__행정동_명,cramers_v,0.4668109570797515,0.14191629305584855,122011,MI=0.481952; one_to_one=False; min_positive_cell=1; top100 pooled for V
categorical_association,상권_구분_코드_명,상권_코드,cramers_v,0.6544692913898251,0.26056299407863454,122011,MI=1.05194; one_to_one=False; min_positive_cell=168; top100 pooled for V
categorical_association,상권_구분_코드_명,상권_코드_명,cramers_v,0.6544692913898251,0.26056299407863454,122011,MI=1.05194; one_to_one=False; min_positive_cell=168; top100 pooled for V
categorical_association,상권_구분_코드_명,서비스_업종_코드,cramers_v,0.24157523932865624,0.03410655800400659,122011,MI=0.0824073; one_to_one=False; min_positive_cell=6; top100 pooled for V
categorical_association,상권_구분_코드_명,서비스_업종_코드_명,cramers_v,0.24157523932865624,0.03410655800400659,122011,MI=0.0824073; one_to_one=False; min_positive_cell=6; top100 pooled for V
categorical_association,상권_구분_코드_명,변화__상권_변화_지표,cramers_v,0.1921718897294326,0.04873579082658741,122011,MI=0.0575777; one_to_one=False; min_positive_cell=211; top100 pooled for V
categorical_association,상권_구분_코드_명,변화__상권_변화_지표_명,cramers_v,0.1921718897294326,0.04873579082658742,122011,MI=0.0575777; one_to_one=False; min_positive_cell=211; top100 pooled for V
categorical_association,상권_구분_코드_명,공간__상권_구분_코드,cramers_v,1.0,1.0,122011,MI=1.05194; one_to_one=True; min_positive_cell=1430; top100 pooled for V
categorical_association,상권_구분_코드_명,공간__상권_구분_코드_명,cramers_v,0.9999999999999999,1.0,122011,MI=1.05194; one_to_one=True; min_positive_cell=1430; top100 pooled for V
categorical_association,상권_구분_코드_명,공간__상권_코드_명,cramers_v,0.6544692913898251,0.26056299407863454,122011,MI=1.05194; one_to_one=False; min_positive_cell=168; top100 pooled for V
categorical_association,상권_구분_코드_명,공간__자치구_코드,cramers_v,0.29094152974615767,0.05846015099866374,122011,MI=0.123764; one_to_one=False; min_positive_cell=27; top100 pooled for V
categorical_association,상권_구분_코드_명,공간__자치구_명,cramers_v,0.29094152974615767,0.05846015099866373,122011,MI=0.123764; one_to_one=False; min_positive_cell=27; top100 pooled for V
categorical_association,상권_구분_코드_명,공간__행정동_코드,cramers_v,0.46872518728663065,0.14282723730240068,122011,MI=0.485414; one_to_one=False; min_positive_cell=1; top100 pooled for V
categorical_association,상권_구분_코드_명,공간__행정동_명,cramers_v,0.4668109570797515,0.14191629305584857,122011,MI=0.481952; one_to_one=False; min_positive_cell=1; top100 pooled for V
categorical_association,상권_코드,상권_코드_명,cramers_v,1.0,1.0,122011,MI=7.02242; one_to_one=True; min_positive_cell=204; top100 pooled for V
categorical_association,상권_코드,서비스_업종_코드,cramers_v,0.053389475051527066,0.15612931283938777,122011,MI=0.843319; one_to_one=False; min_positive_cell=1; top100 pooled for V
categorical_association,상권_코드,서비스_업종_코드_명,cramers_v,0.05338947505152707,0.15612931283938777,122011,MI=0.843319; one_to_one=False; min_positive_cell=1; top100 pooled for V
categorical_association,상권_코드,변화__상권_변화_지표,cramers_v,0.4059483996444025,0.293932365766821,122011,MI=1.22472; one_to_one=False; min_positive_cell=39; top100 pooled for V
categorical_association,상권_코드,변화__상권_변화_지표_명,cramers_v,0.4059483996444025,0.293932365766821,122011,MI=1.22472; one_to_one=False; min_positive_cell=39; top100 pooled for V
categorical_association,상권_코드,공간__상권_구분_코드,cramers_v,0.6544692913898251,0.26056299407863454,122011,MI=1.05194; one_to_one=False; min_positive_cell=168; top100 pooled for V
categorical_association,상권_코드,공간__상권_구분_코드_명,cramers_v,0.654469291389825,0.26056299407863454,122011,MI=1.05194; one_to_one=False; min_positive_cell=168; top100 pooled for V
categorical_association,상권_코드,공간__상권_코드_명,cramers_v,1.0,1.0,122011,MI=7.02242; one_to_one=True; min_positive_cell=204; top100 pooled for V
categorical_association,상권_코드,공간__자치구_코드,cramers_v,0.4139471369261669,0.6236766195164841,122011,MI=3.18219; one_to_one=False; min_positive_cell=204; top100 pooled for V
categorical_association,상권_코드,공간__자치구_명,cramers_v,0.41394713692616697,0.6236766195164841,122011,MI=3.18219; one_to_one=False; min_positive_cell=204; top100 pooled for V
categorical_association,상권_코드,공간__행정동_코드,cramers_v,0.5337664693043264,0.899971065680442,122011,MI=5.74528; one_to_one=False; min_positive_cell=39; top100 pooled for V
categorical_association,상권_코드,공간__행정동_명,cramers_v,0.530343052993827,0.8995263600295119,122011,MI=5.74012; one_to_one=False; min_positive_cell=39; top100 pooled for V
categorical_association,상권_코드_명,서비스_업종_코드,cramers_v,0.05338947505152707,0.1561293128393878,122011,MI=0.843319; one_to_one=False; min_positive_cell=1; top100 pooled for V
categorical_association,상권_코드_명,서비스_업종_코드_명,cramers_v,0.053389475051527066,0.15612931283938777,122011,MI=0.843319; one_to_one=False; min_positive_cell=1; top100 pooled for V
categorical_association,상권_코드_명,변화__상권_변화_지표,cramers_v,0.4059483996444025,0.293932365766821,122011,MI=1.22472; one_to_one=False; min_positive_cell=39; top100 pooled for V
categorical_association,상권_코드_명,변화__상권_변화_지표_명,cramers_v,0.4059483996444025,0.293932365766821,122011,MI=1.22472; one_to_one=False; min_positive_cell=39; top100 pooled for V
categorical_association,상권_코드_명,공간__상권_구분_코드,cramers_v,0.654469291389825,0.26056299407863454,122011,MI=1.05194; one_to_one=False; min_positive_cell=168; top100 pooled for V
categorical_association,상권_코드_명,공간__상권_구분_코드_명,cramers_v,0.6544692913898251,0.26056299407863454,122011,MI=1.05194; one_to_one=False; min_positive_cell=168; top100 pooled for V
categorical_association,상권_코드_명,공간__상권_코드_명,cramers_v,1.0,1.0,122011,MI=7.02242; one_to_one=True; min_positive_cell=204; top100 pooled for V
categorical_association,상권_코드_명,공간__자치구_코드,cramers_v,0.41394713692616697,0.6236766195164841,122011,MI=3.18219; one_to_one=False; min_positive_cell=204; top100 pooled for V
categorical_association,상권_코드_명,공간__자치구_명,cramers_v,0.41394713692616697,0.6236766195164841,122011,MI=3.18219; one_to_one=False; min_positive_cell=204; top100 pooled for V
categorical_association,상권_코드_명,공간__행정동_코드,cramers_v,0.5337664693043263,0.899971065680442,122011,MI=5.74528; one_to_one=False; min_positive_cell=39; top100 pooled for V
categorical_association,상권_코드_명,공간__행정동_명,cramers_v,0.530343052993827,0.8995263600295119,122011,MI=5.74012; one_to_one=False; min_positive_cell=39; top100 pooled for V
categorical_association,서비스_업종_코드,서비스_업종_코드_명,cramers_v,1.0,1.0,122011,MI=3.7804; one_to_one=True; min_positive_cell=66; top100 pooled for V
categorical_association,서비스_업종_코드,변화__상권_변화_지표,cramers_v,0.10370469038045985,0.006759339267960663,122011,MI=0.017207; one_to_one=False; min_positive_cell=6; top100 pooled for V
categorical_association,서비스_업종_코드,변화__상권_변화_지표_명,cramers_v,0.10370469038045985,0.006759339267960663,122011,MI=0.017207; one_to_one=False; min_positive_cell=6; top100 pooled for V
categorical_association,서비스_업종_코드,공간__상권_구분_코드,cramers_v,0.24157523932865624,0.03410655800400659,122011,MI=0.0824073; one_to_one=False; min_positive_cell=6; top100 pooled for V
categorical_association,서비스_업종_코드,공간__상권_구분_코드_명,cramers_v,0.24157523932865624,0.034106558004006596,122011,MI=0.0824073; one_to_one=False; min_positive_cell=6; top100 pooled for V
categorical_association,서비스_업종_코드,공간__상권_코드_명,cramers_v,0.05338947505152707,0.15612931283938777,122011,MI=0.843319; one_to_one=False; min_positive_cell=1; top100 pooled for V
categorical_association,서비스_업종_코드,공간__자치구_코드,cramers_v,0.06385618374736535,0.01599580253347223,122011,MI=0.0556861; one_to_one=False; min_positive_cell=1; top100 pooled for V
categorical_association,서비스_업종_코드,공간__자치구_명,cramers_v,0.06385618374736535,0.01599580253347223,122011,MI=0.0556861; one_to_one=False; min_positive_cell=1; top100 pooled for V
categorical_association,서비스_업종_코드,공간__행정동_코드,cramers_v,0.06082241348110257,0.07751243729391176,122011,MI=0.36918; one_to_one=False; min_positive_cell=1; top100 pooled for V
categorical_association,서비스_업종_코드,공간__행정동_명,cramers_v,0.06073469730001484,0.07733278332479794,122011,MI=0.368124; one_to_one=False; min_positive_cell=1; top100 pooled for V
categorical_association,서비스_업종_코드_명,변화__상권_변화_지표,cramers_v,0.10370469038045985,0.006759339267960663,122011,MI=0.017207; one_to_one=False; min_positive_cell=6; top100 pooled for V
categorical_association,서비스_업종_코드_명,변화__상권_변화_지표_명,cramers_v,0.10370469038045985,0.006759339267960663,122011,MI=0.017207; one_to_one=False; min_positive_cell=6; top100 pooled for V
categorical_association,서비스_업종_코드_명,공간__상권_구분_코드,cramers_v,0.24157523932865624,0.03410655800400659,122011,MI=0.0824073; one_to_one=False; min_positive_cell=6; top100 pooled for V
categorical_association,서비스_업종_코드_명,공간__상권_구분_코드_명,cramers_v,0.24157523932865624,0.03410655800400659,122011,MI=0.0824073; one_to_one=False; min_positive_cell=6; top100 pooled for V
categorical_association,서비스_업종_코드_명,공간__상권_코드_명,cramers_v,0.053389475051527066,0.15612931283938777,122011,MI=0.843319; one_to_one=False; min_positive_cell=1; top100 pooled for V
categorical_association,서비스_업종_코드_명,공간__자치구_코드,cramers_v,0.06385618374736535,0.01599580253347223,122011,MI=0.0556861; one_to_one=False; min_positive_cell=1; top100 pooled for V
categorical_association,서비스_업종_코드_명,공간__자치구_명,cramers_v,0.06385618374736535,0.01599580253347223,122011,MI=0.0556861; one_to_one=False; min_positive_cell=1; top100 pooled for V
categorical_association,서비스_업종_코드_명,공간__행정동_코드,cramers_v,0.06082241348110257,0.07751243729391176,122011,MI=0.36918; one_to_one=False; min_positive_cell=1; top100 pooled for V
categorical_association,서비스_업종_코드_명,공간__행정동_명,cramers_v,0.06073469730001484,0.07733278332479794,122011,MI=0.368124; one_to_one=False; min_positive_cell=1; top100 pooled for V
categorical_association,변화__상권_변화_지표,변화__상권_변화_지표_명,cramers_v,1.0,1.0,122011,MI=1.31091; one_to_one=True; min_positive_cell=14584; top100 pooled for V
categorical_association,변화__상권_변화_지표,공간__상권_구분_코드,cramers_v,0.1921718897294326,0.048735790826587425,122011,MI=0.0575777; one_to_one=False; min_positive_cell=211; top100 pooled for V
categorical_association,변화__상권_변화_지표,공간__상권_구분_코드_명,cramers_v,0.19217188972943264,0.04873579082658741,122011,MI=0.0575777; one_to_one=False; min_positive_cell=211; top100 pooled for V
categorical_association,변화__상권_변화_지표,공간__상권_코드_명,cramers_v,0.4059483996444025,0.293932365766821,122011,MI=1.22472; one_to_one=False; min_positive_cell=39; top100 pooled for V
categorical_association,변화__상권_변화_지표,공간__자치구_코드,cramers_v,0.3249489262696039,0.07144707299827427,122011,MI=0.160509; one_to_one=False; min_positive_cell=88; top100 pooled for V
categorical_association,변화__상권_변화_지표,공간__자치구_명,cramers_v,0.324948926269604,0.07144707299827427,122011,MI=0.160509; one_to_one=False; min_positive_cell=88; top100 pooled for V
categorical_association,변화__상권_변화_지표,공간__행정동_코드,cramers_v,0.4313857621923948,0.18983404864950845,122011,MI=0.669753; one_to_one=False; min_positive_cell=1; top100 pooled for V
categorical_association,변화__상권_변화_지표,공간__행정동_명,cramers_v,0.43143914487213925,0.18948957366505584,122011,MI=0.668049; one_to_one=False; min_positive_cell=1; top100 pooled for V
categorical_association,변화__상권_변화_지표_명,공간__상권_구분_코드,cramers_v,0.1921718897294326,0.048735790826587425,122011,MI=0.0575777; one_to_one=False; min_positive_cell=211; top100 pooled for V
categorical_association,변화__상권_변화_지표_명,공간__상권_구분_코드_명,cramers_v,0.1921718897294326,0.04873579082658742,122011,MI=0.0575777; one_to_one=False; min_positive_cell=211; top100 pooled for V
categorical_association,변화__상권_변화_지표_명,공간__상권_코드_명,cramers_v,0.4059483996444025,0.293932365766821,122011,MI=1.22472; one_to_one=False; min_positive_cell=39; top100 pooled for V
categorical_association,변화__상권_변화_지표_명,공간__자치구_코드,cramers_v,0.3249489262696039,0.07144707299827426,122011,MI=0.160509; one_to_one=False; min_positive_cell=88; top100 pooled for V
categorical_association,변화__상권_변화_지표_명,공간__자치구_명,cramers_v,0.3249489262696039,0.07144707299827427,122011,MI=0.160509; one_to_one=False; min_positive_cell=88; top100 pooled for V
categorical_association,변화__상권_변화_지표_명,공간__행정동_코드,cramers_v,0.4313857621923948,0.1898340486495084,122011,MI=0.669753; one_to_one=False; min_positive_cell=1; top100 pooled for V
categorical_association,변화__상권_변화_지표_명,공간__행정동_명,cramers_v,0.43143914487213925,0.18948957366505584,122011,MI=0.668049; one_to_one=False; min_positive_cell=1; top100 pooled for V
categorical_association,공간__상권_구분_코드,공간__상권_구분_코드_명,cramers_v,1.0,1.0,122011,MI=1.05194; one_to_one=True; min_positive_cell=1430; top100 pooled for V
categorical_association,공간__상권_구분_코드,공간__상권_코드_명,cramers_v,0.6544692913898251,0.26056299407863454,122011,MI=1.05194; one_to_one=False; min_positive_cell=168; top100 pooled for V
categorical_association,공간__상권_구분_코드,공간__자치구_코드,cramers_v,0.29094152974615767,0.05846015099866373,122011,MI=0.123764; one_to_one=False; min_positive_cell=27; top100 pooled for V
categorical_association,공간__상권_구분_코드,공간__자치구_명,cramers_v,0.29094152974615767,0.05846015099866373,122011,MI=0.123764; one_to_one=False; min_positive_cell=27; top100 pooled for V
categorical_association,공간__상권_구분_코드,공간__행정동_코드,cramers_v,0.46872518728663054,0.14282723730240068,122011,MI=0.485414; one_to_one=False; min_positive_cell=1; top100 pooled for V
categorical_association,공간__상권_구분_코드,공간__행정동_명,cramers_v,0.4668109570797515,0.14191629305584855,122011,MI=0.481952; one_to_one=False; min_positive_cell=1; top100 pooled for V
categorical_association,공간__상권_구분_코드_명,공간__상권_코드_명,cramers_v,0.6544692913898251,0.26056299407863454,122011,MI=1.05194; one_to_one=False; min_positive_cell=168; top100 pooled for V
categorical_association,공간__상권_구분_코드_명,공간__자치구_코드,cramers_v,0.29094152974615767,0.05846015099866374,122011,MI=0.123764; one_to_one=False; min_positive_cell=27; top100 pooled for V
categorical_association,공간__상권_구분_코드_명,공간__자치구_명,cramers_v,0.29094152974615767,0.05846015099866373,122011,MI=0.123764; one_to_one=False; min_positive_cell=27; top100 pooled for V
categorical_association,공간__상권_구분_코드_명,공간__행정동_코드,cramers_v,0.46872518728663065,0.14282723730240068,122011,MI=0.485414; one_to_one=False; min_positive_cell=1; top100 pooled for V
categorical_association,공간__상권_구분_코드_명,공간__행정동_명,cramers_v,0.4668109570797515,0.14191629305584857,122011,MI=0.481952; one_to_one=False; min_positive_cell=1; top100 pooled for V
categorical_association,공간__상권_코드_명,공간__자치구_코드,cramers_v,0.41394713692616697,0.6236766195164841,122011,MI=3.18219; one_to_one=False; min_positive_cell=204; top100 pooled for V
categorical_association,공간__상권_코드_명,공간__자치구_명,cramers_v,0.41394713692616697,0.6236766195164841,122011,MI=3.18219; one_to_one=False; min_positive_cell=204; top100 pooled for V
categorical_association,공간__상권_코드_명,공간__행정동_코드,cramers_v,0.5337664693043263,0.899971065680442,122011,MI=5.74528; one_to_one=False; min_positive_cell=39; top100 pooled for V
categorical_association,공간__상권_코드_명,공간__행정동_명,cramers_v,0.530343052993827,0.8995263600295119,122011,MI=5.74012; one_to_one=False; min_positive_cell=39; top100 pooled for V
categorical_association,공간__자치구_코드,공간__자치구_명,cramers_v,1.0,1.0,122011,MI=3.18219; one_to_one=True; min_positive_cell=3235; top100 pooled for V
categorical_association,공간__자치구_코드,공간__행정동_코드,cramers_v,0.6888680191685187,0.7127778476188843,122011,MI=3.18165; one_to_one=False; min_positive_cell=414; top100 pooled for V
categorical_association,공간__자치구_코드,공간__행정동_명,cramers_v,0.689028719369763,0.7120334894567891,122011,MI=3.17649; one_to_one=False; min_positive_cell=391; top100 pooled for V
categorical_association,공간__자치구_명,공간__행정동_코드,cramers_v,0.6888680191685187,0.7127778476188843,122011,MI=3.18165; one_to_one=False; min_positive_cell=414; top100 pooled for V
categorical_association,공간__자치구_명,공간__행정동_명,cramers_v,0.6890287193697631,0.7120334894567892,122011,MI=3.17649; one_to_one=False; min_positive_cell=391; top100 pooled for V
categorical_association,공간__행정동_코드,공간__행정동_명,cramers_v,0.9978616758774627,0.9995507795618679,122011,MI=5.74012; one_to_one=False; min_positive_cell=391; top100 pooled for V
vif_structural_drop,최근_4분기_연속_여부,전분기_연속_여부,pairwise_perfect_correlation,1.0,1.0,20000,removed before VIF; Target-independent structural screen
vif_structural_drop,상주__비_아파트_가구_수,상주__총_가구_수,pairwise_perfect_correlation,1.0,1.0,20000,removed before VIF; Target-independent structural screen
vif_structural_drop,시설__대학교_수,시설__유치원_수,pairwise_perfect_correlation,1.0,1.0,20000,removed before VIF; Target-independent structural screen
vif_structural_drop,시설__슈퍼마켓_수,시설__고등학교_수,pairwise_perfect_correlation,-0.9999999999999999,-1.0,20000,removed before VIF; Target-independent structural screen
vif_structural_drop,시설__극장_수,시설__고등학교_수,pairwise_perfect_correlation,0.9999999999999998,1.0,20000,removed before VIF; Target-independent structural screen
vif_structural_drop,시설__지하철_역_수,시설__고등학교_수,pairwise_perfect_correlation,1.0,1.0,20000,removed before VIF; Target-independent structural screen
vif_structural_drop,구성비__주중_매출_금액,주말_매출_비중,pairwise_perfect_correlation,-0.9999999999999932,-0.9999999999688673,20000,removed before VIF; Target-independent structural screen
vif_structural_drop,현재값_대비_최근_2분기_매출_평균_차이,최근_2분기_매출_변화액,pairwise_perfect_correlation,0.9999999999999738,0.9999995466766035,20000,removed before VIF; Target-independent structural screen
linear_design,ALL_NUMERIC_CANDIDATES,,correlation_matrix_condition_number,5.849482558118738e+17,,10000,"after option-A raw-component, reference-share, and perfect-pair removal; pseudoinverse VIF follows"
vif,당월_매출_금액,,pseudoinverse_vif,29.564274539665572,,10000,screening only; recompute after approved structural removal inside train
vif,개업_율,,pseudoinverse_vif,2408.519422754264,,10000,screening only; recompute after approved structural removal inside train
vif,폐업_률,,pseudoinverse_vif,2691.613503191907,,10000,screening only; recompute after approved structural removal inside train
vif,유동__총_유동인구_수,,pseudoinverse_vif,10.156011198525393,,10000,screening only; recompute after approved structural removal inside train
vif,상주__총_상주인구_수,,pseudoinverse_vif,68.8084558976404,,10000,screening only; recompute after approved structural removal inside train
vif,상주__총_가구_수,,pseudoinverse_vif,49.6766478624875,,10000,screening only; recompute after approved structural removal inside train
vif,직장__총_직장_인구_수,,pseudoinverse_vif,17.846659351886917,,10000,screening only; recompute after approved structural removal inside train
vif,시설__집객시설_수,,pseudoinverse_vif,27.87861334805679,,10000,screening only; recompute after approved structural removal inside train
vif,아파트__아파트_단지_수,,pseudoinverse_vif,73.88348155355838,,10000,screening only; recompute after approved structural removal inside train
vif,아파트__아파트_면적_66_제곱미터_미만_세대_수,,pseudoinverse_vif,309.2130271004492,,10000,screening only; recompute after approved structural removal inside train
vif,아파트__아파트_면적_66_제곱미터_세대_수,,pseudoinverse_vif,16.88325468259297,,10000,screening only; recompute after approved structural removal inside train
vif,아파트__아파트_가격_1_억_미만_세대_수,,pseudoinverse_vif,19.419432922775766,,10000,screening only; recompute after approved structural removal inside train
vif,아파트__아파트_가격_1_억_세대_수,,pseudoinverse_vif,154.88050960514107,,10000,screening only; recompute after approved structural removal inside train
vif,아파트__아파트_가격_2_억_세대_수,,pseudoinverse_vif,36.06659011564533,,10000,screening only; recompute after approved structural removal inside train
vif,개업_강도,,pseudoinverse_vif,2407.2736713849968,,10000,screening only; recompute after approved structural removal inside train
vif,폐업_강도,,pseudoinverse_vif,2689.8649216588524,,10000,screening only; recompute after approved structural removal inside train
vif,구성비__토요일_매출_금액,,pseudoinverse_vif,11.275198445397525,,10000,screening only; recompute after approved structural removal inside train
vif,구성비__시간대_00~06_매출_금액,,pseudoinverse_vif,16.554540110187983,,10000,screening only; recompute after approved structural removal inside train
vif,구성비__시간대_11~14_매출_금액,,pseudoinverse_vif,15.27241464011466,,10000,screening only; recompute after approved structural removal inside train
vif,구성비__시간대_14~17_매출_금액,,pseudoinverse_vif,17.812368312490083,,10000,screening only; recompute after approved structural removal inside train
vif,구성비__시간대_17~21_매출_금액,,pseudoinverse_vif,18.417870606297587,,10000,screening only; recompute after approved structural removal inside train
vif,구성비__토요일_매출_건수,,pseudoinverse_vif,11.11927196709091,,10000,screening only; recompute after approved structural removal inside train
vif,구성비__시간대_건수~06_매출_건수,,pseudoinverse_vif,17.298874944196392,,10000,screening only; recompute after approved structural removal inside train
vif,구성비__시간대_건수~11_매출_건수,,pseudoinverse_vif,11.0309175552331,,10000,screening only; recompute after approved structural removal inside train
vif,구성비__시간대_건수~14_매출_건수,,pseudoinverse_vif,17.873614853674745,,10000,screening only; recompute after approved structural removal inside train
vif,구성비__시간대_건수~17_매출_건수,,pseudoinverse_vif,19.411375625762332,,10000,screening only; recompute after approved structural removal inside train
vif,구성비__시간대_건수~21_매출_건수,,pseudoinverse_vif,21.49329896888266,,10000,screening only; recompute after approved structural removal inside train
vif,구성비__유동__연령대_20_유동인구_수,,pseudoinverse_vif,10.458389468466065,,10000,screening only; recompute after approved structural removal inside train
vif,구성비__유동__시간대_00_06_유동인구_수,,pseudoinverse_vif,285.6584223062157,,10000,screening only; recompute after approved structural removal inside train
vif,구성비__유동__시간대_06_11_유동인구_수,,pseudoinverse_vif,13.141405351121474,,10000,screening only; recompute after approved structural removal inside train
vif,구성비__유동__시간대_11_14_유동인구_수,,pseudoinverse_vif,133.83561702654427,,10000,screening only; recompute after approved structural removal inside train
vif,구성비__유동__시간대_14_17_유동인구_수,,pseudoinverse_vif,104.75489272466498,,10000,screening only; recompute after approved structural removal inside train
vif,구성비__유동__시간대_17_21_유동인구_수,,pseudoinverse_vif,86.82883703522457,,10000,screening only; recompute after approved structural removal inside train
vif,구성비__유동__월요일_유동인구_수,,pseudoinverse_vif,12.10021229447449,,10000,screening only; recompute after approved structural removal inside train
vif,구성비__유동__화요일_유동인구_수,,pseudoinverse_vif,32.805507103326775,,10000,screening only; recompute after approved structural removal inside train
vif,구성비__유동__수요일_유동인구_수,,pseudoinverse_vif,50.14154199084062,,10000,screening only; recompute after approved structural removal inside train
vif,구성비__유동__목요일_유동인구_수,,pseudoinverse_vif,44.93931674860719,,10000,screening only; recompute after approved structural removal inside train
vif,구성비__유동__금요일_유동인구_수,,pseudoinverse_vif,14.285550346857349,,10000,screening only; recompute after approved structural removal inside train
vif,구성비__유동__토요일_유동인구_수,,pseudoinverse_vif,71.6466245277155,,10000,screening only; recompute after approved structural removal inside train
vif,점포당_상주인구,,pseudoinverse_vif,81.74041318995481,,10000,screening only; recompute after approved structural removal inside train
vif,면적당_상주인구,,pseudoinverse_vif,43.31535845738908,,10000,screening only; recompute after approved structural removal inside train
vif,면적당_아파트단지,,pseudoinverse_vif,11.212254149879955,,10000,screening only; recompute after approved structural removal inside train
vif,점포당_아파트단지,,pseudoinverse_vif,12.988596950321627,,10000,screening only; recompute after approved structural removal inside train
vif,면적당_가구,,pseudoinverse_vif,31.04384607429952,,10000,screening only; recompute after approved structural removal inside train
vif,점포당_가구,,pseudoinverse_vif,55.19538307991086,,10000,screening only; recompute after approved structural removal inside train
vif,최근_4분기_매출_평균,,pseudoinverse_vif,4527.994581819785,,10000,screening only; recompute after approved structural removal inside train
vif,최근_4분기_매출_표준편차,,pseudoinverse_vif,416.27326894859254,,10000,screening only; recompute after approved structural removal inside train
vif,최근_4분기_매출_최소,,pseudoinverse_vif,8430.412266381572,,10000,screening only; recompute after approved structural removal inside train
vif,최근_4분기_매출_최대,,pseudoinverse_vif,15421.684574701309,,10000,screening only; recompute after approved structural removal inside train
vif,log1p__유동__총_유동인구_수,,pseudoinverse_vif,14.208569584211332,,10000,screening only; recompute after approved structural removal inside train
vif,log1p__상주__총_상주인구_수,,pseudoinverse_vif,94.61775696191131,,10000,screening only; recompute after approved structural removal inside train
vif,log1p__직장__총_직장_인구_수,,pseudoinverse_vif,13.093440987286353,,10000,screening only; recompute after approved structural removal inside train
vif,log1p__시설__집객시설_수,,pseudoinverse_vif,11.23380687766657,,10000,screening only; recompute after approved structural removal inside train
vif,log1p__상주__총_가구_수,,pseudoinverse_vif,84.93326940452879,,10000,screening only; recompute after approved structural removal inside train
vif,log1p__아파트__아파트_평균_시가,,pseudoinverse_vif,12.447512758015105,,10000,screening only; recompute after approved structural removal inside train
