feature,complete_count,target0_count,target1_count,target0_mean,target1_mean,target0_median,target1_median,target0_p25,target1_p25,target0_p75,target1_p75,point_biserial,standardized_effect_cohens_d,mann_whitney_pvalue,univariate_roc_auc_raw_direction,univariate_roc_auc_direction_free,univariate_auprc_high_direction,univariate_auprc_low_direction,univariate_auprc_best_direction,best_direction,quantile_bin_count_target_rate,quantile_target_rate_spearman,missing_count,missing_target_rate,missing_target_lift,early_effect_d,late_effect_d,early_auc_direction_free,late_auc_direction_free,effect_direction_stable,mann_whitney_fdr_bh
기준_연도,122011,95319,26692,2021.9871693995951,2022.0404240971077,2022.0,2022.0,2022.0,2022.0,2022.0,2022.0,0.03812845089154595,0.09229543155901956,1.989701811601518e-40,0.5221768911090188,0.5221768911090188,0.2292922521224247,0.21157602339667103,0.2292922521224247,higher,1:101743.0:0.209312;2:20268.0:0.266232,0.9999999999999999,0,,,0.026190693239532114,0.19203194706837423,0.5061767250178848,0.5450982314413004,True,5.814565488272397e-40
기준_분기,122011,95319,26692,2.5268729214532253,2.411246815525251,3.0,2.0,1.0,1.0,4.0,4.0,-0.03798915354767327,-0.09195775396420575,4.095855566541259e-38,0.47529573186434715,0.5247042681356529,0.21026753763582418,0.23007180994685505,0.23007180994685505,lower,1:60942.0:0.236011;2:20336.0:0.193942;3:40733.0:0.205362,-0.5,0,,,-0.009942562677222253,-0.17723060020438053,0.5000253487646452,0.5433901725310895,True,1.1207750232081082e-37
당월_매출_금액,122011,95319,26692,1165512394.7178211,765805591.2936085,220592326.0,134090002.5,62316366.5,38649156.5,741873801.5,440993657.25,-0.01593884439864725,-0.03855912176727734,0.0,0.42184578896578323,0.5781542110342168,0.1820745163424594,0.2662836103462504,0.2662836103462504,lower,1:12202.0:0.301508;2:12201.0:0.264241;3:12201.0:0.243669;4:12201.0:0.240800;5:12201.0:0.229981;6:12201.0:0.216622;7:12201.0:0.208507;8:12201.0:0.190804;9:12201.0:0.162036;10:12201.0:0.129498,-0.9999999999999999,0,,,-0.03290093140853191,-0.04417100705965775,0.5771332649777692,0.5792558357778567,True,0.0
당월_매출_건수,122011,95319,26692,40921.4955675154,21960.196650681853,5872.0,3335.0,1223.0,687.0,29024.0,14919.5,-0.04933370725493894,-0.11947802169663019,2.393637905038523e-303,0.4255779567086023,0.5744220432913977,0.1826534491862425,0.2621540881164679,0.2621540881164679,lower,1:12209.0:0.296830;2:12199.0:0.264038;3:12200.0:0.242213;4:12198.0:0.232661;5:12203.0:0.233795;6:12198.0:0.225857;7:12201.0:0.203180;8:12201.0:0.183755;9:12201.0:0.171871;10:12201.0:0.133432,-0.9878787878787878,0,,,-0.11653933467966368,-0.12238982761551552,0.5762519211198545,0.5726135454288845,True,2.4844310669537774e-302
주중_매출_금액,122011,95319,26692,875118709.0484269,604548530.9177282,164646008.0,100440629.0,46092116.0,28744636.75,564738274.0,331984574.25,-0.01624932447933419,-0.039310429114819884,0.0,0.42248197526012826,0.5775180247398717,0.1823195997465058,0.26531375274429475,0.26531375274429475,lower,1:12202.0:0.302573;2:12201.0:0.262601;3:12201.0:0.239980;4:12201.0:0.245062;5:12201.0:0.229981;6:12201.0:0.219736;7:12201.0:0.199820;8:12201.0:0.194164;9:12201.0:0.165970;10:12201.0:0.127776,-0.9878787878787878,0,,,-0.03216783692166617,-0.04655092617554315,0.5767739587449847,0.5783670096261846,True,0.0
주말_매출_금액,122011,95319,26692,290393685.6693944,161257060.37588042,46289474.0,26951943.0,10514762.5,5586169.25,164075647.0,97205099.0,-0.013170741341406056,-0.03186126556870854,0.0,0.4243507087286371,0.5756492912713629,0.18314162817053645,0.26140759871303787,0.26140759871303787,lower,1:12202.0:0.292083;2:12201.0:0.270552;3:12201.0:0.248586;4:12201.0:0.235227;5:12201.0:0.232768;6:12201.0:0.213179;7:12201.0:0.204901;8:12201.0:0.188263;9:12201.0:0.172445;10:12201.0:0.129662,-0.9999999999999999,0,,,-0.029214782985784025,-0.03443761674204888,0.5747291712438329,0.5765766237007062,True,0.0
월요일_매출_금액,122011,95319,26692,163166153.8991387,116019945.42780608,29038066.0,17319525.0,7345177.5,4207822.0,104100046.5,60811325.5,-0.015120894418767173,-0.03657987910142694,0.0,0.4241236776106038,0.5758763223893961,0.18314865275839617,0.2622809372141363,0.2622809372141363,lower,1:12202.0:0.295279;2:12201.0:0.266863;3:12201.0:0.244898;4:12201.0:0.237112;5:12201.0:0.232276;6:12201.0:0.220884;7:12201.0:0.203180;8:12201.0:0.191706;9:12201.0:0.164823;10:12201.0:0.130645,-0.9999999999999999,0,,,-0.029056512065505732,-0.04462031466883095,0.5752344995120025,0.5765350328059524,True,0.0
화요일_매출_금액,122011,95319,26692,171407552.80736265,118260432.5227409,30876066.0,18188561.5,7771099.5,4465149.0,108851099.5,62708294.0,-0.016665824727908164,-0.04031830457868882,0.0,0.4210959507267077,0.5789040492732923,0.18205014213219362,0.26474409652592934,0.26474409652592934,lower,1:12202.0:0.300033;2:12201.0:0.266781;3:12201.0:0.246209;4:12201.0:0.239325;5:12201.0:0.232686;6:12201.0:0.223752;7:12201.0:0.196131;8:12201.0:0.189165;9:12201.0:0.164823;10:12201.0:0.128760,-0.9999999999999999,0,,,-0.031588641670475995,-0.04957060539860036,0.579056913573681,0.5788790107539337,True,0.0
수요일_매출_금액,122011,95319,26692,169570312.05517262,119463883.59100105,31198361.0,18437915.0,8140875.0,4693939.0,108493502.0,62808638.5,-0.015561486886636309,-0.03764599776321984,0.0,0.4214626260766243,0.5785373739233757,0.18209841017085698,0.26439135394582014,0.26439135394582014,lower,1:12202.0:0.298967;2:12201.0:0.266863;3:12201.0:0.247029;4:12201.0:0.237440;5:12201.0:0.231293;6:12201.0:0.217441;7:12201.0:0.206377;8:12201.0:0.190230;9:12201.0:0.163675;10:12201.0:0.128350,-0.9999999999999999,0,,,-0.03110863929365152,-0.0443534977452684,0.5781210857599833,0.5790627149368324,True,0.0
목요일_매출_금액,122011,95319,26692,173934328.85870603,120028509.41660422,31494705.0,18709762.0,8229789.0,4804530.25,110639735.0,63274139.5,-0.016071428539090396,-0.038879950758819184,0.0,0.42195140732031755,0.5780485926796824,0.18212082365626697,0.2631362392955686,0.2631362392955686,lower,1:12202.0:0.298476;2:12201.0:0.263913;3:12201.0:0.246291;4:12201.0:0.240308;5:12201.0:0.232850;6:12201.0:0.223178;7:12201.0:0.201623;8:12201.0:0.186952;9:12201.0:0.163593;10:12201.0:0.130481,-0.9999999999999999,0,,,-0.03388631774834981,-0.04360758787139131,0.5777200635525652,0.5785001509273618,True,0.0
금요일_매출_금액,122011,95319,26692,197040361.42804688,130775759.9595759,35445884.0,21010270.0,9214408.5,5342316.0,124681358.0,70855037.75,-0.01663043763737858,-0.04023267169557159,0.0,0.4210623628951168,0.5789376371048832,0.18166375934838544,0.26494489638378654,0.26494489638378654,lower,1:12202.0:0.303557;2:12201.0:0.263175;3:12201.0:0.246537;4:12201.0:0.238177;5:12201.0:0.232522;6:12201.0:0.216212;7:12201.0:0.206295;8:12201.0:0.188017;9:12201.0:0.166298;10:12201.0:0.126875,-0.9999999999999999,0,,,-0.03298983162827005,-0.0474440949069059,0.5785571052766634,0.5794709953385326,True,0.0
토요일_매출_금액,122011,95319,26692,180878735.58242324,101190064.98070583,29893264.0,17274720.5,6986257.5,3585749.75,105064009.5,61735621.5,-0.013790907926637532,-0.033361785998471775,0.0,0.4223856177706935,0.5776143822293065,0.18237825726701198,0.2624999088247205,0.2624999088247205,lower,1:12202.0:0.291510;2:12201.0:0.275961;3:12201.0:0.248914;4:12201.0:0.238013;5:12201.0:0.227850;6:12201.0:0.214818;7:12201.0:0.204409;8:12201.0:0.185559;9:12201.0:0.171789;10:12201.0:0.128842,-0.9999999999999999,0,,,-0.03114379452750271,-0.035512675703219886,0.5770102942097746,0.5782449764619372,True,0.0
일요일_매출_금액,122011,95319,26692,109514950.08697112,60066995.395174585,10916253.0,6151614.5,251155.5,0.0,53861206.0,31983696.0,-0.012066181238663001,-0.029188823600943027,6.853877714406445e-163,0.4460287433450041,0.5539712566549959,0.19046028941490573,0.24225238156876594,0.24225238156876594,lower,1:36604.0:0.246968;2:12201.0:0.254241;3:12201.0:0.234899;4:12201.0:0.233915;5:12201.0:0.207360;6:12201.0:0.199082;7:12201.0:0.179985;8:12201.0:0.137284,-0.9761904761904763,0,,,-0.026010839831892372,-0.03230760930102003,0.5560252232824398,0.5519447696235409,True,3.5569261931661035e-162
시간대_00~06_매출_금액,122011,95319,26692,37033040.35679141,13870194.019219242,0.0,0.0,0.0,0.0,3689655.0,228673.25,-0.010941200270180666,-0.026467083897102166,1.4579044108753865e-238,0.44387139844692947,0.5561286015530705,0.19794161269238797,0.24197443375909236,0.24197443375909236,lower,1:85408.0:0.242706;2:12201.0:0.200148;3:12201.0:0.163839;4:12201.0:0.124744,-1.0,0,,,-0.02779448898825197,-0.02568615655149456,0.5574203798668905,0.5551919249741522,True,9.539765818988943e-238
시간대_06~11_매출_금액,122011,95319,26692,125317761.228968,89041164.3246291,6985309.0,4744158.0,312237.0,78134.25,49906475.5,34243171.25,-0.010903720610408861,-0.02637640870341424,2.2523131370316463e-74,0.46370837980254015,0.5362916201974599,0.19772916831681608,0.23586440803896758,0.23586440803896758,lower,1:36604.0:0.240274;2:12201.0:0.226949;3:12201.0:0.228424;4:12201.0:0.219654;5:12201.0:0.222031;6:12201.0:0.217031;7:12201.0:0.196951;8:12201.0:0.155807,-0.9523809523809524,0,,,-0.02574588486146186,-0.027059463148783443,0.5327446112370995,0.5398773450189185,True,8.369706842549698e-74
시간대_11~14_매출_금액,122011,95319,26692,298112263.57179576,204017042.6187247,41377895.0,26243881.5,7383366.0,5282887.25,170853439.5,97692886.75,-0.014806246190344572,-0.03581852567576548,2.4224323193305984e-175,0.4435740671751318,0.5564259328248682,0.18738095804547342,0.23831059622888398,0.23831059622888398,lower,1:12202.0:0.217915;2:12201.0:0.266126;3:12201.0:0.257028;4:12201.0:0.254241;5:12201.0:0.244570;6:12201.0:0.239243;7:12201.0:0.217031;8:12201.0:0.192033;9:12201.0:0.169248;10:12201.0:0.130235,-0.8181818181818182,0,,,-0.0287228220331586,-0.04298906993345914,0.5508500694223286,0.5619562736277905,True,1.3020573716401968e-174
시간대_14~17_매출_금액,122011,95319,26692,283020277.51743096,240278802.99539188,41343065.0,29145041.5,10073438.5,7343694.75,152849656.5,105319145.0,-0.005302346826515365,-0.012825944814380114,2.5053677301551794e-127,0.4520141386801098,0.5479858613198902,0.19440097749189603,0.23968509756814624,0.23968509756814624,lower,1:12202.0:0.244468;2:12201.0:0.256700;3:12201.0:0.249406;4:12201.0:0.240882;5:12201.0:0.225473;6:12201.0:0.224490;7:12201.0:0.204819;8:12201.0:0.196459;9:12201.0:0.187034;10:12201.0:0.157938,-0.9636363636363635,0,,,-0.006001424245512461,-0.020098154167958952,0.5402672118772639,0.5556457621716756,True,1.0621347701080408e-126
시간대_17~21_매출_금액,122011,95319,26692,324785480.70048994,182440771.25131124,61523447.0,38720362.5,16191564.5,9934356.0,209463389.5,124442256.25,-0.019099428802481454,-0.04620774093584618,6.8409655064183874e-304,0.4255113535116807,0.5744886464883193,0.182154281906997,0.26097248807104095,0.26097248807104095,lower,1:12202.0:0.294542;2:12201.0:0.260552;3:12201.0:0.239571;4:12201.0:0.238013;5:12201.0:0.235309;6:12201.0:0.223752;7:12201.0:0.215556;8:12201.0:0.187280;9:12201.0:0.168593;10:12201.0:0.124498,-0.9999999999999999,0,,,-0.04317015295805314,-0.049054265721614934,0.5741842671893317,0.5747723052693708,True,7.919733143968979e-303
시간대_21~24_매출_금액,122011,95319,26692,97243571.34234518,36157616.084332384,5420456.0,1706663.5,0.0,0.0,47352139.0,18849335.5,-0.055954376155628247,-0.1355595503102819,1.0221979134847815e-304,0.42657306834276176,0.5734269316572382,0.18284768744342342,0.25165562641114814,0.25165562641114814,lower,1:48805.0:0.256429;2:12201.0:0.250553;3:12201.0:0.236784;4:12201.0:0.214163;5:12201.0:0.189083;6:12201.0:0.167363;7:12201.0:0.104008,-1.0,0,,,-0.1519957571949558,-0.124744199704537,0.5832621263871471,0.5640114934389886,True,1.230726287835677e-303
남성_매출_금액,122011,95319,26692,539878981.3846033,329906536.334707,101713750.0,57147469.0,26793636.0,15391682.0,349413098.5,199676737.0,-0.017109343481639002,-0.04139158434174558,0.0,0.4158165941644143,0.5841834058355857,0.17997722822913745,0.2675863235498008,0.2675863235498008,lower,1:12202.0:0.303147;2:12201.0:0.265962;3:12201.0:0.261536;4:12201.0:0.239898;5:12201.0:0.229489;6:12201.0:0.214573;7:12201.0:0.198099;8:12201.0:0.188919;9:12201.0:0.162364;10:12201.0:0.123678,-0.9999999999999999,0,,,-0.036923587307415115,-0.04583033630827089,0.5837055181878975,0.5847419889725449,True,0.0
여성_매출_금액,122011,95319,26692,498713626.3371311,307161860.1151281,87813749.0,55940279.0,23150935.0,15167380.5,314409782.5,189564259.5,-0.021085655217284033,-0.05101510646467365,5.695747757729375e-249,0.4326301445895936,0.5673698554104064,0.185606844138679,0.2553501729571515,0.2553501729571515,lower,1:12202.0:0.281183;2:12201.0:0.257274;3:12201.0:0.250635;4:12201.0:0.242357;5:12201.0:0.224244;6:12201.0:0.222277;7:12201.0:0.208835;8:12201.0:0.188263;9:12201.0:0.175150;10:12201.0:0.137448,-0.9999999999999999,0,,,-0.04549098359906663,-0.0563693657602325,0.5641084281971339,0.5706909012594401,True,4.081952559706052e-248
연령대_10_매출_금액,122011,95319,26692,6017870.151952916,3191264.448786153,325101.0,57050.0,0.0,0.0,2882879.0,1221578.75,-0.0383146095850508,-0.09274671649019925,3.48203360863336e-291,0.429552249380336,0.570447750619664,0.18755734647394376,0.2507828730247276,0.2507828730247276,lower,1:61006.0:0.254647;2:12201.0:0.227768;3:12201.0:0.213507;4:12201.0:0.191460;5:12201.0:0.163101;6:12201.0:0.118597,-1.0,0,,,-0.09125083907693277,-0.09427007411732746,0.5743496374393596,0.5665515407277393,True,2.99454890342469e-290
연령대_20_매출_금액,122011,95319,26692,144524641.04409406,73767796.74748988,17244287.0,8514513.5,2538643.5,1115318.75,79413649.5,38242814.5,-0.031136515037465964,-0.075352168542513,0.0,0.4196997104316694,0.5803002895683306,0.17981951837006901,0.2590596837302718,0.2590596837302718,lower,1:24403.0:0.272467;2:12201.0:0.259979;3:12201.0:0.248258;4:12201.0:0.241128;5:12201.0:0.221293;6:12201.0:0.208917;7:12201.0:0.189821;8:12201.0:0.159413;9:12201.0:0.113925,-1.0,0,,,-0.07665238364862383,-0.07407269444666599,0.5869200660732838,0.5736827077329709,True,0.0
연령대_30_매출_금액,122011,95319,26692,211903331.06364942,119246802.84107597,33367232.0,18221686.0,7193907.5,3685826.25,127453118.0,69554331.25,-0.020283367662349023,-0.04907321926440483,0.0,0.4185286170093845,0.5814713829906155,0.18053127981817454,0.2654198568136989,0.2654198568136989,lower,1:12202.0:0.299213;2:12201.0:0.267929;3:12201.0:0.249406;4:12201.0:0.245963;5:12201.0:0.230555;6:12201.0:0.219818;7:12201.0:0.202279;8:12201.0:0.183346;9:12201.0:0.165150;10:12201.0:0.124006,-0.9999999999999999,0,,,-0.04439713894920501,-0.05380786733193707,0.5857135134846367,0.5773166397851691,True,0.0
연령대_40_매출_금액,122011,95319,26692,236993331.0646566,154017664.5325191,42931188.0,25768657.5,10975175.5,6312505.0,147159030.0,87507037.5,-0.016594763288118364,-0.04014634383086274,0.0,0.4231618313167436,0.5768381686832564,0.18255754906586077,0.2632076799065864,0.2632076799065864,lower,1:12202.0:0.296263;2:12201.0:0.264323;3:12201.0:0.244078;4:12201.0:0.244980;5:12201.0:0.232276;6:12201.0:0.215802;7:12201.0:0.204000;8:12201.0:0.189083;9:12201.0:0.165642;10:12201.0:0.131219,-0.9878787878787878,0,,,-0.032303534296530975,-0.04845742126389397,0.5713072901587293,0.5823970038365347,True,0.0
연령대_50_매출_금액,122011,95319,26692,228530898.61830276,151407852.27753633,41699563.0,25856710.0,11244002.0,6558528.0,142332502.0,88695537.25,-0.0156469557966639,-0.037852812716471625,7.375051070576131e-284,0.4280275964331226,0.5719724035668774,0.18538346576440948,0.2602249483716582,0.2602249483716582,lower,1:12202.0:0.291428;2:12201.0:0.269158;3:12201.0:0.246783;4:12201.0:0.237440;5:12201.0:0.226785;6:12201.0:0.210802;7:12201.0:0.202524;8:12201.0:0.187362;9:12201.0:0.173592;10:12201.0:0.141792,-0.9999999999999999,0,,,-0.03224084218795134,-0.04346550127417816,0.5682471811242445,0.5758304089317271,True,5.999703708765987e-283
연령대_60_이상_매출_금액,122011,95319,26692,210622499.41525823,135446046.2063165,24470023.0,15492945.0,5573420.5,3230007.75,101860909.5,66679497.25,-0.014270805597343273,-0.034522945936291745,1.5447297208486706e-186,0.44177851839858295,0.558221481601417,0.19172948095267422,0.25271203819806376,0.25271203819806376,lower,1:12202.0:0.281757;2:12201.0:0.262765;3:12201.0:0.244324;4:12201.0:0.233178;5:12201.0:0.215638;6:12201.0:0.204491;7:12201.0:0.202770;8:12201.0:0.193099;9:12201.0:0.188427;10:12201.0:0.161216,-0.9999999999999999,0,,,-0.030404971222523284,-0.038265045359067794,0.5548598400198154,0.5619226412468707,True,8.772898980668865e-186
주중_매출_건수,122011,95319,26692,31000.161373912862,16289.600104900344,4394.0,2473.0,914.0,527.0,21789.0,11195.25,-0.05666405111237049,-0.1372843690574156,2.484749450342498e-306,0.42521020285033184,0.5747897971496682,0.18226252421988884,0.2620059332935477,0.2620059332935477,lower,1:12212.0:0.294874;2:12200.0:0.269754;3:12202.0:0.237994;4:12198.0:0.234137;5:12200.0:0.238115;6:12195.0:0.220500;7:12201.0:0.203426;8:12202.0:0.185052;9:12201.0:0.173756;10:12200.0:0.130000,-0.9636363636363635,0,,,-0.13359974875996225,-0.1409193974683518,0.5765942796726151,0.5730110798728139,True,3.116289935637883e-305
주말_매출_건수,122011,95319,26692,9921.334193602535,5670.596545781507,1333.0,737.0,231.0,115.0,6662.0,3525.0,-0.029752818538391238,-0.07200050694209428,3.561700903775006e-264,0.4305945652105746,0.5694054347894254,0.18554845558206168,0.2581728890646134,0.2581728890646134,lower,1:12242.0:0.286309;2:12236.0:0.266182;3:12162.0:0.247986;4:12165.0:0.233457;5:12210.0:0.228665;6:12197.0:0.214643;7:12200.0:0.208525;8:12197.0:0.186111;9:12202.0:0.169890;10:12200.0:0.145656,-0.9999999999999999,0,,,-0.07040498473951302,-0.0735755817563452,0.5715056811310276,0.5673212696446998,True,2.614809687893358e-263
월요일_매출_건수,122011,95319,26692,5930.815094577157,3146.618087816574,805.0,447.0,162.0,90.0,4156.0,2139.0,-0.05749518364622417,-0.1393046481400042,5.930634036860818e-295,0.4266245963983163,0.5733754036016837,0.18290152361623782,0.26076344721238154,0.26076344721238154,lower,1:12375.0:0.292283;2:12065.0:0.263075;3:12181.0:0.245464;4:12209.0:0.235973;5:12184.0:0.231533;6:12194.0:0.219452;7:12200.0:0.206230;8:12202.0:0.185625;9:12200.0:0.174918;10:12201.0:0.132612,-0.9999999999999999,0,,,-0.1354211828195395,-0.14305879017007725,0.5754827212412618,0.5712554631465689,True,5.250355426750312e-294
화요일_매출_건수,122011,95319,26692,6059.006871662523,3177.218005394875,842.0,468.0,170.0,96.0,4237.0,2157.25,-0.05765114407295486,-0.13968378189035394,7.860489261802804e-304,0.4255199067039336,0.5744800932960664,0.1824338485692966,0.26192050011554713,0.26192050011554713,lower,1:12398.0:0.292386;2:12158.0:0.265011;3:12118.0:0.242697;4:12176.0:0.235874;5:12165.0:0.237156;6:12201.0:0.219900;7:12195.0:0.204920;8:12198.0:0.186342;9:12201.0:0.171953;10:12201.0:0.130645,-0.9878787878787878,0,,,-0.1346359470004856,-0.14458107748468257,0.5764567468148649,0.5725287012291823,True,8.762989880750534e-303
수요일_매출_건수,122011,95319,26692,6064.352196309235,3185.9881987112244,866.0,480.0,173.0,96.0,4255.0,2186.25,-0.05697889393447636,-0.13804964071954115,7.45342228399485e-310,0.4247798605267651,0.5752201394732349,0.182219877331423,0.26177757545007907,0.26177757545007907,lower,1:12364.0:0.292138;2:12179.0:0.269809;3:12125.0:0.239505;4:12166.0:0.236643;5:12174.0:0.238295;6:12201.0:0.218179;7:12207.0:0.203408;8:12193.0:0.185352;9:12201.0:0.173101;10:12201.0:0.130563,-0.9878787878787878,0,,,-0.13429136564590585,-0.14177887180729115,0.5773052964754011,0.5731792402061366,True,9.75426133688022e-309
목요일_매출_건수,122011,95319,26692,6205.359582035061,3235.153379289675,874.0,491.0,177.0,100.0,4334.0,2199.0,-0.05730290661682669,-0.13883724421797342,1.8406926288504517e-302,0.42568877580021325,0.5743112241997868,0.18238533784325967,0.26073075336770457,0.26073075336770457,lower,1:12374.0:0.290771;2:12144.0:0.266634;3:12133.0:0.243715;4:12171.0:0.232520;5:12216.0:0.237475;6:12172.0:0.222642;7:12200.0:0.205000;8:12201.0:0.184411;9:12200.0:0.174016;10:12200.0:0.129836,-0.9878787878787878,0,,,-0.13438545492236312,-0.14319537645433342,0.5759947540169974,0.5726781107382528,True,1.84682827094662e-301
금요일_매출_건수,122011,95319,26692,6740.627629328885,3544.6224336879964,983.0,553.0,198.0,111.0,4764.5,2480.25,-0.05303039961883062,-0.12845516073883673,1.364000049236491e-301,0.4257962868504393,0.5742037131495608,0.1824203955540449,0.26190803097270415,0.26190803097270415,lower,1:12269.0:0.291955;2:12196.0:0.263939;3:12188.0:0.243928;4:12187.0:0.234430;5:12176.0:0.235299;6:12193.0:0.225457;7:12206.0:0.202851;8:12194.0:0.188699;9:12201.0:0.171052;10:12201.0:0.129743,-0.9878787878787878,0,,,-0.12647790674847156,-0.1306451254573412,0.5759673964170255,0.5724874261609401,True,1.3244000478070443e-300
토요일_매출_건수,122011,95319,26692,5840.997733925031,3281.300576951896,862.0,487.0,160.0,78.0,4072.0,2175.0,-0.03113412858334933,-0.07534638758152849,9.163843985702227e-283,0.42817948314977455,0.5718205168502255,0.18434596989272187,0.25921034817512245,0.25921034817512245,lower,1:12428.0:0.285967;2:12090.0:0.269892;3:12144.0:0.249588;4:12168.0:0.232084;5:12186.0:0.231495;6:12207.0:0.214385;7:12193.0:0.206512;8:12193.0:0.187239;9:12201.0:0.169248;10:12201.0:0.140644,-0.9999999999999999,0,,,-0.07442359193687091,-0.07630740770106999,0.574217006328577,0.569453446634832,True,7.258729051832554e-282
일요일_매출_건수,122011,95319,26692,4080.336459677504,2389.295968829612,336.0,181.0,8.0,0.0,2376.0,1292.0,-0.027459282783658227,-0.06644588853339978,3.346222050629796e-135,0.4508917325994119,0.549108267400588,0.1926451733669139,0.24061766047185404,0.24061766047185404,lower,1:36730.0:0.245113;2:12182.0:0.252340;3:12119.0:0.230547;4:12197.0:0.227105;5:12185.0:0.220189;6:12198.0:0.188556;7:12199.0:0.178375;8:12201.0:0.155069,-0.9761904761904763,0,,,-0.06394686841094159,-0.0688491448102973,0.5516056148838231,0.5465944100442157,True,1.50330274214861e-134
시간대_건수~06_매출_건수,122011,95319,26692,1280.5998804015987,711.8809381087966,0.0,0.0,0.0,0.0,96.0,10.0,-0.020623899942476653,-0.0498974446973818,4.427529627232106e-210,0.4473581748819438,0.5526418251180563,0.20168963599241752,0.24123977931086335,0.24123977931086335,lower,1:85541.0:0.241381;2:12093.0:0.188870;3:12177.0:0.151926;4:12200.0:0.156557,-0.7999999999999999,0,,,-0.05136779090451381,-0.04880615868987982,0.5536129636407664,0.5520799732246997,True,2.7197681995854364e-209
시간대_건수~11_매출_건수,122011,95319,26692,5783.503267973856,2923.013337329537,204.0,128.0,11.0,5.0,2255.0,1279.0,-0.04263624458349612,-0.10322601820031312,2.591567470766786e-88,0.4603715747885478,0.5396284252114523,0.19500413845708212,0.23686894862112617,0.23686894862112617,lower,1:36906.0:0.241126;2:11926.0:0.233356;3:12243.0:0.227314;4:12142.0:0.222945;5:12194.0:0.219780;6:12199.0:0.208706;7:12200.0:0.207377;8:12201.0:0.144578,-1.0,0,,,-0.09899550652673322,-0.10732991032234611,0.5382663206528305,0.541015147737137,True,1.0000792419241058e-87
시간대_건수~14_매출_건수,122011,95319,26692,11188.770434016304,5017.078000899146,1286.0,735.0,156.0,104.0,7553.0,3728.25,-0.05683625469960095,-0.13770293003038234,1.3385913838843973e-199,0.43975354723402094,0.5602464527659791,0.18378405061218492,0.23953702287738163,0.23953702287738163,lower,1:12435.0:0.222598;2:12012.0:0.268149;3:12168.0:0.256986;4:12208.0:0.245003;5:12186.0:0.245856;6:12198.0:0.243565;7:12201.0:0.227686;8:12202.0:0.202016;9:12200.0:0.165492;10:12201.0:0.111138,-0.7333333333333332,0,,,-0.13570833305922572,-0.13970233203531998,0.5587939017510701,0.5617150057421659,True,7.900313853905953e-199
시간대_건수~17_매출_건수,122011,95319,26692,8698.225453477271,5125.895848943504,1234.0,786.0,238.0,157.0,5832.5,3523.5,-0.0344458526585854,-0.08337001347026143,2.524965359962449e-161,0.44589517515562865,0.5541048248443714,0.18944621221039665,0.2425586410315137,0.2425586410315137,lower,1:12207.0:0.248300;2:12265.0:0.265634;3:12187.0:0.252154;4:12171.0:0.230877;5:12182.0:0.228534;6:12195.0:0.218368;7:12205.0:0.216059;8:12199.0:0.203213;9:12199.0:0.183622;10:12201.0:0.140726,-0.9636363636363635,0,,,-0.07822526383785038,-0.08826934061348075,0.5515282731506616,0.5566774676086288,True,1.2459255300798314e-160
시간대_건수~21_매출_건수,122011,95319,26692,10665.728532611547,6249.176082721415,1703.0,955.0,338.0,190.0,8138.5,4280.0,-0.041393942100924876,-0.10021305689952417,9.002266579961203e-275,0.42919697481488195,0.570803025185118,0.18466304493098396,0.25952619028468343,0.25952619028468343,lower,1:12334.0:0.289363;2:12098.0:0.266242;3:12176.0:0.243840;4:12219.0:0.235699;5:12185.0:0.227821;6:12198.0:0.216921;7:12200.0:0.211148;8:12199.0:0.189524;9:12201.0:0.162856;10:12201.0:0.143923,-0.9999999999999999,0,,,-0.09853664699873677,-0.1020656977551733,0.5736765887254082,0.5679167133938015,True,6.947903180944415e-274
시간대_건수~24_매출_건수,122011,95319,26692,3304.667988543732,1933.1524426794545,111.0,35.0,0.0,0.0,1485.0,544.0,-0.047817890248921496,-0.11579841843156237,6.4375465604632925e-232,0.43600957348002173,0.5639904265199782,0.1898558304694094,0.24917337121134947,0.24917337121134947,lower,1:48922.0:0.255325;2:12185.0:0.241937;3:12113.0:0.232808;4:12188.0:0.203725;5:12205.0:0.171815;6:12198.0:0.156665;7:12200.0:0.159180,-0.9642857142857145,0,,,-0.11420481938869063,-0.11760803141070336,0.5725020768242559,0.5557977328609138,True,4.122769180211598e-231
남성_매출_건수,122011,95319,26692,20605.656028703615,11116.598381537538,2956.0,1557.0,582.0,303.0,14174.0,6935.75,-0.04758419946157836,-0.1152312125862494,0.0,0.4218959388181517,0.5781040611818483,0.18179488999409502,0.26381733546763,0.26381733546763,lower,1:12258.0:0.297928;2:12175.0:0.270637;3:12193.0:0.243172;4:12181.0:0.240456;5:12206.0:0.231607;6:12196.0:0.219006;7:12200.0:0.203115;8:12200.0:0.178279;9:12201.0:0.170150;10:12201.0:0.133104,-0.9999999999999999,0,,,-0.11096021453824828,-0.11936549941053898,0.5802242411749614,0.5759947746330836,True,0.0
여성_매출_건수,122011,95319,26692,18396.708735928827,9993.334819421549,2488.0,1451.0,470.0,286.0,12692.5,6926.25,-0.048829802956024036,-0.11825471758257335,1.540764727681801e-246,0.4329628828897444,0.5670371171102556,0.18479954332051549,0.25532887913901353,0.25532887913901353,lower,1:12237.0:0.280297;2:12187.0:0.261262;3:12197.0:0.241043;4:12199.0:0.234445;5:12194.0:0.234296;6:12195.0:0.229110;7:12199.0:0.202148;8:12201.0:0.197853;9:12202.0:0.176037;10:12200.0:0.131066,-0.9999999999999999,0,,,-0.1161124850938407,-0.12056018315329033,0.5675976571776312,0.5665071293922488,True,1.0785353093772608e-245
연령대_10_매출_건수,122011,95319,26692,595.7573831030539,318.92997901993107,21.0,6.0,0.0,0.0,219.5,95.0,-0.03978029010383063,-0.09630015313546979,1.7852372072496194e-239,0.43616711214642884,0.5638328878535712,0.1910836431390307,0.2489578319452181,0.2489578319452181,lower,1:61136.0:0.252797;2:12171.0:0.216745;3:12124.0:0.200594;4:12195.0:0.197048;5:12191.0:0.170126;6:12194.0:0.138593,-1.0,0,,,-0.08234706119923188,-0.10902248172557931,0.5670218961855045,0.5606026144879117,True,1.194125331960301e-238
연령대_20_매출_건수,122011,95319,26692,8367.715397769594,4092.3692492132473,646.0,307.0,77.0,36.0,4263.0,1875.5,-0.05479408065344147,-0.13273997044008773,8.486948495707426e-290,0.4273327051289441,0.5726672948710558,0.1831208479957513,0.2559905660903627,0.2559905660903627,lower,1:24411.0:0.268281;2:12261.0:0.256260;3:12135.0:0.246889;4:12223.0:0.236603;5:12179.0:0.222678;6:12200.0:0.206721;7:12203.0:0.181595;8:12198.0:0.171094;9:12201.0:0.129170,-1.0,0,,,-0.1375392460351996,-0.12838286941097093,0.5790328232806579,0.5662614030104733,True,7.096031936688709e-289
연령대_30_매출_건수,122011,95319,26692,9306.331298062296,4795.914019181777,1028.0,540.5,172.0,90.0,5585.0,2749.5,-0.04964608560764984,-0.12023641338854651,1.3143318380235878e-299,0.42604855757942367,0.5739514424205763,0.1831243584846961,0.2616042114827888,0.2616042114827888,lower,1:12263.0:0.291690;2:12174.0:0.264416;3:12226.0:0.244397;4:12171.0:0.237614;5:12187.0:0.233774;6:12191.0:0.222869;7:12200.0:0.203443;8:12197.0:0.181110;9:12201.0:0.174658;10:12201.0:0.133432,-0.9999999999999999,0,,,-0.12098442311411574,-0.11983316339471083,0.5791598793621552,0.5687845135133177,True,1.2348874800362336e-298
연령대_40_매출_건수,122011,95319,26692,7706.6276398199725,4251.439644837405,1148.0,651.0,245.0,136.0,5424.0,2842.0,-0.04694293044865323,-0.1136748447220958,1.3538633502058375e-299,0.42604438661344296,0.5739556133865571,0.18320625247659234,0.26187267156847804,0.26187267156847804,lower,1:12202.0:0.292821;2:12276.0:0.271668;3:12132.0:0.245384;4:12218.0:0.235718;5:12179.0:0.221447;6:12200.0:0.224590;7:12204.0:0.199033;8:12198.0:0.189539;9:12201.0:0.170724;10:12201.0:0.136546,-0.9878787878787878,0,,,-0.10822779131564315,-0.11891298446595282,0.5725498720033684,0.5753838043184439,True,1.2348874800362336e-298
연령대_50_매출_건수,122011,95319,26692,7022.753029301608,4067.1313502172934,1181.0,678.0,240.0,137.0,5324.0,2883.0,-0.04229979577589219,-0.10240998075570927,7.212314041719128e-269,0.4299687253644461,0.5700312746355539,0.1845643854156308,0.2577185835806243,0.2577185835806243,lower,1:12275.0:0.284481;2:12153.0:0.260594;3:12190.0:0.252912;4:12211.0:0.236099;5:12180.0:0.230131;6:12199.0:0.220674;7:12202.0:0.202426;8:12200.0:0.184918;9:12201.0:0.175969;10:12200.0:0.139262,-0.9999999999999999,0,,,-0.09370367272245332,-0.11076521991857209,0.5695860321152395,0.5704905336926896,True,5.427266316393644e-268
연령대_60_이상_매출_건수,122011,95319,26692,6003.166273250873,3584.138655777012,741.0,460.0,138.0,79.0,3733.0,2179.0,-0.025865529273152287,-0.06258666719652685,3.807010765438994e-188,0.4415252613296882,0.5584747386703117,0.18967831612979014,0.25078198492378007,0.25078198492378007,lower,1:12415.0:0.268385;2:12133.0:0.264485;3:12071.0:0.247535;4:12195.0:0.227388;5:12220.0:0.224714;6:12183.0:0.217927;7:12193.0:0.209710;8:12199.0:0.194442;9:12201.0:0.179166;10:12201.0:0.153594,-0.9999999999999999,0,,,-0.05492363952441084,-0.06968091550172455,0.5575974090699509,0.5594453978668945,True,2.2036735392252636e-187
점포_수,122011,95319,26692,15.584217207482244,11.040124381837254,6.0,5.0,4.0,3.0,13.0,10.0,-0.017388853577626272,-0.042067988839984784,1.4262884215286897e-128,0.45194778978162287,0.5480522102183771,0.19322741524645504,0.23866722205499888,0.23866722205499888,lower,1:28031.0:0.240056;2:15418.0:0.243871;3:11765.0:0.251679;4:9160.0:0.234934;5:13538.0:0.227360;6:8923.0:0.216407;7:11007.0:0.204325;8:12582.0:0.175807;9:11587.0:0.139812,-0.9333333333333332,0,,,-0.04091370219785424,-0.04322436299717569,0.5479129775619794,0.5482079111254015,True,6.133040212573367e-128
유사_업종_점포_수,122011,95319,26692,17.440227027140445,12.246328487936461,7.0,6.0,4.0,4.0,14.0,11.0,-0.01977373124286886,-0.0478397254560413,1.7145189115187786e-135,0.450660827065891,0.549339172934109,0.19192389560001538,0.23766697147187105,0.23766697147187105,lower,1:33313.0:0.239276;2:12499.0:0.253940;3:10267.0:0.239505;4:8187.0:0.246855;5:12434.0:0.238620;6:11912.0:0.215413;7:9489.0:0.199705;8:12248.0:0.167538;9:11662.0:0.136083,-0.8833333333333333,0,,,-0.04697024107761313,-0.04871428006797291,0.5486783375290358,0.5499988831368938,True,7.819245338896248e-135
개업_율,122011,95319,26692,2.774326209884703,2.499475498276637,0.0,0.0,0.0,0.0,1.0,0.0,-0.017756770673148327,-0.04295835020051639,2.790900910163499e-51,0.47741850750395065,0.5225814924960493,0.21655071996101619,0.22834271275275722,0.22834271275275722,lower,1:98895.0:0.224834;2:12237.0:0.171529;3:10879.0:0.216748,-0.5,0,,,-0.04859892455999865,-0.03787810819900654,0.523652158487738,0.5215571643566006,True,9.032915849023797e-51
개업_점포_수,122011,95319,26692,0.5355490510811066,0.3312977671212348,0.0,0.0,0.0,0.0,1.0,0.0,-0.031454790713795755,-0.07612317307622746,1.6131350019367102e-78,0.4719545872691833,0.5280454127308167,0.20846563675202107,0.22913122536142488,0.22913122536142488,lower,1:110732.0:0.225915;2:11279.0:0.148595,-0.9999999999999999,0,,,-0.07709666368125216,-0.07572596376502186,0.5287982935653364,0.5273623706783926,True,6.146248551682908e-78
폐업_률,122011,95319,26692,2.443185513905937,2.9372471152405213,0.0,0.0,0.0,0.0,0.0,0.0,0.030564286361438122,0.0739660350126724,0.011939918951945513,0.49633554619193343,0.5036644538080666,0.22870409382879858,0.22118434736250198,0.22870409382879858,higher,1:99531.0:0.218384;2:10482.0:0.167239;3:11998.0:0.266961,0.5,0,,,0.07653936212512885,0.071698643167026,0.5047592533719425,0.5026895644302393,True,0.014149274033604721
폐업_점포_수,122011,95319,26692,0.4342575981703543,0.31822268844597634,0.0,0.0,0.0,0.0,0.0,0.0,-0.019933408339777275,-0.048226194386640255,8.472550097046091e-14,0.48915499321689776,0.5108450067831023,0.2129412642820432,0.2225579686265649,0.2225579686265649,lower,1:113396.0:0.222997;2:8615.0:0.163088,-0.9999999999999999,0,,,-0.04963966551721376,-0.049361926061011856,0.5106755707225437,0.5112485571677946,True,1.432717741129704e-13
프랜차이즈_점포_수,122011,95319,26692,1.8560098196582004,1.2062041060992057,0.0,0.0,0.0,0.0,2.0,2.0,-0.06144605776244007,-0.14891230008623993,8.089075812577666e-63,0.469643443503166,0.530356556496834,0.20304546787920585,0.23070225797761404,0.23070225797761404,lower,1:87451.0:0.228208;2:10919.0:0.225479;3:11523.0:0.214527;4:12118.0:0.148622,-1.0,0,,,-0.15706503428593296,-0.1409917576545974,0.5293440463016374,0.5313571117364468,True,2.898585499506997e-62
점포_결합_여부,122011,95319,26692,1.0,1.0,1.0,1.0,1.0,1.0,1.0,1.0,,,,,,,,,,,,0,,,,,,,False,
전분기_연속_여부,122011,95319,26692,0.9964435212287162,0.9956541285778511,1.0,1.0,1.0,1.0,1.0,1.0,-0.005354013687487023,-0.012950926305413729,0.06146267223935396,0.49960530367456746,0.5003946963254325,0.21863233026043652,0.21892438481628862,0.21892438481628862,lower,1:122011.0:0.218767,,0,,,-0.009664801753330628,-0.015846758602820456,0.500278112789915,0.5005085231079323,True,0.06877421689236261
최근_4분기_연속_여부,122011,95319,26692,0.9964435212287162,0.9956541285778511,1.0,1.0,1.0,1.0,1.0,1.0,-0.005354013687487023,-0.012950926305413729,0.06146267223935396,0.49960530367456746,0.5003946963254325,0.21863233026043652,0.21892438481628862,0.21892438481628862,lower,1:122011.0:0.218767,,0,,,-0.009664801753330628,-0.015846758602820456,0.500278112789915,0.5005085231079323,True,0.06877421689236261
전분기_매출_증감률,121556,94980,26576,4.227702318180199,0.172405263194774,0.013945888641560055,-0.07270335220711947,-0.11522311051452526,-0.2411431732634346,0.22415973482220253,0.09652659928789689,-0.0015712967938345788,-0.0038016374562908984,0.0,0.3882006859883934,0.6117993140116066,0.17842593209154253,0.30850763044000123,0.30850763044000123,lower,1:12156.0:0.369776;2:12156.0:0.316387;3:12155.0:0.270588;4:12156.0:0.229187;5:12987.0:0.175021;6:11324.0:0.185094;7:12155.0:0.167503;8:12156.0:0.157535;9:12155.0:0.153270;10:12156.0:0.162636,-0.9515151515151514,455,0.2549450549450549,1.1653716881050913,-0.029997411569560768,-0.005210781370343196,0.6207033317406513,0.6041090997441383,True,0.0
전년동기_매출_증감률,99971,77935,22036,0.9922998882423754,0.11644930120899197,0.11944364027345765,-0.1318578673624964,-0.05645779373925147,-0.34022140574768955,0.4242589363092635,0.07295913010815447,-0.0096589464049147,-0.0233016704798097,0.0,0.28610165902782153,0.7138983409721784,0.1516472431601157,0.409313980312978,0.409313980312978,lower,1:9998.0:0.497600;2:9997.0:0.429529;3:9997.0:0.337301;4:9997.0:0.230269;5:9997.0:0.146644;6:9997.0:0.129239;7:9997.0:0.117235;8:9997.0:0.103731;9:9997.0:0.103931;10:9997.0:0.108733,-0.9515151515151514,22040,0.21125226860254084,0.9656489039586622,-0.03329408857636549,-0.021548524920481944,0.7466213212919202,0.6924956300683179,True,0.0
최근_2분기_매출_변화액,121556,94980,26576,47494786.047557384,-75045715.88655178,1315796.5,-6088169.0,-22639848.0,-43556260.0,39395161.25,8052600.75,-0.022504651542699542,-0.05446208133040608,0.0,0.3994100208792649,0.6005899791207351,0.17309580118386672,0.27120435007977056,0.27120435007977056,lower,1:12156.0:0.282577;2:12156.0:0.267029;3:12155.0:0.283093;4:12156.0:0.279780;5:12987.0:0.243782;6:11324.0:0.232603;7:12155.0:0.188564;8:12156.0:0.162800;9:12155.0:0.136323;10:12156.0:0.109000,-0.9393939393939393,455,0.2549450549450549,1.1653716881050913,-0.08359322867877697,-0.029534490119899306,0.6138039065860585,0.5878512532573555,True,0.0
최근_4분기_매출_선형기울기,121556,94980,26576,45855309.636298165,-62595958.375489175,4310928.15,-7980573.550000001,-2044518.45,-32008876.05,28395092.475,-654038.1749999999,-0.055200397995917624,-0.13375709330490065,0.0,0.229080120237297,0.770919879762703,0.137425498898525,0.44985400592449115,0.44985400592449115,lower,1:12156.0:0.500576;2:12156.0:0.438878;3:12155.0:0.390621;4:12156.0:0.322474;5:12155.0:0.164048;6:12156.0:0.111632;7:12155.0:0.087536;8:12156.0:0.071981;9:12155.0:0.056191;10:12156.0:0.042366,-0.9999999999999999,455,0.2549450549450549,1.1653716881050913,-0.13924570368132072,-0.12814935092818527,0.7686667781363528,0.7730386463327306,True,0.0
주말_매출_비중,122011,95319,26692,0.23894031763239418,0.2376574999729894,0.25095049337107617,0.251488045249312,0.13805683195144725,0.12468423593930827,0.32873025320923943,0.3309537375861985,-0.003725970202418588,-0.009012754104186454,0.051210847249929414,0.4961028472059277,0.5038971527940723,0.22429524349221175,0.23152861514235193,0.23152861514235193,lower,1:12202.0:0.269136;2:12201.0:0.218343;3:12201.0:0.193181;4:12201.0:0.199492;5:12201.0:0.210720;6:12201.0:0.211868;7:12201.0:0.214655;8:12201.0:0.217031;9:12201.0:0.209081;10:12201.0:0.244160,-0.006060606060606061,0,,,-0.003486443485602304,-0.01426398556476204,0.50266010776217,0.5049335793591481,True,0.057949116624920124
점포_증감률,120194,93931,26263,0.009637056252067885,0.0038650133674384343,0.0,0.0,0.0,0.0,0.0,0.0,-0.023438901848602558,-0.056736053759567605,2.104126049097588e-22,0.4847480965085756,0.5152519034914245,0.2167779788908622,0.2318398802362405,0.2318398802362405,lower,1:12076.0:0.241885;2:90393.0:0.221865;3:5818.0:0.148505;4:11907.0:0.203494,-0.7999999999999999,1817,0.23610346725371492,1.079245472167429,-0.06668686876486417,-0.04713423000414562,0.5170646753308379,0.5134031489359184,True,4.367875453643958e-22
프랜차이즈_점포_비율,122011,95319,26692,0.13378835913901424,0.13363795585981325,0.0,0.0,0.0,0.0,0.2,0.2,-0.0002861696217299601,-0.0006922112886049409,2.851002790874301e-15,0.48562498074190485,0.5143750192580951,0.22067943731959053,0.22762498193044595,0.22762498193044595,lower,1:73655.0:0.227181;2:12057.0:0.172763;3:13609.0:0.203468;4:10489.0:0.216322;5:12201.0:0.232604,0.39999999999999997,0,,,0.00422467962819597,-0.005593868269609446,0.5124182849206431,0.5163230462175363,False,5.0778215387761224e-15
유동__총_유동인구_수,122006,95315,26691,1328945.15949221,1339187.087894796,1001870.0,1036081.0,534745.0,563714.0,1750765.0,1764522.5,0.003563459904507543,0.008619641718747717,2.590966081438256e-06,0.5093975348187221,0.5093975348187221,0.22060187909959672,0.21153531604253997,0.22060187909959672,higher,1:12204.0:0.203622;2:12199.0:0.210181;3:12203.0:0.213800;4:12202.0:0.220210;5:12195.0:0.223042;6:12202.0:0.222668;7:12224.0:0.224067;8:12179.0:0.225060;9:12218.0:0.226142;10:12180.0:0.218883,0.7333333333333332,5,0.2,0.9142139967031321,0.008752771096353626,0.008475036461720714,0.5086148234415911,0.5102036159799411,True,3.390786045708326e-06
유동__남성_유동인구_수,122006,95315,26691,639258.442396265,641354.4803866472,475583.0,490802.0,251495.0,266354.0,836858.0,843232.0,0.0014719921852621352,0.003560578420260571,2.1495534885108065e-05,0.5084937815153289,0.5084937815153289,0.21998624180370852,0.2119923754648647,0.21998624180370852,higher,1:12204.0:0.203130;2:12223.0:0.210587;3:12197.0:0.211609;4:12183.0:0.225314;5:12198.0:0.220036;6:12204.0:0.226073;7:12198.0:0.225529;8:12204.0:0.222304;9:12204.0:0.227958;10:12191.0:0.215159,0.6363636363636362,5,0.2,0.9142139967031321,0.004057557196538238,0.0030756320046569524,0.5076249238215665,0.5094111851031375,True,2.7532578725180967e-05
유동__여성_유동인구_수,122006,95315,26691,689686.7399464932,697832.6350080551,520875.0,540753.0,280183.0,297666.0,913236.0,933217.0,0.005556206822643792,0.013440012965246361,2.3483756142128862e-07,0.5103342616926525,0.5103342616926525,0.22127638768052038,0.21111692582891473,0.22127638768052038,higher,1:12202.0:0.202754;2:12202.0:0.210211;3:12214.0:0.210578;4:12202.0:0.222832;5:12195.0:0.223780;6:12204.0:0.224025;7:12220.0:0.217921;8:12179.0:0.232367;9:12205.0:0.226219;10:12183.0:0.217024,0.6606060606060605,5,0.2,0.9142139967031321,0.013221149761886458,0.013623447004774154,0.5096690168036919,0.5109736761871841,True,3.2130048176276307e-07
유동__연령대_10_유동인구_수,122006,95315,26691,160261.53218276243,164937.834401109,122244.0,128409.0,59062.0,65804.0,216097.0,220321.0,0.013934146525227738,0.03370832085003349,2.007229484132535e-12,0.5140617660916229,0.5140617660916229,0.22430285125675134,0.20861124827499278,0.22430285125675134,higher,1:12217.0:0.192355;2:12187.0:0.208829;3:12213.0:0.214444;4:12189.0:0.224465;5:12215.0:0.220549;6:12204.0:0.224107;7:12189.0:0.230782;8:12201.0:0.218671;9:12193.0:0.233987;10:12198.0:0.219544,0.6121212121212121,5,0.2,0.9142139967031321,0.03950538233218612,0.02800140304298418,0.5150259891379301,0.5131280023106333,True,3.2658166201291518e-12
유동__연령대_20_유동인구_수,122006,95315,26691,248646.14067040864,246233.3504552096,155556.0,157162.0,75097.0,80149.0,307618.0,305823.0,-0.003264377473585081,-0.007896184124668061,0.04817829566191503,0.5039498447254039,0.5039498447254039,0.2180852783517717,0.21353403342571922,0.2180852783517717,higher,1:12201.0:0.201869;2:12207.0:0.214303;3:12208.0:0.217398;4:12210.0:0.223260;5:12196.0:0.230649;6:12197.0:0.228007;7:12213.0:0.219930;8:12184.0:0.218483;9:12195.0:0.230504;10:12195.0:0.203280,0.309090909090909,5,0.2,0.9142139967031321,-0.019041337630056505,0.0022360259492816437,0.5013926537990125,0.5065099669913424,False,0.054930556796350095
유동__연령대_30_유동인구_수,122006,95315,26691,246694.23728689083,246645.52253568618,166061.0,172135.0,88456.0,92402.5,311387.0,315649.0,-7.866389379996559e-05,-0.0001902786325536506,4.1274163999267825e-05,0.5081968466246354,0.5081968466246354,0.21983146667212677,0.21201682146863596,0.21983146667212677,higher,1:12201.0:0.198017;2:12202.0:0.218817;3:12200.0:0.206967;4:12203.0:0.227731;5:12204.0:0.217552;6:12200.0:0.228443;7:12219.0:0.229642;8:12176.0:0.222240;9:12206.0:0.217844;10:12195.0:0.220418,0.4545454545454545,5,0.2,0.9142139967031321,-0.004030126458385479,0.0034040889214038204,0.5064693204565343,0.509925004887956,False,5.2419929804977276e-05
유동__연령대_40_유동인구_수,122006,95315,26691,218570.46713528826,218334.28751264472,161208.0,164473.0,87561.0,91398.0,284115.0,286392.5,-0.00047359220297537235,-0.0011455635138838784,1.931429500390885e-05,0.508541584377932,0.508541584377932,0.2195594013231633,0.2118820227631612,0.2195594013231633,higher,1:12205.0:0.204342;2:12199.0:0.207558;3:12198.0:0.213970;4:12205.0:0.225399;5:12209.0:0.224015;6:12198.0:0.217495;7:12191.0:0.225904;8:12222.0:0.230486;9:12185.0:0.221009;10:12194.0:0.217484,0.5515151515151515,5,0.2,0.9142139967031321,-0.0012250713670205026,-0.0011046289677144865,0.5073827624197118,0.5096663238859861,True,2.4844456393916936e-05
유동__연령대_50_유동인구_수,122006,95315,26691,190514.8602423543,192030.90768423813,149350.0,155274.0,77532.5,82766.0,255597.0,259648.0,0.00372050002672403,0.008999510713253224,4.871567588043536e-08,0.5109070656758594,0.5109070656758594,0.22091850017749814,0.2109620164212488,0.22091850017749814,higher,1:12206.0:0.201704;2:12197.0:0.207510;3:12241.0:0.214688;4:12166.0:0.219464;5:12208.0:0.219528;6:12217.0:0.226488;7:12185.0:0.228149;8:12209.0:0.225489;9:12185.0:0.229791;10:12192.0:0.214895,0.709090909090909,5,0.2,0.9142139967031321,0.015242900057464632,0.0029140596249193477,0.5115659055736526,0.5102327921419172,True,6.852064691593946e-08
유동__연령대_60_이상_유동인구_수,122006,95315,26691,264258.0020143734,271005.2765726275,206745.0,216752.0,107082.0,114027.0,354959.0,365722.0,0.01210113567417829,0.029273355807208964,1.8764048582180134e-14,0.5153109063094022,0.5153109063094022,0.22414281027521032,0.20934628303872763,0.22414281027521032,higher,1:12205.0:0.195494;2:12214.0:0.208777;3:12187.0:0.213506;4:12197.0:0.207346;5:12200.0:0.227541;6:12202.0:0.224553;7:12207.0:0.230769;8:12194.0:0.225685;9:12199.0:0.227888;10:12201.0:0.226129,0.7696969696969697,5,0.2,0.9142139967031321,0.039265521692740855,0.019445527235661165,0.5171286246468194,0.5135655378765209,True,3.245964725997828e-14
유동__시간대_00_06_유동인구_수,122006,95315,26691,291699.080858207,304764.5499606609,221308.0,236414.0,107108.0,117465.0,421584.0,430907.0,0.02132243680060393,0.05158817495031353,2.5139438439177707e-19,0.5179684118292418,0.5179684118292418,0.22731252799630375,0.20829519170593214,0.22731252799630375,higher,1:12201.0:0.191214;2:12203.0:0.211423;3:12207.0:0.208815;4:12194.0:0.212564;5:12229.0:0.219397;6:12182.0:0.225332;7:12189.0:0.239068;8:12237.0:0.227343;9:12164.0:0.215965;10:12200.0:0.236557,0.8181818181818182,5,0.2,0.9142139967031321,0.057566881194422354,0.04570886218684525,0.519168329495708,0.5167967787606204,True,4.881916754962897e-19
유동__시간대_06_11_유동인구_수,122006,95315,26691,266346.1786182657,268818.46828518977,203223.0,211414.0,107538.0,114102.0,356902.0,361921.0,0.00438613245270586,0.010609636397060787,8.172714383460182e-07,0.5098580514252051,0.5098580514252051,0.2207732982694043,0.2113939566672504,0.2207732982694043,higher,1:12205.0:0.202458;2:12198.0:0.213068;3:12205.0:0.210733;4:12200.0:0.223361;5:12211.0:0.214970;6:12219.0:0.227842;7:12168.0:0.225920;8:12212.0:0.226253;9:12217.0:0.222477;10:12171.0:0.220606,0.6121212121212121,5,0.2,0.9142139967031321,0.012480078203587645,0.008808400923834562,0.5095789582147905,0.5101794089824998,True,1.1031331970500066e-06
유동__시간대_11_14_유동인구_수,122006,95315,26691,183369.764895347,179331.96669289275,130104.0,132073.0,71306.0,74087.5,223354.5,221107.0,-0.00838598135537004,-0.020285407872152106,0.08412898931592587,0.5034529096511451,0.5034529096511451,0.21692790006994486,0.2139060498958734,0.21692790006994486,higher,1:12211.0:0.205225;2:12195.0:0.215334;3:12218.0:0.219840;4:12192.0:0.219652;5:12200.0:0.227049;6:12207.0:0.218809;7:12185.0:0.225851;8:12204.0:0.222386;9:12206.0:0.223005;10:12188.0:0.210535,0.33333333333333326,5,0.2,0.9142139967031321,-0.02395861756317963,-0.016878589207487346,0.5011760291460015,0.5056990188262047,True,0.0924190722047215
유동__시간대_14_17_유동인구_수,122006,95315,26691,187268.6446729266,182946.8399085834,132074.0,132894.0,73193.0,75446.5,226039.0,222625.5,-0.008726484929792866,-0.021109136112271106,0.18613043731993428,0.5026430622260722,0.5026430622260722,0.21670183137050295,0.21420641929898782,0.21670183137050295,higher,1:12202.0:0.206032;2:12202.0:0.213490;3:12198.0:0.222086;4:12208.0:0.220347;5:12199.0:0.226822;6:12202.0:0.223652;7:12197.0:0.221940;8:12197.0:0.221612;9:12206.0:0.222432;10:12195.0:0.209266,0.23636363636363633,5,0.2,0.9142139967031321,-0.025679101745896365,-0.01684674598539564,0.5001462045137702,0.5050922998660852,True,0.19937815527864847
유동__시간대_17_21_유동인구_수,122006,95315,26691,241647.69401458322,240487.82791952344,177996.0,181112.0,96375.0,101502.0,303069.0,303669.0,-0.002050527754476676,-0.004959993935629176,0.00369491746636204,0.5058036379132899,0.5058036379132899,0.218802703042867,0.21270061638004104,0.218802703042867,higher,1:12208.0:0.204456;2:12196.0:0.211545;3:12205.0:0.214420;4:12198.0:0.223315;5:12206.0:0.225954;6:12201.0:0.228014;7:12205.0:0.217452;8:12188.0:0.225057;9:12225.0:0.229121;10:12174.0:0.208313,0.43030303030303024,5,0.2,0.9142139967031321,-0.008671345414495078,-0.0014929970250431815,0.5039681781103812,0.5076091997754396,True,0.004430956802290734
유동__시간대_21_24_유동인구_수,122006,95315,26691,158613.90851387504,162837.5487617549,120723.0,124912.0,61195.0,66029.0,216005.0,220202.0,0.012805097746983445,0.03097655288112283,1.1882023342422187e-11,0.5135573046401537,0.5135573046401537,0.22370900549954698,0.20978897699960047,0.22370900549954698,higher,1:12201.0:0.194738;2:12206.0:0.211617;3:12196.0:0.214005;4:12206.0:0.218499;5:12195.0:0.221976;6:12214.0:0.219175;7:12201.0:0.229899;8:12189.0:0.228403;9:12217.0:0.229025;10:12181.0:0.220343,0.8181818181818182,5,0.2,0.9142139967031321,0.03398931546031749,0.02805938790376174,0.5137302958581207,0.5134233792254641,True,1.824739299014836e-11
유동__월요일_유동인구_수,122006,95315,26691,190714.20177306826,191752.7408489753,143321.0,148202.0,76508.0,80603.0,249848.0,253550.0,0.0025010767321668446,0.006049826985764916,8.201734033497811e-06,0.5089157704209711,0.5089157704209711,0.22026857031945715,0.2117573312465201,0.22026857031945715,higher,1:12203.0:0.204212;2:12225.0:0.210470;3:12191.0:0.211960;4:12199.0:0.222149;5:12197.0:0.222432;6:12198.0:0.222741;7:12225.0:0.224867;8:12175.0:0.225133;9:12208.0:0.227638;10:12185.0:0.216085,0.7454545454545454,5,0.2,0.9142139967031321,0.0054381571495625445,0.006655490843852141,0.5080563782324379,0.509799376330877,True,1.0595373150570133e-05
유동__화요일_유동인구_수,122006,95315,26691,193456.95530609033,193815.73245663333,144415.0,148808.0,76940.0,80719.0,254118.0,255538.0,0.0008362642371844237,0.0020228247416503023,3.6614408540283904e-05,0.5082520980358715,0.5082520980358715,0.21974847371648554,0.2120115256480775,0.21974847371648554,higher,1:12213.0:0.203554;2:12190.0:0.211239;3:12222.0:0.211177;4:12183.0:0.224493;5:12210.0:0.224488;6:12192.0:0.221703;7:12199.0:0.220674;8:12207.0:0.230196;9:12203.0:0.224699;10:12187.0:0.215476,0.6,5,0.2,0.9142139967031321,0.0020721294161808773,0.001942382149838497,0.5074711283642817,0.5090536834167056,True,4.669888546875193e-05
유동__수요일_유동인구_수,122006,95315,26691,193977.2300267534,194289.15574538233,144407.0,149061.0,77267.0,81256.0,253812.0,255902.0,0.0007242883015853255,0.0017519679825813287,4.434421704379797e-05,0.5081635941683621,0.5081635941683621,0.21968451149149104,0.21205680243373887,0.21968451149149104,higher,1:12203.0:0.203147;2:12200.0:0.212131;3:12204.0:0.212471;4:12224.0:0.222268;5:12178.0:0.224093;6:12204.0:0.223697;7:12198.0:0.219954;8:12204.0:0.229269;9:12194.0:0.225029;10:12197.0:0.215627,0.6484848484848483,5,0.2,0.9142139967031321,0.0020156109760781425,0.001451189761719948,0.5073314089120883,0.5089958544108402,True,5.584773778319326e-05
유동__목요일_유동인구_수,122006,95315,26691,194519.41316686774,194709.4554344161,144544.0,148887.0,77190.0,81334.5,253974.0,255891.0,0.00043764294814821047,0.0010586065018508364,6.260651573261638e-05,0.5080020043531607,0.5080020043531607,0.2196279770296165,0.2121237372250435,0.2196279770296165,higher,1:12210.0:0.204259;2:12219.0:0.210656;3:12175.0:0.211088;4:12212.0:0.225106;5:12206.0:0.224398;6:12189.0:0.222168;7:12201.0:0.221047;8:12221.0:0.229441;9:12189.0:0.223890;10:12184.0:0.215611,0.5030303030303029,5,0.2,0.9142139967031321,0.00036224168059129796,0.0016747968441006894,0.5069126996725684,0.5090861322811305,True,7.851900514798971e-05
유동__금요일_유동인구_수,122006,95315,26691,194681.53088181294,195014.0770297104,144367.0,148442.0,77245.0,81610.0,252209.0,254868.0,0.0007627128092103542,0.001844912387637986,4.3948532918208565e-05,0.5081677550492062,0.5081677550492062,0.2197436542977297,0.21203677201844143,0.2197436542977297,higher,1:12205.0:0.204179;2:12197.0:0.209970;3:12202.0:0.212260;4:12204.0:0.225664;5:12204.0:0.221485;6:12195.0:0.222796;7:12201.0:0.223752;8:12207.0:0.225936;9:12190.0:0.226005;10:12201.0:0.215638,0.6727272727272726,5,0.2,0.9142139967031321,0.0001534567472607551,0.0034439996669409357,0.5068030372419758,0.5095386421304682,True,5.558196810244025e-05
유동__토요일_유동인구_수,122006,95315,26691,184328.88449876723,187646.04885541942,139642.0,143238.0,75041.0,79875.0,242615.0,246094.0,0.008410943190786346,0.02034579398113031,6.299358070501475e-09,0.5116121043429737,0.5116121043429737,0.2222904401998434,0.210519324555289,0.2222904401998434,higher,1:12213.0:0.197904;2:12190.0:0.212141;3:12229.0:0.214245;4:12185.0:0.219122;5:12195.0:0.225338;6:12193.0:0.221931;7:12206.0:0.221858;8:12199.0:0.225182;9:12201.0:0.229080;10:12195.0:0.220910,0.7333333333333332,5,0.2,0.9142139967031321,0.020719108782014363,0.01999242502892262,0.5109954081390846,0.5122882700792031,True,9.029079901052114e-09
유동__일요일_유동인구_수,122006,95315,26691,177267.04263757015,181959.96339590123,136112.0,140166.0,72567.0,76521.0,237372.0,242633.0,0.012855310370593228,0.031098041260810724,2.2261292192384412e-11,0.51337483966748,0.51337483966748,0.22370408194087057,0.20994166853462115,0.22370408194087057,higher,1:12218.0:0.197577;2:12192.0:0.208825;3:12202.0:0.214473;4:12212.0:0.217409;5:12186.0:0.224766;6:12224.0:0.221122;7:12205.0:0.223105;8:12167.0:0.229309;9:12200.0:0.226475;10:12200.0:0.224672,0.8545454545454544,5,0.2,0.9142139967031321,0.03463065490350464,0.02768094760862417,0.5137170630290159,0.5130744761423692,True,3.350324474953854e-11
유동__결합_여부,122011,95319,26692,0.9999580356487164,0.9999625355911884,1.0,1.0,1.0,1.0,1.0,1.0,0.00029061074106980834,0.0007029538446502926,0.9191525560154031,0.500002249971236,0.500002249971236,0.21876792941727863,0.21876645723743518,0.21876792941727863,higher,1:122011.0:0.218767,,0,,,,0.0010433058869416675,,0.5000047256131008,False,0.9253007336476132
변화__운영_영업_개월_평균,122011,95319,26692,100.87966722269432,100.55522253858834,99.0,98.0,90.0,90.0,109.0,108.0,-0.007136926370324118,-0.017263840200795397,0.16712449953575004,0.4972389022736334,0.5027610977263666,0.21454729607588696,0.21694875956033322,0.21694875956033322,lower,1:12573.0:0.209974;2:14978.0:0.215049;3:10221.0:0.225125;4:13458.0:0.224625;5:9842.0:0.235318;6:13853.0:0.221468;7:11441.0:0.222620;8:11815.0:0.217774;9:11829.0:0.222081;10:12001.0:0.197984,-0.12727272727272726,0,,,-0.016762563544764627,-0.018541922552033907,0.5032347282643892,0.5025526717071909,True,0.1803027754848056
변화__폐업_영업_개월_평균,122011,95319,26692,50.352563497309035,49.84474748988461,49.0,49.0,46.0,46.0,53.0,53.0,-0.027185365745921276,-0.06578257223316403,1.0128912371862704e-21,0.4808927903001009,0.5191072096998991,0.20805143848809818,0.22617097499413938,0.22617097499413938,lower,1:12575.0:0.227992;2:13350.0:0.239101;3:18519.0:0.228576;4:11056.0:0.217167;5:10064.0:0.225159;6:8656.0:0.211067;7:14749.0:0.216082;8:10113.0:0.211609;9:12229.0:0.203369;10:10700.0:0.195514,-0.9151515151515152,0,,,-0.06575313903603734,-0.06640126780060378,0.5214807750337755,0.5171121034027437,True,2.0461762576715933e-21
변화__서울_운영_영업_개월_평균,122011,95319,26692,98.14880558965159,98.21912932713921,98.0,99.0,97.0,97.0,99.0,99.0,0.02162985087651375,0.052332354152749984,4.3723599263910326e-16,0.5157905233473893,0.5157905233473893,0.22953125946408812,0.2134165013740847,0.22953125946408812,higher,1:40748.0:0.211495;2:20338.0:0.230406;3:40657.0:0.196571;4:20268.0:0.266232,0.39999999999999997,0,,,0.04531726413255143,0.19203194706822294,0.5123281012711243,0.5450982314413004,True,8.024880108803054e-16
변화__서울_폐업_영업_개월_평균,122011,95319,26692,50.32674493018181,50.35381387681702,50.0,50.0,50.0,50.0,51.0,51.0,0.023750709839495975,0.05746643430499853,1.0757939911077151e-16,0.5135344733176066,0.5135344733176066,0.22368754973017807,0.2142874614359635,0.22368754973017807,higher,1:122011.0:0.218767,,0,,,,0.10662813643123495,,0.5251169816684677,False,1.9865889038246763e-16
변화__결합_여부,122011,95319,26692,1.0,1.0,1.0,1.0,1.0,1.0,1.0,1.0,,,,,,,,,,,,0,,,,,,,False,
상주__총_상주인구_수,121527,94900,26627,3254.8345943097997,3462.0961430127313,2558.0,2837.0,1202.0,1339.0,4543.0,4903.0,0.031569265880138614,0.07635825267423042,1.4889483444117227e-35,0.5249142531153659,0.5249142531153659,0.23130440767124488,0.20683638939455876,0.23130440767124488,higher,1:12207.0:0.197428;2:12139.0:0.200181;3:12131.0:0.208062;4:12170.0:0.217666;5:12117.0:0.208385;6:12181.0:0.218701;7:12161.0:0.228188;8:12226.0:0.230247;9:12045.0:0.242756;10:12150.0:0.239588,0.9757575757575757,484,0.13429752066115702,0.6138833655547891,0.08866988505245822,0.06442818274672465,0.5284771378458015,0.5214346509449651,True,3.6143020295800686e-35
상주__남성_상주인구_수,121527,94900,26627,1598.109157007376,1699.8143613625268,1236.0,1379.0,593.0,671.0,2239.0,2407.0,0.031588323400217964,0.07640439413283452,5.694596731860761e-35,0.5246989062458014,0.5246989062458014,0.23145356506905648,0.2070591891581286,0.23145356506905648,higher,1:12156.0:0.196858;2:12153.0:0.199951;3:12185.0:0.208289;4:12157.0:0.218310;5:12124.0:0.205625;6:12199.0:0.223789;7:12254.0:0.226293;8:12004.0:0.233089;9:12294.0:0.237677;10:12001.0:0.241313,0.9636363636363635,484,0.13429752066115702,0.6138833655547891,0.09005193765070972,0.06319605367986163,0.528697825474407,0.5208127109217373,True,1.3712588930320711e-34
상주__여성_상주인구_수,121527,94900,26627,1656.7254373024236,1762.2817816502047,1293.0,1438.0,608.0,679.0,2346.0,2505.0,0.03132375901874114,0.07576384674337856,6.837889279137926e-36,0.5250383307261226,0.5250383307261226,0.23119200911827864,0.20660881172657286,0.23119200911827864,higher,1:12199.0:0.193213;2:12180.0:0.205993;3:12246.0:0.203577;4:12030.0:0.216542;5:12119.0:0.209918;6:12220.0:0.222259;7:12100.0:0.225041;8:12245.0:0.233483;9:12055.0:0.243550;10:12133.0:0.237781,0.9636363636363635,484,0.13429752066115702,0.6138833655547891,0.08663861751747448,0.06521210942693588,0.5281726201263099,0.5219737481380264,True,1.687053010672554e-35
상주__연령대_10_상주인구_수,121527,94900,26627,325.902655426765,347.66090810079993,231.0,254.0,95.0,107.0,458.0,487.0,0.027171339779180893,0.06571226039702717,9.895620145603792e-37,0.5253438692505048,0.5253438692505048,0.23065987745946206,0.20617587850958458,0.23065987745946206,higher,1:12154.0:0.189485;2:12457.0:0.207755;3:11894.0:0.210106;4:12365.0:0.205580;5:11916.0:0.215173;6:12320.0:0.221997;7:11995.0:0.228929;8:12124.0:0.233256;9:12153.0:0.241916;10:12149.0:0.237221,0.9515151515151514,484,0.13429752066115702,0.6138833655547891,0.08407450320594016,0.046945310941950154,0.5308432310577724,0.5200955608330937,True,2.5900710120232533e-36
상주__연령대_20_상주인구_수,121527,94900,26627,529.4290305584826,546.2803545273595,379.0,398.0,166.0,185.0,723.0,755.0,0.013236754174518204,0.03200328297492676,1.1599267393329274e-13,0.5148570116858099,0.5148570116858099,0.2245303301185949,0.21009325809803503,0.2245303301185949,higher,1:12259.0:0.201403;2:12234.0:0.202877;3:12058.0:0.211644;4:12137.0:0.216610;5:12099.0:0.226134;6:12133.0:0.225089;7:12284.0:0.224031;8:12030.0:0.225270;9:12370.0:0.241390;10:11923.0:0.216388,0.6606060606060605,484,0.13429752066115702,0.6138833655547891,0.04968656666589509,0.013153698171505288,0.520095612363491,0.5106113007033658,True,1.9396552696622843e-13
상주__연령대_30_상주인구_수,121527,94900,26627,583.2576712328768,616.1001239343524,429.0,469.0,192.0,215.0,815.0,846.0,0.025037927901624294,0.0605493568419185,6.144313922594569e-29,0.522348966756649,0.522348966756649,0.22939141986127629,0.20708016003508598,0.22939141986127629,higher,1:12204.0:0.195346;2:12103.0:0.193919;3:12219.0:0.213929;4:12326.0:0.213532;5:12248.0:0.217913;6:11878.0:0.221502;7:12150.0:0.239671;8:12112.0:0.236212;9:12178.0:0.226146;10:12109.0:0.233132,0.8666666666666665,484,0.13429752066115702,0.6138833655547891,0.0646457107011918,0.056487590464063195,0.5240965740380619,0.5205619612507814,True,1.411785107405317e-28
상주__연령대_40_상주인구_수,121527,94900,26627,497.7113909378293,532.1782401321966,380.0,424.0,175.0,200.0,703.0,754.0,0.03232675818738979,0.07819233356611918,5.791736132012168e-40,0.5264882595579576,0.5264882595579576,0.2322342647980942,0.2059401537464315,0.2322342647980942,higher,1:12389.0:0.193236;2:12045.0:0.202408;3:12036.0:0.205467;4:12274.0:0.210934;5:12164.0:0.214896;6:12101.0:0.215685;7:12097.0:0.236836;8:12156.0:0.231162;9:12175.0:0.239836;10:12090.0:0.241026,0.9878787878787878,484,0.13429752066115702,0.6138833655547891,0.08791058210915098,0.06950132676818634,0.5289734627463024,0.5239855528599183,True,1.6602976911768218e-39
상주__연령대_50_상주인구_수,121527,94900,26627,501.1963751317176,537.2370150599016,379.0,429.0,179.0,204.0,706.0,762.0,0.03477520958525277,0.08412159382695264,5.365558484509358e-43,0.5275192232402495,0.5275192232402495,0.23272319811168377,0.20585550281384007,0.23272319811168377,higher,1:12194.0:0.194850;2:12123.0:0.201105;3:12153.0:0.202748;4:12212.0:0.205617;5:12345.0:0.222681;6:11961.0:0.212942;7:12173.0:0.230182;8:12244.0:0.239628;9:12001.0:0.235147;10:12121.0:0.246184,0.9757575757575757,484,0.13429752066115702,0.6138833655547891,0.09996707949236813,0.0687643497557662,0.5325867582460593,0.5224976863877347,True,1.5990426770666502e-42
상주__연령대_60_이상_상주인구_수,121527,94900,26627,817.3374710221285,882.6395012581214,632.0,696.0,296.0,334.0,1149.0,1244.0,0.03837256888604381,0.09283587336306028,2.4672767120855e-49,0.529558549612306,0.529558549612306,0.2346928726432334,0.20520527357245436,0.2346928726432334,higher,1:12423.0:0.191741;2:11973.0:0.200200;3:12081.0:0.201473;4:12187.0:0.209978;5:12106.0:0.219230;6:12227.0:0.213626;7:12126.0:0.229919;8:12171.0:0.242215;9:12083.0:0.237524;10:12150.0:0.245514,0.9757575757575757,484,0.13429752066115702,0.6138833655547891,0.10504545444385625,0.08240090718483196,0.5333920912689785,0.5257071338862598,True,7.81737147723932e-49
상주__남성연령대_10_상주인구_수,121527,94900,26627,166.97223393045311,178.02399819731852,118.0,129.0,48.0,55.0,232.0,251.0,0.026831326662765827,0.06488936283376809,8.16722079126085e-37,0.525373847061677,0.525373847061677,0.23036556869428848,0.20581659164159025,0.23036556869428848,higher,1:12212.0:0.188094;2:12346.0:0.206788;3:11999.0:0.213101;4:12457.0:0.207915;5:11994.0:0.210855;6:12149.0:0.220347;7:11958.0:0.229135;8:12213.0:0.237698;9:12182.0:0.240847;10:12017.0:0.236914,0.9272727272727272,484,0.13429752066115702,0.6138833655547891,0.08374775920091752,0.04555924566596699,0.5311526674784955,0.5198379759085656,True,2.156432858043435e-36
상주__남성연령대_20_상주인구_수,121527,94900,26627,247.4081032665964,257.94888646862205,176.0,189.0,79.0,88.0,341.0,360.0,0.01807962319332607,0.04371548933390483,1.742967213776675e-17,0.5170360345946102,0.5170360345946102,0.22644097974955035,0.20979875853916716,0.22644097974955035,higher,1:12159.0:0.200592;2:12267.0:0.206815;3:12181.0:0.204253;4:12241.0:0.219427;5:12015.0:0.219892;6:12066.0:0.224018;7:12168.0:0.230605;8:12240.0:0.218382;9:12107.0:0.244487;10:12083.0:0.222875,0.7696969696969697,484,0.13429752066115702,0.6138833655547891,0.06434528510519896,0.021812943369649024,0.5231124213270839,0.5121032138862195,True,3.2384761194245624e-17
상주__남성연령대_30_상주인구_수,121527,94900,26627,295.2935721812434,312.0161490216697,217.0,236.0,97.0,110.0,411.0,428.0,0.025045633755720102,0.06056800364571033,8.016523197844734e-29,0.5223015543576813,0.5223015543576813,0.2294348409643806,0.20714708559327016,0.2294348409643806,higher,1:12465.0:0.195187;2:12024.0:0.192781;3:12118.0:0.216950;4:12020.0:0.213810;5:12287.0:0.215187;6:12100.0:0.228099;7:12351.0:0.235366;8:11891.0:0.231772;9:12141.0:0.229553;10:12130.0:0.232729,0.8666666666666665,484,0.13429752066115702,0.6138833655547891,0.06793197916168833,0.05334694916973509,0.5251025216701565,0.5195392243677097,True,1.8142657763543343e-28
상주__남성연령대_40_상주인구_수,121527,94900,26627,255.4267123287671,273.23066811882677,198.0,219.0,93.0,101.5,359.0,382.0,0.03277786460276042,0.07928464042514406,3.864552964426983e-39,0.5262011008498428,0.5262011008498428,0.23253226352712209,0.20615100224202776,0.23253226352712209,higher,1:12346.0:0.196744;2:12126.0:0.198334;3:12333.0:0.206843;4:12009.0:0.211675;5:12289.0:0.213850;6:12008.0:0.219021;7:12049.0:0.232799;8:12108.0:0.231665;9:12210.0:0.238493;10:12049.0:0.242344,0.9878787878787878,484,0.13429752066115702,0.6138833655547891,0.09042261690384068,0.06958017602145872,0.5290991243605041,0.5233750874849945,True,1.0871312544789923e-38
상주__남성연령대_50_상주인구_수,121527,94900,26627,254.3677344573235,271.26563262853495,198.0,216.0,95.0,109.0,360.0,384.0,0.0328625570024888,0.07948971957399815,4.4404597739189344e-38,0.5258271546549307,0.5258271546549307,0.2320384152590913,0.20632075419415016,0.2320384152590913,higher,1:12216.0:0.195236;2:12597.0:0.203064;3:11687.0:0.198254;4:12286.0:0.216262;5:12262.0:0.215952;6:11870.0:0.217439;7:12179.0:0.228508;8:12200.0:0.239180;9:12189.0:0.235130;10:12041.0:0.242006,0.9636363636363635,484,0.13429752066115702,0.6138833655547891,0.09450650026136095,0.06503503341714988,0.5306888029977411,0.5210146816657187,True,1.2041246774320714e-37
상주__남성연령대_60_이상_상주인구_수,121527,94900,26627,378.64080084299263,407.32902692755476,289.0,327.0,142.0,159.0,528.0,581.0,0.03678442710777347,0.0889883172164574,7.900682663457187e-46,0.5284483943047581,0.5284483943047581,0.23405242058013243,0.20563405598068335,0.23405242058013243,higher,1:12324.0:0.193038;2:12174.0:0.197963;3:12272.0:0.202575;4:11845.0:0.213086;5:12565.0:0.217827;6:11746.0:0.217265;7:12265.0:0.228373;8:12091.0:0.243239;9:12104.0:0.235625;10:12141.0:0.242567,0.9515151515151514,484,0.13429752066115702,0.6138833655547891,0.10053639027880142,0.07935194197245445,0.5319742378363982,0.5249477481343358,True,2.426638246633279e-45
상주__여성연령대_10_상주인구_수,121527,94900,26627,158.9304214963119,169.63690990348144,111.0,124.0,47.0,52.0,223.0,237.0,0.02739663304328641,0.06625752626406428,2.3931107240619146e-36,0.525204527495978,0.525204527495978,0.23084747878728995,0.20628159994897938,0.23084747878728995,higher,1:12305.0:0.191142;2:12313.0:0.205311;3:12640.0:0.211867;4:11422.0:0.200140;5:12160.0:0.220066;6:12246.0:0.221378;7:12106.0:0.228069;8:12208.0:0.234027;9:12017.0:0.243405;10:12110.0:0.235590,0.9515151515151514,484,0.13429752066115702,0.6138833655547891,0.08400154358748511,0.04818034809910062,0.5303948747757014,0.5203846403081458,True,6.05316241968602e-36
상주__여성연령대_20_상주인구_수,121527,94900,26627,282.0209272918862,288.33146805873736,192.0,204.0,81.0,92.0,376.0,387.0,0.008850426336258236,0.02139716223793441,1.3586284247312434e-11,0.5135376306396966,0.5135376306396966,0.22310330570655823,0.2103072762515485,0.22310330570655823,higher,1:12409.0:0.198807;2:12017.0:0.202380;3:12385.0:0.217279;4:12013.0:0.213519;5:12085.0:0.224907;6:12078.0:0.234062;7:12126.0:0.222745;8:12176.0:0.226429;9:12126.0:0.237589;10:12112.0:0.213672,0.6606060606060605,484,0.13429752066115702,0.6138833655547891,0.03626968288588661,0.005292110028826639,0.5182644312750554,0.5095811279696554,True,2.0758738875335242e-11
상주__여성연령대_30_상주인구_수,121527,94900,26627,287.9640990516333,304.0839749126826,204.0,228.0,92.0,105.0,398.0,419.0,0.024479475332862516,0.05919802895311504,2.076574319582403e-28,0.5221311916174994,0.5221311916174994,0.22927039093264007,0.20729464787498814,0.22927039093264007,higher,1:12498.0:0.194191;2:11992.0:0.199216;3:12530.0:0.211093;4:11690.0:0.218221;5:12144.0:0.210392;6:12106.0:0.223443;7:12284.0:0.236894;8:12075.0:0.237847;9:12122.0:0.228428;10:12086.0:0.232004,0.8666666666666665,484,0.13429752066115702,0.6138833655547891,0.05991395057324055,0.05829218197738919,0.5229209031088866,0.5212996242218458,True,4.664543807420173e-28
상주__여성연령대_40_상주인구_수,121527,94900,26627,242.28467860906218,258.9475720133699,182.0,205.0,84.0,94.0,347.0,367.0,0.03136820148393545,0.0758714470530489,2.018795048485526e-40,0.5266462929730208,0.5266462929730208,0.23188206209450357,0.20574434263708077,0.23188206209450357,higher,1:12507.0:0.192452;2:11921.0:0.201745;3:12345.0:0.204698;4:11896.0:0.211247;5:12342.0:0.212202;6:11942.0:0.223246;7:12188.0:0.231375;8:12243.0:0.232541;9:12094.0:0.244005;10:12049.0:0.238360,0.9878787878787878,484,0.13429752066115702,0.6138833655547891,0.08395206752979717,0.06842339899292581,0.5288556933794165,0.5244718022589216,True,5.842858746097532e-40
상주__여성연령대_50_상주인구_수,121527,94900,26627,246.8286406743941,265.97138243136664,183.0,210.0,83.0,93.0,348.0,381.0,0.03607226709843571,0.08726320384406508,5.346042221270155e-48,0.5291403688223323,0.5291403688223323,0.23331145892406124,0.20526177617518798,0.23331145892406124,higher,1:12218.0:0.192748;2:12128.0:0.201435;3:12426.0:0.203686;4:11958.0:0.206055;5:12061.0:0.219219;6:12444.0:0.211508;7:11862.0:0.223824;8:12213.0:0.247769;9:12083.0:0.241579;10:12134.0:0.243778,0.9515151515151514,484,0.13429752066115702,0.6138833655547891,0.10341479757276792,0.07144110705880556,0.5341854113557183,0.524159255185445,True,1.6589265037137284e-47
상주__여성연령대_60_이상_상주인구_수,121527,94900,26627,438.69667017913594,475.3104743305667,333.0,372.0,151.0,177.5,618.0,673.0,0.03939068176073609,0.09530280177324581,4.378096866221187e-52,0.5304015738954371,0.5304015738954371,0.23523314119676464,0.20491954186506706,0.23523314119676464,higher,1:12175.0:0.193183;2:12573.0:0.197328;3:11866.0:0.203438;4:12229.0:0.208766;5:11938.0:0.214860;6:12229.0:0.214572;7:12121.0:0.232407;8:12224.0:0.241410;9:12086.0:0.237796;10:12086.0:0.247890,0.9757575757575757,484,0.13429752066115702,0.6138833655547891,0.1078621450346698,0.08434770832934808,0.5345716825922463,0.5263086504440213,True,1.448139732673162e-51
상주__총_가구_수,121527,94900,26627,1818.0137302423605,1912.9752131295302,1437.0,1579.0,695.0,772.0,2544.0,2708.0,0.02673366381928139,0.0646530040255462,6.40040416316095e-26,0.5210770357049419,0.5210770357049419,0.22959796340448424,0.2080394815611637,0.22959796340448424,higher,1:12210.0:0.197625;2:12153.0:0.193532;3:12332.0:0.215375;4:12100.0:0.222645;5:12070.0:0.213007;6:12068.0:0.225141;7:12167.0:0.224377;8:12335.0:0.235022;9:12108.0:0.230178;10:11984.0:0.234312,0.9030303030303028,484,0.13429752066115702,0.6138833655547891,0.07204546605625689,0.057290715012234525,0.523651036133004,0.5185147371279697,True,1.3760868950796042e-25
상주__아파트_가구_수,121527,94900,26627,0.0,0.0,0.0,0.0,0.0,0.0,0.0,0.0,,,,,,,,,,,,484,0.13429752066115702,0.6138833655547891,,,,,False,
상주__비_아파트_가구_수,121527,94900,26627,1818.0137302423605,1912.9752131295302,1437.0,1579.0,695.0,772.0,2544.0,2708.0,0.02673366381928139,0.0646530040255462,6.40040416316095e-26,0.5210770357049419,0.5210770357049419,0.22959796340448424,0.2080394815611637,0.22959796340448424,higher,1:12210.0:0.197625;2:12153.0:0.193532;3:12332.0:0.215375;4:12100.0:0.222645;5:12070.0:0.213007;6:12068.0:0.225141;7:12167.0:0.224377;8:12335.0:0.235022;9:12108.0:0.230178;10:11984.0:0.234312,0.9030303030303028,484,0.13429752066115702,0.6138833655547891,0.07204546605625689,0.057290715012234525,0.523651036133004,0.5185147371279697,True,1.3760868950796042e-25
상주__결합_여부,122011,95319,26692,0.9956042342030446,0.9975648134272441,1.0,1.0,1.0,1.0,1.0,1.0,0.01289453316943082,0.031192979643454324,6.667035595271001e-06,0.5009802896120998,0.5009802896120998,0.21910275446216188,0.21856146100565574,0.21910275446216188,higher,1:122011.0:0.218767,,0,,,0.029957029109838586,0.03241387307807264,0.5009173109768703,0.5010441931543658,True,8.649903940416254e-06
직장__총_직장_인구_수,121805,95161,26644,6475.372799781423,5737.382299954962,995.0,905.0,434.0,422.0,4443.0,3709.0,-0.017779681977349974,-0.04301550074049464,4.3623282510931505e-12,0.48614428868083437,0.5138557113191656,0.21006615406309204,0.2241481071637434,0.2241481071637434,lower,1:12194.0:0.220846;2:12185.0:0.230365;3:12315.0:0.229151;4:12104.0:0.226289;5:12226.0:0.225748;6:12078.0:0.216675;7:12228.0:0.216716;8:12131.0:0.211194;9:12175.0:0.209363;10:12169.0:0.200920,-0.8666666666666665,206,0.23300970873786409,1.0651036854793772,-0.04809702605044766,-0.03777433320278614,0.5203291550373463,0.507414655694608,True,6.9474116591483505e-12
직장__남성_직장_인구_수,121805,95161,26644,3953.051785920703,3502.4889656207774,591.0,532.0,248.0,238.0,2534.0,2206.0,-0.017615954711607505,-0.04261926155528286,6.635851319624398e-12,0.4862636052326784,0.5137363947673216,0.2101193426569502,0.22410414761908615,0.22410414761908615,lower,1:12236.0:0.221396;2:12202.0:0.228077;3:12191.0:0.231072;4:12413.0:0.222831;5:11992.0:0.230737;6:12051.0:0.214007;7:12217.0:0.220185;8:12231.0:0.209795;9:12197.0:0.208822;10:12075.0:0.200414,-0.8060606060606059,206,0.23300970873786409,1.0651036854793772,-0.048362503211332925,-0.03668900803989285,0.5203554812732798,0.507164985579541,True,1.0457545796894994e-11
직장__여성_직장_인구_수,121805,95161,26644,2522.32101386072,2234.893334334184,407.0,377.0,172.0,167.0,1738.0,1508.0,-0.01771789035919209,-0.0428659573726112,4.308278059481511e-12,0.48614076783416194,0.5138592321658381,0.21019348441861524,0.22425601638344564,0.22425601638344564,lower,1:12254.0:0.223764;2:12174.0:0.224248;3:12250.0:0.231265;4:12261.0:0.224125;5:11979.0:0.233158;6:12239.0:0.213498;7:12123.0:0.217685;8:12176.0:0.207293;9:12219.0:0.213356;10:12130.0:0.199093,-0.7696969696969697,206,0.23300970873786409,1.0651036854793772,-0.04682016936096447,-0.0387936322071477,0.5201176113213235,0.5076281411176105,True,6.934714951357941e-12
직장__연령대_10_직장_인구_수,121805,95161,26644,17.446632549048456,13.95578741930641,0.0,0.0,0.0,0.0,2.0,1.0,-0.02128875439728182,-0.05150875193795216,8.66519076034124e-20,0.4856155176178395,0.5143844823821605,0.2123158790066807,0.2243895318171283,0.2243895318171283,lower,1:98567.0:0.222813;2:11457.0:0.207471;3:11781.0:0.195654,-1.0,206,0.23300970873786409,1.0651036854793772,-0.05262783453451216,-0.05027092719659027,0.5154146803565428,0.513309513298567,True,1.7047205352043877e-19
직장__연령대_20_직장_인구_수,121805,95161,26644,1203.7467344815627,1054.7235400090076,143.0,129.0,49.0,45.0,711.0,613.0,-0.018282982108064554,-0.04423356789775822,4.631101032812705e-16,0.48375159511471405,0.516248404885286,0.20932250600911323,0.2257927538134745,0.2257927538134745,lower,1:12531.0:0.224244;2:11939.0:0.232348;3:12264.0:0.238340;4:12031.0:0.218519;5:12346.0:0.222015;6:11979.0:0.218549;7:12220.0:0.215385;8:12137.0:0.209277;9:12248.0:0.204686;10:12110.0:0.203964,-0.9151515151515152,206,0.23300970873786409,1.0651036854793772,-0.05193993046174889,-0.036288489154163814,0.5235868482892538,0.5090061652085178,True,8.448250975009844e-16
직장__연령대_30_직장_인구_수,121805,95161,26644,1905.9345530206701,1663.024433268278,229.0,210.0,91.0,86.0,1104.0,945.0,-0.018225915673902734,-0.04409545628753985,2.2311088238014059e-13,0.48532547885119975,0.5146745211488002,0.2096565350336567,0.2247731936342215,0.2247731936342215,lower,1:12504.0:0.223528;2:12002.0:0.233211;3:12376.0:0.230850;4:12113.0:0.218608;5:11925.0:0.221300;6:12284.0:0.220775;7:12095.0:0.223481;8:12301.0:0.206000;9:12042.0:0.209351;10:12163.0:0.200280,-0.8424242424242423,206,0.23300970873786409,1.0651036854793772,-0.05058784226743047,-0.037411436819060305,0.5218598049373484,0.5075108197522938,True,3.7102969942774764e-13
직장__연령대_40_직장_인구_수,121805,95161,26644,1648.463771923372,1455.8615823449932,245.0,225.0,108.0,104.0,1098.0,942.0,-0.017968600218976016,-0.04347270934513872,1.9195708559219863e-11,0.4865703010708922,0.5134296989291078,0.2101680875306553,0.2239660708408105,0.2239660708408105,lower,1:12624.0:0.222275;2:12005.0:0.226322;3:12124.0:0.227235;4:12160.0:0.229112;5:12080.0:0.225000;6:12145.0:0.219103;7:12211.0:0.220293;8:12097.0:0.212863;9:12210.0:0.202621;10:12149.0:0.202650,-0.8060606060606059,206,0.23300970873786409,1.0651036854793772,-0.04800434599752801,-0.03879798447350943,0.5200323545093849,0.5068241626387247,True,2.9034714956407934e-11
직장__연령대_50_직장_인구_수,121805,95161,26644,1179.2445434579292,1067.3463443927337,227.0,211.0,103.0,101.0,910.0,788.0,-0.01589863159821433,-0.0384633387700889,1.2348078262395632e-09,0.48784355372320043,0.5121564462767996,0.21095667593446338,0.22305194061630845,0.22305194061630845,lower,1:12527.0:0.216253;2:12066.0:0.228493;3:12080.0:0.229719;4:12066.0:0.230731;5:12315.0:0.226066;6:12138.0:0.217252;7:12141.0:0.215468;8:12114.0:0.212729;9:12240.0:0.211029;10:12118.0:0.199868,-0.7696969696969697,206,0.23300970873786409,1.0651036854793772,-0.03995842734210273,-0.03689284982865154,0.517461686970371,0.5068842161630049,True,1.7869094023947526e-09
직장__연령대_60_이상_직장_인구_수,121805,95161,26644,520.5365643488404,482.47061252064253,143.0,133.0,59.0,58.0,487.0,459.0,-0.014482783194816095,-0.03503724262388059,1.1187855303945093e-08,0.4885718915580613,0.5114281084419388,0.21156992580483203,0.22291031210936801,0.22291031210936801,lower,1:12412.0:0.217854;2:12569.0:0.226987;3:11922.0:0.228737;4:11839.0:0.230932;5:12268.0:0.221715;6:12084.0:0.217891;7:12213.0:0.213134;8:12187.0:0.213178;9:12185.0:0.219532;10:12126.0:0.197674,-0.5878787878787878,206,0.23300970873786409,1.0651036854793772,-0.03583669448318976,-0.03413873325597019,0.5160091907911178,0.5068681758028459,True,1.5884643615506948e-08
직장__남성연령대_10_직장_인구_수,121805,95161,26644,7.008007482056725,5.726542561177,0.0,0.0,0.0,0.0,0.0,0.0,-0.0191632145265929,-0.04636395314921072,4.802717052057441e-14,0.4889251308437258,0.5110748691562742,0.213659450671009,0.22295336179379469,0.22295336179379469,lower,1:99433.0:0.222300;2:10351.0:0.211960;3:12021.0:0.195158,-1.0,206,0.23300970873786409,1.0651036854793772,-0.04831207872847405,-0.044250882478581555,0.5119919478929219,0.510105672254926,True,8.167332387962089e-14
직장__남성연령대_20_직장_인구_수,121805,95161,26644,552.0067464612604,483.89265875994596,63.0,58.0,20.0,18.0,322.0,283.0,-0.018179318377422635,-0.043982682298858156,7.269657364004409e-16,0.4838619845237322,0.5161380154762678,0.20942077150427477,0.22643625061697176,0.22643625061697176,lower,1:12366.0:0.225538;2:12945.0:0.227733;3:11917.0:0.243518;4:12113.0:0.212747;5:11712.0:0.219689;6:12211.0:0.225862;7:12193.0:0.217338;8:12126.0:0.204519;9:12165.0:0.207480;10:12057.0:0.202621,-0.7939393939393938,206,0.23300970873786409,1.0651036854793772,-0.05087950742865566,-0.036848158914444214,0.523410972249543,0.5089372142230004,True,1.3102795608175612e-15
직장__남성연령대_30_직장_인구_수,121805,95161,26644,1152.9834070680215,1007.5064930190662,133.0,123.0,50.0,47.0,644.0,546.0,-0.017960112092213706,-0.043452166789959196,3.495307035364936e-13,0.48544632667751514,0.5145536733224849,0.20970727703510614,0.224734023371463,0.224734023371463,lower,1:12401.0:0.220305;2:11966.0:0.237757;3:12397.0:0.231750;4:12386.0:0.215970;5:11932.0:0.223936;6:12036.0:0.222250;7:12330.0:0.219384;8:12016.0:0.207557;9:12210.0:0.209009;10:12131.0:0.199571,-0.7696969696969697,206,0.23300970873786409,1.0651036854793772,-0.050074156083236745,-0.0366231942520994,0.521778861561532,0.5073533469955778,True,5.780700096949701e-13
직장__남성연령대_40_직장_인구_수,121805,95161,26644,1096.4444152541482,966.426737727068,145.0,133.0,60.0,57.0,659.0,568.0,-0.017685462435116307,-0.04278747797733572,7.517144064302127e-12,0.48629932859414143,0.5137006714058585,0.21012616005786694,0.22428572474786734,0.22428572474786734,lower,1:12238.0:0.221768;2:12514.0:0.228544;3:12585.0:0.227731;4:11466.0:0.225188;5:12112.0:0.224571;6:12214.0:0.220321;7:12320.0:0.223620;8:12008.0:0.207861;9:12174.0:0.206013;10:12174.0:0.201413,-0.7939393939393938,206,0.23300970873786409,1.0651036854793772,-0.04828375888583719,-0.037106154512650695,0.5205081851145508,0.5069114237127199,True,1.1784689392473646e-11
직장__남성연령대_50_직장_인구_수,121805,95161,26644,790.6555521694812,708.7144948205975,139.0,128.0,60.0,58.0,586.0,483.0,-0.01666179013534522,-0.04031013858546512,3.7890838436407655e-10,0.4874697973316411,0.5125302026683589,0.21065785550499916,0.22320931823219214,0.22320931823219214,lower,1:12655.0:0.217463;2:12233.0:0.233876;3:12221.0:0.224941;4:11998.0:0.230288;5:11807.0:0.223003;6:12320.0:0.219156;7:12060.0:0.216169;8:12259.0:0.212252;9:12096.0:0.210648;10:12156.0:0.199819,-0.8060606060606059,206,0.23300970873786409,1.0651036854793772,-0.04549567427921403,-0.03496127720111203,0.5184396791488753,0.5066226853960282,True,5.536476878329468e-10
직장__남성연령대_60_이상_직장_인구_수,121805,95161,26644,353.9536574857347,330.222038732923,105.0,95.0,43.0,43.0,343.0,320.0,-0.013550916008600093,-0.032782409486749126,1.4645167177755268e-07,0.48948170937783536,0.5105182906221646,0.21221471557925434,0.22244791098118757,0.22244791098118757,lower,1:12585.0:0.218435;2:12141.0:0.221728;3:11901.0:0.232333;4:12277.0:0.224648;5:12240.0:0.228268;6:12051.0:0.221143;7:12206.0:0.208750;8:12074.0:0.215422;9:12211.0:0.218573;10:12119.0:0.198284,-0.5878787878787878,206,0.23300970873786409,1.0651036854793772,-0.03341318328887314,-0.03206693048758872,0.5151250964935141,0.5058968433203923,True,2.0221079451854749e-07
직장__여성연령대_10_직장_인구_수,121805,95161,26644,10.43862506699173,8.22924485812941,0.0,0.0,0.0,0.0,1.0,0.0,-0.021956005047287362,-0.053123950827255774,4.911404373254839e-22,0.48534045635230716,0.5146595436476928,0.21241643874310653,0.22439720293023835,0.22439720293023835,lower,1:97754.0:0.223991;2:12005.0:0.203499;3:12046.0:0.191350,-1.0,206,0.23300970873786409,1.0651036854793772,-0.05366858311949141,-0.052495040325961764,0.5157511614997428,0.5135228590823924,True,9.988734569930448e-22
직장__여성연령대_20_직장_인구_수,121805,95161,26644,651.7399880203025,570.8308812490617,82.0,71.0,25.0,24.0,377.0,314.0,-0.0180252640058593,-0.04360984455151082,7.155957840473619e-16,0.48385780088073027,0.5161421991192697,0.20944459687951572,0.22591758889240868,0.22591758889240868,lower,1:12227.0:0.224340;2:13303.0:0.234158;3:12049.0:0.229812;4:11413.0:0.227197;5:11993.0:0.222963;6:12122.0:0.208711;7:12168.0:0.221811;8:12283.0:0.210046;9:12170.0:0.206163;10:12077.0:0.201375,-0.8909090909090909,206,0.23300970873786409,1.0651036854793772,-0.05183974388586788,-0.035145396933133996,0.5231541449469502,0.5091418858104874,True,1.2975562108328671e-15
직장__여성연령대_30_직장_인구_수,121805,95161,26644,752.9511459526486,655.5179402492118,98.0,89.0,38.0,36.0,431.0,387.0,-0.018068493395606674,-0.04371446670303557,3.8895475448449935e-13,0.4854752915278792,0.5145247084721207,0.20983885546886202,0.22502824196187698,0.22502824196187698,lower,1:12217.0:0.227306;2:12288.0:0.230550;3:12352.0:0.222312;4:12454.0:0.226273;5:11728.0:0.223482;6:12194.0:0.218222;7:12158.0:0.221582;8:12215.0:0.208760;9:12026.0:0.209962;10:12173.0:0.198718,-0.9272727272727272,206,0.23300970873786409,1.0651036854793772,-0.04982572182249917,-0.03744183448813815,0.5214990868418661,0.5075906988840303,True,6.397561808734115e-13
직장__여성연령대_40_직장_인구_수,121805,95161,26644,552.0193566692237,489.43484461792525,102.0,93.0,45.0,44.0,391.0,350.0,-0.018156049998726168,-0.04392636866972288,2.1538519845736928e-10,0.48729482363631366,0.5127051763636863,0.21046982160481395,0.22361738994405803,0.22361738994405803,lower,1:12817.0:0.221815;2:12161.0:0.219965;3:11849.0:0.234450;4:12069.0:0.227276;5:12094.0:0.228130;6:12271.0:0.218809;7:12074.0:0.216415;8:12173.0:0.209809;9:12149.0:0.209318;10:12148.0:0.201762,-0.8060606060606059,206,0.23300970873786409,1.0651036854793772,-0.04631987455759985,-0.04146037689461206,0.5188365326236539,0.5065736034086714,True,3.162485109056983e-10
직장__여성연령대_50_직장_인구_수,121805,95161,26644,388.58899128844797,358.63184957213633,90.0,82.0,39.0,38.0,310.0,293.0,-0.012883489711582308,-0.031167495146452614,9.371080091703856e-09,0.48851178987316973,0.5114882101268303,0.21139988039410895,0.22288732137709008,0.22288732137709008,lower,1:12719.0:0.219907;2:11757.0:0.220294;3:12706.0:0.230285;4:12372.0:0.235128;5:11602.0:0.225392;6:11942.0:0.215458;7:12222.0:0.217068;8:12241.0:0.208725;9:12224.0:0.218750;10:12020.0:0.195674,-0.709090909090909,206,0.23300970873786409,1.0651036854793772,-0.02466287156600833,-0.037568569090785514,0.515725847174313,0.5072390148553568,True,1.336822325878133e-08
직장__여성연령대_60_이상_직장_인구_수,121805,95161,26644,166.58290686310568,152.24857378771955,42.0,39.0,14.0,13.0,150.0,139.0,-0.015803263410641276,-0.03823255802768447,5.936148522022739e-11,0.48690454604544187,0.5130954539545581,0.21060528048276594,0.22428345213321565,0.22428345213321565,lower,1:13022.0:0.223391;2:12405.0:0.225554;3:11865.0:0.228993;4:11529.0:0.230376;5:13050.0:0.217395;6:11323.0:0.217963;7:12078.0:0.213280;8:12339.0:0.220439;9:12117.0:0.214657;10:12077.0:0.195578,-0.7696969696969697,206,0.23300970873786409,1.0651036854793772,-0.03922172130271704,-0.037121656593966414,0.5176405190822313,0.508587639771499,True,8.801875394723371e-11
직장__결합_여부,122011,95319,26692,0.9983424081242984,0.9982017083770418,1.0,1.0,1.0,1.0,1.0,1.0,-0.001416796403981124,-0.0034270702903915857,0.6206815764485638,0.4999296501263717,0.5000703498736283,0.21874311626061843,0.21879277259347935,0.21879277259347935,lower,1:122011.0:0.218767,,0,,,0.004963223245798975,-0.010516234184835185,0.5000935878152563,0.5002321584119913,False,0.6354597092211487
시설__집객시설_수,121099,94578,26521,41.211359935714434,38.84061686965047,25.0,24.0,13.0,13.0,49.0,46.0,-0.018817657299944154,-0.045508175187762526,2.5360191883113283e-06,0.4905636074677669,0.5094363925322332,0.2116012343242214,0.22101066200124064,0.22101066200124064,lower,1:13825.0:0.218807;2:11240.0:0.212100;3:12556.0:0.230010;4:12801.0:0.235528;5:10881.0:0.229942;6:11876.0:0.209835;7:12375.0:0.223192;8:11667.0:0.224822;9:11931.0:0.206269;10:11947.0:0.198292,-0.4666666666666666,912,0.1875,0.8570756219091863,-0.048133565196233075,-0.042914386414597154,0.5109260530847666,0.507955749135338,True,3.3479902442180256e-06
시설__관공서_수,68489,53457,15032,2.042333090147221,1.9674693986162852,2.0,1.0,1.0,1.0,2.0,2.0,-0.01930163786715448,-0.046642184913268256,0.00014378047804389414,0.4906240912067687,0.5093759087932312,0.2143362877720207,0.2228465482958066,0.2228465482958066,lower,1:52450.0:0.224271;2:7486.0:0.208389;3:4155.0:0.199519;4:4398.0:0.200091,-0.7999999999999999,53522,0.2178543402712903,0.995827435592702,-0.0589565730404038,-0.03443142739114374,0.5134529951693161,0.5053235796396702,True,0.00017883439624467824
시설__은행_수,64606,51052,13554,4.642521350779598,4.32846392208942,3.0,3.0,1.0,1.0,6.0,5.0,-0.020810489032098107,-0.05112135511648659,0.00011475950158335503,0.4895033065320848,0.5104966934679152,0.20282695122770536,0.21377282316550786,0.21377282316550786,lower,1:30951.0:0.211754;2:6793.0:0.216988;3:4835.0:0.227715;4:5029.0:0.211175;5:4868.0:0.209121;6:5722.0:0.206571;7:6408.0:0.181492,-0.8571428571428573,57405,0.22886508143889905,1.0461583040402185,-0.05252235409239423,-0.04976911220909978,0.5132242480736635,0.5078230486845314,True,0.00014333033185306998
시설__종합병원_수,3039,2445,594,1.0588957055214725,1.0622895622895623,1.0,1.0,1.0,1.0,1.0,1.0,0.00568664037600768,0.014335666139773306,0.7539973195575498,0.501696928384045,0.501696928384045,0.19601720043218138,0.19492688186909632,0.19601720043218138,higher,1:3039.0:0.195459,,118972,0.21936253908482667,1.002721517918432,0.009627806253299898,0.018182299334610873,0.5011337641541804,0.5021648595104702,True,0.7667337607662922
시설__일반_병원_수,19343,15091,4252,1.3731363064077928,1.382173095014111,1.0,1.0,1.0,1.0,2.0,2.0,0.005431119117502493,0.013114190082272176,0.16305956798740917,0.5054184918798985,0.5054184918798985,0.22095895787844852,0.21772227986467801,0.22095895787844852,higher,1:17488.0:0.221123;2:1855.0:0.207547,-0.9999999999999999,102668,0.21856859001831144,0.9990923211720439,0.008306651345952033,0.017706323851612176,0.5043036691230762,0.5064859910653886,True,0.17655010778492863
시설__약국_수,103869,81191,22678,5.740636277419911,5.437692918246759,4.0,3.0,2.0,2.0,7.0,7.0,-0.019939475424683245,-0.048275360792042935,9.575192230130287e-12,0.4853468687816039,0.5146531312183962,0.21092834164608867,0.22505247518656402,0.22505247518656402,lower,1:37901.0:0.226907;2:13354.0:0.219485;3:8942.0:0.224558;4:7762.0:0.220433;5:7432.0:0.212056;6:8039.0:0.210350;7:11838.0:0.203497;8:8601.0:0.203697,-0.9047619047619048,18142,0.22125454745893508,1.0113700206058793,-0.04825128858166771,-0.048307467688707396,0.5163906870952544,0.5129250657261716,True,1.4856354954995963e-11
시설__유치원_수,14491,11089,3402,1.1895572188655423,1.1772486772486772,1.0,1.0,1.0,1.0,1.0,1.0,-0.010087308125418715,-0.02379865546111217,0.14587719853594708,0.49489735897186715,0.5051026410281328,0.23300475200652548,0.23664874103771294,0.23664874103771294,lower,1:14207.0:0.234884;2:284.0:0.228873,-0.9999999999999999,107520,0.21661086309523808,0.9901434143980629,-0.00438797954700793,-0.04351654275168938,0.5016778213155767,0.511985092056604,True,0.15909071289608723
시설__초등학교_수,1837,1426,411,1.0,1.0,1.0,1.0,1.0,1.0,1.0,1.0,,,,,,,,,,,,120174,0.21869123104831328,0.9996529219030328,,,,,False,
시설__중학교_수,503,408,95,1.0,1.0,1.0,1.0,1.0,1.0,1.0,1.0,,,,,,,,,,,,121508,0.2188909372222405,1.0005657928001943,,,,,False,
시설__고등학교_수,1019,812,207,1.4556650246305418,1.3091787439613527,1.0,1.0,1.0,1.0,1.0,1.0,-0.07198020727116079,-0.17919482819491347,0.021651762844940255,0.4633784298327027,0.5366215701672973,0.19453358647244245,0.21587573049900505,0.21587573049900505,lower,1:1019.0:0.203140,,120992,0.2188987701666226,1.0006015977371419,-0.24696086955818178,-0.10414401824141965,0.5503037555228277,0.5213753723932473,True,0.02526038998576363
시설__대학교_수,8538,6799,1739,1.6259744080011767,1.6026451983898793,1.0,1.0,1.0,1.0,2.0,2.0,-0.007889970379479652,-0.019589432636832327,0.2705084468793677,0.4930543180207555,0.5069456819792445,0.20220058166846938,0.20623368915378879,0.20623368915378879,lower,1:7211.0:0.205381;2:604.0:0.198675;3:723.0:0.190871,-1.0,113473,0.21990253187983044,1.0051898627749885,-0.05189959436524159,0.012527053091793694,0.5189494712103409,0.5051646961762941,False,0.288734193300318
시설__백화점_수,2264,1833,431,1.099290780141844,1.122969837587007,1.0,1.0,1.0,1.0,1.0,1.0,0.03047960426719241,0.07763825988477041,0.14709540679956515,0.5118395287225815,0.5118395287225815,0.19469475368720424,0.18679944618224353,0.19469475368720424,higher,1:2264.0:0.190371,,119747,0.21930403266887688,1.002454080996641,0.011416796880142481,0.13580790422763128,0.5017420272944871,0.5207042280213012,True,0.1598401351865311
시설__슈퍼마켓_수,9311,7391,1920,1.8552293329725342,1.7822916666666666,1.0,1.0,1.0,1.0,2.0,2.0,-0.018576999668552044,-0.04591958853085341,0.06485787235115774,0.4885176721124791,0.5114823278875209,0.2023852327926716,0.21052561428009448,0.21052561428009448,lower,1:7500.0:0.208133;2:1014.0:0.212032;3:797.0:0.180678,-0.5,112700,0.21980479148181012,1.0047430845754208,-0.026812975625386697,-0.0657578578640417,0.5180784739114237,0.5046550256921079,True,0.0723045169544388
시설__극장_수,14507,11602,2905,1.494052749525944,1.4409638554216868,1.0,1.0,1.0,1.0,2.0,2.0,-0.023427193449993985,-0.058552797220252396,0.0543660388890226,0.49071685070619614,0.5092831492938039,0.1960722639752888,0.2033255101180287,0.2033255101180287,lower,1:13021.0:0.204823;2:626.0:0.140575;3:860.0:0.174419,-0.5,107504,0.22126618544426255,1.0114232186512782,-0.02823096811536919,-0.08728102604474547,0.5018997701960006,0.5162647239608675,True,0.061289055077137826
시설__숙박_시설_수,16075,12823,3252,2.8640723699602275,2.628228782287823,2.0,1.0,1.0,1.0,3.0,3.0,-0.03035061369110082,-0.07558253781178921,0.0004960655804398214,0.4816352583318394,0.5183647416681606,0.1936239370025544,0.2089512645775345,0.2089512645775345,lower,1:11409.0:0.210536;2:1545.0:0.189644;3:2192.0:0.184307;4:929.0:0.164693,-1.0,105936,0.221265669838393,1.0114208617807645,-0.0519701481430868,-0.09823342129193767,0.5122333409421704,0.5242438980273219,True,0.0006094519988260662
시설__공항_수,18,18,0,4.0,,4.0,,4.0,,4.0,,,,,,,,,,,,,121993,0.21879943931209167,1.0001475494495586,,,,,False,
시설__철도_역_수,0,0,0,,,,,,,,,,,,,,,,,,,,122011,0.2187671603380023,1.0,,,,,False,
시설__버스_터미널_수,445,349,96,1.0,1.0,1.0,1.0,1.0,1.0,1.0,1.0,,,,,,,,,,,,121566,0.2187782768208216,1.0000508142209374,,,,,False,
시설__지하철_역_수,31183,24798,6385,1.4982659891926768,1.4454189506656225,1.0,1.0,1.0,1.0,2.0,2.0,-0.026998318302015704,-0.06692836873149595,5.41294425719569e-06,0.4844705502369877,0.5155294497630123,0.1990833464018544,0.21023239383766956,0.21023239383766956,lower,1:28135.0:0.207891;2:3048.0:0.175853,-0.9999999999999999,90828,0.22357643017571674,1.0219835089978038,-0.06732742747363249,-0.066540153269982,0.5123588467775013,0.5186199534894596,True,7.053230395739838e-06
시설__버스_정거장_수,110399,86288,24111,7.087068885592434,6.9434283107295425,5.0,5.0,3.0,3.0,9.0,9.0,-0.00823178432420753,-0.01992448435888278,0.047239806855494414,0.4958431496267614,0.5041568503732385,0.21548420888863754,0.22025087303802626,0.22025087303802626,lower,1:25144.0:0.220609;2:13666.0:0.223547;3:10858.0:0.217996;4:8378.0:0.222846;5:9072.0:0.201499;6:12733.0:0.224927;7:9579.0:0.221422;8:11718.0:0.217102;9:9251.0:0.207329,-0.35,11612,0.22227006544953495,1.0160120244104305,-0.02680922181294351,-0.013064028143290565,0.5078884544881861,0.5004284566328561,True,0.0540653302794822
시설__결합_여부,122011,95319,26692,0.992226103924716,0.9935935860932115,1.0,1.0,1.0,1.0,1.0,1.0,0.006563481586824952,0.01587664580896952,0.0218699578523285,0.5006837410842477,0.5006837410842477,0.21900112566529711,0.21856684996718714,0.21900112566529711,higher,1:122011.0:0.218767,,0,,,0.0012237964542132392,0.030428225800226576,0.5000526135523349,0.5013126370471009,True,0.025416437504057445
아파트__아파트_단지_수,112743,87707,25036,57.17675898160922,61.72675347499601,34.0,38.0,12.0,15.0,72.0,80.0,0.02638168823644686,0.06349505513336433,1.939378861570378e-36,0.5260743482262735,0.5260743482262735,0.23481644474202887,0.2099462069230963,0.23481644474202887,higher,1:12363.0:0.198010;2:11316.0:0.208466;3:10793.0:0.199388;4:11161.0:0.218798;5:11528.0:0.212786;6:10641.0:0.229114;7:11206.0:0.237551;8:11245.0:0.235394;9:11347.0:0.235040;10:11143.0:0.248407,0.9272727272727272,9268,0.17867932671558048,0.8167557070243777,0.08094129021706258,0.04609463748357108,0.5320005743443708,0.5202074963737838,True,4.947059638412574e-36
아파트__아파트_면적_66_제곱미터_미만_세대_수,110079,85616,24463,414.2757428518034,448.5935085639537,229.0,277.0,84.0,99.0,543.0,595.0,0.02693038751876974,0.06479900702987808,4.745642926476439e-36,0.5262353406201653,0.5262353406201653,0.2354477998964483,0.2096583103978547,0.2354477998964483,higher,1:11266.0:0.199538;2:10849.0:0.201954;3:10948.0:0.203690;4:10975.0:0.222323;5:11026.0:0.208689;6:11114.0:0.229800;7:11043.0:0.232002;8:10937.0:0.235439;9:10942.0:0.242003;10:10979.0:0.247199,0.9878787878787878,11932,0.18680858196446531,0.8539151016808924,0.08602479598009992,0.043637451207891954,0.5340574013181957,0.5184809208716691,True,1.1903654340578402e-35
아파트__아파트_면적_66_제곱미터_세대_수,105501,81877,23624,94.48012262295883,99.5402133423637,56.0,63.0,20.0,23.0,116.0,125.0,0.018640186870928947,0.044721926765945254,5.082516619070206e-18,0.5184439731669725,0.5184439731669725,0.23256194341065867,0.21498949865640765,0.23256194341065867,higher,1:11264.0:0.206942;2:10323.0:0.205560;3:10074.0:0.220766;4:10585.0:0.211809;5:11093.0:0.222933;6:10473.0:0.227537;7:10284.0:0.237456;8:10405.0:0.231331;9:10624.0:0.233622;10:10376.0:0.242675,0.9393939393939393,16510,0.1858267716535433,0.8494271780391306,0.052145391714114586,0.03729179048029239,0.5197919322161157,0.517120374938075,True,9.682515837595773e-18
아파트__아파트_면적_99_제곱미터_세대_수,77479,60039,17440,14.620563300521328,14.508543577981651,7.0,7.0,2.0,2.0,19.0,20.0,-0.002530273494011007,-0.006058390911609584,0.9251793502164294,0.4997675560006791,0.5002324439993209,0.22434340364966254,0.22454266198160355,0.22454266198160355,lower,1:21334.0:0.222977;2:7132.0:0.240466;3:4172.0:0.228428;4:6344.0:0.217528;5:8343.0:0.226297;6:8405.0:0.213325;7:6837.0:0.237385;8:7698.0:0.224214;9:7214.0:0.222484,-0.25,44532,0.20776071139854488,0.9496887516277484,-0.016341908127478186,0.0042198975300447306,0.5031684017787086,0.5026803103786333,False,0.9282632813838175
아파트__아파트_면적_132_제곱미터_세대_수,42230,32669,9561,12.120450580060607,11.823344838406024,6.0,5.0,1.0,1.0,15.0,15.0,-0.007433029693885671,-0.017761068247202583,0.03995450131101513,0.493178709669275,0.506821290330725,0.2235614592309045,0.2299159055052059,0.2299159055052059,lower,1:14591.0:0.233226;2:2673.0:0.228956;3:3890.0:0.224422;4:4537.0:0.216222;5:4224.0:0.218987;6:3931.0:0.232002;7:4223.0:0.219039;8:4161.0:0.223504,-0.4285714285714286,79781,0.21472531053759666,0.981524421699487,-0.02513209808455956,-0.01067005429718027,0.5080898701036092,0.5056002453428867,True,0.04590192707868532
아파트__아파트_면적_165_제곱미터_세대_수,23283,18149,5134,16.234227781144966,17.05862874951305,7.0,8.0,2.0,2.0,21.0,22.0,0.013820701171435627,0.03333784787340197,0.11047360659800824,0.5072342718263653,0.5072342718263653,0.2264278822444548,0.21710068849597375,0.2264278822444548,higher,1:7106.0:0.217985;2:3072.0:0.225586;3:1557.0:0.190109;4:3402.0:0.219577;5:1273.0:0.233307;6:2272.0:0.214349;7:2329.0:0.224560;8:2272.0:0.238556,0.4285714285714286,98728,0.21835750749534075,0.9981274481872479,0.031786387473417235,0.034596224104424485,0.5000763729848812,0.5141293325523245,True,0.12091838394909267
아파트__아파트_가격_1_억_미만_세대_수,92400,71575,20825,78.6119315403423,85.03620648259303,33.0,38.0,11.0,12.0,93.0,100.0,0.018772483689064267,0.04493578788080285,1.4508415953250573e-14,0.5174801448626953,0.5174801448626953,0.2363020789952128,0.21883107181721495,0.2363020789952128,higher,1:11452.0:0.216032;2:7388.0:0.210612;3:9992.0:0.213771;4:9210.0:0.215744;5:8689.0:0.215445;6:8969.0:0.234586;7:9258.0:0.230611;8:9105.0:0.228556;9:9151.0:0.235056;10:9186.0:0.253538,0.8181818181818182,29611,0.19813582790179327,0.9056927355809118,0.0599830760736463,0.029537443597582334,0.5227289862960444,0.5121554079153802,True,2.5242966485135387e-14
아파트__아파트_가격_1_억_세대_수,106048,82479,23569,272.5503582730149,299.14345114345116,134.0,160.0,44.0,53.0,348.0,396.0,0.027905368929272,0.0671449020468818,9.98647636067239e-40,0.5281234120601024,0.5281234120601024,0.2369883994434168,0.20913600472882526,0.2369883994434168,higher,1:11334.0:0.195430;2:10381.0:0.199788;3:10100.0:0.209406;4:10744.0:0.213235;5:10555.0:0.227001;6:10563.0:0.219919;7:10590.0:0.223890;8:10632.0:0.236362;9:10561.0:0.258119;10:10588.0:0.240366,0.9515151515151514,15963,0.19563991730877656,0.8942837535876343,0.09624694110099588,0.03808383642916138,0.5394080257814721,0.5169288018250145,True,2.8357824382664047e-39
아파트__아파트_가격_2_억_세대_수,104467,81142,23325,127.79235167977127,133.38718113612003,63.0,68.0,23.0,25.0,158.0,168.0,0.013065178663533442,0.03137572057337068,5.8573147157531706e-12,0.5147616528080937,0.5147616528080937,0.23022533573358928,0.21558614704840132,0.23022533573358928,higher,1:10975.0:0.208747;2:10904.0:0.210565;3:9831.0:0.218187;4:10165.0:0.230497;5:10533.0:0.216273;6:10459.0:0.213883;7:10392.0:0.232679;8:10327.0:0.231335;9:10543.0:0.240159;10:10338.0:0.231766,0.8303030303030302,17544,0.19191746466028273,0.8772681620210458,0.03244151541087857,0.030331873813146056,0.5188721382413841,0.5106609834490393,True,9.279219628640548e-12
아파트__아파트_가격_3_억_세대_수,81944,63656,18288,48.71427673746387,50.25317147856518,21.0,21.0,6.0,6.0,57.0,62.0,0.008368004972892555,0.02009769338555225,0.07725088201910389,0.5042770362936676,0.5042770362936676,0.22705343301172123,0.2224179988524076,0.22705343301172123,higher,1:10964.0:0.219810;2:7110.0:0.227426;3:7041.0:0.229513;4:9906.0:0.214516;5:6401.0:0.229183;6:7944.0:0.217900;7:8447.0:0.205517;8:7857.0:0.224640;9:8189.0:0.226401;10:8085.0:0.243290,0.11515151515151514,40067,0.20974867097611502,0.9587758539812217,0.002363582598693934,0.03784009588439688,0.500579626236522,0.509116959519382,True,0.08548718929319954
아파트__아파트_가격_4_억_세대_수,59262,46159,13103,27.15050152732945,27.84286041364573,14.0,14.0,5.0,6.0,37.0,40.0,0.008794396406975614,0.0211923072586573,0.0020210183683680816,0.5088154084871243,0.5088154084871243,0.22502083683920493,0.2156325419983068,0.22502083683920493,higher,1:8773.0:0.209392;2:4446.0:0.214350;3:6987.0:0.225848;4:3802.0:0.213309;5:5982.0:0.231862;6:5990.0:0.211185;7:5625.0:0.219200;8:5959.0:0.223527;9:5867.0:0.236066;10:5831.0:0.226719,0.6,62749,0.2165612200991251,0.989916492788639,0.0034002021378274176,0.03882554971123948,0.5045556471840226,0.5130176036080911,True,0.0024628604408048283
아파트__아파트_가격_5_억_세대_수,42552,33194,9358,18.23160812194975,18.487604188929257,12.0,12.0,5.0,5.0,24.0,24.0,0.005142311884532141,0.012415168297475186,0.4463606499005285,0.5025700975707867,0.5025700975707867,0.22154455645613602,0.2181268411324181,0.22154455645613602,higher,1:8585.0:0.216191;2:4688.0:0.206058;3:4101.0:0.226774;4:4766.0:0.233949;5:3851.0:0.220982;6:4728.0:0.221447;7:3476.0:0.211738;8:4251.0:0.223242;9:4106.0:0.221140,0.18333333333333335,79459,0.21815024100479494,0.9971800185537253,-0.004366282788667541,0.02876296760642761,0.5046981118434992,0.509551445258525,False,0.46813434013957866
아파트__아파트_가격_6_억_이상_세대_수,37752,29559,8193,45.25694373963937,47.555596240693276,24.0,24.0,9.0,9.0,62.0,62.0,0.01661361142780254,0.04030752259703328,0.5287563304327356,0.5022692524741224,0.5022692524741224,0.22311895377192192,0.21697916164502756,0.22311895377192192,higher,1:4121.0:0.225431;2:3629.0:0.217966;3:5378.0:0.212161;4:2146.0:0.218080;5:3766.0:0.216144;6:3945.0:0.197212;7:3751.0:0.218075;8:3610.0:0.231856;9:3783.0:0.201692;10:3623.0:0.235716,0.12727272727272726,84259,0.21954924696471592,1.0035749727038796,0.04278133318139457,0.03831461443711386,0.5005613405348928,0.5050791432504593,True,0.5488126050353567
아파트__아파트_평균_면적,112743,87707,25036,54.27081076766963,54.26633647547531,51.0,51.0,46.0,47.0,57.0,57.0,-0.000103447448755694,-0.0002488891256049357,0.3145236279273348,0.49792107020923104,0.502078929790769,0.21970912785185215,0.21949470592059458,0.21970912785185215,higher,1:11347.0:0.204371;2:11565.0:0.214872;3:15838.0:0.231532;4:6794.0:0.236385;5:11939.0:0.247257;6:11557.0:0.225491;7:13592.0:0.219762;8:8546.0:0.211093;9:10508.0:0.211934;10:11057.0:0.215520,-0.07878787878787878,9268,0.17867932671558048,0.8167557070243777,-0.01631355120216034,0.015674702551428953,0.5067222512061278,0.5025262699238819,False,0.33218109475834307
아파트__아파트_평균_시가,112743,87707,25036,258094077.8723933,254938890.8134686,193466667.0,188466977.0,153161295.0,151973695.0,264999172.0,256662297.75,-0.005653753833299671,-0.013602851957613779,5.201368445681436e-07,0.4896187368579795,0.5103812631420205,0.21760116349926595,0.22629261857012917,0.22629261857012917,lower,1:11292.0:0.229720;2:11299.0:0.231259;3:11241.0:0.225692;4:11272.0:0.228708;5:11303.0:0.228700;6:11318.0:0.215939;7:11273.0:0.220793;8:11295.0:0.212041;9:11357.0:0.212028;10:11093.0:0.215722,-0.9030303030303028,9268,0.17867932671558048,0.8167557070243777,-0.037810392392246074,0.01044117832122511,0.5195793305174279,0.5012117456431764,False,7.052305865541045e-07
아파트__결합_여부,122011,95319,26692,0.9201418395073385,0.9379589390079425,1.0,1.0,1.0,1.0,1.0,1.0,0.027802221317441627,0.06727636812039334,2.698829215651537e-22,0.508908549750302,0.508908549750302,0.2218581165468266,0.21628006860719418,0.2218581165468266,higher,1:122011.0:0.218767,,0,,,0.05830610746312133,0.07618906494203813,0.5077031000787224,0.5101117914918525,True,5.526174108238861e-22
공간__중심_X,122011,95319,26692,199450.5591435076,199458.30874419303,200749.0,200968.0,192994.0,192812.0,205141.0,205433.0,0.0004246553981552621,0.001027192449924173,0.5218116683487891,0.5012805209472679,0.5012805209472679,0.22149817601155666,0.22110178764360558,0.22149817601155666,higher,1:12247.0:0.232220;2:12191.0:0.216963;3:12379.0:0.224251;4:12000.0:0.205083;5:12272.0:0.199234;6:12158.0:0.221089;7:12239.0:0.223711;8:12172.0:0.209826;9:12174.0:0.225563;10:12179.0:0.229493,0.09090909090909088,0,,,-0.0015314946533523922,0.003570477969602646,0.5013806684299028,0.5011923809962091,False,0.5434785888338599
공간__중심_Y,122011,95319,26692,449511.85423682583,449556.8792896748,449194.0,449057.0,444997.0,444888.0,452823.0,453030.0,0.0033950415757823334,0.008212260748113097,0.9316777043314788,0.4998286103227899,0.5001713896772101,0.22189197050200793,0.22017122403686018,0.22189197050200793,higher,1:12210.0:0.218755;2:12350.0:0.219838;3:12098.0:0.227228;4:12335.0:0.216700;5:12071.0:0.224588;6:12235.0:0.220270;7:12148.0:0.192542;8:12288.0:0.210124;9:12082.0:0.220659;10:12194.0:0.237084,0.1515151515151515,0,,,0.0204228435207387,-0.003936694826349487,0.5027708485456334,0.5031046060333272,False,0.9316777043314788
공간__면적,122011,95319,26692,159938.90999695758,159737.2980293721,122821.0,124929.0,68591.0,71349.0,200822.0,197508.0,-0.0004782193251795623,-0.0011567574420196115,0.020606865816235533,0.5046280904100724,0.5046280904100724,0.21750728046931475,0.21358792642596364,0.21750728046931475,higher,1:12205.0:0.202704;2:12288.0:0.211751;3:12125.0:0.216495;4:12199.0:0.219444;5:12207.0:0.228312;6:12219.0:0.223341;7:12193.0:0.234315;8:12200.0:0.233279;9:12179.0:0.213400;10:12196.0:0.204657,0.28484848484848485,0,,,0.0068866352899130704,-0.009170199005576966,0.5020587368725364,0.5071898675262712,False,0.024134889535746676
공간__결합_여부,122011,95319,26692,1.0,1.0,1.0,1.0,1.0,1.0,1.0,1.0,,,,,,,,,,,,0,,,,,,,False,
당월_매출_건수__분모0,122011,95319,26692,0.0,0.0,0.0,0.0,0.0,0.0,0.0,0.0,,,,,,,,,,,,0,,,,,,,False,
평균_객단가,122011,95319,26692,90507.31958028399,103446.12899937938,32491.99609375,32547.76953125,14639.9013671875,14834.96826171875,80395.5078125,98613.408203125,0.023002338677577453,0.055654725938110494,8.419059739437725e-08,0.5107108934439138,0.5107108934439138,0.23158493365238608,0.21525687535384785,0.23158493365238608,higher,1:12202.0:0.209310;2:12201.0:0.228096;3:12201.0:0.213835;4:12201.0:0.236046;5:12201.0:0.205147;6:12201.0:0.189821;7:12201.0:0.197033;8:12201.0:0.222523;9:12201.0:0.225965;10:12201.0:0.259897,0.17575757575757575,0,,,0.07564192700955363,0.0370736120430515,0.5124094897770952,0.5087209221752,True,1.1678050606316845e-07
점포_수__분모0,122011,95319,26692,0.01086876698244841,0.01213846845496778,0.0,0.0,0.0,0.0,0.0,0.0,0.004999735194038738,0.012093933087163196,0.08074086987649393,0.5006348507362596,0.5006348507362596,0.21900347366576361,0.2185503757625362,0.21900347366576361,higher,1:122011.0:0.218767,,0,,,0.01886779599502589,0.005377017000749673,0.5009876170671202,0.5002830622606432,True,0.08902198473562152
점포당_매출,120651,94283,26368,89029449.67705664,71530200.20322926,31433586.0,21960769.0,10241169.5,6877698.875,84751060.0,66432523.0,-0.0344671483357961,-0.08345176162538236,2.945533109881486e-176,0.4430761444429748,0.5569238555570253,0.19492112284365723,0.25900840473201003,0.25900840473201003,lower,1:12066.0:0.299519;2:12065.0:0.253378;3:12065.0:0.241691;4:12065.0:0.227600;5:12065.0:0.220804;6:12065.0:0.198342;7:12065.0:0.190385;8:12065.0:0.179859;9:12065.0:0.186324;10:12065.0:0.187567,-0.9515151515151514,1360,0.23823529411764705,1.0889902019552014,-0.07907938760364482,-0.08778273855523747,0.5549009900071714,0.559079763220257,True,1.6120099383169588e-175
점포당_거래건수,120651,94283,26368,5667.086016317543,4168.897214829837,807.75,509.6999969482422,181.60000610351562,108.75,2993.9000244140625,2233.6661376953125,-0.028922869475527434,-0.07001565228216995,2.216006115456145e-162,0.4453903235262764,0.5546096764737236,0.1961203412219089,0.2564748736554041,0.2564748736554041,lower,1:12077.0:0.295355;2:12062.0:0.258083;3:12059.0:0.238992;4:12066.0:0.223438;5:12062.0:0.221937;6:12071.0:0.208019;7:12059.0:0.175471;8:12066.0:0.179844;9:12064.0:0.188163;10:12065.0:0.196104,-0.8787878787878788,1360,0.23823529411764705,1.0889902019552014,-0.07175621108407734,-0.06831092687908893,0.5557172699647804,0.5534838150608312,True,1.130538713139491e-161
유사_업종_점포_수__분모0,122011,95319,26692,0.0,0.0,0.0,0.0,0.0,0.0,0.0,0.0,,,,,,,,,,,,0,,,,,,,False,
개업_강도,122011,95319,26692,0.02766080438495441,0.02492986079838726,0.0,0.0,0.0,0.0,0.010101010091602802,0.0,-0.017663665180185754,-0.042733032768646234,2.375276997509788e-51,0.4773950749054473,0.5226049250945527,0.21673035069022592,0.2284077381978477,0.2284077381978477,lower,1:97739.0:0.225857;2:12093.0:0.164310;3:12179.0:0.215945,-0.5,0,,,-0.048638536541767544,-0.03740689763506623,0.5236845531203767,0.5215702601578935,True,7.771286698374416e-51
폐업_강도,122011,95319,26692,0.024376830012886357,0.029336704805456682,0.0,0.0,0.0,0.0,0.0,0.0,0.03067904922336602,0.07424402402834163,0.013474435305823037,0.4963967829844057,0.5036032170155943,0.22901621570593825,0.22120397679897924,0.22901621570593825,higher,1:97709.0:0.220123;2:12258.0:0.160956;3:12044.0:0.266606,0.5,0,,,0.07676535174708961,0.07202383483342686,0.5047288683611753,0.502599091919273,True,0.015905117753147974
당월_매출_금액__분모0,122011,95319,26692,0.0,0.0,0.0,0.0,0.0,0.0,0.0,0.0,,,,,,,,,,,,0,,,,,,,False,
구성비__주중_매출_금액,122011,95319,26692,0.7610596823660042,0.7623425001548509,0.7490494847297668,0.7485119700431824,0.6712697446346283,0.6690462678670883,0.8619431555271149,0.8753157556056976,0.0037259705768869947,0.009012755010000728,0.05121054239667989,0.5038971579036235,0.5038971579036235,0.23152861966782304,0.22429517177377284,0.23152861966782304,higher,1:12202.0:0.244140;2:12201.0:0.209081;3:12201.0:0.217031;4:12201.0:0.214736;5:12201.0:0.211786;6:12201.0:0.210720;7:12201.0:0.199492;8:12201.0:0.193181;9:12201.0:0.218343;10:12201.0:0.269158,0.006060606060606061,0,,,0.0034864457539265504,0.014263985105852578,0.5026600920312746,0.5049336021426525,True,0.057949116624920124
구성비__월요일_매출_금액,122011,95319,26692,0.14288590612046884,0.1445067909539113,0.1335764229297638,0.13299096375703812,0.10440883785486221,0.09773362055420876,0.16669481992721558,0.16949141770601273,0.007426212879230973,0.017963646514613355,0.00042751611529859296,0.4929584708394146,0.5070415291605854,0.22672648459545044,0.2348097571203934,0.2348097571203934,lower,1:12202.0:0.273234;2:12201.0:0.227113;3:12201.0:0.207934;4:12201.0:0.197197;5:12201.0:0.198099;6:12202.0:0.204966;7:12200.0:0.209344;8:12201.0:0.200229;9:12201.0:0.211704;10:12201.0:0.257848,-0.05454545454545454,0,,,0.021985706545519592,0.014236121062026916,0.5064013370329714,0.5073580050760894,True,0.000527386683216707
구성비__화요일_매출_금액,122011,95319,26692,0.1486354289024244,0.14764699604759424,0.1389826238155365,0.13557951897382736,0.11185364052653313,0.10235605947673321,0.17190857976675034,0.17183741554617882,-0.004585071512398852,-0.01109087496057934,1.7721245019169902e-27,0.47828889715409895,0.521711102845901,0.2209525367888467,0.2427576380310582,0.2427576380310582,lower,1:12202.0:0.281757;2:12201.0:0.248586;3:12202.0:0.208900;4:12200.0:0.207049;5:12201.0:0.203180;6:12201.0:0.204328;7:12201.0:0.192853;8:12201.0:0.182444;9:12201.0:0.201377;10:12201.0:0.257192,-0.5151515151515151,0,,,-0.01601066864003208,-0.006578158589450019,0.5244738311271528,0.5191512632001419,True,3.951181296866771e-27
구성비__수요일_매출_금액,122011,95319,26692,0.1493867792225422,0.14952554051564274,0.14081835746765137,0.13786599785089493,0.11670389398932457,0.10766040533781052,0.16971543431282043,0.1724398136138916,0.000658281830508151,0.0015923080565909845,1.3679212928182907e-20,0.48140332820949105,0.518596671790509,0.22360137500746888,0.24135386689401794,0.24135386689401794,lower,1:12202.0:0.279626;2:12201.0:0.246455;3:12201.0:0.221047;4:12201.0:0.203508;5:12201.0:0.197853;6:12201.0:0.191132;7:12201.0:0.185722;8:12201.0:0.188509;9:12201.0:0.215802;10:12201.0:0.258012,-0.3696969696969697,0,,,-0.003948580279780632,0.006691726635291516,0.5228130528701799,0.514677517028407,False,2.708844139067799e-20
구성비__목요일_매출_금액,122011,95319,26692,0.1519286810202206,0.1530420469296619,0.14305303990840912,0.1403980851173401,0.11880065500736237,0.111141262575984,0.17323064804077148,0.17543067783117294,0.005242016741109679,0.012680007221629656,1.7183107869114849e-15,0.4840872897920991,0.5159127102079009,0.22510358486800552,0.2385466116658798,0.2385466116658798,lower,1:12202.0:0.273070;2:12201.0:0.244242;3:12201.0:0.218179;4:12201.0:0.209655;5:12201.0:0.195394;6:12201.0:0.196541;7:12201.0:0.188345;8:12201.0:0.192197;9:12201.0:0.206540;10:12201.0:0.263503,-0.41818181818181815,0,,,0.010203905494685053,0.01494097043101616,0.5181281625863787,0.5139066017979335,True,3.0786401598830772e-15
구성비__금요일_매출_금액,122011,95319,26692,0.168222887152099,0.1676211256901759,0.16244934499263763,0.15960578620433807,0.13666630536317825,0.12823261693120003,0.18973644077777863,0.19362476095557213,-0.0028327855608614996,-0.006852208557511041,1.066982124013415e-13,0.48514237871435034,0.5148576212856497,0.22467316978134422,0.2402086208748759,0.2402086208748759,lower,1:12202.0:0.280610;2:12201.0:0.237276;3:12201.0:0.218343;4:12201.0:0.210065;5:12201.0:0.194656;6:12201.0:0.185231;7:12201.0:0.185313;8:12201.0:0.194328;9:12201.0:0.223342;10:12201.0:0.258503,-0.2606060606060606,0,,,-0.007675120830992103,-0.006293434808614863,0.5164330429984767,0.5134815495943251,True,1.7941989906594297e-13
구성비__토요일_매출_금액,122011,95319,26692,0.1516046877975777,0.15027411806613303,0.15416453778743744,0.15223263949155807,0.10142680630087852,0.08939992263913155,0.19421371072530746,0.1960841678082943,-0.005741284542088927,-0.013887733034610302,5.300644029297955e-08,0.4891252086601196,0.5108747913398803,0.22383245319381967,0.235359224364578,0.235359224364578,lower,1:12202.0:0.274545;2:12201.0:0.222277;3:12201.0:0.209983;4:12201.0:0.202033;5:12201.0:0.208835;6:12201.0:0.212032;7:12201.0:0.196623;8:12201.0:0.198017;9:12201.0:0.213343;10:12201.0:0.249980,-0.2121212121212121,0,,,-0.014404859679654774,-0.013199128071033513,0.5106518516786489,0.5109744582521002,True,7.420901641017137e-08
구성비__일요일_매출_금액,122011,95319,26692,0.08733562983027664,0.08738338195142528,0.08438003808259964,0.08157836645841599,0.001844074227847159,0.0,0.14294306933879852,0.14483368769288063,0.00023493805299675495,0.0005682880288037244,0.0002619780238575359,0.49275649735369975,0.5072435026463002,0.22353988468086425,0.22806450440106452,0.22806450440106452,lower,1:36604.0:0.235193;2:12201.0:0.203180;3:12201.0:0.198426;4:12201.0:0.208507;5:12201.0:0.202279;6:12201.0:0.213753;7:12201.0:0.217359;8:12201.0:0.238587,0.38095238095238104,0,,,0.010431522823723985,-0.009147242121588421,0.5054701757893567,0.5087539991099914,False,0.0003245077579469889
구성비__시간대_00~06_매출_금액,122011,95319,26692,0.03285797912227957,0.0227456075256121,0.0,0.0,0.0,0.0,0.01207730220630765,0.0009888764179777354,-0.0505968905308767,-0.12254499477193334,2.2464844705047428e-181,0.45112754998384313,0.5488724500161568,0.2044881822108146,0.2403421070082751,0.2403421070082751,lower,1:85408.0:0.238854;2:12201.0:0.169822;3:12201.0:0.184493;4:12201.0:0.161380,-0.7999999999999999,0,,,-0.15982199639632375,-0.09796071277084974,0.5512940338276668,0.5465179077497346,True,1.252207084485051e-180
구성비__시간대_06~11_매출_금액,122011,95319,26692,0.08035454574361484,0.08249853658266884,0.04060904309153557,0.046353260055184364,0.0020654593827202916,0.0008214531699195504,0.12850046157836914,0.12589240819215775,0.00842457617989618,0.02037879986849045,0.7228075534650665,0.49929445253019145,0.5007055474698086,0.22117370306163509,0.22385437172527312,0.22385437172527312,lower,1:36604.0:0.219156;2:12201.0:0.193263;3:12201.0:0.207196;4:12201.0:0.231620;5:12201.0:0.244652;6:12201.0:0.232850;7:12201.0:0.208180;8:12201.0:0.212442,0.2380952380952381,0,,,0.013891494728422165,0.02664170625477248,0.5002110197350248,0.5011896540464047,True,0.737508724044017
구성비__시간대_11~14_매출_금액,122011,95319,26692,0.23040196719080547,0.23176873477054535,0.22793252766132355,0.21934202313423157,0.11720014363527298,0.1224188357591629,0.3173397481441498,0.31201455742120743,0.003546522988314197,0.008578683409913695,0.03399266549705868,0.4957624202102894,0.5042375797897106,0.21914137232547037,0.21683531412177395,0.21914137232547037,higher,1:12202.0:0.189231;2:12201.0:0.219080;3:12201.0:0.240554;4:12201.0:0.244324;5:12201.0:0.244652;6:12201.0:0.220638;7:12201.0:0.205639;8:12201.0:0.190066;9:12201.0:0.208835;10:12201.0:0.224654,-0.0303030303030303,0,,,0.03236997988625675,-0.014984944982308082,0.5029720474827384,0.5113985401926695,False,0.03920226940465388
구성비__시간대_14~17_매출_금액,122011,95319,26692,0.23993637116926764,0.2664852309656071,0.2300577610731125,0.25632521510124207,0.12245672196149826,0.15176139771938324,0.3292313814163208,0.34860996156930923,0.06750816270360777,0.16366781970683497,3.750323034280322e-130,0.5485235959948771,0.5485235959948771,0.24528113593884474,0.19633282455171647,0.24528113593884474,higher,1:12202.0:0.162350;2:12201.0:0.171953;3:12201.0:0.194410;4:12201.0:0.216376;5:12201.0:0.239079;6:12201.0:0.233915;7:12201.0:0.229080;8:12201.0:0.226867;9:12201.0:0.247685;10:12201.0:0.265962,0.8787878787878788,0,,,0.20792045340819532,0.12043450789556616,0.5623351496560609,0.5348772464684766,True,1.660069460762319e-129
구성비__시간대_17~21_매출_금액,122011,95319,26692,0.3126413480308731,0.3170463601778799,0.30896884202957153,0.314889594912529,0.20638424158096313,0.20610778033733368,0.4100460559129715,0.41564226895570755,0.011226701978454452,0.027157806842080686,0.001866565738187461,0.5062184545444739,0.5062184545444739,0.22886065706492756,0.22424249811950692,0.22886065706492756,higher,1:12202.0:0.248156;2:12201.0:0.199082;3:12201.0:0.199738;4:12201.0:0.209245;5:12201.0:0.210475;6:12201.0:0.221047;7:12201.0:0.222687;8:12201.0:0.220228;9:12201.0:0.209409;10:12201.0:0.247603,0.29696969696969694,0,,,0.012476742008190725,0.04289691795749472,0.5018068765872001,0.5107035828094819,True,0.002283887346318804
구성비__시간대_21~24_매출_금액,122011,95319,26692,0.10380778881892325,0.07945553004767957,0.03266694024205208,0.015483919996768236,0.0,0.0,0.1575811356306076,0.11557951383292675,-0.07048301187986618,-0.17091533430397177,1.0893766565238963e-144,0.4495963955257204,0.5504036044742796,0.19556764560958687,0.24466631452925508,0.24466631452925508,lower,1:48805.0:0.247372;2:12201.0:0.226867;3:12201.0:0.214245;4:12201.0:0.205967;5:12201.0:0.197935;6:12201.0:0.216294;7:12201.0:0.136874,-0.7857142857142859,0,,,-0.2213353525543297,-0.12292419430553493,0.5611461779159725,0.5398094101077895,True,5.204799581169727e-144
구성비__남성_매출_금액,122011,95319,26692,0.4802711996189003,0.4598349102789955,0.4731123149394989,0.453768715262413,0.3660779297351837,0.3378331884741783,0.5989801585674286,0.5858332961797714,-0.04262603855948404,-0.10320126355359854,3.900160127136387e-55,0.46873486546009974,0.5312651345399002,0.2101758456216461,0.24302095725715597,0.24302095725715597,lower,1:12202.0:0.273480;2:12201.0:0.243751;3:12201.0:0.232768;4:12201.0:0.215556;5:12201.0:0.203836;6:12201.0:0.204409;7:12201.0:0.203590;8:12201.0:0.192279;9:12201.0:0.205065;10:12201.0:0.212933,-0.6848484848484848,0,,,-0.11696832791215475,-0.08932006010093452,0.5347899792082869,0.5277614465442512,True,1.319042919402306e-54
구성비__여성_매출_금액,122011,95319,26692,0.4453878434221359,0.4697541377864712,0.44146227836608887,0.4712905287742615,0.29721665382385254,0.3192928731441498,0.5792947113513947,0.6054063141345978,0.04695711975062843,0.11370928080326768,2.9808007579802308e-61,0.5330098259877551,0.5330098259877551,0.24184196642838807,0.2090969828991195,0.24184196642838807,higher,1:12202.0:0.213326;2:12201.0:0.191951;3:12201.0:0.175068;4:12201.0:0.203918;5:12201.0:0.221293;6:12201.0:0.228178;7:12201.0:0.222523;8:12201.0:0.225883;9:12201.0:0.236538;10:12201.0:0.268994,0.8787878787878788,0,,,0.14421363952860608,0.08325614656004729,0.5424525596469614,0.5235989560415943,True,1.0555541507671171e-60
구성비__연령대_10_매출_금액,122011,95319,26692,0.007352010135244315,0.006697182932593296,0.001312018372118473,0.0002713082358241081,0.0,0.0,0.007150950841605663,0.005853785201907158,-0.014013523807545525,-0.033900424251625746,3.3601777633823217e-113,0.456321113839973,0.543678886160027,0.20741280592942632,0.24369949854135525,0.24369949854135525,lower,1:61006.0:0.246681;2:12201.0:0.175150;3:12201.0:0.185804;4:12201.0:0.198180;5:12201.0:0.200475;6:12201.0:0.194656,-0.028571428571428574,0,,,-0.03777141748993016,-0.030124897119990862,0.5471304842903352,0.5401085763779657,True,1.3667750091595661e-112
구성비__연령대_20_매출_금액,122011,95319,26692,0.12608587372421892,0.11272286234562148,0.08835934102535248,0.07376214116811752,0.029349123127758503,0.01766337500885129,0.18290025740861893,0.16528144478797913,-0.04290596961545785,-0.10388024631769215,5.6229904311665115e-89,0.46005430860259133,0.5399456913974087,0.203302775448639,0.24510178115218612,0.24510178115218612,lower,1:24403.0:0.263943;2:12201.0:0.244242;3:12201.0:0.212769;4:12201.0:0.197771;5:12201.0:0.204819;6:12201.0:0.207688;7:12201.0:0.207524;8:12201.0:0.197689;9:12201.0:0.187280,-0.8499999999999999,0,,,-0.14116070554889884,-0.06499964943834045,0.551239349302969,0.5285893370345225,True,2.1980780776378183e-88
구성비__연령대_30_매출_금액,122011,95319,26692,0.1779945811391318,0.17020459582063682,0.16954867541790009,0.15509338676929474,0.0939713679254055,0.07345513440668583,0.24640027433633804,0.24267719313502312,-0.026257131047486414,-0.06353487253146949,3.2182780746207127e-50,0.470213393898715,0.529786606101285,0.2151356859805058,0.24554394476011382,0.24554394476011382,lower,1:12202.0:0.279462;2:12201.0:0.249488;3:12201.0:0.229653;4:12201.0:0.215392;5:12201.0:0.199984;6:12201.0:0.198180;7:12201.0:0.190312;8:12201.0:0.192033;9:12201.0:0.193099;10:12201.0:0.240062,-0.6121212121212121,0,,,-0.1055569593693916,-0.021980750084154524,0.5433107657175618,0.5164670214679504,True,1.0305337238945047e-49
구성비__연령대_40_매출_금액,122011,95319,26692,0.2211759966179336,0.22281849739387677,0.19169586896896362,0.19368842244148254,0.13594888150691986,0.12584256008267403,0.2568119317293167,0.26556396484375,0.004217427713220876,0.010201561220696227,0.2905881910310749,0.4978873452022738,0.5021126547977262,0.22505688744532504,0.2327784971920582,0.2327784971920582,lower,1:12202.0:0.269792;2:12202.0:0.226438;3:12200.0:0.201230;4:12201.0:0.191296;5:12202.0:0.191854;6:12200.0:0.198115;7:12201.0:0.213671;8:12201.0:0.227768;9:12201.0:0.231620;10:12201.0:0.235882,0.19999999999999998,0,,,0.053971671031220005,-0.032750005916863036,0.5112561784035043,0.5153962761031161,False,0.3090708321567263
구성비__연령대_50_매출_금액,122011,95319,26692,0.2152216120013647,0.22353951762386015,0.2008337378501892,0.20708293467760086,0.1302073672413826,0.1287229098379612,0.27313706278800964,0.2869695946574211,0.02504989422555615,0.06061182054202521,1.8252845250480273e-11,0.5134322581207187,0.5134322581207187,0.2338060379865064,0.2225154989190364,0.2338060379865064,higher,1:12202.0:0.248976;2:12201.0:0.202197;3:12201.0:0.202524;4:12201.0:0.194574;5:12201.0:0.208098;6:12201.0:0.206950;7:12201.0:0.206295;8:12201.0:0.222605;9:12201.0:0.238013;10:12201.0:0.257438,0.4787878787878787,0,,,0.08398159122497356,0.037138148793630844,0.5231728978861276,0.5035498970597267,True,2.7748012224214957e-11
구성비__연령대_60_이상_매출_금액,122011,95319,26692,0.17782944452438082,0.1936060693289756,0.12268556654453278,0.13353075832128525,0.05352206714451313,0.055071085691452026,0.2502435892820358,0.28037359565496445,0.03668793201728851,0.08880365500068625,5.501748518233535e-18,0.517274117906058,0.517274117906058,0.23586666159945963,0.22063399127953742,0.23586666159945963,higher,1:12202.0:0.254221;2:12201.0:0.189411;3:12201.0:0.185559;4:12201.0:0.202934;5:12201.0:0.214163;6:12201.0:0.210557;7:12201.0:0.214491;8:12201.0:0.218179;9:12201.0:0.239161;10:12201.0:0.258995,0.5393939393939393,0,,,0.11225575077553998,0.06599340184560407,0.5250973487576984,0.5093054596963607,True,1.0415259773511284e-17
구성비__주중_매출_건수,122011,95319,26692,0.7650758360724742,0.7653082197772948,0.752842128276825,0.7498955130577087,0.6816941797733307,0.6781526058912277,0.8573051691055298,0.8609877377748489,0.0007377462472492063,0.0017845234425907179,0.5437502768798876,0.498786400417479,0.501213599582521,0.2280919279779007,0.2237762009645734,0.2280919279779007,higher,1:12202.0:0.232831;2:12201.0:0.221785;3:12201.0:0.223178;4:12201.0:0.222851;5:12201.0:0.210966;6:12201.0:0.208999;7:12201.0:0.206540;8:12201.0:0.192525;9:12201.0:0.206622;10:12201.0:0.261372,-0.38181818181818183,0,,,0.003944077827294701,-0.0006488854851742262,0.5015209298114385,0.5011603505313513,False,0.5585967008220006
구성비__주말_매출_건수,122011,95319,26692,0.2349241640864129,0.23469178057345147,0.24715790152549744,0.25010450184345245,0.14269482344388962,0.13901224732398987,0.3183058053255081,0.3218473941087723,-0.0007377456366953296,-0.0017845219657301218,0.5437496897071565,0.5012136013512118,0.5012136013512118,0.22377620508210044,0.22809193120572924,0.22809193120572924,lower,1:12202.0:0.261351;2:12201.0:0.206622;3:12201.0:0.192607;4:12201.0:0.206458;5:12201.0:0.208999;6:12201.0:0.210966;7:12201.0:0.222851;8:12201.0:0.223178;9:12201.0:0.221785;10:12201.0:0.232850,0.38181818181818183,0,,,-0.003944077224074056,0.0006488878386932383,0.5015209282383489,0.5011603583877321,False,0.5585967008220006
구성비__월요일_매출_건수,122011,95319,26692,0.1460793572003739,0.14670936807484025,0.14076170325279236,0.1403200775384903,0.11669933795928955,0.1130900364369154,0.17088259011507034,0.17182131111621857,0.0035465750179149063,0.008578809265882566,0.0022811392156615188,0.493901072008533,0.5060989279914669,0.22641693371143481,0.23244060654338053,0.23244060654338053,lower,1:12211.0:0.263615;2:12192.0:0.219324;3:12201.0:0.207934;4:12201.0:0.203508;5:12201.0:0.209327;6:12201.0:0.215802;7:12201.0:0.208098;8:12201.0:0.206622;9:12201.0:0.195476;10:12201.0:0.257930,-0.32121212121212117,0,,,0.012117634261785954,0.005404685112160683,0.5044900080876937,0.5074226819460663,True,0.0027464916156564687
구성비__화요일_매출_건수,122011,95319,26692,0.1492772954640126,0.14886362122949037,0.14449352025985718,0.14234107732772827,0.12153054028749466,0.11639521084725857,0.17185799777507782,0.17212465777993202,-0.0024017206079441113,-0.005809501489549302,4.3620090414957816e-14,0.4849078381281653,0.5150921618718347,0.22388637875853623,0.23772265664744008,0.23772265664744008,lower,1:12202.0:0.271677;2:12201.0:0.226047;3:12201.0:0.220228;4:12201.0:0.208262;5:12201.0:0.215146;6:12201.0:0.205557;7:12201.0:0.197279;8:12201.0:0.182362;9:12202.0:0.202672;10:12200.0:0.258443,-0.5151515151515151,0,,,-0.003350618887995884,-0.00837582872352191,0.5139975260146848,0.5164149737302421,True,7.460026826649036e-14
구성비__수요일_매출_건수,122011,95319,26692,0.15028156734032716,0.14973464181835067,0.14578920602798462,0.1434703692793846,0.1262028068304062,0.12121212482452393,0.16931261122226715,0.17047258839011192,-0.0032920721809502687,-0.007963185498667239,4.678853445792505e-15,0.48433700653154876,0.5156629934684512,0.22367785568796067,0.238312317633245,0.238312317633245,lower,1:12203.0:0.273457;2:12200.0:0.235246;3:12201.0:0.218835;4:12203.0:0.211669;5:12199.0:0.204689;6:12203.0:0.194870;7:12199.0:0.190425;8:12201.0:0.195886;9:12201.0:0.206049;10:12201.0:0.256536,-0.406060606060606,0,,,-0.011872208398798852,-0.004472010610291153,0.5187840040605343,0.5128616583591934,True,8.187993530136884e-15
구성비__목요일_매출_건수,122011,95319,26692,0.1523714650380436,0.15294045108990784,0.14717693626880646,0.14506757259368896,0.1277349814772606,0.12333966046571732,0.1717469021677971,0.17347755283117294,0.0033753107470890467,0.008164533332171719,1.1292330428422755e-11,0.48642849442370384,0.5135715055762962,0.22576361462242497,0.23613870457562097,0.23613870457562097,lower,1:12202.0:0.266760;2:12201.0:0.233342;3:12201.0:0.220802;4:12201.0:0.217359;5:12201.0:0.200803;6:12201.0:0.196787;7:12201.0:0.193755;8:12201.0:0.192607;9:12201.0:0.204246;10:12201.0:0.261208,-0.4424242424242424,0,,,0.01046029218972846,0.005658950812140866,0.5139677206874085,0.5135479949356386,True,1.743072543053974e-11
구성비__금요일_매출_건수,122011,95319,26692,0.16706615171701375,0.16706013834339564,0.16387630999088287,0.16187549382448196,0.14366504549980164,0.13948796316981316,0.18598395586013794,0.18934400379657745,-3.560507667981125e-05,-8.612456789398491e-05,9.093509307467527e-07,0.49018404465211984,0.5098159553478802,0.227898738896184,0.2366797543464219,0.2366797543464219,lower,1:12202.0:0.267169;2:12201.0:0.237276;3:12201.0:0.223424;4:12201.0:0.212851;5:12201.0:0.192771;6:12201.0:0.184575;7:12202.0:0.185543;8:12200.0:0.195246;9:12201.0:0.220310;10:12201.0:0.268503,-0.18787878787878787,0,,,-0.001254232994954123,0.0007670827231460367,0.5119476944019633,0.5081183354046,False,1.221940313190949e-06
구성비__토요일_매출_건수,122011,95319,26692,0.14749802364116849,0.1471390183884073,0.15058216452598572,0.15143267065286636,0.10892440751194954,0.10346698760986328,0.18612012267112732,0.1877025067806244,-0.0018050175860086545,-0.004366136160337322,0.5309640777736861,0.49874773978411374,0.5012522602158862,0.2248488045129919,0.22973988166927212,0.22973988166927212,lower,1:12202.0:0.267415;2:12201.0:0.203098;3:12201.0:0.203344;4:12201.0:0.196705;5:12201.0:0.211376;6:12201.0:0.219818;7:12201.0:0.213343;8:12201.0:0.215720;9:12201.0:0.218425;10:12201.0:0.238423,0.34545454545454546,0,,,-0.012898194149232243,0.004169283694440132,0.5027162584063073,0.5003215962375955,False,0.5492102660133318
구성비__일요일_매출_건수,122011,95319,26692,0.08742614049400442,0.08755276234525973,0.08895136415958405,0.08893898874521255,0.003413385828025639,0.0,0.14199358224868774,0.14487367495894432,0.0006687910063115913,0.0016177285557609376,0.06569045448968867,0.4963476151484812,0.5036523848515189,0.224131956127865,0.22688857329226847,0.22688857329226847,lower,1:36604.0:0.233882;2:12201.0:0.197525;3:12201.0:0.194820;4:12201.0:0.201951;5:12201.0:0.206704;6:12201.0:0.220884;7:12201.0:0.226293;8:12201.0:0.237849,0.4761904761904762,0,,,0.006789327462045311,-0.003381297465421784,0.5024135039554897,0.50457832717149,False,0.07296246052175753
구성비__시간대_건수~06_매출_건수,122011,95319,26692,0.02731692447705342,0.01984942592933627,0.0,0.0,0.0,0.0,0.009912183042615652,0.0010629491589497775,-0.04456687090766877,-0.10790933126871868,9.474542998658592e-174,0.4521758966567132,0.5478241033432868,0.2058678551484086,0.2401240727920107,0.2401240727920107,lower,1:85408.0:0.237929;2:12201.0:0.168593;3:12201.0:0.186296;4:12201.0:0.167281,-0.7999999999999999,0,,,-0.14040215237290385,-0.08675833739413585,0.5503170626439235,0.5454648683104952,True,5.0032235835021686e-173
구성비__시간대_건수~11_매출_건수,122011,95319,26692,0.08619902085131186,0.08489277224631236,0.05173745006322861,0.055810872465372086,0.0034861023304983974,0.001784425403457135,0.1430053785443306,0.13469459116458893,-0.005475957059717167,-0.013245906212063974,0.00836585410108373,0.49475481316857506,0.5052451868314249,0.2156981926146148,0.22478758786543096,0.22478758786543096,lower,1:36604.0:0.216780;2:12201.0:0.198590;3:12213.0:0.215754;4:12189.0:0.238986;5:12201.0:0.252930;6:12201.0:0.226539;7:12201.0:0.206540;8:12201.0:0.198017,-0.19047619047619052,0,,,-0.015167215654096913,-0.011543204230482112,0.5047668907215983,0.5057452448516209,True,0.009953051717099617
구성비__시간대_건수~14_매출_건수,122011,95319,26692,0.24332501083745958,0.23580239199003888,0.246222585439682,0.23078756034374237,0.13967347145080566,0.13964689150452614,0.32089217007160187,0.3107118159532547,-0.02016262141956648,-0.04878096878569195,1.083127547167759e-20,0.4813568568409723,0.5186431431590277,0.20816233432841408,0.22216614726778885,0.22216614726778885,lower,1:12202.0:0.191526;2:12201.0:0.224244;3:12201.0:0.265962;4:12201.0:0.258667;5:12201.0:0.231374;6:12201.0:0.216048;7:12201.0:0.199000;8:12201.0:0.201213;9:12201.0:0.208426;10:12201.0:0.191214,-0.4424242424242424,0,,,-0.03373198019646411,-0.06367196158712814,0.5150521960229125,0.5222249826576677,True,2.1590820642218242e-20
구성비__시간대_건수~17_매출_건수,122011,95319,26692,0.243739905652177,0.2674213717752562,0.24274152517318726,0.26611900329589844,0.14117100834846497,0.1664949171245098,0.32928135991096497,0.3444732651114464,0.06729243202150986,0.16314241596508736,1.5442283683100602e-124,0.5474488240986471,0.5474488240986471,0.24540663121444384,0.19675667968385505,0.24540663121444384,higher,1:12202.0:0.161531;2:12201.0:0.177690;3:12201.0:0.193017;4:12205.0:0.216796;5:12197.0:0.239649;6:12212.0:0.234523;7:12193.0:0.224391;8:12198.0:0.226349;9:12201.0:0.248504;10:12201.0:0.265224,0.8909090909090909,0,,,0.20732780862670114,0.11990127055822523,0.5612857007319749,0.5337873755300221,True,6.367297792620933e-124
구성비__시간대_건수~21_매출_건수,122011,95319,26692,0.3076942195532136,0.31817066926001314,0.3047809898853302,0.31785300374031067,0.21119840443134308,0.21619143337011337,0.39463023841381073,0.41090675443410873,0.029206480644420534,0.07067725404902216,1.0783004611814463e-26,0.5213792988075422,0.5213792988075422,0.23747474941248795,0.21821636959450633,0.23747474941248795,higher,1:12202.0:0.238977;2:12201.0:0.192771;3:12201.0:0.196869;4:12201.0:0.198836;5:12201.0:0.205147;6:12201.0:0.209737;7:12201.0:0.216622;8:12201.0:0.230227;9:12201.0:0.236210;10:12201.0:0.262274,0.5636363636363636,0,,,0.05268976572170842,0.08997596189126923,0.5168795007507161,0.5260325776523587,True,2.3691126920847831e-26
구성비__시간대_건수~24_매출_건수,122011,95319,26692,0.09172446314581466,0.07386336977659795,0.02654791623353958,0.014229290653020144,0.0,0.0,0.12903225421905518,0.10718101635575294,-0.05563786741574767,-0.134790363055965,4.1916215652042935e-101,0.4579898588834235,0.5420101411165765,0.199822569069261,0.24222817000252517,0.24222817000252517,lower,1:48805.0:0.245200;2:12201.0:0.218916;3:12201.0:0.196459;4:12201.0:0.197115;5:12201.0:0.210557;6:12201.0:0.235063;7:12201.0:0.148758,-0.5,0,,,-0.17781175223140686,-0.0944086345962254,0.5519473677971156,0.5322665506746403,True,1.6822374548353231e-100
구성비__남성_매출_건수,122011,95319,26692,0.49740567405814273,0.4781610731218442,0.49678707122802734,0.478607639670372,0.39610928297042847,0.3670886158943176,0.6062972545623779,0.5986349582672119,-0.04390612771489585,-0.10630636683607846,7.921113952643432e-56,0.46853258520478946,0.5314674147952105,0.21029854081484625,0.2439244032736649,0.2439244032736649,lower,1:12202.0:0.274217;2:12201.0:0.253094;3:12201.0:0.236374;4:12201.0:0.209409;5:12201.0:0.192361;6:12201.0:0.201295;7:12201.0:0.200885;8:12201.0:0.196869;9:12201.0:0.210147;10:12201.0:0.213015,-0.49090909090909085,0,,,-0.1225029828914055,-0.08999961829067579,0.5359082185508633,0.5270540147994983,True,2.7093810224382646e-55
구성비__여성_매출_건수,122011,95319,26692,0.45841956954942154,0.47933981493214345,0.4570721685886383,0.4795421361923218,0.33212892711162567,0.34497253596782684,0.5717706084251404,0.5993122011423111,0.04460508972905328,0.10800205453386424,5.525850386488716e-56,0.5315129322498173,0.5315129322498173,0.2425674749732058,0.2100475825324175,0.2425674749732058,higher,1:12202.0:0.218899;2:12201.0:0.193509;3:12201.0:0.186214;4:12201.0:0.203672;5:12201.0:0.221949;6:12202.0:0.209064;7:12200.0:0.207869;8:12201.0:0.228916;9:12201.0:0.247357;10:12201.0:0.270224,0.7333333333333332,0,,,0.1341045750866955,0.08188565939404494,0.5396469859365545,0.5233864904339229,True,1.9118172026817282e-55
구성비__연령대_10_매출_건수,122011,95319,26692,0.01134857335644101,0.009962892750427036,0.0028662639670073986,0.000939849647693336,0.0,0.0,0.011638350784778595,0.010008634068071842,-0.02204968293400201,-0.0533486064328788,4.681997162233499e-100,0.45898416812151704,0.541015831878483,0.2075112962638502,0.24286156000617157,0.24286156000617157,lower,1:61006.0:0.243091;2:12201.0:0.174986;3:12201.0:0.193099;4:12201.0:0.202360;5:12201.0:0.208180;6:12201.0:0.193591,-0.028571428571428574,0,,,-0.054734734323435376,-0.05175015932036325,0.5438387079342332,0.5380483355537456,True,1.854317297147741e-99
구성비__연령대_20_매출_건수,122011,95319,26692,0.15098425703605545,0.13604475544814457,0.11585792899131775,0.10127747803926468,0.04659162648022175,0.032276324927806854,0.21937966346740723,0.20174400135874748,-0.0450509186283381,-0.1090837220305517,4.246767656704405e-77,0.46287833615158097,0.5371216638484191,0.20325675035216373,0.24358000483687842,0.24358000483687842,lower,1:24403.0:0.260624;2:12201.0:0.238423;3:12212.0:0.210776;4:12190.0:0.199262;5:12201.0:0.210966;6:12201.0:0.212032;7:12201.0:0.206458;8:12201.0:0.205639;9:12201.0:0.182854,-0.7333333333333334,0,,,-0.14929322845715723,-0.06722737293732058,0.5494928919383391,0.5246034524746371,True,1.5978463308350323e-76
구성비__연령대_30_매출_건수,122011,95319,26692,0.19226782900341086,0.1850968626910526,0.18812108039855957,0.17692913115024567,0.1166909858584404,0.0992505643516779,0.260710746049881,0.2558559849858284,-0.025880583875095148,-0.06262311913579911,6.684791035127625e-36,0.4749963453738242,0.5250036546261758,0.21603942831457695,0.24237219135396776,0.24237219135396776,lower,1:12202.0:0.275201;2:12201.0:0.241701;3:12201.0:0.224080;4:12201.0:0.210065;5:12201.0:0.206868;6:12201.0:0.196869;7:12201.0:0.207278;8:12201.0:0.193919;9:12202.0:0.194394;10:12200.0:0.237295,-0.6121212121212121,0,,,-0.10856539184619078,-0.01770933630480301,0.539842800188207,0.5104839207569223,True,1.662910827746624e-35
구성비__연령대_40_매출_건수,122011,95319,26692,0.2198816179838422,0.22220835109134643,0.19347581267356873,0.195117749273777,0.14414794743061066,0.13996614888310432,0.24883303046226501,0.2557977959513664,0.006404733093335168,0.015492627320578259,0.3168724113403928,0.5020008556548835,0.5020008556548835,0.2255236866171973,0.22800532797872392,0.22800532797872392,lower,1:12202.0:0.254385;2:12201.0:0.214409;3:12202.0:0.210539;4:12200.0:0.203934;5:12201.0:0.196787;6:12201.0:0.199902;7:12201.0:0.211294;8:12201.0:0.223588;9:12201.0:0.235964;10:12201.0:0.236866,0.16363636363636364,0,,,0.06157316413732851,-0.02964107058149475,0.5161657090180037,0.5120721227203902,False,0.33349159375335047
구성비__연령대_50_매출_건수,122011,95319,26692,0.2076307791606144,0.21562449120839386,0.1992078572511673,0.20530983805656433,0.13524989038705826,0.13698682561516762,0.2631579041481018,0.2747555896639824,0.02805404007121764,0.06788620195229063,2.502365354389884e-19,0.517968712266701,0.517968712266701,0.23551135173069737,0.21884852976439445,0.23551135173069737,higher,1:12202.0:0.231765;2:12201.0:0.202115;3:12201.0:0.202524;4:12201.0:0.205803;5:12201.0:0.207606;6:12201.0:0.203016;7:12202.0:0.211687;8:12200.0:0.227049;9:12201.0:0.238259;10:12201.0:0.257848,0.6242424242424242,0,,,0.09498108560923474,0.04066261717588673,0.5289625138869197,0.5068545603327596,True,4.881916754962897e-19
구성비__연령대_60_이상_매출_건수,122011,95319,26692,0.1737135360851546,0.18855801530571148,0.12435922026634216,0.1347942054271698,0.054917268455028534,0.05927184969186783,0.2487061470746994,0.2745751664042473,0.0370492600044054,0.08967945076796668,2.14922232079721e-22,0.5194568026408966,0.5194568026408966,0.23595513398567095,0.21837394458753667,0.23595513398567095,higher,1:12202.0:0.244714;2:12201.0:0.180067;3:12203.0:0.192412;4:12200.0:0.208689;5:12200.0:0.218279;6:12201.0:0.215720;7:12201.0:0.213999;8:12201.0:0.214573;9:12201.0:0.240800;10:12201.0:0.258421,0.4545454545454545,0,,,0.11041729415290558,0.06955152967298509,0.5264022037109157,0.5124001596190332,True,4.430930949040824e-22
유동__총_유동인구_수__분모0,122011,95319,26692,0.0,0.0,0.0,0.0,0.0,0.0,0.0,0.0,,,,,,,,,,,,0,,,,,,,False,
구성비__유동__남성_유동인구_수,122006,95315,26691,0.4784964142363238,0.47686298475546524,0.4731504023075104,0.4720402956008911,0.45832839608192444,0.45793700218200684,0.494182825088501,0.4911879301071167,-0.020857723998212424,-0.050463339359166505,4.323031106202051e-11,0.4868206841936584,0.5131793158063416,0.2091059424358581,0.22207955658718243,0.22207955658718243,lower,1:12226.0:0.215524;2:12177.0:0.227724;3:12211.0:0.223978;4:12199.0:0.229035;5:12194.0:0.228719;6:12210.0:0.228583;7:12207.0:0.224216;8:12181.0:0.213776;9:12202.0:0.206524;10:12199.0:0.189606,-0.5151515151515151,5,0.2,0.9142139967031321,-0.0574001188504757,-0.04331148087660108,0.5150673700444943,0.5112532521960018,True,6.441744371122858e-11
구성비__유동__여성_유동인구_수,122006,95315,26691,0.5215036035858184,0.5231370352579036,0.526849627494812,0.5279600024223328,0.5058175921440125,0.5088129639625549,0.5416719913482666,0.5420629978179932,0.020857756779426924,0.05046341870480909,4.3218399566799595e-11,0.5131793975656553,0.5131793975656553,0.2220791103961628,0.20910570139131973,0.2220791103961628,higher,1:12217.0:0.189572;2:12186.0:0.206631;3:12215.0:0.213999;4:12185.0:0.223800;5:12203.0:0.228714;6:12211.0:0.228319;7:12209.0:0.229749;8:12183.0:0.223672;9:12202.0:0.227668;10:12195.0:0.215580,0.5030303030303029,5,0.2,0.9142139967031321,0.057397241559668,0.043314552496272765,0.5150658276302126,0.5112539774551519,True,6.441744371122858e-11
구성비__유동__연령대_10_유동인구_수,122006,95315,26691,0.12996001640657753,0.13146796683756737,0.1242862269282341,0.12658603489398956,0.09160076081752777,0.0949339047074318,0.15892477333545685,0.15960799902677536,0.010860771713228716,0.026272468566322253,9.349759788484937e-12,0.5136263429122054,0.5136263429122054,0.22097603596132492,0.20787393350346697,0.22097603596132492,higher,1:12207.0:0.184402;2:12198.0:0.214871;3:12236.0:0.215757;4:12197.0:0.224153;5:12165.0:0.219482;6:12222.0:0.223286;7:12194.0:0.233557;8:12204.0:0.228286;9:12187.0:0.233199;10:12196.0:0.210725,0.49090909090909085,5,0.2,0.9142139967031321,0.03734366796441285,0.015267011526763477,0.5174416151911921,0.5098161374391454,True,1.458174972193765e-11
구성비__유동__연령대_20_유동인구_수,122006,95315,26691,0.170903706545654,0.16773959952528536,0.15201394259929657,0.14958555996418,0.12373368442058563,0.12268460541963577,0.19371981918811798,0.18900048732757568,-0.01838677111847279,-0.0444829391094376,5.495471896834977e-08,0.48913581511882737,0.5108641848811726,0.21135754814348998,0.22138410670904968,0.22138410670904968,lower,1:12212.0:0.213970;2:12198.0:0.234219;3:12204.0:0.223124;4:12200.0:0.227295;5:12189.0:0.228567;6:12205.0:0.219664;7:12206.0:0.213420;8:12195.0:0.217630;9:12201.0:0.210311;10:12196.0:0.199492,-0.6727272727272726,5,0.2,0.9142139967031321,-0.07354376889284822,-0.017300851105441398,0.5177622627488399,0.5041049039287706,True,7.658041856237631e-08
구성비__유동__연령대_30_유동인구_수,122006,95315,26691,0.17694287214383045,0.17622538016956416,0.1697940081357956,0.1691490113735199,0.14343544840812683,0.1429763287305832,0.2067568153142929,0.20591218769550323,-0.006670011569975157,-0.016134326032394574,0.025768080662717865,0.49554258520037364,0.5044574147996264,0.2149158349582962,0.21878211094155048,0.21878211094155048,lower,1:12215.0:0.216291;2:12194.0:0.231097;3:12200.0:0.217295;4:12196.0:0.220318;5:12216.0:0.221267;6:12225.0:0.219387;7:12159.0:0.216383;8:12226.0:0.215197;9:12179.0:0.222925;10:12196.0:0.207527,-0.309090909090909,5,0.2,0.9142139967031321,-0.036379124225118305,0.003818597664881853,0.5091702459592176,0.5002338956830392,False,0.029831508767223375
구성비__유동__연령대_40_유동인구_수,122006,95315,26691,0.16438010613058956,0.16350027846992363,0.1612032800912857,0.1597890555858612,0.14789721369743347,0.14782746136188507,0.17972876131534576,0.17778627574443817,-0.013492392857431732,-0.032639469591962615,1.6010459283638182e-07,0.489523529183701,0.510476470816299,0.21043785806030024,0.21911029578676355,0.21911029578676355,lower,1:12201.0:0.202524;2:12217.0:0.231235;3:12194.0:0.227735;4:12197.0:0.233500;5:12197.0:0.236698;6:12223.0:0.223513;7:12176.0:0.215999;8:12214.0:0.212870;9:12198.0:0.203886;10:12189.0:0.199688,-0.4545454545454545,5,0.2,0.9142139967031321,-0.04437903713140497,-0.02118570848613026,0.5145965608663701,0.5063851980588683,True,2.2005243125000426e-07
구성비__유동__연령대_50_유동인구_수,122006,95315,26691,0.147730127860265,0.14799914147959836,0.1493816375732422,0.14941687881946564,0.13337624073028564,0.13368232548236847,0.16255225241184235,0.16263208538293839,0.004514807712501196,0.010920895841671111,0.1745595721259413,0.5027142001008851,0.5027142001008851,0.21834879443365648,0.21536602693657234,0.21834879443365648,higher,1:12203.0:0.204048;2:12200.0:0.222787;3:12199.0:0.225920;4:12207.0:0.216106;5:12216.0:0.224132;6:12191.0:0.210975;7:12189.0:0.221675;8:12216.0:0.224378;9:12188.0:0.223088;10:12197.0:0.214561,0.10303030303030303,5,0.2,0.9142139967031321,0.03769945240091477,-0.015249587039019068,0.5104840596572935,0.5049825523628345,False,0.18765154003538692
구성비__유동__연령대_60_이상_유동인구_수,122006,95315,26691,0.21008337876691416,0.21306787761604704,0.21296347677707672,0.21739327907562256,0.16892030835151672,0.17354346811771393,0.2512558102607727,0.252854585647583,0.021026898722507452,0.05087282231700791,3.8519553849904355e-15,0.5157123858125789,0.5157123858125789,0.22446044501419304,0.20939215532351152,0.22446044501419304,higher,1:12206.0:0.199492;2:12213.0:0.209858;3:12188.0:0.203069;4:12202.0:0.219718;5:12196.0:0.220236;6:12208.0:0.225180;7:12192.0:0.223097;8:12201.0:0.233096;9:12207.0:0.228394;10:12193.0:0.225539,0.9272727272727272,5,0.2,0.9142139967031321,0.08307558054605962,0.019728056895037458,0.5245983325112576,0.5070622475124793,True,6.780342519778487e-15
구성비__유동__시간대_00_06_유동인구_수,122006,95315,26691,0.22131415685934944,0.22761986524855932,0.22719968855381012,0.23558707535266876,0.1771528720855713,0.18403907120227814,0.2717473804950714,0.2762531042098999,0.04075931132092007,0.09867393991245768,1.5682750216319563e-44,0.527986799754399,0.527986799754399,0.23271254496163368,0.2037919428035162,0.23271254496163368,higher,1:12218.0:0.186692;2:12195.0:0.198770;3:12221.0:0.209721;4:12211.0:0.211694;5:12163.0:0.214996;6:12201.0:0.223342;7:12220.0:0.230851;8:12189.0:0.235294;9:12193.0:0.234151;10:12195.0:0.242230,0.9878787878787878,5,0.2,0.9142139967031321,0.11745049865947825,0.08018031105794551,0.5337083574571856,0.5222200969605951,True,4.768189712234534e-44
구성비__유동__시간대_06_11_유동인구_수,122006,95315,26691,0.20181243157299858,0.20207100936032052,0.20315325260162354,0.20338188111782074,0.1939680278301239,0.19485120475292206,0.21064865589141846,0.21053647994995117,0.007281362606942533,0.017613219715952026,0.01579450756306222,0.5048251336023344,0.5048251336023344,0.2167141297570579,0.21313101745783572,0.2167141297570579,higher,1:12213.0:0.203963;2:12192.0:0.209072;3:12197.0:0.212921;4:12205.0:0.225563;5:12200.0:0.228770;6:12212.0:0.230675;7:12203.0:0.221257;8:12206.0:0.233246;9:12189.0:0.220773;10:12189.0:0.201411,0.19999999999999998,5,0.2,0.9142139967031321,0.0402613258971627,-0.004398304964117091,0.5090621920126669,0.500564569067019,False,0.01857088584563175
구성비__유동__시간대_11_14_유동인구_수,122006,95315,26691,0.1361573108124913,0.13316460136078662,0.12787498533725739,0.12477108091115952,0.11295974254608154,0.11150751262903214,0.1509614884853363,0.14610278606414795,-0.03899602694992618,-0.09439856824590229,7.602506281081654e-43,0.47257011422756845,0.5274298857724316,0.20391974697636264,0.23297234571444642,0.23297234571444642,lower,1:12206.0:0.242586;2:12214.0:0.231292;3:12191.0:0.239521;4:12194.0:0.230769;5:12201.0:0.223916;6:12209.0:0.212302;7:12193.0:0.204626;8:12198.0:0.215855;9:12204.0:0.201819;10:12196.0:0.184979,-0.9515151515151514,5,0.2,0.9142139967031321,-0.11506380804423061,-0.07453619290958781,0.5344390543965045,0.5205368474778798,True,2.243484696672135e-42
구성비__유동__시간대_14_17_유동인구_수,122006,95315,26691,0.13935585122781985,0.1360414019268676,0.1324124038219452,0.1289636790752411,0.11335118114948273,0.11152536422014236,0.15837665647268295,0.15445388108491898,-0.04049218279256789,-0.0980261846990313,1.787723493369286e-44,0.4720318142470529,0.527968185752947,0.20380776882776358,0.23306655003759064,0.23306655003759064,lower,1:12202.0:0.241354;2:12213.0:0.235323;3:12200.0:0.239426;4:12197.0:0.227925;5:12194.0:0.224865;6:12225.0:0.211452;7:12191.0:0.204413;8:12211.0:0.213496;9:12176.0:0.202365;10:12197.0:0.187013,-0.9515151515151514,5,0.2,0.9142139967031321,-0.11787079621923142,-0.07846106849644702,0.5346757902125793,0.5212413294856075,True,5.381047715041551e-44
구성비__유동__시간대_17_21_유동인구_수,122006,95315,26691,0.18117739878442837,0.17927019702106842,0.17822356522083282,0.1753893792629242,0.16139566898345947,0.15975654125213623,0.1969679296016693,0.1955154687166214,-0.028901149165494962,-0.06993766778138995,8.295787024292599e-25,0.47944049361886937,0.5205595063811306,0.20801110131759312,0.22875676047529722,0.22875676047529722,lower,1:12201.0:0.232850;2:12205.0:0.242605;3:12197.0:0.225219;4:12204.0:0.232465;5:12196.0:0.217858;6:12202.0:0.212014;7:12200.0:0.208197;8:12215.0:0.207122;9:12202.0:0.214801;10:12184.0:0.194517,-0.9030303030303028,5,0.2,0.9142139967031321,-0.08820531152829102,-0.05134722919723423,0.5250412091251878,0.5160302945603029,True,1.7584731650085015e-24
구성비__유동__시간대_21_24_유동인구_수,122006,95315,26691,0.12018309532276954,0.1218331002960972,0.1264132708311081,0.1278894692659378,0.11181370913982391,0.1143672838807106,0.1338876485824585,0.1344369798898697,0.03423253308487164,0.0828529991490212,9.31897371946652e-32,0.523442753296933,0.523442753296933,0.22795967741190795,0.20526495837804726,0.22795967741190795,higher,1:12206.0:0.184909;2:12203.0:0.214292;3:12201.0:0.203754;4:12202.0:0.211605;5:12194.0:0.214942;6:12205.0:0.221057;7:12197.0:0.238337;8:12197.0:0.233418;9:12205.0:0.238017;10:12196.0:0.227370,0.8545454545454544,5,0.2,0.9142139967031321,0.09671980460677969,0.06885006118682266,0.5295765096065557,0.517344174979615,True,2.1914149137182986e-31
구성비__유동__월요일_유동인구_수,122006,95315,26691,0.1433939234008539,0.14315648673893,0.14266367256641388,0.14251908659934998,0.14077895879745483,0.14069373905658722,0.14490027725696564,0.14453212916851044,-0.019012304293123918,-0.04599682374072966,2.185340282283323e-12,0.485961954132738,0.514038045867262,0.2095879454055033,0.22271195980162517,0.22271195980162517,lower,1:12211.0:0.214479;2:12192.0:0.230561;3:12203.0:0.233713;4:12200.0:0.227623;5:12210.0:0.228256;6:12198.0:0.217577;7:12197.0:0.223990;8:12201.0:0.208180;9:12201.0:0.204901;10:12193.0:0.198393,-0.709090909090909,5,0.2,0.9142139967031321,-0.049543898470823564,-0.04175785153995755,0.5115580550703658,0.5164578399367702,True,3.5364915320821517e-12
구성비__유동__화요일_유동인구_수,122006,95315,26691,0.14488168410159155,0.14429595242977938,0.1423504650592804,0.14201930165290833,0.14025244116783142,0.14009711146354675,0.14693006873130798,0.14603883028030396,-0.030682888684001562,-0.07425323037054785,6.762296602334796e-25,0.479401166406278,0.5205988335937219,0.2059681780784811,0.22591510568672715,0.22591510568672715,lower,1:12208.0:0.221986;2:12219.0:0.236844;3:12175.0:0.234004;4:12207.0:0.230605;5:12223.0:0.228095;6:12186.0:0.221730;7:12195.0:0.211890;8:12195.0:0.206232;9:12219.0:0.205172;10:12179.0:0.191067,-0.8787878787878788,5,0.2,0.9142139967031321,-0.07342586830146043,-0.0752569727361924,0.5205835626352526,0.5206670703905933,True,1.4435824661721798e-24
구성비__유동__수요일_유동인구_수,122006,95315,26691,0.14523170624349047,0.14459314452688932,0.14271622896194458,0.14235061407089233,0.14052437245845795,0.14036701619625092,0.1473635658621788,0.14634067565202713,-0.03437397801208266,-0.0831957424456639,1.7612076255542595e-30,0.47706005095613846,0.5229399490438615,0.2048040978607218,0.2275857761525321,0.2275857761525321,lower,1:12217.0:0.227552;2:12195.0:0.232800;3:12208.0:0.236976;4:12187.0:0.232379;5:12204.0:0.224762;6:12197.0:0.221776;7:12199.0:0.214772;8:12206.0:0.202769;9:12197.0:0.202919;10:12196.0:0.190964,-0.9030303030303028,5,0.2,0.9142139967031321,-0.08760628544607249,-0.08048384557152626,0.5260829617087609,0.5201852405846703,True,4.1094844596266055e-30
구성비__유동__목요일_유동인구_수,122006,95315,26691,0.14552149103635606,0.1448070330183189,0.14252877235412598,0.14208704233169556,0.1400715708732605,0.13989248871803284,0.14785225689411163,0.14665569365024567,-0.0347050879823165,-0.08399809356934983,4.772487148887459e-34,0.475680647318675,0.524319352681325,0.20491064696730996,0.2295671824269866,0.2295671824269866,lower,1:12202.0:0.234306;2:12212.0:0.236571;3:12196.0:0.229337;4:12205.0:0.233757;5:12193.0:0.223161;6:12201.0:0.224408;7:12198.0:0.211592;8:12220.0:0.200082;9:12179.0:0.203629;10:12200.0:0.190820,-0.9515151515151514,5,0.2,0.9142139967031321,-0.10184385351301871,-0.06837332289168167,0.5288840788565365,0.520054025253423,True,1.1400941522342264e-33
구성비__유동__금요일_유동인구_수,122006,95315,26691,0.14542063096259614,0.14480035253538232,0.14327245950698853,0.1428178995847702,0.1404438465833664,0.14015419781208038,0.1481863558292389,0.14740148186683655,-0.03634606620732279,-0.08797495288817271,1.6584158989439035e-36,0.47477304503835815,0.5252269549616418,0.20488803396952432,0.23273802919797876,0.23273802919797876,lower,1:12208.0:0.239515;2:12211.0:0.241749;3:12185.0:0.229955;4:12211.0:0.223487;5:12219.0:0.216139;6:12173.0:0.224103;7:12206.0:0.212273;8:12230.0:0.209485;9:12178.0:0.199376;10:12185.0:0.191547,-0.9515151515151514,5,0.2,0.9142139967031321,-0.11884943301492246,-0.056180878456590866,0.5351009876598551,0.5153117890422256,True,4.30330332398375e-36
구성비__유동__토요일_유동인구_수,122006,95315,26691,0.1396569214864048,0.14071428023011015,0.14416706562042236,0.14460459351539612,0.13623157143592834,0.1379072517156601,0.14789751172065735,0.1480797976255417,0.0278372982724828,0.06736122854439572,2.776268331159805e-19,0.5179465866128208,0.5179465866128208,0.2240973280223295,0.20676356380955102,0.2240973280223295,higher,1:12213.0:0.193073;2:12212.0:0.201196;3:12177.0:0.209740;4:12210.0:0.218919;5:12199.0:0.218543;6:12207.0:0.234865;7:12206.0:0.227429;8:12181.0:0.233314;9:12243.0:0.231806;10:12158.0:0.218786,0.709090909090909,5,0.2,0.9142139967031321,0.07015223073168347,0.06533224026125484,0.5174145769283944,0.5184901166531175,True,5.356774151789111e-19
구성비__유동__일요일_유동인구_수,122006,95315,26691,0.1358939037048222,0.13763292835445648,0.1423071026802063,0.14363595843315125,0.1287996470928192,0.13210655003786087,0.14969965815544128,0.1503172367811203,0.03586635872779834,0.08681232457580026,3.1978115706001e-38,0.5258412453108552,0.5258412453108552,0.23193436873895062,0.20478906346050907,0.23193436873895062,higher,1:12222.0:0.191867;2:12207.0:0.201688;3:12191.0:0.201296;4:12195.0:0.217958;5:12229.0:0.214327;6:12161.0:0.221610;7:12214.0:0.227280;8:12187.0:0.237138;9:12205.0:0.237444;10:12195.0:0.237146,0.9636363636363635,5,0.2,0.9142139967031321,0.10616673985428686,0.06822866641033042,0.5316703366006361,0.5201446983624486,True,8.830653970189267e-38
상주__총_상주인구_수__분모0,122011,95319,26692,0.0,0.0,0.0,0.0,0.0,0.0,0.0,0.0,,,,,,,,,,,,0,,,,,,,False,
구성비__상주__남성_상주인구_수,121527,94900,26627,0.4984666124890677,0.49670480352488156,0.49230754375457764,0.4920634925365448,0.4747633934020996,0.4752309024333954,0.5089794397354126,0.5072728097438812,-0.013673901227685683,-0.03306039373901864,0.0022780520156086823,0.49389132575485806,0.5061086742451419,0.21219125775714892,0.21888878441361279,0.21888878441361279,lower,1:12173.0:0.213341;2:12212.0:0.212496;3:12150.0:0.224856;4:12093.0:0.225254;5:12151.0:0.228705;6:12146.0:0.232175;7:12188.0:0.231949;8:12108.0:0.217129;9:12153.0:0.213116;10:12153.0:0.192051,-0.10303030303030303,484,0.13429752066115702,0.6138833655547891,-0.015896725404585244,-0.049931239570796836,0.5003643520218187,0.5126816743218077,True,0.0027464916156564687
구성비__상주__여성_상주인구_수,121527,94900,26627,0.5015333877108967,0.5032951966849781,0.5076924562454224,0.5079365372657776,0.4910205900669098,0.4927271753549576,0.5252366065979004,0.524769127368927,0.013673901520043732,0.03306039444600602,0.0022780520156086823,0.5061086742451419,0.5061086742451419,0.21888878441361279,0.21219125775714892,0.21888878441361279,higher,1:12153.0:0.192051;2:12153.0:0.213116;3:12173.0:0.216052;4:12164.0:0.232736;5:12139.0:0.232721;6:12169.0:0.228942;7:12179.0:0.225060;8:12204.0:0.223779;9:12086.0:0.212477;10:12107.0:0.214008,0.09090909090909088,484,0.13429752066115702,0.6138833655547891,0.015896725054821925,0.04993124098091585,0.5003643520218187,0.5126816743218078,True,0.0027464916156564687
구성비__상주__연령대_10_상주인구_수,121527,94900,26627,0.09401606485191674,0.0951751453680131,0.0929805189371109,0.09439527988433838,0.06913996487855911,0.0714285746216774,0.115241639316082,0.11578662693500519,0.011549214618233099,0.027922634780967594,2.6972061461273786e-08,0.5111309036364405,0.5111309036364405,0.22077296149353676,0.21044216859568948,0.22077296149353676,higher,1:12174.0:0.192459;2:12166.0:0.207710;3:12140.0:0.218204;4:12160.0:0.219572;5:12137.0:0.226745;6:12201.0:0.231047;7:12116.0:0.229036;8:12135.0:0.227936;9:12163.0:0.226835;10:12135.0:0.211537,0.5393939393939393,484,0.13429752066115702,0.6138833655547891,0.039502742338903385,0.016808720043635407,0.5164969383820086,0.5055322435971439,True,3.811544835607235e-08
구성비__상주__연령대_20_상주인구_수,121527,94900,26627,0.15761868220716677,0.15284660618341475,0.1405433714389801,0.13887883722782135,0.1090579703450203,0.10837789624929428,0.17874187231063843,0.1753295734524727,-0.024891467373687592,-0.06019495032182332,4.398433414189774e-10,0.48750945713255317,0.5124905428674469,0.2088710710405267,0.2216412025048356,0.2216412025048356,lower,1:12160.0:0.211760;2:12150.0:0.235062;3:12161.0:0.225064;4:12144.0:0.228508;5:12167.0:0.223556;6:12186.0:0.226079;7:12117.0:0.224726;8:12146.0:0.212086;9:12225.0:0.218078;10:12071.0:0.185900,-0.4666666666666666,484,0.13429752066115702,0.6138833655547891,-0.05382206102198396,-0.07249915841051623,0.5065826472695131,0.518004963156907,True,6.39578965058513e-10
구성비__상주__연령대_30_상주인구_수,121527,94900,26627,0.17385871266392702,0.17408616586328482,0.16014407575130463,0.16040737926959991,0.1304347813129425,0.13144418597221375,0.20748460292816162,0.20697931945323944,0.0014498350700115036,0.0035050485277428036,0.4749341477935145,0.5014303412126381,0.5014303412126381,0.21851689597115942,0.21514578920423205,0.21851689597115942,higher,1:12153.0:0.198223;2:12184.0:0.222423;3:12127.0:0.232044;4:12175.0:0.215934;5:12141.0:0.225105;6:12190.0:0.226661;7:12105.0:0.221561;8:12161.0:0.220623;9:12155.0:0.212752;10:12136.0:0.215722,-0.2121212121212121,484,0.13429752066115702,0.6138833655547891,-0.015725929024206508,0.01724109761428861,0.5023634624628655,0.5050522510110597,False,0.49637214752030506
구성비__상주__연령대_40_상주인구_수,121527,94900,26627,0.1497462040080725,0.15105015530676666,0.14835277199745178,0.14918164908885956,0.13315217196941376,0.13498225808143616,0.1651884764432907,0.1654197871685028,0.01688389323056362,0.040823429415269556,2.6289640123643947e-09,0.5119180743553085,0.5119180743553085,0.22237966230058365,0.2092568719081433,0.22237966230058365,higher,1:12170.0:0.185456;2:12169.0:0.207577;3:12225.0:0.216769;4:12154.0:0.229307;5:12057.0:0.233889;6:12171.0:0.235396;7:12133.0:0.223358;8:12150.0:0.215309;9:12156.0:0.221290;10:12142.0:0.222863,0.35757575757575755,484,0.13429752066115702,0.6138833655547891,0.019893483091430724,0.058076442303333045,0.5079030046494084,0.5164459041715681,True,3.78621132881188e-09
구성비__상주__연령대_50_상주인구_수,121527,94900,26627,0.15707729762624184,0.1578971898397913,0.15773706138134003,0.1589404046535492,0.13757428526878357,0.13870321214199066,0.1758064478635788,0.17590908706188202,0.008693303808967164,0.021017267250733846,2.052746460531107e-06,0.5095055804096581,0.5095055804096581,0.220159840376647,0.21169816873757225,0.220159840376647,higher,1:12159.0:0.198207;2:12214.0:0.213607;3:12107.0:0.214174;4:12175.0:0.214949;5:12205.0:0.226628;6:12093.0:0.222360;7:12128.0:0.238621;8:12151.0:0.220805;9:12210.0:0.230549;10:12085.0:0.211088,0.4545454545454545,484,0.13429752066115702,0.6138833655547891,0.032899008478390605,0.008740136272507831,0.5138776242872239,0.504598355514905,True,2.7339676310613413e-06
구성비__상주__연령대_60_이상_상주인구_수,121527,94900,26627,0.2676830391867088,0.26894473802297886,0.2626112699508667,0.26512575149536133,0.20967741310596466,0.21678891777992249,0.3146226406097412,0.31418919563293457,0.005695828739183628,0.013770158701288723,1.2308245862524228e-06,0.5097106781690769,0.5097106781690769,0.2183448529291269,0.21023924887524947,0.2183448529291269,higher,1:12164.0:0.190645;2:12177.0:0.208426;3:12216.0:0.216356;4:12070.0:0.226926;5:12148.0:0.228186;6:12143.0:0.225974;7:12197.0:0.233828;8:12111.0:0.228140;9:12156.0:0.230586;10:12145.0:0.202058,0.4545454545454545,484,0.13429752066115702,0.6138833655547891,0.019570148869485098,0.006404292428463194,0.5105725776897856,0.5095473679258484,True,1.646569779831019e-06
직장__총_직장_인구_수__분모0,122011,95319,26692,0.0,0.0,0.0,0.0,0.0,0.0,0.0,0.0,,,,,,,,,,,,0,,,,,,,False,
구성비__직장__남성_직장_인구_수,121805,95161,26644,0.5907198269307702,0.5907722789625867,0.5859488248825073,0.5869565010070801,0.5393794775009155,0.5397260189056396,0.639297366142273,0.6397011876106262,0.000260826492926462,0.0006309341811887853,0.7644148554995717,0.5005996315040144,0.5005996315040144,0.21916271193189515,0.2190694166927653,0.21916271193189515,higher,1:12200.0:0.223607;2:12172.0:0.224203;3:12182.0:0.202430;4:12174.0:0.218498;5:12181.0:0.220179;6:12201.0:0.227686;7:12187.0:0.208665;8:12157.0:0.224151;9:12192.0:0.217192;10:12159.0:0.220824,-0.10303030303030303,206,0.23300970873786409,1.0651036854793772,-0.0029052344423819974,0.004057691751296194,0.5009636187903367,0.5021621406719295,False,0.7721103070650036
구성비__직장__여성_직장_인구_수,121805,95161,26644,0.4092801737498437,0.40922772178319844,0.4140511751174927,0.41304346919059753,0.36070260405540466,0.3602987825870514,0.4606205224990845,0.46027398109436035,-0.0002608261671965409,-0.0006309333932548103,0.7644148554995717,0.49940036849598557,0.5005996315040144,0.2190694166927653,0.21916271193189515,0.21916271193189515,lower,1:12260.0:0.220799;2:12137.0:0.217352;3:12211.0:0.224224;4:12118.0:0.208450;5:12192.0:0.227936;6:12167.0:0.219775;7:12201.0:0.218589;8:12307.0:0.202243;9:12038.0:0.224373;10:12174.0:0.223838,0.10303030303030303,206,0.23300970873786409,1.0651036854793772,0.0029052356468294064,-0.004057691320082937,0.5009636187903367,0.5021621406719294,False,0.7721103070650036
구성비__직장__연령대_10_직장_인구_수,121805,95161,26644,0.0008943447833337468,0.0007536969210767542,0.0,0.0,0.0,0.0,0.0004675081872846931,0.00014973421639297158,-0.019332544609039683,-0.046773787024180745,3.1735212292623575e-21,0.48505846520703255,0.5149415347929674,0.21211781079757153,0.2245313210807644,0.2245313210807644,lower,1:97542.0:0.223852;2:12204.0:0.209767;3:12059.0:0.186500,-1.0,206,0.23300970873786409,1.0651036854793772,-0.05337885659711266,-0.039875862181179014,0.5155880664496753,0.514209562742354,True,6.368199266719798e-21
구성비__직장__연령대_20_직장_인구_수,121805,95161,26644,0.14434473946214685,0.14086032298328113,0.13972286880016327,0.13636364042758942,0.10511363297700882,0.10220907628536224,0.18268951773643494,0.17590968683362007,-0.024635219243772846,-0.059610202417624644,1.57062041795936e-17,0.4829491191423766,0.5170508808576234,0.2091570026877737,0.22635574764178454,0.22635574764178454,lower,1:12298.0:0.224508;2:12083.0:0.232227;3:12262.0:0.234464;4:12122.0:0.222653;5:12162.0:0.227183;6:12195.0:0.219926;7:12165.0:0.216852;8:12159.0:0.199934;9:12253.0:0.204277;10:12106.0:0.205353,-0.8424242424242423,206,0.23300970873786409,1.0651036854793772,-0.08754658950238461,-0.03235467849423072,0.5247818688491299,0.5093904467013568,True,2.9363773031414124e-17
구성비__직장__연령대_30_직장_인구_수,121805,95161,26644,0.23812822162416566,0.23545316716062145,0.23876404762268066,0.23570658266544342,0.20502901077270508,0.20267686247825623,0.2777777910232544,0.2732919156551361,-0.019725017846197238,-0.04772371545313943,4.926952500905022e-13,0.48553926507921913,0.5144607349207808,0.21083073870415547,0.22542641158046484,0.22542641158046484,lower,1:12209.0:0.229011;2:12175.0:0.227926;3:12162.0:0.221921;4:12200.0:0.222869;5:12211.0:0.229793;6:12285.0:0.218234;7:12190.0:0.220098;8:12050.0:0.206556;9:12181.0:0.209999;10:12142.0:0.200791,-0.8424242424242423,206,0.23300970873786409,1.0651036854793772,-0.07303064688724022,-0.022925363622067478,0.5214668113924257,0.5074833281906933,True,8.059851645502237e-13
구성비__직장__연령대_40_직장_인구_수,121805,95161,26644,0.25134151505995334,0.25138161003991183,0.25021255016326904,0.2503564655780792,0.23345817625522614,0.23395444452762604,0.2692115008831024,0.26923078298568726,0.0005047012800979959,0.0012208626319184547,0.3036786580157008,0.5020580267762333,0.5020580267762333,0.21947522909869416,0.2178678253647148,0.21947522909869416,higher,1:12202.0:0.217096;2:12190.0:0.214028;3:12224.0:0.218423;4:12109.0:0.223388;5:12204.0:0.219190;6:12162.0:0.216823;7:12273.0:0.212092;8:12099.0:0.225391;9:12231.0:0.219279;10:12111.0:0.221864,0.41818181818181815,206,0.23300970873786409,1.0651036854793772,-0.0021070312185000398,0.0044131401352862955,0.5016981356794338,0.5023992030260431,False,0.3218566058546688
구성비__직장__연령대_50_직장_인구_수,121805,95161,26644,0.22594884682006194,0.22903509322185314,0.2232142835855484,0.2267267256975174,0.18514150381088257,0.18864229321479797,0.2587588131427765,0.2621951103210449,0.02286448301325952,0.05532319794542817,9.418206968102615e-18,0.5171689688402522,0.5171689688402522,0.2263665220060747,0.2085496990956827,0.2263665220060747,higher,1:12288.0:0.196289;2:12099.0:0.204232;3:12156.0:0.213146;4:12203.0:0.213062;5:12260.0:0.222023;6:12085.0:0.235416;7:12213.0:0.218701;8:12164.0:0.219500;9:12156.0:0.231820;10:12181.0:0.233478,0.8060606060606059,206,0.23300970873786409,1.0651036854793772,0.08571120516405975,0.025591787747643546,0.525593647431868,0.5088410888224877,True,1.7718001858743047e-17
구성비__직장__연령대_60_이상_직장_인구_수,121805,95161,26644,0.13934233277368502,0.14251611023312755,0.12791532278060913,0.13049852848052979,0.08720620721578598,0.08944428712129593,0.1756756752729416,0.17736487090587616,0.01712432231442178,0.041429473977251684,8.485021466738468e-11,0.5129889947838161,0.5129889947838161,0.2253939819360986,0.21207967105501288,0.2253939819360986,higher,1:12264.0:0.200016;2:12202.0:0.211687;3:12105.0:0.208509;4:12159.0:0.217041;5:12189.0:0.217491;6:12170.0:0.226541;7:12186.0:0.236091;8:12174.0:0.215623;9:12206.0:0.224070;10:12150.0:0.230453,0.7696969696969697,206,0.23300970873786409,1.0651036854793772,0.06076287304793669,0.022529141490878687,0.519864367901294,0.5061628654197704,True,1.251956598768764e-10
유동인구_대비_상주인구_비율,121522,94896,26626,1046.2406092450676,954.7312888396876,387.6789245605469,368.586669921875,253.7293243408203,243.96829986572266,646.5010375976562,603.6891479492188,-0.007369683510917432,-0.01781701924788399,2.5094265143027926e-24,0.479625568629236,0.520374431370764,0.20714401150837716,0.22691949706818465,0.22691949706818465,lower,1:12167.0:0.228076;2:12168.0:0.238330;3:12129.0:0.229615;4:12156.0:0.222277;5:12158.0:0.227834;6:12138.0:0.220959;7:12151.0:0.211999;8:12157.0:0.217735;9:12186.0:0.206056;10:12112.0:0.188078,-0.9393939393939393,489,0.13496932515337423,0.6169542309039541,-0.02175123262155239,-0.016622460756257642,0.5263969681901456,0.5147004033295388,True,5.2820795860499336e-24
유동인구_대비_직장인구_비율,121800,95157,26643,2034.687358954,2187.586199971276,789.9502563476562,892.9733276367188,205.43955993652344,248.0223846435547,2176.379638671875,2326.706298828125,0.009021360598953745,0.0218233543931188,4.0411277063429455e-27,0.5215800953025183,0.5215800953025183,0.23005075422531585,0.2077726113848445,0.23005075422531585,higher,1:12203.0:0.204458;2:12172.0:0.199803;3:12172.0:0.207854;4:12177.0:0.204648;5:12179.0:0.220872;6:12202.0:0.219800;7:12156.0:0.226390;8:12182.0:0.233295;9:12182.0:0.229437;10:12175.0:0.240903,0.9515151515151514,211,0.23222748815165878,1.061528100437286,0.013939576801043645,0.033095689371266834,0.5274062575573861,0.5156626613353569,True,8.943966467714902e-27
상주인구_대비_직장인구_비율,121363,94779,26584,5.644428773726372,6.300726087351589,2.0268959999084473,2.5260770320892334,0.4462612271308899,0.5420475602149963,6.676864147186279,7.883994102478027,0.01899200941644579,0.04592675435440368,1.8364982620639518e-37,0.5256270606464631,0.5256270606464631,0.2330830079753315,0.20592380862515636,0.2330830079753315,higher,1:12161.0:0.188800;2:12144.0:0.210145;3:12111.0:0.207910;4:12134.0:0.214027;5:12209.0:0.208780;6:12081.0:0.218939;7:12129.0:0.221618;8:12135.0:0.236671;9:12145.0:0.242157;10:12114.0:0.241539,0.9272727272727272,648,0.16666666666666666,0.76184499725261,0.057120701467906175,0.033800041075854055,0.5331658678497534,0.518257455566995,True,4.9355890792968705e-37
점포당_유동인구,120646,94279,26367,221899.88133161573,254908.53068172978,132665.671875,162839.0,59353.716796875,77875.1015625,279566.875,322058.375,0.04790870305786295,0.11606061762199563,5.023975920637535e-138,0.5502928125444715,0.5502928125444715,0.24336362794223923,0.1929943394926114,0.24336362794223923,higher,1:12065.0:0.159552;2:12067.0:0.178089;3:12062.0:0.193003;4:12066.0:0.211338;5:12063.0:0.221918;6:12067.0:0.231292;7:12067.0:0.240076;8:12060.0:0.249088;9:12065.0:0.250974;10:12064.0:0.250166,0.9878787878787878,1365,0.23809523809523808,1.088349996075157,0.11821077373268477,0.11400462942417998,0.5497839748391267,0.550831152850414,True,2.3264873109413814e-137
공간__면적__분모0,122011,95319,26692,0.0,0.0,0.0,0.0,0.0,0.0,0.0,0.0,,,,,,,,,,,,0,,,,,,,False,
면적당_유동인구,122006,95315,26691,9.608389747673547,9.680251117533913,8.608999252319336,8.68019962310791,6.00370454788208,6.120706081390381,12.244478225708008,12.308189392089844,0.0050322343174781835,0.012172532270379538,0.00410314034878935,0.5057377153393167,0.5057377153393167,0.22026949437717133,0.21351352353201114,0.22026949437717133,higher,1:12209.0:0.201245;2:12195.0:0.214842;3:12210.0:0.226945;4:12206.0:0.220793;5:12198.0:0.213478;6:12194.0:0.227325;7:12192.0:0.222851;8:12222.0:0.217640;9:12188.0:0.221776;10:12192.0:0.220801,0.3939393939393939,5,0.2,0.9142139967031321,0.010391136119437042,0.014048618901297643,0.5063562326234957,0.5051526480277851,True,0.004900973194387278
점포당_상주인구,120175,93872,26303,615.550690113019,729.1164974055048,329.75,429.73333740234375,127.0,175.55418395996094,764.5,936.727294921875,0.052980214328392096,0.128311008414495,4.170885112793745e-162,0.554641616205568,0.554641616205568,0.2474018780215176,0.1931502556150755,0.2474018780215176,higher,1:12018.0:0.160343;2:12017.0:0.180744;3:12020.0:0.195674;4:12025.0:0.203825;5:12012.0:0.205961;6:12013.0:0.227337;7:12025.0:0.247152;8:12040.0:0.251744;9:11988.0:0.257758;10:12017.0:0.258218,0.9999999999999999,1836,0.21187363834422657,0.9684892285335467,0.14235368349416802,0.1148457437222599,0.5574099296210937,0.5520641542320219,True,2.0923940315848617e-161
면적당_상주인구,121527,94900,26627,0.02410829117827321,0.02532080693438928,0.024069735780358315,0.025700313970446587,0.012652995996177197,0.013724136166274548,0.034669097512960434,0.03607236593961716,0.03581045625770472,0.08662903533642327,1.3454208523347185e-38,0.5260107939274106,0.5260107939274106,0.2312769006370724,0.20592194427804683,0.2312769006370724,higher,1:12233.0:0.192185;2:12083.0:0.201026;3:12163.0:0.208008;4:12144.0:0.206522;5:12169.0:0.219492;6:12126.0:0.224641;7:12151.0:0.224591;8:12202.0:0.233978;9:12133.0:0.241490;10:12123.0:0.239215,0.9636363636363635,484,0.13429752066115702,0.6138833655547891,0.11155188293518653,0.062972002339796,0.5332202597308904,0.5191957880885785,True,3.749737745858799e-38
점포당_직장인구,120453,94133,26320,754.1185662483585,716.6822381091647,167.0,180.0,61.842105865478516,72.0,556.4666748046875,568.5833435058594,-0.0074653221126005365,-0.018065948863615185,2.8739688834400392e-15,0.5158937921679527,0.5158937921679527,0.2214274307281965,0.20499905593578027,0.2214274307281965,higher,1:12056.0:0.176344;2:12035.0:0.198255;3:12047.0:0.226861;4:12049.0:0.219603;5:12041.0:0.237688;6:12051.0:0.236993;7:12044.0:0.227582;8:12041.0:0.223486;9:12043.0:0.220626;10:12046.0:0.217666,0.2727272727272727,1558,0.23876765083440307,1.0914236417636878,-0.03515785172369087,0.00034581367715458934,0.5098859839310899,0.5218855389791629,False,5.088615493620305e-15
면적당_직장인구,121805,95161,26644,0.029558408028957293,0.02661120153640701,0.010773038491606712,0.009462644346058369,0.004688275512307882,0.0043416754342615604,0.030611060559749603,0.02661864273250103,-0.02372769178268604,-0.05741298417077719,7.12585021159084e-29,0.4776896622519427,0.5223103377480574,0.20720030907344855,0.23048055804653256,0.23048055804653256,lower,1:12261.0:0.241171;2:12100.0:0.233223;3:12227.0:0.234154;4:12197.0:0.224317;5:12132.0:0.217277;6:12232.0:0.214274;7:12138.0:0.208931;8:12285.0:0.216687;9:12079.0:0.199023;10:12154.0:0.198042,-0.9515151515151514,206,0.23300970873786409,1.0651036854793772,-0.07029971114708368,-0.04379124610132319,0.5294152019818164,0.5151772377828592,True,1.6249097830976083e-28
면적당_집객시설,121099,94578,26521,0.00027665482929174756,0.0002647365414594232,0.00021772262698505074,0.00020695615967269987,0.00013467311509884894,0.00012800205149687827,0.00035830424167215824,0.00033086229814216495,-0.02390620407710857,-0.05782048350089759,5.4717758533897255e-24,0.4797393814845995,0.5202606185154005,0.20920551035084797,0.22659672549998636,0.22659672549998636,lower,1:12222.0:0.224022;2:12023.0:0.240040;3:12156.0:0.233136;4:12083.0:0.224034;5:12231.0:0.231625;6:11989.0:0.225123;7:12102.0:0.210792;8:12096.0:0.201637;9:12188.0:0.194946;10:12009.0:0.204680,-0.7454545454545454,912,0.1875,0.8570756219091863,-0.05924321408471167,-0.05643133354884439,0.5213862207486877,0.5191435883024714,True,1.1437531471321578e-23
점포당_집객시설,119739,93542,26197,6.001609853851864,6.400461940563325,3.6666667461395264,4.199999809265137,1.6388888359069824,2.0,7.181818008422852,7.777777671813965,0.02019725347702974,0.04886341419261789,4.604424108424443e-72,0.5362250208881604,0.5362250208881604,0.23313794648295366,0.19846990834714828,0.23313794648295366,higher,1:11979.0:0.165957;2:12019.0:0.188535;3:12377.0:0.208370;4:11552.0:0.211998;5:12232.0:0.235121;6:13433.0:0.226606;7:10448.0:0.234399;8:11789.0:0.237170;9:11952.0:0.245817;10:11958.0:0.235156,0.9272727272727272,2272,0.21786971830985916,0.9958977296832094,0.0410438320772697,0.056708280815278136,0.534790880002892,0.5376672654525545,True,1.6901605568728749e-71
면적당_아파트단지,112743,87707,25036,0.00041290476259328476,0.00043904369033139634,0.0002985868777614087,0.0003330391482450068,0.00012615908053703606,0.00014225704944692552,0.0005781468935310841,0.0006182221113704145,0.027105404041548688,0.06523814713459625,1.1750335067263717e-33,0.5250107636627642,0.5250107636627642,0.23433250142727075,0.20953291810828967,0.23433250142727075,higher,1:11373.0:0.201442;2:11246.0:0.194025;3:11342.0:0.206401;4:11230.0:0.218255;5:11184.0:0.218526;6:11296.0:0.236013;7:11276.0:0.234746;8:11254.0:0.230762;9:11269.0:0.242258;10:11273.0:0.238357,0.9272727272727272,9268,0.17867932671558048,0.8167557070243777,0.09391903670887564,0.03679690233286085,0.5349329874150993,0.5152109845169938,True,2.7849219332648652e-33
점포당_아파트단지,111453,86732,24721,11.37872364420082,13.600213399959229,4.55555534362793,6.142857074737549,1.3232921957969666,1.9090908765792847,12.666666984558105,15.75,0.042055765991046226,0.10131532024699137,2.7701302349889644e-127,0.5499509649675343,0.5499509649675343,0.24862158630461414,0.19750801540739787,0.24862158630461414,higher,1:11414.0:0.179954;2:11807.0:0.179809;3:10216.0:0.196848;4:11154.0:0.206652;5:11247.0:0.219614;6:11253.0:0.219675;7:10994.0:0.245407;8:11155.0:0.251098;9:11068.0:0.254698;10:11145.0:0.266308,0.9878787878787878,10558,0.1866830839174086,0.8533414413250014,0.12098782237545365,0.08232943136269069,0.5563273279684157,0.5436587432746756,True,1.1580683343495531e-126
면적당_가구,121527,94900,26627,0.013247038951249556,0.013762841313476076,0.013167181983590126,0.013870706781744957,0.007760439068078995,0.008463370613753796,0.01826728694140911,0.01881026104092598,0.029300043936008647,0.07086466672952382,2.8052574227854217e-30,0.5228916725430975,0.5228916725430975,0.22882847581675847,0.20711674432542931,0.22882847581675847,higher,1:12208.0:0.195446;2:12130.0:0.205029;3:12230.0:0.205397;4:12072.0:0.214380;5:12181.0:0.213611;6:12111.0:0.222030;7:12163.0:0.227658;8:12134.0:0.239575;9:12157.0:0.235255;10:12141.0:0.232847,0.9393939393939393,484,0.13429752066115702,0.6138833655547891,0.08691405735272875,0.05491145141887554,0.5285999106235648,0.5172167495370869,True,6.495249878910861e-30
점포당_가구,120175,93872,26303,333.92462417750653,392.8004164985177,188.0,243.23529052734375,75.5,103.0,420.3333435058594,498.75,0.052925780168666677,0.1281788056356794,2.2576105193003513e-158,0.5540006210062577,0.5540006210062577,0.24673121995682876,0.19317900848450245,0.24673121995682876,higher,1:12018.0:0.159344;2:12021.0:0.184594;3:12014.0:0.186949;4:12021.0:0.205807;5:12022.0:0.214607;6:12009.0:0.221584;7:12022.0:0.256862;8:12023.0:0.247941;9:12022.0:0.253618;10:12003.0:0.257436,0.9636363636363635,1836,0.21187363834422657,0.9684892285335467,0.13921632368616613,0.11731568367909972,0.5556234954420545,0.5524190892295554,True,1.0960334940474286e-157
매출_변화방향_일치,99971,77935,22036,0.6094565984474242,0.6377745507351607,1.0,1.0,0.0,0.0,1.0,1.0,0.024132392745074446,0.058232297138966535,2.344121553331182e-14,0.5141589761438682,0.5141589761438682,0.22546447528475905,0.21583737416562476,0.22546447528475905,higher,1:99971.0:0.220424,,22040,0.21125226860254084,0.9656489039586622,0.054374287756369426,0.06046182618088749,0.5130330719251387,0.5148161658970505,True,4.031889071729633e-14
매출_감소_지속,99971,77935,22036,0.2066080708282543,0.4760845888546016,0.0,0.0,0.0,0.0,0.0,1.0,0.2528057669928386,0.6303262440151539,0.0,0.6347382590131737,0.6347382590131737,0.3032999615269295,0.18737118065639102,0.3032999615269295,higher,1:99971.0:0.220424,,22040,0.21125226860254084,0.9656489039586622,0.6943439902717509,0.5875196956388005,0.6481455663560467,0.6256929927122268,True,0.0
최근_2분기_매출_평균,99971,77935,22036,1172170592.5027523,790265157.6925713,225527904.0,145987704.0,65433168.0,44407515.0,749456608.0,473105680.0,-0.015351221367560048,-0.037036603626513946,6.092835122258632e-215,0.43108050366802103,0.568919496331979,0.18660447283454207,0.26023311172217267,0.26023311172217267,lower,1:9998.0:0.287958;2:9997.0:0.260378;3:9997.0:0.245974;4:9997.0:0.243173;5:9997.0:0.231770;6:9997.0:0.220966;7:9997.0:0.207262;8:9997.0:0.201560;9:9997.0:0.170451;10:9997.0:0.134740,-0.9999999999999999,22040,0.21125226860254084,0.9656489039586622,-0.029999980110320724,-0.041699880728451925,0.566514286382884,0.5705699224804044,True,3.820715357916351e-214
최근_2분기_매출_표준편차,99971,77935,22036,94631746.44814268,96149361.82106553,15232506.0,12223101.0,4130660.0,3505290.625,52115504.0,42547063.0,0.0005671031399772763,0.0013680411537262858,5.262967811022922e-37,0.4720082285316656,0.5279917714683344,0.20685272311644165,0.22802575356966176,0.22802575356966176,lower,1:9998.0:0.226545;2:9997.0:0.250675;3:9997.0:0.242973;4:9997.0:0.235171;5:9997.0:0.232870;6:9997.0:0.214664;7:9997.0:0.210863;8:9997.0:0.200860;9:9997.0:0.197459;10:9997.0:0.192158,-0.8787878787878788,22040,0.21125226860254084,0.9656489039586622,0.01319510469958333,-0.004936284271415909,0.5518915925629644,0.5121638850689141,False,1.4019055850600882e-36
최근_2분기_매출_최소,99971,77935,22036,1077538845.399461,694115799.2071157,197277376.0,122711056.0,54000000.0,34680723.0,678351776.0,414622576.0,-0.01669285829623318,-0.040274324404146286,3.431732674917469e-241,0.42695387944417473,0.5730461205558253,0.18482714760468555,0.26261720672082406,0.26261720672082406,lower,1:9998.0:0.295859;2:9998.0:0.257852;3:9996.0:0.247799;4:9997.0:0.245874;5:9999.0:0.228923;6:9995.0:0.220510;7:9997.0:0.207162;8:9997.0:0.201160;9:9997.0:0.170351;10:9997.0:0.128739,-0.9999999999999999,22040,0.21125226860254084,0.9656489039586622,-0.03324958008065387,-0.045043949139827975,0.5693473232802351,0.5755939983657187,True,2.3476171253412687e-240
최근_2분기_매출_최대,99971,77935,22036,1266802339.861949,886414523.6197586,251388752.0,166205728.0,74598324.0,52032278.0,816793696.0,527509408.0,-0.014131636027779093,-0.03409359932791645,3.714451168046491e-200,0.4335172864858234,0.5664827135141766,0.18783309874160664,0.25895543291374057,0.25895543291374057,lower,1:9998.0:0.285857;2:9997.0:0.258378;3:9997.0:0.245774;4:9997.0:0.241673;5:9998.0:0.234347;6:9996.0:0.216186;7:9997.0:0.210963;8:9997.0:0.200360;9:9997.0:0.171651;10:9997.0:0.139042,-0.9999999999999999,22040,0.21125226860254084,0.9656489039586622,-0.027014101161579908,-0.03869324030129376,0.5655579750162255,0.567115811550764,True,2.2360996031639876e-199
최근_2분기_매출_변동계수,99971,77935,22036,0.12906107203548925,0.15849498359886124,0.07727363705635071,0.09766389429569244,0.0309890853241086,0.040978952310979366,0.1668810397386551,0.2065858691930771,0.07746309567759896,0.1874298739133681,3.855985909125124e-142,0.555906635185455,0.555906635185455,0.2572746121832109,0.19204429865126624,0.2572746121832109,higher,1:9998.0:0.163833;2:9997.0:0.188857;3:9997.0:0.197359;4:9997.0:0.202861;5:9997.0:0.216265;6:9997.0:0.222867;7:9997.0:0.229969;8:9997.0:0.240472;9:9997.0:0.255777;10:9997.0:0.285986,0.9999999999999999,22040,0.21125226860254084,0.9656489039586622,0.11923522856086001,0.24041201609556964,0.5192550389762093,0.5820714086935749,True,1.81351837288541e-141
현재값_대비_최근_2분기_매출_평균_차이,99971,77935,22036,14181923.171193944,-45381345.01781176,122831.0,-3418084.5,-13389322.0,-23348595.5,17374851.0,3662037.75,-0.02217652482188836,-0.05351029561044661,0.0,0.4082202341216365,0.5917797658783635,0.17706574893656185,0.26709658126685737,0.26709658126685737,lower,1:9998.0:0.277756;2:9997.0:0.262779;3:9997.0:0.272082;4:9997.0:0.279984;5:9997.0:0.276683;6:9997.0:0.209363;7:9997.0:0.201861;8:9997.0:0.168451;9:9997.0:0.142043;10:9997.0:0.113234,-0.8545454545454544,22040,0.21125226860254084,0.9656489039586622,-0.10003784223676175,-0.029557577624559635,0.5984055557212501,0.5880262482853786,True,0.0
최근_4분기_매출_평균,58508,45699,12809,1184397015.0933554,854610853.0810562,229346160.0,171842880.0,66837522.0,57093664.0,761792128.0,523461984.0,-0.013262850626361565,-0.032075390116861155,4.7751737479696895e-59,0.45323567963755734,0.5467643203624426,0.19246264523510914,0.23864655711408142,0.23864655711408142,lower,1:5851.0:0.240814;2:5851.0:0.240814;3:5851.0:0.247308;4:5850.0:0.243077;5:5851.0:0.237908;6:5851.0:0.227824;7:5850.0:0.223932;8:5851.0:0.206973;9:5851.0:0.176551;10:5851.0:0.144078,-0.8997002046464955,63503,0.21861959277514448,0.99932545834288,,-0.032075390116861155,,0.5467643203624426,False,1.671310811789391e-58
최근_4분기_매출_표준편차,58508,45699,12809,147639218.8446935,133260670.33663258,31144712.0,25950292.0,10137747.0,9556160.0,91402100.0,74079896.0,-0.004307744605884838,-0.010417196237132165,9.324131498466875e-19,0.474478532848343,0.525521467151657,0.2042210671095138,0.22346166372807372,0.22346166372807372,lower,1:5851.0:0.215690;2:5851.0:0.233464;3:5851.0:0.242694;4:5850.0:0.244444;5:5851.0:0.237395;6:5851.0:0.223722;7:5850.0:0.216923;8:5851.0:0.195351;9:5851.0:0.193300;10:5851.0:0.186293,-0.6606060606060605,63503,0.21861959277514448,0.99932545834288,,-0.010417196237132165,,0.525521467151657,False,1.7876201153111653e-18
최근_4분기_매출_최소,58508,45699,12809,995190905.0150551,694012632.1518464,172690256.0,125540224.0,44798594.0,36518384.0,620668800.0,417469984.0,-0.014098369577632816,-0.03409643122020717,7.493433412268478e-63,0.45170612721153813,0.5482938727884619,0.19161731099945373,0.2390523032962681,0.2390523032962681,lower,1:5851.0:0.251410;2:5852.0:0.232057;3:5850.0:0.242564;4:5850.0:0.247692;5:5851.0:0.234832;6:5851.0:0.230217;7:5851.0:0.223210;8:5850.0:0.209915;9:5851.0:0.178773;10:5851.0:0.138609,-0.9151515151515152,63503,0.21861959277514448,0.99932545834288,,-0.03409643122020717,,0.5482938727884619,False,2.717498141075677e-62
최근_4분기_매출_최대,58508,45699,12809,1373757489.0973544,1033347607.8295729,282483712.0,214638256.0,86190744.0,73967200.0,894000000.0,643657856.0,-0.011768873578509788,-0.02846176605404299,1.7698585982736884e-52,0.45600077491658014,0.5439992250834198,0.19409835496332967,0.23780183672951133,0.23780183672951133,lower,1:5853.0:0.242611;2:5849.0:0.236109;3:5853.0:0.241756;4:5849.0:0.248248;5:5850.0:0.232308;6:5851.0:0.231243;7:5850.0:0.220171;8:5851.0:0.205093;9:5851.0:0.183046;10:5851.0:0.148693,-0.9151515151515152,63503,0.21861959277514448,0.99932545834288,,-0.02846176605404299,,0.5439992250834198,False,5.9191937564486694e-52
최근_4분기_매출_변동계수,58508,45699,12809,0.19842261561299498,0.21888190979506267,0.14426471292972565,0.16152504086494446,0.07925233617424965,0.09387478977441788,0.2556031048297882,0.27730152010917664,0.04549040779921815,0.11012008140464011,5.820399869026215e-49,0.5424454319566708,0.5424454319566708,0.23915497312648917,0.1922971646538293,0.23915497312648917,higher,1:5851.0:0.135532;2:5851.0:0.198599;3:5851.0:0.215177;4:5850.0:0.229573;5:5851.0:0.225090;6:5851.0:0.227995;7:5850.0:0.237436;8:5851.0:0.231584;9:5851.0:0.235515;10:5851.0:0.252777,0.9272727272727272,63503,0.21861959277514448,0.99932545834288,,0.11012008140464011,,0.5424454319566708,False,1.8249378756009276e-48
현재값_대비_최근_4분기_매출_평균_차이,58508,45699,12809,67608265.88656206,-79121819.2371965,4353165.0,-14155434.0,-7809719.5,-54272264.0,40050696.0,-1187147.0,-0.03981149963486541,-0.0963495847708982,0.0,0.2618584087473329,0.7381415912526671,0.14280218866964753,0.40099757590997936,0.40099757590997936,lower,1:5851.0:0.447958;2:5851.0:0.398223;3:5851.0:0.366775;4:5850.0:0.320342;5:5851.0:0.217570;6:5851.0:0.138951;7:5850.0:0.099316;8:5851.0:0.081525;9:5851.0:0.064946;10:5851.0:0.053666,-0.9999999999999999,63503,0.21861959277514448,0.99932545834288,,-0.0963495847708982,,0.7381415912526671,False,0.0
log1p__당월_매출_금액,122011,95319,26692,19.163664975820303,18.655324743584718,19.21182632446289,18.714021682739258,17.947734832763672,17.470035552978516,20.424689292907715,19.904541492462158,-0.11336511388830871,-0.27599635516098414,0.0,0.42184579309272846,0.5781542069072716,0.18207453999752457,0.26628358953747316,0.26628358953747316,lower,1:12202.0:0.301508;2:12201.0:0.264241;3:12201.0:0.243669;4:12201.0:0.240800;5:12201.0:0.229981;6:12201.0:0.216622;7:12201.0:0.208507;8:12201.0:0.190804;9:12201.0:0.162036;10:12201.0:0.129498,-0.9999999999999999,0,,,-0.2734367987950966,-0.2787044783111823,0.577133252393053,0.579255847562428,True,0.0
log1p__당월_매출_건수,122011,95319,26692,8.641103771703147,8.064730991242476,8.678120613098145,8.112527847290039,7.109879493713379,6.533788681030273,10.27591323852539,9.610491037368774,-0.10850571589743692,-0.2640216233685924,2.393637905038523e-303,0.4255779567086023,0.5744220432913977,0.1826534491862425,0.2621540881164679,0.2621540881164679,lower,1:12209.0:0.296830;2:12199.0:0.264038;3:12200.0:0.242213;4:12198.0:0.232661;5:12203.0:0.233795;6:12198.0:0.225857;7:12201.0:0.203180;8:12201.0:0.183755;9:12201.0:0.171871;10:12201.0:0.133432,-0.9878787878787878,0,,,-0.2699189287477699,-0.2581883291168961,0.5762519211198545,0.5726135454288845,True,2.4844310669537774e-302
log1p__점포_수,122011,95319,26692,2.152484099227811,1.997724869369871,1.945910096168518,1.7917594909667969,1.6094379425048828,1.3862943649291992,2.6390573978424072,2.397895336151123,-0.07403945278438637,-0.17958579095682614,1.4262884215286897e-128,0.45194778978162287,0.5480522102183771,0.19322741524645504,0.23866722205499888,0.23866722205499888,lower,1:28031.0:0.240056;2:15418.0:0.243871;3:11765.0:0.251679;4:9160.0:0.234934;5:13538.0:0.227360;6:8923.0:0.216407;7:11007.0:0.204325;8:12582.0:0.175807;9:11587.0:0.139812,-0.9333333333333332,0,,,-0.18001045500142906,-0.17923722507914033,0.5479129775619794,0.5482079111254015,True,6.133040212573367e-128
log1p__유동__총_유동인구_수,122006,95315,26691,13.696014759392101,13.733460900219985,13.81737995147705,13.850956916809082,13.189547538757324,13.242303848266602,14.375563621520996,14.3833909034729,0.015399947859422527,0.0372550658458398,2.590966081438256e-06,0.5093975348187221,0.5093975348187221,0.22060187909959672,0.21153531604253997,0.22060187909959672,higher,1:12204.0:0.203622;2:12199.0:0.210181;3:12203.0:0.213800;4:12202.0:0.220210;5:12195.0:0.223042;6:12202.0:0.222668;7:12224.0:0.224067;8:12179.0:0.225060;9:12218.0:0.226142;10:12180.0:0.218883,0.7333333333333332,5,0.2,0.9142139967031321,0.03503150682249242,0.03949849186146282,0.5086148234415911,0.5102036159799411,True,3.390786045708326e-06
log1p__상주__총_상주인구_수,121527,94900,26627,7.61305646720626,7.7068917361991645,7.847372055053711,7.950854778289795,7.092573642730713,7.200424671173096,8.421563148498535,8.497806549072266,0.031898650718399355,0.07715576049305473,1.4889483444117227e-35,0.5249142531153659,0.5249142531153659,0.23130440767124488,0.20683638939455876,0.23130440767124488,higher,1:12207.0:0.197428;2:12139.0:0.200181;3:12131.0:0.208062;4:12170.0:0.217666;5:12117.0:0.208385;6:12181.0:0.218701;7:12161.0:0.228188;8:12226.0:0.230247;9:12045.0:0.242756;10:12150.0:0.239588,0.9757575757575757,484,0.13429752066115702,0.6138833655547891,0.08125993736912365,0.07338499935408262,0.5284771378458015,0.5214346509449651,True,3.6143020295800686e-35
log1p__직장__총_직장_인구_수,121805,95161,26644,7.233338947596092,7.149199529169128,6.903747081756592,6.809039115905762,6.075345993041992,6.047372341156006,8.399310111999512,8.21878719329834,-0.020634307628022094,-0.049924614024760165,4.3623282510931505e-12,0.48614428868083437,0.5138557113191656,0.21006615406309204,0.2241481071637434,0.2241481071637434,lower,1:12194.0:0.220846;2:12185.0:0.230365;3:12315.0:0.229151;4:12104.0:0.226289;5:12226.0:0.225748;6:12078.0:0.216675;7:12228.0:0.216716;8:12131.0:0.211194;9:12175.0:0.209363;10:12169.0:0.200920,-0.8666666666666665,206,0.23300970873786409,1.0651036854793772,-0.0696223005247606,-0.030183432595659507,0.5203291550373463,0.507414655694608,True,6.9474116591483505e-12
log1p__시설__집객시설_수,121099,94578,26521,3.2707462445922104,3.2399491394479947,3.25809645652771,3.2188758850097656,2.6390573978424072,2.6390573978424072,3.9120230674743652,3.8501474857330322,-0.013225302400799284,-0.03198089070529328,2.5360191883113283e-06,0.4905636074677669,0.5094363925322332,0.2116012343242214,0.22101066200124064,0.22101066200124064,lower,1:13825.0:0.218807;2:11240.0:0.212100;3:12556.0:0.230010;4:12801.0:0.235528;5:10881.0:0.229942;6:11876.0:0.209835;7:12375.0:0.223192;8:11667.0:0.224822;9:11931.0:0.206269;10:11947.0:0.198292,-0.4666666666666666,912,0.1875,0.8570756219091863,-0.03471889978265863,-0.02926674592491924,0.5109260530847666,0.507955749135338,True,3.3479902442180256e-06
log1p__아파트__아파트_단지_수,112743,87707,25036,3.4068647114132102,3.5133739046384624,3.5553481578826904,3.6635615825653076,2.5649492740631104,2.7725887298583984,4.290459632873535,4.394449234008789,0.03553761810902969,0.08555568339067826,1.939378861570378e-36,0.5260743482262735,0.5260743482262735,0.23481644474202887,0.2099462069230963,0.23481644474202887,higher,1:12363.0:0.198010;2:11316.0:0.208466;3:10793.0:0.199388;4:11161.0:0.218798;5:11528.0:0.212786;6:10641.0:0.229114;7:11206.0:0.237551;8:11245.0:0.235394;9:11347.0:0.235040;10:11143.0:0.248407,0.9272727272727272,9268,0.17867932671558048,0.8167557070243777,0.10504412386001319,0.0662362551526697,0.5320005743443708,0.5202074963737838,True,4.947059638412574e-36
log1p__상주__총_가구_수,121527,94900,26627,7.059543135643508,7.1390038715685895,7.271008491516113,7.365180015563965,6.545349597930908,6.6502790451049805,7.841886043548584,7.904335021972656,0.028224430028442996,0.06826108875457443,6.40040416316095e-26,0.5210770357049419,0.5210770357049419,0.22959796340448424,0.2080394815611637,0.22959796340448424,higher,1:12210.0:0.197625;2:12153.0:0.193532;3:12332.0:0.215375;4:12100.0:0.222645;5:12070.0:0.213007;6:12068.0:0.225141;7:12167.0:0.224377;8:12335.0:0.235022;9:12108.0:0.230178;10:11984.0:0.234312,0.9030303030303028,484,0.13429752066115702,0.6138833655547891,0.0703420678892206,0.06619915107595517,0.523651036133004,0.5185147371279697,True,1.3760868950796042e-25
log1p__아파트__아파트_평균_시가,112743,87707,25036,19.191805260018352,19.178592870516944,19.080615997314453,19.054433822631836,18.847002029418945,18.839218139648438,19.39523696899414,19.363271236419678,-0.010685094298130646,-0.02570924291840115,5.198481298602353e-07,0.48961851621272967,0.5103814837872703,0.21760103678647735,0.22629259704350763,0.22629259704350763,lower,1:11292.0:0.229720;2:11299.0:0.231259;3:11241.0:0.225692;4:11272.0:0.228708;5:11303.0:0.228700;6:11318.0:0.215939;7:11273.0:0.220793;8:11295.0:0.212041;9:11357.0:0.212028;10:11093.0:0.215722,-0.9030303030303028,9268,0.17867932671558048,0.8167557070243777,-0.057854479970463266,0.006228638584194669,0.519579655137657,0.5012118202476916,False,7.052305865541045e-07
