run_id,model,feature_set_id,서비스_업종_코드,rows,positive_rate,average_precision,roc_auc,precision_at_0_5,recall_at_0_5,f1_at_0_5,predicted_positive_rate_at_0_5
dummy_prior__prior,dummy_prior,prior,CS100001,5554,0.1852718761253151,0.18882255230353773,0.5086070797695558,0.0,0.0,0.0,0.0
dummy_prior__prior,dummy_prior,prior,CS100002,1698,0.33510011778563015,0.3353868382329173,0.5058304703759802,0.0,0.0,0.0,0.0
dummy_prior__prior,dummy_prior,prior,CS100003,1282,0.45553822152886114,0.4172654743545256,0.43348657612748753,0.0,0.0,0.0,0.0
dummy_prior__prior,dummy_prior,prior,CS100004,1283,0.39438815276695244,0.39011247519393244,0.49659427920297483,0.0,0.0,0.0,0.0
dummy_prior__prior,dummy_prior,prior,CS100005,1564,0.3177749360613811,0.34112298802572005,0.5482152521502021,0.0,0.0,0.0,0.0
dummy_prior__prior,dummy_prior,prior,CS100006,1526,0.41874180865006555,0.43117199915300136,0.5242981123620087,0.0,0.0,0.0,0.0
dummy_prior__prior,dummy_prior,prior,CS100007,2078,0.48267564966313764,0.5013765273989745,0.5295267685316144,0.0,0.0,0.0,0.0
dummy_prior__prior,dummy_prior,prior,CS100008,3033,0.3537751401252885,0.40757826215120135,0.5867732088175438,0.0,0.0,0.0,0.0
dummy_prior__prior,dummy_prior,prior,CS100009,3508,0.3187001140250855,0.30842069360669355,0.4797857051968174,0.0,0.0,0.0,0.0
dummy_prior__prior,dummy_prior,prior,CS100010,4154,0.291044776119403,0.30784147407913076,0.5278461903578284,0.0,0.0,0.0,0.0
dummy_prior__prior,dummy_prior,prior,CS200006,1998,0.14614614614614616,0.17868768768768767,0.5948505676982125,0.0,0.0,0.0,0.0
dummy_prior__prior,dummy_prior,prior,CS200007,1506,0.20053120849933598,0.21723805519050132,0.5412215902840422,0.0,0.0,0.0,0.0
dummy_prior__prior,dummy_prior,prior,CS200016,1297,0.27602158828064766,0.30360470861704375,0.5553170792653541,0.0,0.0,0.0,0.0
dummy_prior__prior,dummy_prior,prior,CS200024,839,0.4123957091775924,0.4256194820536425,0.5305783864273235,0.0,0.0,0.0,0.0
dummy_prior__prior,dummy_prior,prior,CS200028,4384,0.2664233576642336,0.2706366536225139,0.5117371191985278,0.0,0.0,0.0,0.0
dummy_prior__prior,dummy_prior,prior,CS200029,1017,0.400196656833825,0.3968195590973076,0.4939622185523824,0.0,0.0,0.0,0.0
dummy_prior__prior,dummy_prior,prior,CS200030,1156,0.2378892733564014,0.23697393980314468,0.49780414817872254,0.0,0.0,0.0,0.0
dummy_prior__prior,dummy_prior,prior,CS200031,1546,0.2238033635187581,0.22453285605303341,0.49080443159922926,0.0,0.0,0.0,0.0
dummy_prior__prior,dummy_prior,prior,CS200037,2043,0.29515418502202645,0.30809749522403407,0.5242399115533444,0.0,0.0,0.0,0.0
dummy_prior__prior,dummy_prior,prior,CS300001,3323,0.33012338248570566,0.3536182208672317,0.5406956078040167,0.0,0.0,0.0,0.0
dummy_prior__prior,dummy_prior,prior,CS300002,2751,0.2813522355507088,0.27394824340059554,0.48634327060942445,0.0,0.0,0.0,0.0
dummy_prior__prior,dummy_prior,prior,CS300010,1240,0.24435483870967742,0.26490513600734605,0.5410040470429114,0.0,0.0,0.0,0.0
dummy_prior__prior,dummy_prior,prior,CS300011,3264,0.35324754901960786,0.35153124436914374,0.4992076772927338,0.0,0.0,0.0,0.0
dummy_prior__prior,dummy_prior,prior,CS300014,494,0.4109311740890688,0.4285688403330578,0.5298698220845395,0.0,0.0,0.0,0.0
dummy_prior__prior,dummy_prior,prior,CS300015,215,0.3953488372093023,0.37769701614844703,0.46529411764705886,0.0,0.0,0.0,0.0
dummy_prior__prior,dummy_prior,prior,CS300016,805,0.2248447204968944,0.2586060661768434,0.5721862161779289,0.0,0.0,0.0,0.0
dummy_prior__prior,dummy_prior,prior,CS300017,644,0.36490683229813664,0.35936145434121847,0.4911356187899911,0.0,0.0,0.0,0.0
dummy_prior__prior,dummy_prior,prior,CS300018,2260,0.12212389380530973,0.12813143035801217,0.5259120061944833,0.0,0.0,0.0,0.0
dummy_prior__prior,dummy_prior,prior,CS300020,514,0.39883268482490275,0.3991314831071463,0.5005998894940406,0.0,0.0,0.0,0.0
dummy_prior__prior,dummy_prior,prior,CS300022,1851,0.35386277687736356,0.36016338946901516,0.5152186678240446,0.0,0.0,0.0,0.0
dummy_prior__prior,dummy_prior,prior,CS300024,463,0.3174946004319654,0.29654052328786795,0.4612826143115474,0.0,0.0,0.0,0.0
dummy_prior__prior,dummy_prior,prior,CS300027,337,0.36795252225519287,0.3638682412694898,0.49909132212630625,0.0,0.0,0.0,0.0
dummy_prior__prior,dummy_prior,prior,CS300028,1083,0.31117266851338876,0.2905848776391108,0.45520520918688,0.0,0.0,0.0,0.0
dummy_prior__prior,dummy_prior,prior,CS300036,596,0.2902684563758389,0.2859976323099048,0.48821383183700245,0.0,0.0,0.0,0.0
dummy_prior__prior,dummy_prior,prior,CS200002,250,0.24,0.2595085894405043,0.5535087719298246,0.0,0.0,0.0,0.0
dummy_prior__prior,dummy_prior,prior,CS200003,1882,0.28746014877789583,0.3072397138874521,0.5424883628930324,0.0,0.0,0.0,0.0
dummy_prior__prior,dummy_prior,prior,CS200005,1755,0.29971509971509974,0.35707758602974116,0.5940283454043134,0.0,0.0,0.0,0.0
dummy_prior__prior,dummy_prior,prior,CS200008,1235,0.22753036437246962,0.2266567572246429,0.49637973096980686,0.0,0.0,0.0,0.0
dummy_prior__prior,dummy_prior,prior,CS200017,528,0.4412878787878788,0.43853681799205807,0.4950025460100385,0.0,0.0,0.0,0.0
dummy_prior__prior,dummy_prior,prior,CS200033,72,0.2638888888888889,0.30074202802603994,0.5670307845084408,0.0,0.0,0.0,0.0
dummy_prior__prior,dummy_prior,prior,CS200034,699,0.45064377682403434,0.4487867165580225,0.4965608465608466,0.0,0.0,0.0,0.0
dummy_prior__prior,dummy_prior,prior,CS300004,656,0.31859756097560976,0.31663927548788723,0.49091765411087207,0.0,0.0,0.0,0.0
dummy_prior__prior,dummy_prior,prior,CS300006,198,0.23737373737373738,0.3115905460586311,0.628505002113569,0.0,0.0,0.0,0.0
dummy_prior__prior,dummy_prior,prior,CS300007,1584,0.34785353535353536,0.35486380857618993,0.5177245279637656,0.0,0.0,0.0,0.0
dummy_prior__prior,dummy_prior,prior,CS300008,566,0.2597173144876325,0.25818161801515815,0.4999512931664313,0.0,0.0,0.0,0.0
dummy_prior__prior,dummy_prior,prior,CS300009,1042,0.22648752399232247,0.2980874780443653,0.6315793624090509,0.0,0.0,0.0,0.0
dummy_prior__prior,dummy_prior,prior,CS300019,553,0.2820976491862568,0.27396226219448905,0.48435380740166634,0.0,0.0,0.0,0.0
dummy_prior__prior,dummy_prior,prior,CS300021,962,0.46153846153846156,0.46279394527584355,0.5026544401544402,0.0,0.0,0.0,0.0
dummy_prior__prior,dummy_prior,prior,CS300029,217,0.42857142857142855,0.4261210325980367,0.5054197016996185,0.0,0.0,0.0,0.0
dummy_prior__prior,dummy_prior,prior,CS300031,359,0.25069637883008355,0.2916153814657207,0.5798223874432052,0.0,0.0,0.0,0.0
dummy_prior__prior,dummy_prior,prior,CS300032,172,0.3081395348837209,0.3439599079749338,0.5516093229744727,0.0,0.0,0.0,0.0
dummy_prior__prior,dummy_prior,prior,CS300033,616,0.288961038961039,0.3001946282710803,0.5082666358832282,0.0,0.0,0.0,0.0
dummy_prior__prior,dummy_prior,prior,CS300035,596,0.25838926174496646,0.2789072575995992,0.5430892636774989,0.0,0.0,0.0,0.0
dummy_prior__prior,dummy_prior,prior,CS300043,371,0.23450134770889489,0.2643469189382934,0.5368504128217582,0.0,0.0,0.0,0.0
dummy_prior__prior,dummy_prior,prior,CS200001,2410,0.2829875518672199,0.31070681858321886,0.5575640477354187,0.0,0.0,0.0,0.0
dummy_prior__prior,dummy_prior,prior,CS200019,439,0.5170842824601367,0.5438899353773814,0.5494451832765357,0.0,0.0,0.0,0.0
dummy_prior__prior,dummy_prior,prior,CS200032,175,0.2571428571428571,0.2707192564318525,0.5342735042735043,0.0,0.0,0.0,0.0
dummy_prior__prior,dummy_prior,prior,CS300003,278,0.32014388489208634,0.3245705398381373,0.5018429344272042,0.0,0.0,0.0,0.0
dummy_prior__prior,dummy_prior,prior,CS200025,1450,0.2103448275862069,0.2107800835526375,0.5023752595031856,0.0,0.0,0.0,0.0
dummy_prior__prior,dummy_prior,prior,CS300026,39,0.358974358974359,0.3106792179387461,0.3957142857142857,0.0,0.0,0.0,0.0
dummy_prior__prior,dummy_prior,prior,CS300025,98,0.2755102040816326,0.2717166650214075,0.48513302034428796,0.0,0.0,0.0,0.0
dummy_prior__prior,dummy_prior,prior,CS200026,173,0.30057803468208094,0.30403662836646506,0.4921328671328672,0.0,0.0,0.0,0.0
logistic_l2__linear_common_plus_log1p,logistic_l2,linear_common_plus_log1p,CS100001,5554,0.1852718761253151,0.39512516600043895,0.7451666317671504,1.0,0.001943634596695821,0.0038797284190106693,0.00036010082823190496
logistic_l2__linear_common_plus_log1p,logistic_l2,linear_common_plus_log1p,CS100002,1698,0.33510011778563015,0.48988111132907614,0.6661088634668999,0.8571428571428571,0.0210896309314587,0.0411663807890223,0.008244994110718492
logistic_l2__linear_common_plus_log1p,logistic_l2,linear_common_plus_log1p,CS100003,1282,0.45553822152886114,0.5681754493577259,0.6479250892962278,0.375,0.005136986301369863,0.010135135135135136,0.0062402496099844
logistic_l2__linear_common_plus_log1p,logistic_l2,linear_common_plus_log1p,CS100004,1283,0.39438815276695244,0.54792280737553,0.6833569877048138,0.5714285714285714,0.007905138339920948,0.015594541910331383,0.005455962587685113
logistic_l2__linear_common_plus_log1p,logistic_l2,linear_common_plus_log1p,CS100005,1564,0.3177749360613811,0.44528008739624914,0.6548343481696176,0.5263157894736842,0.02012072434607646,0.03875968992248062,0.012148337595907928
logistic_l2__linear_common_plus_log1p,logistic_l2,linear_common_plus_log1p,CS100006,1526,0.41874180865006555,0.6378279675389087,0.7257270290917496,0.7428571428571429,0.081377151799687,0.1466854724964739,0.045871559633027525
logistic_l2__linear_common_plus_log1p,logistic_l2,linear_common_plus_log1p,CS100007,2078,0.48267564966313764,0.6730944152211623,0.6881745461290547,0.8113207547169812,0.08574277168494517,0.1550946798917944,0.05101058710298364
logistic_l2__linear_common_plus_log1p,logistic_l2,linear_common_plus_log1p,CS100008,3033,0.3537751401252885,0.5447395526701626,0.6980573729957967,0.76,0.017707362534948742,0.03460837887067395,0.008242664029014177
logistic_l2__linear_common_plus_log1p,logistic_l2,linear_common_plus_log1p,CS100009,3508,0.3187001140250855,0.44180695416315474,0.6409147386621358,0.8333333333333334,0.004472271914132379,0.008896797153024912,0.0017103762827822121
logistic_l2__linear_common_plus_log1p,logistic_l2,linear_common_plus_log1p,CS100010,4154,0.291044776119403,0.47364224162670643,0.703172443234878,0.5238095238095238,0.009098428453267164,0.01788617886178862,0.0050553683196918634
logistic_l2__linear_common_plus_log1p,logistic_l2,linear_common_plus_log1p,CS200006,1998,0.14614614614614616,0.3036129750519655,0.7125977613258603,0.0,0.0,0.0,0.0
logistic_l2__linear_common_plus_log1p,logistic_l2,linear_common_plus_log1p,CS200007,1506,0.20053120849933598,0.2884425493703278,0.6302529097269588,0.0,0.0,0.0,0.0006640106241699867
logistic_l2__linear_common_plus_log1p,logistic_l2,linear_common_plus_log1p,CS200016,1297,0.27602158828064766,0.4556600656770159,0.6793004563276038,0.7272727272727273,0.0223463687150838,0.04336043360433604,0.008481110254433308
logistic_l2__linear_common_plus_log1p,logistic_l2,linear_common_plus_log1p,CS200024,839,0.4123957091775924,0.5138375824333649,0.6303098875587707,0.38461538461538464,0.014450867052023121,0.027855153203342618,0.015494636471990465
logistic_l2__linear_common_plus_log1p,logistic_l2,linear_common_plus_log1p,CS200028,4384,0.2664233576642336,0.3804745118751335,0.6513896165576227,0.5,0.008561643835616438,0.016835016835016835,0.004562043795620438
logistic_l2__linear_common_plus_log1p,logistic_l2,linear_common_plus_log1p,CS200029,1017,0.400196656833825,0.4381403766901841,0.5525879083256133,0.43636363636363634,0.05896805896805897,0.1038961038961039,0.05408062930186824
logistic_l2__linear_common_plus_log1p,logistic_l2,linear_common_plus_log1p,CS200030,1156,0.2378892733564014,0.3314708677261747,0.6378041481787224,0.32558139534883723,0.05090909090909091,0.0880503144654088,0.037197231833910036
logistic_l2__linear_common_plus_log1p,logistic_l2,linear_common_plus_log1p,CS200031,1546,0.2238033635187581,0.3020757785937507,0.6101806358381503,0.3076923076923077,0.011560693641618497,0.022284122562674095,0.008408796895213453
logistic_l2__linear_common_plus_log1p,logistic_l2,linear_common_plus_log1p,CS200037,2043,0.29515418502202645,0.390140519574787,0.6088872765800626,1.0,0.003316749585406302,0.006611570247933884,0.0009789525208027412
logistic_l2__linear_common_plus_log1p,logistic_l2,linear_common_plus_log1p,CS300001,3323,0.33012338248570566,0.5555590056998165,0.7235726612070328,0.7777777777777778,0.01276207839562443,0.025112107623318385,0.005416792055371652
logistic_l2__linear_common_plus_log1p,logistic_l2,linear_common_plus_log1p,CS300002,2751,0.2813522355507088,0.44950477714277665,0.6910818077137729,0.8125,0.016795865633074936,0.03291139240506329,0.0058160668847691745
logistic_l2__linear_common_plus_log1p,logistic_l2,linear_common_plus_log1p,CS300010,1240,0.24435483870967742,0.46157584268247565,0.6954503347880145,0.5,0.009900990099009901,0.019417475728155338,0.004838709677419355
logistic_l2__linear_common_plus_log1p,logistic_l2,linear_common_plus_log1p,CS300011,3264,0.35324754901960786,0.413908767677724,0.5809590699688535,0.42857142857142855,0.033824804856895055,0.06270096463022508,0.027879901960784315
logistic_l2__linear_common_plus_log1p,logistic_l2,linear_common_plus_log1p,CS300014,494,0.4109311740890688,0.4996462929983241,0.6000203138489666,0.6666666666666666,0.059113300492610835,0.1085972850678733,0.03643724696356275
logistic_l2__linear_common_plus_log1p,logistic_l2,linear_common_plus_log1p,CS300015,215,0.3953488372093023,0.49883214827204303,0.6133936651583709,0.7142857142857143,0.058823529411764705,0.10869565217391304,0.03255813953488372
logistic_l2__linear_common_plus_log1p,logistic_l2,linear_common_plus_log1p,CS300016,805,0.2248447204968944,0.3095871893278475,0.6058135004958208,0.8,0.022099447513812154,0.043010752688172046,0.006211180124223602
logistic_l2__linear_common_plus_log1p,logistic_l2,linear_common_plus_log1p,CS300017,644,0.36490683229813664,0.4224184250787818,0.5837798470582115,0.3333333333333333,0.03404255319148936,0.06177606177606178,0.037267080745341616
logistic_l2__linear_common_plus_log1p,logistic_l2,linear_common_plus_log1p,CS300018,2260,0.12212389380530973,0.33403074060754867,0.7505149894810659,0.5,0.007246376811594203,0.014285714285714285,0.0017699115044247787
logistic_l2__linear_common_plus_log1p,logistic_l2,linear_common_plus_log1p,CS300020,514,0.39883268482490275,0.509394200232312,0.6118714973557502,0.8333333333333334,0.04878048780487805,0.09216589861751152,0.023346303501945526
logistic_l2__linear_common_plus_log1p,logistic_l2,linear_common_plus_log1p,CS300022,1851,0.35386277687736356,0.45764186318621686,0.624382802726646,0.5853658536585366,0.0366412213740458,0.06896551724137931,0.02215018908698001
logistic_l2__linear_common_plus_log1p,logistic_l2,linear_common_plus_log1p,CS300024,463,0.3174946004319654,0.4071834627717076,0.6289503143029362,0.5,0.02040816326530612,0.0392156862745098,0.012958963282937365
logistic_l2__linear_common_plus_log1p,logistic_l2,linear_common_plus_log1p,CS300027,337,0.36795252225519287,0.3864065674491774,0.5022338331061639,0.5333333333333333,0.06451612903225806,0.11510791366906475,0.04451038575667656
logistic_l2__linear_common_plus_log1p,logistic_l2,linear_common_plus_log1p,CS300028,1083,0.31117266851338876,0.38263332187857146,0.5946571626319599,0.3333333333333333,0.008902077151335312,0.017341040462427744,0.008310249307479225
logistic_l2__linear_common_plus_log1p,logistic_l2,linear_common_plus_log1p,CS300036,596,0.2902684563758389,0.3513030159095999,0.5926017026742644,0.1111111111111111,0.005780346820809248,0.01098901098901099,0.015100671140939598
logistic_l2__linear_common_plus_log1p,logistic_l2,linear_common_plus_log1p,CS200002,250,0.24,0.465689615813449,0.7567543859649124,0.3333333333333333,0.016666666666666666,0.031746031746031744,0.012
logistic_l2__linear_common_plus_log1p,logistic_l2,linear_common_plus_log1p,CS200003,1882,0.28746014877789583,0.4657838529399652,0.6912834381603378,0.5333333333333333,0.029574861367837338,0.05604203152364273,0.015940488841657812
logistic_l2__linear_common_plus_log1p,logistic_l2,linear_common_plus_log1p,CS200005,1755,0.29971509971509974,0.4445583615343551,0.6646783839221353,0.47619047619047616,0.019011406844106463,0.03656307129798903,0.011965811965811967
logistic_l2__linear_common_plus_log1p,logistic_l2,linear_common_plus_log1p,CS200008,1235,0.22753036437246962,0.32826648992591545,0.6486268716846841,0.3333333333333333,0.0035587188612099642,0.007042253521126761,0.0024291497975708503
logistic_l2__linear_common_plus_log1p,logistic_l2,linear_common_plus_log1p,CS200017,528,0.4412878787878788,0.5628995409286573,0.6412017167381974,0.4,0.008583690987124463,0.01680672268907563,0.00946969696969697
logistic_l2__linear_common_plus_log1p,logistic_l2,linear_common_plus_log1p,CS200033,72,0.2638888888888889,0.4359533734540627,0.676266137040715,0.0,0.0,0.0,0.0
logistic_l2__linear_common_plus_log1p,logistic_l2,linear_common_plus_log1p,CS200034,699,0.45064377682403434,0.5115858933242124,0.5694527116402117,0.6,0.009523809523809525,0.01875,0.00715307582260372
logistic_l2__linear_common_plus_log1p,logistic_l2,linear_common_plus_log1p,CS300004,656,0.31859756097560976,0.3541532062426451,0.5458720015413763,0.3181818181818182,0.03349282296650718,0.06060606060606061,0.03353658536585366
logistic_l2__linear_common_plus_log1p,logistic_l2,linear_common_plus_log1p,CS300006,198,0.23737373737373738,0.34959482420087423,0.6298435958855855,0.25,0.02127659574468085,0.0392156862745098,0.020202020202020204
logistic_l2__linear_common_plus_log1p,logistic_l2,linear_common_plus_log1p,CS300007,1584,0.34785353535353536,0.45698224262845866,0.6419429252103453,0.3333333333333333,0.009074410163339383,0.0176678445229682,0.00946969696969697
logistic_l2__linear_common_plus_log1p,logistic_l2,linear_common_plus_log1p,CS300008,566,0.2597173144876325,0.3810001120179614,0.6672186774471125,0.3333333333333333,0.006802721088435374,0.013333333333333334,0.00530035335689046
logistic_l2__linear_common_plus_log1p,logistic_l2,linear_common_plus_log1p,CS300009,1042,0.22648752399232247,0.46739039992328113,0.723077974513185,0.75,0.025423728813559324,0.04918032786885246,0.007677543186180422
logistic_l2__linear_common_plus_log1p,logistic_l2,linear_common_plus_log1p,CS300019,553,0.2820976491862568,0.3421397266705991,0.590841568171543,0.36363636363636365,0.02564102564102564,0.04790419161676647,0.019891500904159132
logistic_l2__linear_common_plus_log1p,logistic_l2,linear_common_plus_log1p,CS300021,962,0.46153846153846156,0.5554825943921127,0.6190910988208285,0.625,0.02252252252252252,0.043478260869565216,0.016632016632016633
logistic_l2__linear_common_plus_log1p,logistic_l2,linear_common_plus_log1p,CS300029,217,0.42857142857142855,0.4964974768641498,0.5638224072147069,0.5,0.06451612903225806,0.11428571428571428,0.055299539170506916
logistic_l2__linear_common_plus_log1p,logistic_l2,linear_common_plus_log1p,CS300031,359,0.25069637883008355,0.34830943925252666,0.5591904171829822,0.5833333333333334,0.07777777777777778,0.13725490196078433,0.033426183844011144
logistic_l2__linear_common_plus_log1p,logistic_l2,linear_common_plus_log1p,CS300032,172,0.3081395348837209,0.3401721735997033,0.5248136990645315,0.0,0.0,0.0,0.005813953488372093
logistic_l2__linear_common_plus_log1p,logistic_l2,linear_common_plus_log1p,CS300033,616,0.288961038961039,0.3212561657207156,0.5391462726386538,0.35294117647058826,0.033707865168539325,0.06153846153846154,0.027597402597402596
logistic_l2__linear_common_plus_log1p,logistic_l2,linear_common_plus_log1p,CS300035,596,0.25838926174496646,0.2979565691605774,0.5534906270200388,0.25,0.025974025974025976,0.047058823529411764,0.026845637583892617
logistic_l2__linear_common_plus_log1p,logistic_l2,linear_common_plus_log1p,CS300043,371,0.23450134770889489,0.30997554881636097,0.562570827262425,0.5333333333333333,0.09195402298850575,0.1568627450980392,0.04043126684636118
logistic_l2__linear_common_plus_log1p,logistic_l2,linear_common_plus_log1p,CS200001,2410,0.2829875518672199,0.5067670754908116,0.7254924921255568,0.7894736842105263,0.021994134897360705,0.042796005706134094,0.007883817427385892
logistic_l2__linear_common_plus_log1p,logistic_l2,linear_common_plus_log1p,CS200019,439,0.5170842824601367,0.7332698723883667,0.7204721137062587,0.8,0.01762114537444934,0.034482758620689655,0.011389521640091117
logistic_l2__linear_common_plus_log1p,logistic_l2,linear_common_plus_log1p,CS200032,175,0.2571428571428571,0.23739141067286443,0.4611965811965812,0.0,0.0,0.0,0.022857142857142857
logistic_l2__linear_common_plus_log1p,logistic_l2,linear_common_plus_log1p,CS300003,278,0.32014388489208634,0.38059376467616524,0.564770227691576,0.6666666666666666,0.06741573033707865,0.12244897959183673,0.03237410071942446
logistic_l2__linear_common_plus_log1p,logistic_l2,linear_common_plus_log1p,CS200025,1450,0.2103448275862069,0.30241158050937067,0.6215219414417639,0.7777777777777778,0.022950819672131147,0.044585987261146494,0.006206896551724138
logistic_l2__linear_common_plus_log1p,logistic_l2,linear_common_plus_log1p,CS300026,39,0.358974358974359,0.5049503689951323,0.7257142857142858,0.0,0.0,0.0,0.0
logistic_l2__linear_common_plus_log1p,logistic_l2,linear_common_plus_log1p,CS300025,98,0.2755102040816326,0.27643848653076875,0.4360980699008868,0.2,0.037037037037037035,0.0625,0.05102040816326531
logistic_l2__linear_common_plus_log1p,logistic_l2,linear_common_plus_log1p,CS200026,173,0.30057803468208094,0.37698608151386626,0.5402097902097902,0.75,0.057692307692307696,0.10714285714285714,0.023121387283236993
logistic_l1__linear_common_plus_log1p,logistic_l1,linear_common_plus_log1p,CS100001,5554,0.1852718761253151,0.39430412125958636,0.7387660604889154,1.0,0.0009718172983479105,0.001941747572815534,0.00018005041411595248
logistic_l1__linear_common_plus_log1p,logistic_l1,linear_common_plus_log1p,CS100002,1698,0.33510011778563015,0.4864913878252488,0.6579387329720845,0.75,0.005272407732864675,0.010471204188481676,0.002355712603062426
logistic_l1__linear_common_plus_log1p,logistic_l1,linear_common_plus_log1p,CS100003,1282,0.45553822152886114,0.5583895470645768,0.6330783647996232,0.3333333333333333,0.0017123287671232876,0.0034071550255536627,0.00234009360374415
logistic_l1__linear_common_plus_log1p,logistic_l1,linear_common_plus_log1p,CS100004,1283,0.39438815276695244,0.5430487666168229,0.6751364577451534,0.3333333333333333,0.001976284584980237,0.003929273084479371,0.002338269680436477
logistic_l1__linear_common_plus_log1p,logistic_l1,linear_common_plus_log1p,CS100005,1564,0.3177749360613811,0.44196429576312346,0.6500257401956254,0.42857142857142855,0.006036217303822937,0.011904761904761904,0.004475703324808184
logistic_l1__linear_common_plus_log1p,logistic_l1,linear_common_plus_log1p,CS100006,1526,0.41874180865006555,0.6389590544453561,0.7215703087370521,0.8846153846153846,0.03599374021909233,0.06917293233082707,0.01703800786369594
logistic_l1__linear_common_plus_log1p,logistic_l1,linear_common_plus_log1p,CS100007,2078,0.48267564966313764,0.6612223372277444,0.6791518467852258,0.8297872340425532,0.038883349950149554,0.07428571428571429,0.022617901828681425
logistic_l1__linear_common_plus_log1p,logistic_l1,linear_common_plus_log1p,CS100008,3033,0.3537751401252885,0.5387143757689661,0.6913198737090362,0.8,0.007455731593662628,0.014773776546629732,0.003297065611605671
logistic_l1__linear_common_plus_log1p,logistic_l1,linear_common_plus_log1p,CS100009,3508,0.3187001140250855,0.4332653992939596,0.6277756154519801,1.0,0.0026833631484794273,0.0053523639607493305,0.0008551881413911061
logistic_l1__linear_common_plus_log1p,logistic_l1,linear_common_plus_log1p,CS100010,4154,0.291044776119403,0.4661783042534724,0.6968590129770917,0.42857142857142855,0.0024813895781637717,0.004934210526315789,0.001685122773230621
logistic_l1__linear_common_plus_log1p,logistic_l1,linear_common_plus_log1p,CS200006,1998,0.14614614614614616,0.304899928024095,0.7154382598082513,0.0,0.0,0.0,0.0
logistic_l1__linear_common_plus_log1p,logistic_l1,linear_common_plus_log1p,CS200007,1506,0.20053120849933598,0.2928363772206045,0.6331901388308288,0.0,0.0,0.0,0.0
logistic_l1__linear_common_plus_log1p,logistic_l1,linear_common_plus_log1p,CS200016,1297,0.27602158828064766,0.45366431157061005,0.6742790678303912,1.0,0.002793296089385475,0.005571030640668524,0.0007710100231303007
logistic_l1__linear_common_plus_log1p,logistic_l1,linear_common_plus_log1p,CS200024,839,0.4123957091775924,0.50630129683036,0.6217800654246152,0.0,0.0,0.0,0.0023837902264600714
logistic_l1__linear_common_plus_log1p,logistic_l1,linear_common_plus_log1p,CS200028,4384,0.2664233576642336,0.37702878248505906,0.645486847653854,1.0,0.0025684931506849314,0.005123825789923143,0.0006843065693430657
logistic_l1__linear_common_plus_log1p,logistic_l1,linear_common_plus_log1p,CS200029,1017,0.400196656833825,0.4292418360922956,0.5425947557095099,0.5,0.03194103194103194,0.06004618937644342,0.025565388397246803
logistic_l1__linear_common_plus_log1p,logistic_l1,linear_common_plus_log1p,CS200030,1156,0.2378892733564014,0.32556949481914077,0.6272252605510267,0.3888888888888889,0.025454545454545455,0.04778156996587031,0.015570934256055362
logistic_l1__linear_common_plus_log1p,logistic_l1,linear_common_plus_log1p,CS200031,1546,0.2238033635187581,0.30073532187914426,0.60867774566474,1.0,0.005780346820809248,0.011494252873563218,0.00129366106080207
logistic_l1__linear_common_plus_log1p,logistic_l1,linear_common_plus_log1p,CS200037,2043,0.29515418502202645,0.3871156605188362,0.6054403906393956,1.0,0.001658374792703151,0.0033112582781456954,0.0004894762604013706
logistic_l1__linear_common_plus_log1p,logistic_l1,linear_common_plus_log1p,CS300001,3323,0.33012338248570566,0.5480892828881979,0.7188435994270088,0.5,0.0018231540565177757,0.0036330608537693005,0.0012037315678603672
logistic_l1__linear_common_plus_log1p,logistic_l1,linear_common_plus_log1p,CS300002,2751,0.2813522355507088,0.448155394803046,0.6862066216267437,1.0,0.002583979328165375,0.005154639175257732,0.0007270083605961468
logistic_l1__linear_common_plus_log1p,logistic_l1,linear_common_plus_log1p,CS300010,1240,0.24435483870967742,0.4565975046609637,0.6911285578931425,0.0,0.0,0.0,0.0
logistic_l1__linear_common_plus_log1p,logistic_l1,linear_common_plus_log1p,CS300011,3264,0.35324754901960786,0.41135361565216966,0.5771716564988334,0.35294117647058826,0.010407632263660017,0.020219039595619208,0.010416666666666666
logistic_l1__linear_common_plus_log1p,logistic_l1,linear_common_plus_log1p,CS300014,494,0.4109311740890688,0.5033802882514586,0.6038291605301914,0.7,0.034482758620689655,0.06572769953051644,0.020242914979757085
logistic_l1__linear_common_plus_log1p,logistic_l1,linear_common_plus_log1p,CS300015,215,0.3953488372093023,0.49781326944483595,0.6105882352941177,0.8,0.047058823529411764,0.08888888888888889,0.023255813953488372
logistic_l1__linear_common_plus_log1p,logistic_l1,linear_common_plus_log1p,CS300016,805,0.2248447204968944,0.31048457181159594,0.6069645133871654,1.0,0.011049723756906077,0.02185792349726776,0.002484472049689441
logistic_l1__linear_common_plus_log1p,logistic_l1,linear_common_plus_log1p,CS300017,644,0.36490683229813664,0.41924219737552854,0.5776621755189096,0.18181818181818182,0.00851063829787234,0.016260162601626018,0.017080745341614908
logistic_l1__linear_common_plus_log1p,logistic_l1,linear_common_plus_log1p,CS300018,2260,0.12212389380530973,0.3381873362878794,0.7508254441327723,1.0,0.007246376811594203,0.014388489208633094,0.0008849557522123894
logistic_l1__linear_common_plus_log1p,logistic_l1,linear_common_plus_log1p,CS300020,514,0.39883268482490275,0.5031452822303764,0.6051306338306102,0.8,0.01951219512195122,0.0380952380952381,0.009727626459143969
logistic_l1__linear_common_plus_log1p,logistic_l1,linear_common_plus_log1p,CS300022,1851,0.35386277687736356,0.447893322226059,0.6158224616405831,0.65,0.01984732824427481,0.03851851851851852,0.010804970286331712
logistic_l1__linear_common_plus_log1p,logistic_l1,linear_common_plus_log1p,CS300024,463,0.3174946004319654,0.3979918381407672,0.6142684922070093,0.6666666666666666,0.013605442176870748,0.02666666666666667,0.0064794816414686825
logistic_l1__linear_common_plus_log1p,logistic_l1,linear_common_plus_log1p,CS300027,337,0.36795252225519287,0.3778615724559781,0.48909586551567463,0.8,0.03225806451612903,0.06201550387596899,0.01483679525222552
logistic_l1__linear_common_plus_log1p,logistic_l1,linear_common_plus_log1p,CS300028,1083,0.31117266851338876,0.3809684247338449,0.5891639684648492,0.0,0.0,0.0,0.0009233610341643582
logistic_l1__linear_common_plus_log1p,logistic_l1,linear_common_plus_log1p,CS300036,596,0.2902684563758389,0.3461793214470559,0.586534388280791,0.0,0.0,0.0,0.003355704697986577
logistic_l1__linear_common_plus_log1p,logistic_l1,linear_common_plus_log1p,CS200002,250,0.24,0.4593106845890302,0.747280701754386,0.0,0.0,0.0,0.0
logistic_l1__linear_common_plus_log1p,logistic_l1,linear_common_plus_log1p,CS200003,1882,0.28746014877789583,0.4579712439830787,0.6838580197138174,0.7142857142857143,0.009242144177449169,0.01824817518248175,0.0037194473963868225
logistic_l1__linear_common_plus_log1p,logistic_l1,linear_common_plus_log1p,CS200005,1755,0.29971509971509974,0.44405232460938004,0.6648825747849035,0.6666666666666666,0.0038022813688212928,0.007561436672967864,0.0017094017094017094
logistic_l1__linear_common_plus_log1p,logistic_l1,linear_common_plus_log1p,CS200008,1235,0.22753036437246962,0.3266285993417891,0.6422965300625946,0.5,0.0035587188612099642,0.007067137809187279,0.0016194331983805667
logistic_l1__linear_common_plus_log1p,logistic_l1,linear_common_plus_log1p,CS200017,528,0.4412878787878788,0.5540210275689298,0.6314541354477341,0.5,0.004291845493562232,0.00851063829787234,0.003787878787878788
logistic_l1__linear_common_plus_log1p,logistic_l1,linear_common_plus_log1p,CS200033,72,0.2638888888888889,0.4349231741055657,0.6861966236345581,0.0,0.0,0.0,0.0
logistic_l1__linear_common_plus_log1p,logistic_l1,linear_common_plus_log1p,CS200034,699,0.45064377682403434,0.5012931274423298,0.554431216931217,1.0,0.0031746031746031746,0.006329113924050633,0.001430615164520744
logistic_l1__linear_common_plus_log1p,logistic_l1,linear_common_plus_log1p,CS300004,656,0.31859756097560976,0.35087094307753575,0.5426286888667672,0.1,0.004784688995215311,0.0091324200913242,0.01524390243902439
logistic_l1__linear_common_plus_log1p,logistic_l1,linear_common_plus_log1p,CS300006,198,0.23737373737373738,0.3450589534526089,0.6222347470762294,0.25,0.02127659574468085,0.0392156862745098,0.020202020202020204
logistic_l1__linear_common_plus_log1p,logistic_l1,linear_common_plus_log1p,CS300007,1584,0.34785353535353536,0.4542173504457742,0.6367705992624517,0.25,0.0018148820326678765,0.0036036036036036037,0.0025252525252525255
logistic_l1__linear_common_plus_log1p,logistic_l1,linear_common_plus_log1p,CS300008,566,0.2597173144876325,0.3750565315168115,0.6624941145909438,0.5,0.006802721088435374,0.013422818791946308,0.0035335689045936395
logistic_l1__linear_common_plus_log1p,logistic_l1,linear_common_plus_log1p,CS300009,1042,0.22648752399232247,0.45238896725050404,0.7210539597089625,0.75,0.012711864406779662,0.025,0.003838771593090211
logistic_l1__linear_common_plus_log1p,logistic_l1,linear_common_plus_log1p,CS300019,553,0.2820976491862568,0.3448291039943731,0.5899696441258154,0.0,0.0,0.0,0.0018083182640144665
logistic_l1__linear_common_plus_log1p,logistic_l1,linear_common_plus_log1p,CS300021,962,0.46153846153846156,0.5481852101577692,0.6144648509513375,1.0,0.0022522522522522522,0.0044943820224719105,0.0010395010395010396
logistic_l1__linear_common_plus_log1p,logistic_l1,linear_common_plus_log1p,CS300029,217,0.42857142857142855,0.48668242533756484,0.5553243149497051,0.6666666666666666,0.021505376344086023,0.041666666666666664,0.013824884792626729
logistic_l1__linear_common_plus_log1p,logistic_l1,linear_common_plus_log1p,CS300031,359,0.25069637883008355,0.3332718542985129,0.5558033870301529,0.75,0.03333333333333333,0.06382978723404255,0.011142061281337047
logistic_l1__linear_common_plus_log1p,logistic_l1,linear_common_plus_log1p,CS300032,172,0.3081395348837209,0.3344587036786606,0.5175202156334231,0.0,0.0,0.0,0.005813953488372093
logistic_l1__linear_common_plus_log1p,logistic_l1,linear_common_plus_log1p,CS300033,616,0.288961038961039,0.31554389501562297,0.5367349032886973,0.5,0.0056179775280898875,0.011111111111111112,0.003246753246753247
logistic_l1__linear_common_plus_log1p,logistic_l1,linear_common_plus_log1p,CS300035,596,0.25838926174496646,0.29030754328177644,0.5484074748780632,0.09090909090909091,0.006493506493506494,0.012121212121212121,0.018456375838926176
logistic_l1__linear_common_plus_log1p,logistic_l1,linear_common_plus_log1p,CS300043,371,0.23450134770889489,0.3238776579320184,0.5669823538934757,0.6666666666666666,0.022988505747126436,0.044444444444444446,0.008086253369272238
logistic_l1__linear_common_plus_log1p,logistic_l1,linear_common_plus_log1p,CS200001,2410,0.2829875518672199,0.4989569443832877,0.7199175898772673,0.5,0.005865102639296188,0.011594202898550725,0.0033195020746887966
logistic_l1__linear_common_plus_log1p,logistic_l1,linear_common_plus_log1p,CS200019,439,0.5170842824601367,0.7348875470429964,0.7151109633446928,0.0,0.0,0.0,0.0
logistic_l1__linear_common_plus_log1p,logistic_l1,linear_common_plus_log1p,CS200032,175,0.2571428571428571,0.232878509588561,0.4548717948717949,0.0,0.0,0.0,0.011428571428571429
logistic_l1__linear_common_plus_log1p,logistic_l1,linear_common_plus_log1p,CS300003,278,0.32014388489208634,0.3820160373961896,0.5626300457761132,0.75,0.033707865168539325,0.06451612903225806,0.014388489208633094
logistic_l1__linear_common_plus_log1p,logistic_l1,linear_common_plus_log1p,CS200025,1450,0.2103448275862069,0.3007721670859094,0.6163533538549646,0.6666666666666666,0.013114754098360656,0.02572347266881029,0.004137931034482759
logistic_l1__linear_common_plus_log1p,logistic_l1,linear_common_plus_log1p,CS300026,39,0.358974358974359,0.49671511277098696,0.7142857142857142,0.0,0.0,0.0,0.0
logistic_l1__linear_common_plus_log1p,logistic_l1,linear_common_plus_log1p,CS300025,98,0.2755102040816326,0.2658597577987013,0.42879499217527384,0.3333333333333333,0.037037037037037035,0.06666666666666667,0.030612244897959183
logistic_l1__linear_common_plus_log1p,logistic_l1,linear_common_plus_log1p,CS200026,173,0.30057803468208094,0.37107779830633386,0.5406865861411315,0.5,0.019230769230769232,0.037037037037037035,0.011560693641618497
logistic_elasticnet__linear_common_plus_log1p,logistic_elasticnet,linear_common_plus_log1p,CS100001,5554,0.1852718761253151,0.39429546678896,0.7387643423588852,1.0,0.0009718172983479105,0.001941747572815534,0.00018005041411595248
logistic_elasticnet__linear_common_plus_log1p,logistic_elasticnet,linear_common_plus_log1p,CS100002,1698,0.33510011778563015,0.486493967169004,0.6579348413218535,0.75,0.005272407732864675,0.010471204188481676,0.002355712603062426
logistic_elasticnet__linear_common_plus_log1p,logistic_elasticnet,linear_common_plus_log1p,CS100003,1282,0.45553822152886114,0.5583800286492517,0.6330710052203948,0.3333333333333333,0.0017123287671232876,0.0034071550255536627,0.00234009360374415
logistic_elasticnet__linear_common_plus_log1p,logistic_elasticnet,linear_common_plus_log1p,CS100004,1283,0.39438815276695244,0.5430363256045304,0.6751186533795229,0.3333333333333333,0.001976284584980237,0.003929273084479371,0.002338269680436477
logistic_elasticnet__linear_common_plus_log1p,logistic_elasticnet,linear_common_plus_log1p,CS100005,1564,0.3177749360613811,0.44196037397400784,0.6500276259242427,0.42857142857142855,0.006036217303822937,0.011904761904761904,0.004475703324808184
logistic_elasticnet__linear_common_plus_log1p,logistic_elasticnet,linear_common_plus_log1p,CS100006,1526,0.41874180865006555,0.6389558864948561,0.7215667801119634,0.8846153846153846,0.03599374021909233,0.06917293233082707,0.01703800786369594
logistic_elasticnet__linear_common_plus_log1p,logistic_elasticnet,linear_common_plus_log1p,CS100007,2078,0.48267564966313764,0.6612220867906897,0.6791504556099145,0.8297872340425532,0.038883349950149554,0.07428571428571429,0.022617901828681425
logistic_elasticnet__linear_common_plus_log1p,logistic_elasticnet,linear_common_plus_log1p,CS100008,3033,0.3537751401252885,0.5387184958142854,0.6913160697643456,0.8,0.007455731593662628,0.014773776546629732,0.003297065611605671
logistic_elasticnet__linear_common_plus_log1p,logistic_elasticnet,linear_common_plus_log1p,CS100009,3508,0.3187001140250855,0.4332700997986388,0.6277791708145896,1.0,0.0026833631484794273,0.0053523639607493305,0.0008551881413911061
logistic_elasticnet__linear_common_plus_log1p,logistic_elasticnet,linear_common_plus_log1p,CS100010,4154,0.291044776119403,0.4661790353232104,0.6968614002788931,0.42857142857142855,0.0024813895781637717,0.004934210526315789,0.001685122773230621
logistic_elasticnet__linear_common_plus_log1p,logistic_elasticnet,linear_common_plus_log1p,CS200006,1998,0.14614614614614616,0.3048925956288856,0.715424207872296,0.0,0.0,0.0,0.0
logistic_elasticnet__linear_common_plus_log1p,logistic_elasticnet,linear_common_plus_log1p,CS200007,1506,0.20053120849933598,0.29282356677942095,0.633187388616312,0.0,0.0,0.0,0.0
logistic_elasticnet__linear_common_plus_log1p,logistic_elasticnet,linear_common_plus_log1p,CS200016,1297,0.27602158828064766,0.45367990623552823,0.6742954289895943,1.0,0.002793296089385475,0.005571030640668524,0.0007710100231303007
logistic_elasticnet__linear_common_plus_log1p,logistic_elasticnet,linear_common_plus_log1p,CS200024,839,0.4123957091775924,0.5062957388032894,0.6217742030039044,0.0,0.0,0.0,0.0023837902264600714
logistic_elasticnet__linear_common_plus_log1p,logistic_elasticnet,linear_common_plus_log1p,CS200028,4384,0.2664233576642336,0.3770249279840272,0.6454829874599605,1.0,0.0025684931506849314,0.005123825789923143,0.0006843065693430657
logistic_elasticnet__linear_common_plus_log1p,logistic_elasticnet,linear_common_plus_log1p,CS200029,1017,0.400196656833825,0.429246300924945,0.5426028114552705,0.5,0.03194103194103194,0.06004618937644342,0.025565388397246803
logistic_elasticnet__linear_common_plus_log1p,logistic_elasticnet,linear_common_plus_log1p,CS200030,1156,0.2378892733564014,0.325568209723861,0.627217005468992,0.3888888888888889,0.025454545454545455,0.04778156996587031,0.015570934256055362
logistic_elasticnet__linear_common_plus_log1p,logistic_elasticnet,linear_common_plus_log1p,CS200031,1546,0.2238033635187581,0.30075297514524896,0.6086873795761081,1.0,0.005780346820809248,0.011494252873563218,0.00129366106080207
logistic_elasticnet__linear_common_plus_log1p,logistic_elasticnet,linear_common_plus_log1p,CS200037,2043,0.29515418502202645,0.3871172261157645,0.6054346323935876,1.0,0.001658374792703151,0.0033112582781456954,0.0004894762604013706
logistic_elasticnet__linear_common_plus_log1p,logistic_elasticnet,linear_common_plus_log1p,CS300001,3323,0.33012338248570566,0.5480911510487885,0.7188489231023759,0.5,0.0018231540565177757,0.0036330608537693005,0.0012037315678603672
logistic_elasticnet__linear_common_plus_log1p,logistic_elasticnet,linear_common_plus_log1p,CS300002,2751,0.2813522355507088,0.44816301363859673,0.6862131567287371,1.0,0.002583979328165375,0.005154639175257732,0.0007270083605961468
logistic_elasticnet__linear_common_plus_log1p,logistic_elasticnet,linear_common_plus_log1p,CS300010,1240,0.24435483870967742,0.4566065362888147,0.6911267967778635,0.0,0.0,0.0,0.0
logistic_elasticnet__linear_common_plus_log1p,logistic_elasticnet,linear_common_plus_log1p,CS300011,3264,0.35324754901960786,0.4113489485470405,0.5771687805543424,0.35294117647058826,0.010407632263660017,0.020219039595619208,0.010416666666666666
logistic_elasticnet__linear_common_plus_log1p,logistic_elasticnet,linear_common_plus_log1p,CS300014,494,0.4109311740890688,0.503369818510343,0.6038122323227193,0.7,0.034482758620689655,0.06572769953051644,0.020242914979757085
logistic_elasticnet__linear_common_plus_log1p,logistic_elasticnet,linear_common_plus_log1p,CS300015,215,0.3953488372093023,0.49781326944483595,0.6105882352941177,0.8,0.047058823529411764,0.08888888888888889,0.023255813953488372
logistic_elasticnet__linear_common_plus_log1p,logistic_elasticnet,linear_common_plus_log1p,CS300016,805,0.2248447204968944,0.3104800621710428,0.6069556594418474,1.0,0.011049723756906077,0.02185792349726776,0.002484472049689441
logistic_elasticnet__linear_common_plus_log1p,logistic_elasticnet,linear_common_plus_log1p,CS300017,644,0.36490683229813664,0.41924219737552854,0.5776621755189096,0.18181818181818182,0.00851063829787234,0.016260162601626018,0.017080745341614908
logistic_elasticnet__linear_common_plus_log1p,logistic_elasticnet,linear_common_plus_log1p,CS300018,2260,0.12212389380530973,0.33817801516595003,0.7508400537634409,1.0,0.007246376811594203,0.014388489208633094,0.0008849557522123894
logistic_elasticnet__linear_common_plus_log1p,logistic_elasticnet,linear_common_plus_log1p,CS300020,514,0.39883268482490275,0.5031505148082307,0.6051464203962428,0.8,0.01951219512195122,0.0380952380952381,0.009727626459143969
logistic_elasticnet__linear_common_plus_log1p,logistic_elasticnet,linear_common_plus_log1p,CS300022,1851,0.35386277687736356,0.44787979373312536,0.6158160790420996,0.65,0.01984732824427481,0.03851851851851852,0.010804970286331712
logistic_elasticnet__linear_common_plus_log1p,logistic_elasticnet,linear_common_plus_log1p,CS300024,463,0.3174946004319654,0.39798064078412804,0.6142254370102471,0.6666666666666666,0.013605442176870748,0.02666666666666667,0.0064794816414686825
logistic_elasticnet__linear_common_plus_log1p,logistic_elasticnet,linear_common_plus_log1p,CS300027,337,0.36795252225519287,0.3774950035410221,0.48905800393760407,0.8,0.03225806451612903,0.06201550387596899,0.01483679525222552
logistic_elasticnet__linear_common_plus_log1p,logistic_elasticnet,linear_common_plus_log1p,CS300028,1083,0.31117266851338876,0.3809700793750447,0.5891679461579463,0.0,0.0,0.0,0.0009233610341643582
logistic_elasticnet__linear_common_plus_log1p,logistic_elasticnet,linear_common_plus_log1p,CS300036,596,0.2902684563758389,0.34617438589208005,0.586534388280791,0.0,0.0,0.0,0.003355704697986577
logistic_elasticnet__linear_common_plus_log1p,logistic_elasticnet,linear_common_plus_log1p,CS200002,250,0.24,0.4593106845890302,0.747280701754386,0.0,0.0,0.0,0.0
logistic_elasticnet__linear_common_plus_log1p,logistic_elasticnet,linear_common_plus_log1p,CS200003,1882,0.28746014877789583,0.4579819670432216,0.6838580197138174,0.7142857142857143,0.009242144177449169,0.01824817518248175,0.0037194473963868225
logistic_elasticnet__linear_common_plus_log1p,logistic_elasticnet,linear_common_plus_log1p,CS200005,1755,0.29971509971509974,0.4440673136350786,0.6648949499887076,0.6666666666666666,0.0038022813688212928,0.007561436672967864,0.0017094017094017094
logistic_elasticnet__linear_common_plus_log1p,logistic_elasticnet,linear_common_plus_log1p,CS200008,1235,0.22753036437246962,0.32662340942620727,0.6423039906891381,0.5,0.0035587188612099642,0.007067137809187279,0.0016194331983805667
logistic_elasticnet__linear_common_plus_log1p,logistic_elasticnet,linear_common_plus_log1p,CS200017,528,0.4412878787878788,0.5540063650908326,0.6314395868189423,0.5,0.004291845493562232,0.00851063829787234,0.003787878787878788
logistic_elasticnet__linear_common_plus_log1p,logistic_elasticnet,linear_common_plus_log1p,CS200033,72,0.2638888888888889,0.4349231741055657,0.6861966236345581,0.0,0.0,0.0,0.0
logistic_elasticnet__linear_common_plus_log1p,logistic_elasticnet,linear_common_plus_log1p,CS200034,699,0.45064377682403434,0.5012821070454727,0.554431216931217,1.0,0.0031746031746031746,0.006329113924050633,0.001430615164520744
logistic_elasticnet__linear_common_plus_log1p,logistic_elasticnet,linear_common_plus_log1p,CS300004,656,0.31859756097560976,0.35087966350967326,0.5426393928689937,0.1,0.004784688995215311,0.0091324200913242,0.01524390243902439
logistic_elasticnet__linear_common_plus_log1p,logistic_elasticnet,linear_common_plus_log1p,CS300006,198,0.23737373737373738,0.3450589534526089,0.6222347470762294,0.25,0.02127659574468085,0.0392156862745098,0.020202020202020204
logistic_elasticnet__linear_common_plus_log1p,logistic_elasticnet,linear_common_plus_log1p,CS300007,1584,0.34785353535353536,0.45421255740859,0.6367670854540631,0.25,0.0018148820326678765,0.0036036036036036037,0.0025252525252525255
logistic_elasticnet__linear_common_plus_log1p,logistic_elasticnet,linear_common_plus_log1p,CS300008,566,0.2597173144876325,0.3750565315168115,0.6624941145909438,0.5,0.006802721088435374,0.013422818791946308,0.0035335689045936395
logistic_elasticnet__linear_common_plus_log1p,logistic_elasticnet,linear_common_plus_log1p,CS300009,1042,0.22648752399232247,0.4523916855035769,0.7210592168902721,0.75,0.012711864406779662,0.025,0.003838771593090211
logistic_elasticnet__linear_common_plus_log1p,logistic_elasticnet,linear_common_plus_log1p,CS300019,553,0.2820976491862568,0.34485048933685936,0.589985790867403,0.0,0.0,0.0,0.0018083182640144665
logistic_elasticnet__linear_common_plus_log1p,logistic_elasticnet,linear_common_plus_log1p,CS300021,962,0.46153846153846156,0.5482141987508717,0.6144735469059793,1.0,0.0022522522522522522,0.0044943820224719105,0.0010395010395010396
logistic_elasticnet__linear_common_plus_log1p,logistic_elasticnet,linear_common_plus_log1p,CS300029,217,0.42857142857142855,0.48668242533756484,0.5553243149497051,0.6666666666666666,0.021505376344086023,0.041666666666666664,0.013824884792626729
logistic_elasticnet__linear_common_plus_log1p,logistic_elasticnet,linear_common_plus_log1p,CS300031,359,0.25069637883008355,0.3332718542985129,0.5558033870301529,0.75,0.03333333333333333,0.06382978723404255,0.011142061281337047
logistic_elasticnet__linear_common_plus_log1p,logistic_elasticnet,linear_common_plus_log1p,CS300032,172,0.3081395348837209,0.3344587036786606,0.5175202156334231,0.0,0.0,0.0,0.005813953488372093
logistic_elasticnet__linear_common_plus_log1p,logistic_elasticnet,linear_common_plus_log1p,CS300033,616,0.288961038961039,0.3155419960619016,0.5367349032886973,0.5,0.0056179775280898875,0.011111111111111112,0.003246753246753247
logistic_elasticnet__linear_common_plus_log1p,logistic_elasticnet,linear_common_plus_log1p,CS300035,596,0.25838926174496646,0.2903085044320932,0.5484074748780632,0.09090909090909091,0.006493506493506494,0.012121212121212121,0.018456375838926176
logistic_elasticnet__linear_common_plus_log1p,logistic_elasticnet,linear_common_plus_log1p,CS300043,371,0.23450134770889489,0.3238776579320184,0.5669823538934757,0.6666666666666666,0.022988505747126436,0.044444444444444446,0.008086253369272238
logistic_elasticnet__linear_common_plus_log1p,logistic_elasticnet,linear_common_plus_log1p,CS200001,2410,0.2829875518672199,0.4989601274105747,0.7199235296513522,0.5,0.005865102639296188,0.011594202898550725,0.0033195020746887966
logistic_elasticnet__linear_common_plus_log1p,logistic_elasticnet,linear_common_plus_log1p,CS200019,439,0.5170842824601367,0.7348875470429964,0.7151109633446928,0.0,0.0,0.0,0.0
logistic_elasticnet__linear_common_plus_log1p,logistic_elasticnet,linear_common_plus_log1p,CS200032,175,0.2571428571428571,0.232878509588561,0.4548717948717949,0.0,0.0,0.0,0.011428571428571429
logistic_elasticnet__linear_common_plus_log1p,logistic_elasticnet,linear_common_plus_log1p,CS300003,278,0.32014388489208634,0.3820160373961896,0.5626300457761132,0.75,0.033707865168539325,0.06451612903225806,0.014388489208633094
logistic_elasticnet__linear_common_plus_log1p,logistic_elasticnet,linear_common_plus_log1p,CS200025,1450,0.2103448275862069,0.30077439345192103,0.6163533538549646,0.6666666666666666,0.013114754098360656,0.02572347266881029,0.004137931034482759
logistic_elasticnet__linear_common_plus_log1p,logistic_elasticnet,linear_common_plus_log1p,CS300026,39,0.358974358974359,0.49671511277098696,0.7142857142857142,0.0,0.0,0.0,0.0
logistic_elasticnet__linear_common_plus_log1p,logistic_elasticnet,linear_common_plus_log1p,CS300025,98,0.2755102040816326,0.2658597577987013,0.42879499217527384,0.3333333333333333,0.037037037037037035,0.06666666666666667,0.030612244897959183
logistic_elasticnet__linear_common_plus_log1p,logistic_elasticnet,linear_common_plus_log1p,CS200026,173,0.30057803468208094,0.37107779830633386,0.5406865861411315,0.5,0.019230769230769232,0.037037037037037035,0.011560693641618497
random_forest__common_baseline,random_forest,common_baseline,CS100001,5554,0.1852718761253151,0.5186511860828686,0.8324859730790503,0.6666666666666666,0.0058309037900874635,0.011560693641618497,0.0016204537270435723
random_forest__common_baseline,random_forest,common_baseline,CS100002,1698,0.33510011778563015,0.6646112128225696,0.8061351087560575,0.8,0.056239015817223195,0.10509031198686371,0.023557126030624265
random_forest__common_baseline,random_forest,common_baseline,CS100003,1282,0.45553822152886114,0.7326247076417689,0.7890082231031912,0.8,0.07534246575342465,0.13771517996870108,0.042901716068642744
random_forest__common_baseline,random_forest,common_baseline,CS100004,1283,0.39438815276695244,0.6777520062608142,0.7892242892242893,0.8043478260869565,0.07312252964426877,0.13405797101449277,0.03585346843335931
random_forest__common_baseline,random_forest,common_baseline,CS100005,1564,0.3177749360613811,0.6291594447931677,0.7842519031716071,0.95,0.03822937625754527,0.0735009671179884,0.01278772378516624
random_forest__common_baseline,random_forest,common_baseline,CS100006,1526,0.41874180865006555,0.7466813872834052,0.8165591318170831,0.8429752066115702,0.1596244131455399,0.26842105263157895,0.07929226736566186
random_forest__common_baseline,random_forest,common_baseline,CS100007,2078,0.48267564966313764,0.755097308192389,0.7841480210531196,0.8325991189427313,0.18843469591226322,0.3073170731707317,0.10923965351299326
random_forest__common_baseline,random_forest,common_baseline,CS100008,3033,0.3537751401252885,0.6688567675972198,0.8064695589326132,0.8421052631578947,0.04473438956197577,0.08495575221238938,0.018793273986152326
random_forest__common_baseline,random_forest,common_baseline,CS100009,3508,0.3187001140250855,0.6163226164406366,0.7919828444397872,0.76,0.050983899821109124,0.09555741827326068,0.021379703534777653
random_forest__common_baseline,random_forest,common_baseline,CS100010,4154,0.291044776119403,0.5981950635301723,0.7923238417022305,0.7647058823529411,0.021505376344086023,0.0418342719227675,0.008184882041405874
random_forest__common_baseline,random_forest,common_baseline,CS200006,1998,0.14614614614614616,0.3825271075508563,0.7759017328044452,0.0,0.0,0.0,0.0
random_forest__common_baseline,random_forest,common_baseline,CS200007,1506,0.20053120849933598,0.37506185583568447,0.7257431079624211,1.0,0.0033112582781456954,0.006600660066006601,0.0006640106241699867
random_forest__common_baseline,random_forest,common_baseline,CS200016,1297,0.27602158828064766,0.5922234399042441,0.7915201599228943,1.0,0.0111731843575419,0.022099447513812154,0.0030840400925212026
random_forest__common_baseline,random_forest,common_baseline,CS200024,839,0.4123957091775924,0.6357898171790929,0.7451136723375816,0.6666666666666666,0.03468208092485549,0.06593406593406594,0.021454112038140644
random_forest__common_baseline,random_forest,common_baseline,CS200028,4384,0.2664233576642336,0.5530085301271757,0.7751415759387992,0.8571428571428571,0.010273972602739725,0.02030456852791878,0.0031934306569343066
random_forest__common_baseline,random_forest,common_baseline,CS200029,1017,0.400196656833825,0.5896696559273092,0.6731783944898699,0.8571428571428571,0.014742014742014743,0.028985507246376812,0.00688298918387414
random_forest__common_baseline,random_forest,common_baseline,CS200030,1156,0.2378892733564014,0.45050953746559386,0.7378908265400888,0.5,0.007272727272727273,0.014336917562724014,0.0034602076124567475
random_forest__common_baseline,random_forest,common_baseline,CS200031,1546,0.2238033635187581,0.38569118779426315,0.6622543352601156,1.0,0.008670520231213872,0.017191977077363897,0.0019404915912031048
random_forest__common_baseline,random_forest,common_baseline,CS200037,2043,0.29515418502202645,0.5095894919936595,0.7396984982494933,0.625,0.008291873963515755,0.016366612111292964,0.003915810083210965
random_forest__common_baseline,random_forest,common_baseline,CS300001,3323,0.33012338248570566,0.6996743194859935,0.8295772756050358,0.8465608465608465,0.14585232452142205,0.24883359253499224,0.056876316581402346
random_forest__common_baseline,random_forest,common_baseline,CS300002,2751,0.2813522355507088,0.6365153815584433,0.8019092953983733,0.863013698630137,0.08139534883720931,0.1487603305785124,0.026535805161759362
random_forest__common_baseline,random_forest,common_baseline,CS300010,1240,0.24435483870967742,0.5707535083765058,0.8005360834909531,1.0,0.0165016501650165,0.032467532467532464,0.004032258064516129
random_forest__common_baseline,random_forest,common_baseline,CS300011,3264,0.35324754901960786,0.5307789042772657,0.6791473071093759,0.8666666666666667,0.011274934952298352,0.02226027397260274,0.004595588235294118
random_forest__common_baseline,random_forest,common_baseline,CS300014,494,0.4109311740890688,0.5704443636791645,0.6697306722191188,0.7857142857142857,0.054187192118226604,0.10138248847926268,0.02834008097165992
random_forest__common_baseline,random_forest,common_baseline,CS300015,215,0.3953488372093023,0.5879500558216604,0.7017194570135747,0.5,0.011764705882352941,0.022988505747126436,0.009302325581395349
random_forest__common_baseline,random_forest,common_baseline,CS300016,805,0.2248447204968944,0.4270989717831462,0.7000106247343817,1.0,0.016574585635359115,0.03260869565217391,0.0037267080745341614
random_forest__common_baseline,random_forest,common_baseline,CS300017,644,0.36490683229813664,0.5343560569784191,0.6941060188316079,0.7142857142857143,0.02127659574468085,0.04132231404958678,0.010869565217391304
random_forest__common_baseline,random_forest,common_baseline,CS300018,2260,0.12212389380530973,0.5107296351709666,0.8586810425432445,0.5,0.0036231884057971015,0.007194244604316547,0.0008849557522123894
random_forest__common_baseline,random_forest,common_baseline,CS300020,514,0.39883268482490275,0.5728569954496094,0.6833057068434761,0.6,0.02926829268292683,0.05581395348837209,0.019455252918287938
random_forest__common_baseline,random_forest,common_baseline,CS300022,1851,0.35386277687736356,0.6110594223640127,0.7439378079603768,0.8148148148148148,0.03358778625954199,0.06451612903225806,0.014586709886547812
random_forest__common_baseline,random_forest,common_baseline,CS300024,463,0.3174946004319654,0.5590995265235095,0.6996469473865494,1.0,0.06802721088435375,0.12738853503184713,0.02159827213822894
random_forest__common_baseline,random_forest,common_baseline,CS300027,337,0.36795252225519287,0.4991488526311293,0.6087005906406179,1.0,0.016129032258064516,0.031746031746031744,0.005934718100890208
random_forest__common_baseline,random_forest,common_baseline,CS300028,1083,0.31117266851338876,0.45186448396567536,0.6681092433632191,0.7272727272727273,0.02373887240356083,0.04597701149425287,0.010156971375807941
random_forest__common_baseline,random_forest,common_baseline,CS300036,596,0.2902684563758389,0.4794617729412515,0.7076756993126444,0.0,0.0,0.0,0.0
random_forest__common_baseline,random_forest,common_baseline,CS200002,250,0.24,0.6475224570029682,0.8383333333333333,0.0,0.0,0.0,0.0
random_forest__common_baseline,random_forest,common_baseline,CS200003,1882,0.28746014877789583,0.5816335305452067,0.7839268016667561,0.75,0.0166358595194085,0.0325497287522604,0.006376195536663124
random_forest__common_baseline,random_forest,common_baseline,CS200005,1755,0.29971509971509974,0.5525115271886569,0.7495970324261277,0.8571428571428571,0.022813688212927757,0.044444444444444446,0.007977207977207978
random_forest__common_baseline,random_forest,common_baseline,CS200008,1235,0.22753036437246962,0.466584568564699,0.7556290427270083,0.0,0.0,0.0,0.0
random_forest__common_baseline,random_forest,common_baseline,CS200017,528,0.4412878787878788,0.7185319944657081,0.7900923837928275,0.8181818181818182,0.07725321888412018,0.1411764705882353,0.041666666666666664
random_forest__common_baseline,random_forest,common_baseline,CS200033,72,0.2638888888888889,0.6259428049898288,0.7219463753723931,1.0,0.05263157894736842,0.1,0.013888888888888888
random_forest__common_baseline,random_forest,common_baseline,CS200034,699,0.45064377682403434,0.6457982601658615,0.705663029100529,0.6842105263157895,0.04126984126984127,0.07784431137724551,0.027181688125894134
random_forest__common_baseline,random_forest,common_baseline,CS300004,656,0.31859756097560976,0.45370684528151783,0.6534472239170226,0.5,0.004784688995215311,0.009478672985781991,0.003048780487804878
random_forest__common_baseline,random_forest,common_baseline,CS300006,198,0.23737373737373738,0.570099519800103,0.7883612794138368,0.0,0.0,0.0,0.0
random_forest__common_baseline,random_forest,common_baseline,CS300007,1584,0.34785353535353536,0.5749541113438357,0.7374148560304858,0.7358490566037735,0.07078039927404718,0.1291390728476821,0.03345959595959596
random_forest__common_baseline,random_forest,common_baseline,CS300008,566,0.2597173144876325,0.5351392224021392,0.7661747276476223,1.0,0.006802721088435374,0.013513513513513514,0.0017667844522968198
random_forest__common_baseline,random_forest,common_baseline,CS300009,1042,0.22648752399232247,0.5293878263539705,0.7857172898178912,0.75,0.012711864406779662,0.025,0.003838771593090211
random_forest__common_baseline,random_forest,common_baseline,CS300019,553,0.2820976491862568,0.44555024606497867,0.7129432280565782,0.0,0.0,0.0,0.0
random_forest__common_baseline,random_forest,common_baseline,CS300021,962,0.46153846153846156,0.7242214535768279,0.7464955302793141,0.875,0.0472972972972973,0.08974358974358974,0.02494802494802495
random_forest__common_baseline,random_forest,common_baseline,CS300029,217,0.42857142857142855,0.6074663294649842,0.7096774193548387,1.0,0.021505376344086023,0.042105263157894736,0.009216589861751152
random_forest__common_baseline,random_forest,common_baseline,CS300031,359,0.25069637883008355,0.45483410500961596,0.6835605121850475,1.0,0.044444444444444446,0.0851063829787234,0.011142061281337047
random_forest__common_baseline,random_forest,common_baseline,CS300032,172,0.3081395348837209,0.37579556322821484,0.6383383542096084,0.0,0.0,0.0,0.011627906976744186
random_forest__common_baseline,random_forest,common_baseline,CS300033,616,0.288961038961039,0.3789043043504741,0.6297137140218563,1.0,0.0056179775280898875,0.0111731843575419,0.0016233766233766235
random_forest__common_baseline,random_forest,common_baseline,CS300035,596,0.25838926174496646,0.37652619418372635,0.6533760357289768,0.0,0.0,0.0,0.0
random_forest__common_baseline,random_forest,common_baseline,CS300043,371,0.23450134770889489,0.321236974244825,0.6272462360369112,0.4,0.022988505747126436,0.043478260869565216,0.013477088948787063
random_forest__common_baseline,random_forest,common_baseline,CS200001,2410,0.2829875518672199,0.6371392520066546,0.8321351960464864,0.8333333333333334,0.01466275659824047,0.02881844380403458,0.004979253112033195
random_forest__common_baseline,random_forest,common_baseline,CS200019,439,0.5170842824601367,0.8083903966772117,0.8296691879311777,0.8627450980392157,0.19383259911894274,0.31654676258992803,0.11617312072892938
random_forest__common_baseline,random_forest,common_baseline,CS200032,175,0.2571428571428571,0.36831684281316046,0.6644444444444445,0.0,0.0,0.0,0.0
random_forest__common_baseline,random_forest,common_baseline,CS300003,278,0.32014388489208634,0.4264454383615617,0.648177872896974,0.0,0.0,0.0,0.0035971223021582736
random_forest__common_baseline,random_forest,common_baseline,CS200025,1450,0.2103448275862069,0.4158899019776021,0.7197923974514998,1.0,0.006557377049180328,0.013029315960912053,0.001379310344827586
random_forest__common_baseline,random_forest,common_baseline,CS300026,39,0.358974358974359,0.5436239501934991,0.7685714285714287,0.0,0.0,0.0,0.02564102564102564
random_forest__common_baseline,random_forest,common_baseline,CS300025,98,0.2755102040816326,0.31888815122482783,0.5670318205529473,0.0,0.0,0.0,0.01020408163265306
random_forest__common_baseline,random_forest,common_baseline,CS200026,173,0.30057803468208094,0.5008818261931458,0.6819771137952956,0.0,0.0,0.0,0.0
extra_trees__common_baseline,extra_trees,common_baseline,CS100001,5554,0.1852718761253151,0.3877385114749035,0.7340966125992623,0.0,0.0,0.0,0.0
extra_trees__common_baseline,extra_trees,common_baseline,CS100002,1698,0.33510011778563015,0.49783579207254025,0.6751795218251528,0.0,0.0,0.0,0.0
extra_trees__common_baseline,extra_trees,common_baseline,CS100003,1282,0.45553822152886114,0.5821010494191245,0.6581966087058917,0.0,0.0,0.0,0.0
extra_trees__common_baseline,extra_trees,common_baseline,CS100004,1283,0.39438815276695244,0.5319381395270514,0.6690193864106908,0.0,0.0,0.0,0.0
extra_trees__common_baseline,extra_trees,common_baseline,CS100005,1564,0.3177749360613811,0.4855532897366915,0.6610591383351656,0.0,0.0,0.0,0.0
extra_trees__common_baseline,extra_trees,common_baseline,CS100006,1526,0.41874180865006555,0.6493682509090808,0.7336364422284679,0.0,0.0,0.0,0.0
extra_trees__common_baseline,extra_trees,common_baseline,CS100007,2078,0.48267564966313764,0.6899106227861933,0.6967594889749358,0.0,0.0,0.0,0.0
extra_trees__common_baseline,extra_trees,common_baseline,CS100008,3033,0.3537751401252885,0.5506384906405126,0.6999893014055575,0.0,0.0,0.0,0.0
extra_trees__common_baseline,extra_trees,common_baseline,CS100009,3508,0.3187001140250855,0.45337361016797895,0.6434800263471082,0.0,0.0,0.0,0.0
extra_trees__common_baseline,extra_trees,common_baseline,CS100010,4154,0.291044776119403,0.4744467582749067,0.6945026056697015,0.0,0.0,0.0,0.0
extra_trees__common_baseline,extra_trees,common_baseline,CS200006,1998,0.14614614614614616,0.32137275383747715,0.7102992660874592,0.0,0.0,0.0,0.0
extra_trees__common_baseline,extra_trees,common_baseline,CS200007,1506,0.20053120849933598,0.2846020214045652,0.6286605355217708,0.0,0.0,0.0,0.0
extra_trees__common_baseline,extra_trees,common_baseline,CS200016,1297,0.27602158828064766,0.45136427295963155,0.6917349373218864,0.0,0.0,0.0,0.0
extra_trees__common_baseline,extra_trees,common_baseline,CS200024,839,0.4123957091775924,0.5167160630369534,0.6253502796374679,0.0,0.0,0.0,0.0
extra_trees__common_baseline,extra_trees,common_baseline,CS200028,4384,0.2664233576642336,0.3940209213032547,0.6523536001499353,0.0,0.0,0.0,0.0
extra_trees__common_baseline,extra_trees,common_baseline,CS200029,1017,0.400196656833825,0.4465943898251126,0.5477625166149757,0.0,0.0,0.0,0.0
extra_trees__common_baseline,extra_trees,common_baseline,CS200030,1156,0.2378892733564014,0.3131461971400484,0.6169848312867608,0.0,0.0,0.0,0.0
extra_trees__common_baseline,extra_trees,common_baseline,CS200031,1546,0.2238033635187581,0.3083665186580799,0.6123843930635838,0.0,0.0,0.0,0.0
extra_trees__common_baseline,extra_trees,common_baseline,CS200037,2043,0.29515418502202645,0.37608901812004103,0.6012771789202137,0.0,0.0,0.0,0.0
extra_trees__common_baseline,extra_trees,common_baseline,CS300001,3323,0.33012338248570566,0.5575914675142069,0.7312199161152567,0.0,0.0,0.0,0.0
extra_trees__common_baseline,extra_trees,common_baseline,CS300002,2751,0.2813522355507088,0.46809887291964003,0.6953368126216346,0.0,0.0,0.0,0.0
extra_trees__common_baseline,extra_trees,common_baseline,CS300010,1240,0.24435483870967742,0.46249382055170757,0.7024771847515595,0.0,0.0,0.0,0.0
extra_trees__common_baseline,extra_trees,common_baseline,CS300011,3264,0.35324754901960786,0.4111687044200661,0.5724738011728101,0.0,0.0,0.0,0.0
extra_trees__common_baseline,extra_trees,common_baseline,CS300014,494,0.4109311740890688,0.4988036959449743,0.5984459905540602,0.0,0.0,0.0,0.0
extra_trees__common_baseline,extra_trees,common_baseline,CS300015,215,0.3953488372093023,0.481168265395566,0.5785520361990951,0.0,0.0,0.0,0.0
extra_trees__common_baseline,extra_trees,common_baseline,CS300016,805,0.2248447204968944,0.2928866853390353,0.5799511262218445,0.0,0.0,0.0,0.0
extra_trees__common_baseline,extra_trees,common_baseline,CS300017,644,0.36490683229813664,0.4291540351387088,0.568100712687926,0.0,0.0,0.0,0.0
extra_trees__common_baseline,extra_trees,common_baseline,CS300018,2260,0.12212389380530973,0.33002402705529027,0.7504200268817204,0.0,0.0,0.0,0.0
extra_trees__common_baseline,extra_trees,common_baseline,CS300020,514,0.39883268482490275,0.4923685004532839,0.6021153997947746,0.0,0.0,0.0,0.0
extra_trees__common_baseline,extra_trees,common_baseline,CS300022,1851,0.35386277687736356,0.48798375003905775,0.633100155735403,0.0,0.0,0.0,0.0
extra_trees__common_baseline,extra_trees,common_baseline,CS300024,463,0.3174946004319654,0.40619590672022066,0.6140101610264359,0.0,0.0,0.0,0.0
extra_trees__common_baseline,extra_trees,common_baseline,CS300027,337,0.36795252225519287,0.3715091721674007,0.48871724973496894,0.0,0.0,0.0,0.0
extra_trees__common_baseline,extra_trees,common_baseline,CS300028,1083,0.31117266851338876,0.3723036749882603,0.5857053643169107,0.0,0.0,0.0,0.0
extra_trees__common_baseline,extra_trees,common_baseline,CS300036,596,0.2902684563758389,0.33794955349298333,0.5734295357957884,0.0,0.0,0.0,0.0
extra_trees__common_baseline,extra_trees,common_baseline,CS200002,250,0.24,0.47630238542644165,0.715,0.0,0.0,0.0,0.0
extra_trees__common_baseline,extra_trees,common_baseline,CS200003,1882,0.28746014877789583,0.4570428942814789,0.6776641979596985,0.0,0.0,0.0,0.0
extra_trees__common_baseline,extra_trees,common_baseline,CS200005,1755,0.29971509971509974,0.43414971323558194,0.6586516596695202,0.0,0.0,0.0,0.0
extra_trees__common_baseline,extra_trees,common_baseline,CS200008,1235,0.22753036437246962,0.3155239700890465,0.62837873124585,0.0,0.0,0.0,0.0
extra_trees__common_baseline,extra_trees,common_baseline,CS200017,528,0.4412878787878788,0.5772311898067477,0.6414344947988653,0.0,0.0,0.0,0.0
extra_trees__common_baseline,extra_trees,common_baseline,CS200033,72,0.2638888888888889,0.6083762347684403,0.7120158887785502,0.0,0.0,0.0,0.0
extra_trees__common_baseline,extra_trees,common_baseline,CS200034,699,0.45064377682403434,0.5229657873091891,0.5828290343915344,0.0,0.0,0.0,0.0
extra_trees__common_baseline,extra_trees,common_baseline,CS300004,656,0.31859756097560976,0.355816493553618,0.5395994562366869,0.0,0.0,0.0,0.0
extra_trees__common_baseline,extra_trees,common_baseline,CS300006,198,0.23737373737373738,0.41386120478759864,0.6736649288431732,0.0,0.0,0.0,0.0
extra_trees__common_baseline,extra_trees,common_baseline,CS300007,1584,0.34785353535353536,0.4642426573817732,0.640178993399311,0.0,0.0,0.0,0.0
extra_trees__common_baseline,extra_trees,common_baseline,CS300008,566,0.2597173144876325,0.381265461813845,0.667981751173023,0.0,0.0,0.0,0.0
extra_trees__common_baseline,extra_trees,common_baseline,CS300009,1042,0.22648752399232247,0.4286446741894587,0.7340602262690835,0.0,0.0,0.0,0.0
extra_trees__common_baseline,extra_trees,common_baseline,CS300019,553,0.2820976491862568,0.31938972483240696,0.5823322353549054,0.0,0.0,0.0,0.0
extra_trees__common_baseline,extra_trees,common_baseline,CS300021,962,0.46153846153846156,0.5739545708222598,0.6301175693067584,0.0,0.0,0.0,0.0
extra_trees__common_baseline,extra_trees,common_baseline,CS300029,217,0.42857142857142855,0.48558924795135194,0.5594866458550121,0.0,0.0,0.0,0.0
extra_trees__common_baseline,extra_trees,common_baseline,CS300031,359,0.25069637883008355,0.35662754554383286,0.5711276332094176,0.0,0.0,0.0,0.0
extra_trees__common_baseline,extra_trees,common_baseline,CS300032,172,0.3081395348837209,0.30426134059879983,0.5089583003012526,0.0,0.0,0.0,0.0
extra_trees__common_baseline,extra_trees,common_baseline,CS300033,616,0.288961038961039,0.3067074091014148,0.5163537017084809,0.0,0.0,0.0,0.0
extra_trees__common_baseline,extra_trees,common_baseline,CS300035,596,0.25838926174496646,0.2900297272376176,0.5545924663571723,0.0,0.0,0.0,0.0
extra_trees__common_baseline,extra_trees,common_baseline,CS300043,371,0.23450134770889489,0.2859195739838797,0.5774243160110085,0.0,0.0,0.0,0.0
extra_trees__common_baseline,extra_trees,common_baseline,CS200001,2410,0.2829875518672199,0.49796561250993054,0.7286507548604323,0.0,0.0,0.0,0.0
extra_trees__common_baseline,extra_trees,common_baseline,CS200019,439,0.5170842824601367,0.7164030349495255,0.7169603524229076,0.0,0.0,0.0,0.0
extra_trees__common_baseline,extra_trees,common_baseline,CS200032,175,0.2571428571428571,0.2733256869519166,0.49863247863247867,0.0,0.0,0.0,0.0
extra_trees__common_baseline,extra_trees,common_baseline,CS300003,278,0.32014388489208634,0.33603644955523543,0.5429522620533856,0.0,0.0,0.0,0.0
extra_trees__common_baseline,extra_trees,common_baseline,CS200025,1450,0.2103448275862069,0.29756894547921175,0.6109041448922615,0.0,0.0,0.0,0.0
extra_trees__common_baseline,extra_trees,common_baseline,CS300026,39,0.358974358974359,0.5779677048457836,0.7114285714285714,0.0,0.0,0.0,0.0
extra_trees__common_baseline,extra_trees,common_baseline,CS300025,98,0.2755102040816326,0.3013556277631461,0.40688575899843504,0.0,0.0,0.0,0.0
extra_trees__common_baseline,extra_trees,common_baseline,CS200026,173,0.30057803468208094,0.4438353266377594,0.6392244119516846,0.0,0.0,0.0,0.0
lightgbm__common_baseline,lightgbm,common_baseline,CS100001,5554,0.1852718761253151,0.5566558506808759,0.8511532410912273,0.6466809421841542,0.293488824101069,0.4037433155080214,0.0840835433921498
lightgbm__common_baseline,lightgbm,common_baseline,CS100002,1698,0.33510011778563015,0.6920506924314707,0.8264168330995748,0.7153284671532847,0.5166959578207382,0.6,0.2420494699646643
lightgbm__common_baseline,lightgbm,common_baseline,CS100003,1282,0.45553822152886114,0.7935431371749463,0.8243096714683832,0.7380952380952381,0.690068493150685,0.7132743362831858,0.42589703588143524
lightgbm__common_baseline,lightgbm,common_baseline,CS100004,1283,0.39438815276695244,0.7358981834475564,0.8175256001342959,0.7166276346604216,0.6047430830039525,0.6559485530546624,0.3328137178487919
lightgbm__common_baseline,lightgbm,common_baseline,CS100005,1564,0.3177749360613811,0.6509734223527949,0.7925302518013423,0.6940298507462687,0.37424547283702214,0.48627450980392156,0.17135549872122763
lightgbm__common_baseline,lightgbm,common_baseline,CS100006,1526,0.41874180865006555,0.7563324650910614,0.8312629125624346,0.747534516765286,0.593114241001565,0.6614310645724258,0.33224115334207077
lightgbm__common_baseline,lightgbm,common_baseline,CS100007,2078,0.48267564966313764,0.7821586727688526,0.8080975677618308,0.7475609756097561,0.6111665004985045,0.6725178277564454,0.3946102021174206
lightgbm__common_baseline,lightgbm,common_baseline,CS100008,3033,0.3537751401252885,0.7129720914150075,0.828610894497594,0.7615780445969125,0.41379310344827586,0.5362318840579711,0.19221892515661063
lightgbm__common_baseline,lightgbm,common_baseline,CS100009,3508,0.3187001140250855,0.6828654975541437,0.8256816939992964,0.654,0.5849731663685152,0.6175637393767706,0.28506271379703535
lightgbm__common_baseline,lightgbm,common_baseline,CS100010,4154,0.291044776119403,0.653486630030832,0.8250449023382918,0.6800535475234271,0.42018196856906537,0.5194274028629857,0.179826673086182
lightgbm__common_baseline,lightgbm,common_baseline,CS200006,1998,0.14614614614614616,0.4221664108657181,0.7792260193675825,0.6666666666666666,0.11643835616438356,0.19825072886297376,0.025525525525525526
lightgbm__common_baseline,lightgbm,common_baseline,CS200007,1506,0.20053120849933598,0.4690986533876682,0.7807473982970673,0.5609756097560976,0.22847682119205298,0.3247058823529412,0.08167330677290836
lightgbm__common_baseline,lightgbm,common_baseline,CS200016,1297,0.27602158828064766,0.624468746114641,0.8126528281007371,0.6770833333333334,0.36312849162011174,0.4727272727272727,0.14803392444101773
lightgbm__common_baseline,lightgbm,common_baseline,CS200024,839,0.4123957091775924,0.7190784703387025,0.784462240148202,0.6914893617021277,0.5635838150289018,0.6210191082802548,0.3361144219308701
lightgbm__common_baseline,lightgbm,common_baseline,CS200028,4384,0.2664233576642336,0.5966889020629412,0.8013666683704763,0.6632996632996633,0.3373287671232877,0.44721906923950056,0.135492700729927
lightgbm__common_baseline,lightgbm,common_baseline,CS200029,1017,0.400196656833825,0.6275581225746808,0.7138840778185039,0.6973684210526315,0.3906633906633907,0.5007874015748032,0.22418879056047197
lightgbm__common_baseline,lightgbm,common_baseline,CS200030,1156,0.2378892733564014,0.509463490029269,0.7726839335465896,0.5783132530120482,0.3490909090909091,0.43537414965986393,0.14359861591695502
lightgbm__common_baseline,lightgbm,common_baseline,CS200031,1546,0.2238033635187581,0.42174103340431435,0.6880515414258188,0.49700598802395207,0.2398843930635838,0.3235867446393762,0.10802069857697283
lightgbm__common_baseline,lightgbm,common_baseline,CS200037,2043,0.29515418502202645,0.5198057143186876,0.7577137460843929,0.5563063063063063,0.4096185737976783,0.47182425978987586,0.2173274596182085
lightgbm__common_baseline,lightgbm,common_baseline,CS300001,3323,0.33012338248570566,0.7378084929026454,0.8573414711854024,0.7535853976531942,0.5268915223336372,0.6201716738197425,0.2308155281372254
lightgbm__common_baseline,lightgbm,common_baseline,CS300002,2751,0.2813522355507088,0.6803370748177942,0.8280392472085313,0.7177914110429447,0.45348837209302323,0.5558194774346793,0.1777535441657579
lightgbm__common_baseline,lightgbm,common_baseline,CS300010,1240,0.24435483870967742,0.6017644708233741,0.814485877616577,0.6331658291457286,0.4158415841584158,0.50199203187251,0.16048387096774194
lightgbm__common_baseline,lightgbm,common_baseline,CS300011,3264,0.35324754901960786,0.5776480700070928,0.7243686582856166,0.6191744340878829,0.4032957502168257,0.4884453781512605,0.23008578431372548
lightgbm__common_baseline,lightgbm,common_baseline,CS300014,494,0.4109311740890688,0.5897164381033659,0.6941750038088467,0.6259541984732825,0.4039408866995074,0.49101796407185627,0.2651821862348178
lightgbm__common_baseline,lightgbm,common_baseline,CS300015,215,0.3953488372093023,0.635247350337386,0.7485972850678733,0.6666666666666666,0.35294117647058826,0.46153846153846156,0.20930232558139536
lightgbm__common_baseline,lightgbm,common_baseline,CS300016,805,0.2248447204968944,0.4867859998208488,0.7344436180762147,0.6666666666666666,0.1878453038674033,0.29310344827586204,0.06335403726708075
lightgbm__common_baseline,lightgbm,common_baseline,CS300017,644,0.36490683229813664,0.6048114298116072,0.7521302606252926,0.6217616580310881,0.5106382978723404,0.5607476635514018,0.2996894409937888
lightgbm__common_baseline,lightgbm,common_baseline,CS300018,2260,0.12212389380530973,0.553017061537912,0.8753561097475455,0.7387387387387387,0.2971014492753623,0.42377260981912146,0.04911504424778761
lightgbm__common_baseline,lightgbm,common_baseline,CS300020,514,0.39883268482490275,0.6045384659561027,0.7104428131659957,0.6461538461538462,0.4097560975609756,0.5014925373134328,0.2529182879377432
lightgbm__common_baseline,lightgbm,common_baseline,CS300022,1851,0.35386277687736356,0.6459755538004015,0.7752342413643443,0.6581740976645435,0.4732824427480916,0.5506216696269982,0.2544570502431118
lightgbm__common_baseline,lightgbm,common_baseline,CS300024,463,0.3174946004319654,0.5577851586331247,0.7200335830534746,0.5522388059701493,0.5034013605442177,0.5266903914590747,0.2894168466522678
lightgbm__common_baseline,lightgbm,common_baseline,CS300027,337,0.36795252225519287,0.5633121302876133,0.6761320611843101,0.5476190476190477,0.3709677419354839,0.4423076923076923,0.24925816023738873
lightgbm__common_baseline,lightgbm,common_baseline,CS300028,1083,0.31117266851338876,0.4618350208611143,0.6837137333831871,0.4965753424657534,0.43026706231454004,0.4610492845786963,0.2696214219759926
lightgbm__common_baseline,lightgbm,common_baseline,CS300036,596,0.2902684563758389,0.4816721042872354,0.7212861613304363,0.5137614678899083,0.3236994219653179,0.3971631205673759,0.18288590604026847
lightgbm__common_baseline,lightgbm,common_baseline,CS200002,250,0.24,0.674863803952897,0.8609649122807017,0.717948717948718,0.4666666666666667,0.5656565656565656,0.156
lightgbm__common_baseline,lightgbm,common_baseline,CS200003,1882,0.28746014877789583,0.6148365535367651,0.8097910214051092,0.6762177650429799,0.43622920517560076,0.5303370786516854,0.18544102019128586
lightgbm__common_baseline,lightgbm,common_baseline,CS200005,1755,0.29971509971509974,0.60722115363449,0.789349280845969,0.6504297994269341,0.43155893536121676,0.5188571428571429,0.19886039886039886
lightgbm__common_baseline,lightgbm,common_baseline,CS200008,1235,0.22753036437246962,0.5172510447442225,0.7899833628028081,0.5892857142857143,0.35231316725978645,0.44097995545657015,0.1360323886639676
lightgbm__common_baseline,lightgbm,common_baseline,CS200017,528,0.4412878787878788,0.7371565355232337,0.8069105986760747,0.7181818181818181,0.6781115879828327,0.6975717439293598,0.4166666666666667
lightgbm__common_baseline,lightgbm,common_baseline,CS200033,72,0.2638888888888889,0.596976986630487,0.7298907646474677,0.5833333333333334,0.3684210526315789,0.45161290322580644,0.16666666666666666
lightgbm__common_baseline,lightgbm,common_baseline,CS200034,699,0.45064377682403434,0.6871282019534344,0.7389963624338624,0.6932270916334662,0.5523809523809524,0.6148409893992933,0.3590844062947067
lightgbm__common_baseline,lightgbm,common_baseline,CS300004,656,0.31859756097560976,0.5281885114611968,0.7047086905794077,0.5426356589147286,0.3349282296650718,0.41420118343195267,0.19664634146341464
lightgbm__common_baseline,lightgbm,common_baseline,CS300006,198,0.23737373737373738,0.6088510920507513,0.8104833028040016,0.68,0.3617021276595745,0.4722222222222222,0.12626262626262627
lightgbm__common_baseline,lightgbm,common_baseline,CS300007,1584,0.34785353535353536,0.6028229553901914,0.7648647271615633,0.6043956043956044,0.49909255898366606,0.5467196819085487,0.28724747474747475
lightgbm__common_baseline,lightgbm,common_baseline,CS300008,566,0.2597173144876325,0.6050748204482757,0.7934667900573117,0.6585365853658537,0.3673469387755102,0.47161572052401746,0.14487632508833923
lightgbm__common_baseline,lightgbm,common_baseline,CS300009,1042,0.22648752399232247,0.5577070715517328,0.80781322286243,0.6495726495726496,0.3220338983050847,0.43059490084985835,0.11228406909788867
lightgbm__common_baseline,lightgbm,common_baseline,CS300019,553,0.2820976491862568,0.4997355694395321,0.7519214622489182,0.5086206896551724,0.3782051282051282,0.4338235294117647,0.20976491862567812
lightgbm__common_baseline,lightgbm,common_baseline,CS300021,962,0.46153846153846156,0.7596006068443233,0.7814793558036802,0.7455089820359282,0.5608108108108109,0.6401028277634961,0.3471933471933472
lightgbm__common_baseline,lightgbm,common_baseline,CS300029,217,0.42857142857142855,0.664656968854747,0.7730662504335761,0.6451612903225806,0.6451612903225806,0.6451612903225806,0.42857142857142855
lightgbm__common_baseline,lightgbm,common_baseline,CS300031,359,0.25069637883008355,0.5030370145369558,0.7194547707558862,0.4868421052631579,0.4111111111111111,0.4457831325301205,0.2116991643454039
lightgbm__common_baseline,lightgbm,common_baseline,CS300032,172,0.3081395348837209,0.44196465616380104,0.6648168701442841,0.4634146341463415,0.3584905660377358,0.40425531914893614,0.23837209302325582
lightgbm__common_baseline,lightgbm,common_baseline,CS300033,616,0.288961038961039,0.4021317392695765,0.6543789441280592,0.4819277108433735,0.2247191011235955,0.3065134099616858,0.13474025974025974
lightgbm__common_baseline,lightgbm,common_baseline,CS300035,596,0.25838926174496646,0.4400193473534033,0.712581536110948,0.47368421052631576,0.2922077922077922,0.3614457831325301,0.1593959731543624
lightgbm__common_baseline,lightgbm,common_baseline,CS300043,371,0.23450134770889489,0.3587602805448479,0.6437591063623119,0.42592592592592593,0.26436781609195403,0.3262411347517731,0.14555256064690028
lightgbm__common_baseline,lightgbm,common_baseline,CS200001,2410,0.2829875518672199,0.6858348426119564,0.8553546214836538,0.7085201793721974,0.4633431085043988,0.5602836879432624,0.18506224066390042
lightgbm__common_baseline,lightgbm,common_baseline,CS200019,439,0.5170842824601367,0.8267941557739649,0.8403083700440528,0.7978142076502732,0.6431718061674009,0.7121951219512195,0.4168564920273349
lightgbm__common_baseline,lightgbm,common_baseline,CS200032,175,0.2571428571428571,0.4475173412146135,0.7064957264957265,0.46153846153846156,0.26666666666666666,0.3380281690140845,0.14857142857142858
lightgbm__common_baseline,lightgbm,common_baseline,CS300003,278,0.32014388489208634,0.4992818460752325,0.6933594911123001,0.5522388059701493,0.4157303370786517,0.47435897435897434,0.24100719424460432
lightgbm__common_baseline,lightgbm,common_baseline,CS200025,1450,0.2103448275862069,0.41601219764918057,0.7377421433173457,0.494949494949495,0.16065573770491803,0.24257425742574257,0.06827586206896552
lightgbm__common_baseline,lightgbm,common_baseline,CS300026,39,0.358974358974359,0.6119714016142588,0.7771428571428571,0.6666666666666666,0.7142857142857143,0.6896551724137931,0.38461538461538464
lightgbm__common_baseline,lightgbm,common_baseline,CS300025,98,0.2755102040816326,0.41939111588876754,0.6327595200834638,0.41379310344827586,0.4444444444444444,0.42857142857142855,0.29591836734693877
lightgbm__common_baseline,lightgbm,common_baseline,CS200026,173,0.30057803468208094,0.499410689732041,0.7244119516846791,0.5405405405405406,0.38461538461538464,0.449438202247191,0.2138728323699422
xgboost__common_baseline,xgboost,common_baseline,CS100001,5554,0.1852718761253151,0.5458409931878302,0.8492946539310279,0.6509240246406571,0.3080660835762877,0.4182058047493404,0.08768455167446886
xgboost__common_baseline,xgboost,common_baseline,CS100002,1698,0.33510011778563015,0.6994617065051477,0.8271780398847448,0.7135678391959799,0.4991212653778559,0.5873836608066184,0.23439340400471143
xgboost__common_baseline,xgboost,common_baseline,CS100003,1282,0.45553822152886114,0.7931492050523485,0.8246285865682773,0.7269439421338155,0.6883561643835616,0.7071240105540897,0.43135725429017163
xgboost__common_baseline,xgboost,common_baseline,CS100004,1283,0.39438815276695244,0.7307159480328415,0.8174314913445347,0.7290167865707434,0.6007905138339921,0.6587215601300108,0.3250194855806703
xgboost__common_baseline,xgboost,common_baseline,CS100005,1564,0.3177749360613811,0.6544671300020908,0.7959019345689884,0.6900369003690037,0.3762575452716298,0.4869791666666667,0.17327365728900257
xgboost__common_baseline,xgboost,common_baseline,CS100006,1526,0.41874180865006555,0.7579560572614102,0.831554024132267,0.7509578544061303,0.6134585289514867,0.6752799310938846,0.3420707732634338
xgboost__common_baseline,xgboost,common_baseline,CS100007,2078,0.48267564966313764,0.7808822266759752,0.8073147997866864,0.748780487804878,0.6121635094715853,0.673614920460779,0.3946102021174206
xgboost__common_baseline,xgboost,common_baseline,CS100008,3033,0.3537751401252885,0.7065677297041525,0.8273589212012856,0.7584973166368515,0.3951537744641193,0.5196078431372549,0.184305967688757
xgboost__common_baseline,xgboost,common_baseline,CS100009,3508,0.3187001140250855,0.6748744653478848,0.8248203606260432,0.650761421319797,0.5733452593917711,0.6096053257251546,0.2807867730900798
xgboost__common_baseline,xgboost,common_baseline,CS100010,4154,0.291044776119403,0.6487658760043802,0.8251498031880309,0.6893732970027248,0.4185277088502895,0.5208440555841483,0.17669715936446798
xgboost__common_baseline,xgboost,common_baseline,CS200006,1998,0.14614614614614616,0.40988245054007544,0.7763313205607927,0.6274509803921569,0.1095890410958904,0.18658892128279883,0.025525525525525526
xgboost__common_baseline,xgboost,common_baseline,CS200007,1506,0.20053120849933598,0.4771631227207535,0.7847682119205299,0.575,0.22847682119205298,0.32701421800947866,0.0796812749003984
xgboost__common_baseline,xgboost,common_baseline,CS200016,1297,0.27602158828064766,0.6239449472331511,0.8119478108768986,0.6444444444444445,0.3240223463687151,0.4312267657992565,0.13878180416345412
xgboost__common_baseline,xgboost,common_baseline,CS200024,839,0.4123957091775924,0.7169301700256521,0.7854881637725849,0.7106227106227107,0.5606936416184971,0.6268174474959612,0.3253873659117998
xgboost__common_baseline,xgboost,common_baseline,CS200028,4384,0.2664233576642336,0.5926267320798567,0.8016802758467936,0.6655172413793103,0.3304794520547945,0.4416475972540046,0.1322992700729927
xgboost__common_baseline,xgboost,common_baseline,CS200029,1017,0.400196656833825,0.635920448449127,0.7196560196560196,0.6697674418604651,0.3538083538083538,0.4630225080385852,0.21140609636184857
xgboost__common_baseline,xgboost,common_baseline,CS200030,1156,0.2378892733564014,0.5097925960653109,0.7695676400784233,0.5527950310559007,0.3236363636363636,0.40825688073394495,0.13927335640138408
xgboost__common_baseline,xgboost,common_baseline,CS200031,1546,0.2238033635187581,0.4156790605125738,0.6832418111753371,0.48677248677248675,0.2658959537572254,0.34392523364485983,0.1222509702457956
xgboost__common_baseline,xgboost,common_baseline,CS200037,2043,0.29515418502202645,0.5303443774530625,0.7583183618942326,0.5601851851851852,0.4013266998341625,0.4676328502415459,0.21145374449339208
xgboost__common_baseline,xgboost,common_baseline,CS300001,3323,0.33012338248570566,0.7350099599346877,0.8578332968866327,0.7558746736292428,0.5278030993618961,0.6215780998389694,0.2305145952452603
xgboost__common_baseline,xgboost,common_baseline,CS300002,2751,0.2813522355507088,0.6811695803948513,0.8291822365471657,0.7296747967479674,0.46382428940568476,0.5671406003159558,0.17884405670665213
xgboost__common_baseline,xgboost,common_baseline,CS300010,1240,0.24435483870967742,0.6006903034665022,0.814234038131668,0.6391752577319587,0.40924092409240925,0.49899396378269617,0.15645161290322582
xgboost__common_baseline,xgboost,common_baseline,CS300011,3264,0.35324754901960786,0.5755247404930581,0.7208308357124926,0.6102841677943166,0.391153512575889,0.47674418604651164,0.2264093137254902
xgboost__common_baseline,xgboost,common_baseline,CS300014,494,0.4109311740890688,0.5892521555122132,0.6950891270123406,0.6220472440944882,0.3891625615763547,0.47878787878787876,0.25708502024291496
xgboost__common_baseline,xgboost,common_baseline,CS300015,215,0.3953488372093023,0.6307745116968134,0.7419004524886877,0.627906976744186,0.3176470588235294,0.421875,0.2
xgboost__common_baseline,xgboost,common_baseline,CS300016,805,0.2248447204968944,0.46414769692383917,0.7221189261935117,0.62,0.1712707182320442,0.2683982683982684,0.062111801242236024
xgboost__common_baseline,xgboost,common_baseline,CS300017,644,0.36490683229813664,0.5859474089232044,0.7516308588669822,0.6185567010309279,0.5106382978723404,0.5594405594405595,0.30124223602484473
xgboost__common_baseline,xgboost,common_baseline,CS300018,2260,0.12212389380530973,0.5422482381652485,0.8785318782141187,0.7256637168141593,0.2971014492753623,0.42159383033419023,0.05
xgboost__common_baseline,xgboost,common_baseline,CS300020,514,0.39883268482490275,0.6197760991445168,0.7147841187149736,0.6428571428571429,0.3951219512195122,0.48942598187311176,0.245136186770428
xgboost__common_baseline,xgboost,common_baseline,CS300022,1851,0.35386277687736356,0.6526659803539665,0.779580790931604,0.6666666666666666,0.48854961832061067,0.5638766519823789,0.2593192868719611
xgboost__common_baseline,xgboost,common_baseline,CS300024,463,0.3174946004319654,0.5531108091955986,0.7163738913286835,0.5413533834586466,0.4897959183673469,0.5142857142857142,0.28725701943844495
xgboost__common_baseline,xgboost,common_baseline,CS300027,337,0.36795252225519287,0.5668212738857131,0.6774193548387097,0.525,0.3387096774193548,0.4117647058823529,0.23738872403560832
xgboost__common_baseline,xgboost,common_baseline,CS300028,1083,0.31117266851338876,0.46268742806202606,0.6838370418691976,0.4724137931034483,0.4065281899109792,0.4370015948963317,0.2677746999076639
xgboost__common_baseline,xgboost,common_baseline,CS300036,596,0.2902684563758389,0.495846871004896,0.732682873501961,0.5514018691588785,0.34104046242774566,0.42142857142857143,0.17953020134228187
xgboost__common_baseline,xgboost,common_baseline,CS200002,250,0.24,0.6668845455297883,0.8550000000000001,0.6585365853658537,0.45,0.5346534653465347,0.164
xgboost__common_baseline,xgboost,common_baseline,CS200003,1882,0.28746014877789583,0.6179982746264054,0.8098709683644367,0.6647058823529411,0.4177449168207024,0.5130533484676504,0.1806588735387885
xgboost__common_baseline,xgboost,common_baseline,CS200005,1755,0.29971509971509974,0.5995038033902835,0.7856985957237481,0.6418338108882522,0.42585551330798477,0.512,0.19886039886039886
xgboost__common_baseline,xgboost,common_baseline,CS200008,1235,0.22753036437246962,0.5054188013151103,0.7882786096376373,0.5738636363636364,0.3594306049822064,0.4420131291028446,0.14251012145748987
xgboost__common_baseline,xgboost,common_baseline,CS200017,528,0.4412878787878788,0.7453737821037536,0.8145777260493199,0.7268722466960352,0.7081545064377682,0.717391304347826,0.42992424242424243
xgboost__common_baseline,xgboost,common_baseline,CS200033,72,0.2638888888888889,0.6255134160649674,0.7378351539225423,0.7777777777777778,0.3684210526315789,0.5,0.125
xgboost__common_baseline,xgboost,common_baseline,CS200034,699,0.45064377682403434,0.6923151538305428,0.7426504629629631,0.6775510204081633,0.526984126984127,0.5928571428571429,0.35050071530758226
xgboost__common_baseline,xgboost,common_baseline,CS300004,656,0.31859756097560976,0.5032014769564417,0.697215889020905,0.5486725663716814,0.2966507177033493,0.38509316770186336,0.1722560975609756
xgboost__common_baseline,xgboost,common_baseline,CS300006,198,0.23737373737373738,0.6310660836139969,0.8142877272086797,0.7083333333333334,0.3617021276595745,0.4788732394366197,0.12121212121212122
xgboost__common_baseline,xgboost,common_baseline,CS300007,1584,0.34785353535353536,0.6119856080999422,0.766883410080765,0.604494382022472,0.4882032667876588,0.5401606425702812,0.2809343434343434
xgboost__common_baseline,xgboost,common_baseline,CS300008,566,0.2597173144876325,0.5911029175723113,0.7860146445212931,0.6883116883116883,0.36054421768707484,0.4732142857142857,0.13604240282685512
xgboost__common_baseline,xgboost,common_baseline,CS300009,1042,0.22648752399232247,0.5556726922745147,0.8078342515876688,0.6532258064516129,0.3432203389830508,0.45,0.11900191938579655
xgboost__common_baseline,xgboost,common_baseline,CS300019,553,0.2820976491862568,0.4934182958830371,0.7569753923658206,0.5086206896551724,0.3782051282051282,0.4338235294117647,0.20976491862567812
xgboost__common_baseline,xgboost,common_baseline,CS300021,962,0.46153846153846156,0.7702112324788245,0.7851273087759574,0.75,0.5472972972972973,0.6328125,0.3367983367983368
xgboost__common_baseline,xgboost,common_baseline,CS300029,217,0.42857142857142855,0.6947651547664178,0.7701179327089838,0.6923076923076923,0.6774193548387096,0.6847826086956522,0.41935483870967744
xgboost__common_baseline,xgboost,common_baseline,CS300031,359,0.25069637883008355,0.4664900285747761,0.7147046674927716,0.4788732394366197,0.37777777777777777,0.422360248447205,0.1977715877437326
xgboost__common_baseline,xgboost,common_baseline,CS300032,172,0.3081395348837209,0.4242467815003837,0.6749643253527826,0.425,0.32075471698113206,0.3655913978494624,0.23255813953488372
xgboost__common_baseline,xgboost,common_baseline,CS300033,616,0.288961038961039,0.4026561794148335,0.6575470730080549,0.4235294117647059,0.20224719101123595,0.2737642585551331,0.137987012987013
xgboost__common_baseline,xgboost,common_baseline,CS300035,596,0.25838926174496646,0.42874512457922415,0.7125374625374626,0.45121951219512196,0.24025974025974026,0.3135593220338983,0.13758389261744966
xgboost__common_baseline,xgboost,common_baseline,CS300043,371,0.23450134770889489,0.3538453958570661,0.644285251740327,0.42592592592592593,0.26436781609195403,0.3262411347517731,0.14555256064690028
xgboost__common_baseline,xgboost,common_baseline,CS200001,2410,0.2829875518672199,0.6836321625537122,0.8563143192679482,0.6993006993006993,0.4398826979472141,0.54005400540054,0.17800829875518673
xgboost__common_baseline,xgboost,common_baseline,CS200019,439,0.5170842824601367,0.8234647367734979,0.8380849472196826,0.7853107344632768,0.6123348017621145,0.6881188118811881,0.4031890660592255
xgboost__common_baseline,xgboost,common_baseline,CS200032,175,0.2571428571428571,0.4289750983257416,0.7003418803418803,0.43333333333333335,0.28888888888888886,0.3466666666666667,0.17142857142857143
xgboost__common_baseline,xgboost,common_baseline,CS300003,278,0.32014388489208634,0.5446210271156441,0.7070923250698532,0.5555555555555556,0.39325842696629215,0.4605263157894737,0.22661870503597123
xgboost__common_baseline,xgboost,common_baseline,CS200025,1450,0.2103448275862069,0.4331433289747545,0.7463039587658388,0.5523809523809524,0.1901639344262295,0.28292682926829266,0.07241379310344828
xgboost__common_baseline,xgboost,common_baseline,CS300026,39,0.358974358974359,0.5519688705521735,0.7571428571428571,0.6470588235294118,0.7857142857142857,0.7096774193548387,0.4358974358974359
xgboost__common_baseline,xgboost,common_baseline,CS300025,98,0.2755102040816326,0.35538860405691153,0.630151278038602,0.36666666666666664,0.4074074074074074,0.38596491228070173,0.30612244897959184
xgboost__common_baseline,xgboost,common_baseline,CS200026,173,0.30057803468208094,0.5193674245820652,0.7253655435473617,0.5294117647058824,0.34615384615384615,0.4186046511627907,0.19653179190751446
catboost__common_baseline,catboost,common_baseline,CS100001,5554,0.1852718761253151,0.49330302638522494,0.8246817969492454,0.582089552238806,0.22740524781341107,0.3270440251572327,0.07238026647461289
catboost__common_baseline,catboost,common_baseline,CS100002,1698,0.33510011778563015,0.6496436736653143,0.7979548599706414,0.6866096866096866,0.4235500878734622,0.5239130434782608,0.2067137809187279
catboost__common_baseline,catboost,common_baseline,CS100003,1282,0.45553822152886114,0.7383775630012026,0.7929014405149744,0.7104166666666667,0.583904109589041,0.6409774436090225,0.374414976599064
catboost__common_baseline,catboost,common_baseline,CS100004,1283,0.39438815276695244,0.6766630120511634,0.7904578774143992,0.6860759493670886,0.5355731225296443,0.6015538290788013,0.3078721745908028
catboost__common_baseline,catboost,common_baseline,CS100005,1564,0.3177749360613811,0.6249933277766415,0.7715251207337745,0.684,0.3440643863179074,0.4578313253012048,0.159846547314578
catboost__common_baseline,catboost,common_baseline,CS100006,1526,0.41874180865006555,0.7390975233363646,0.8160792388049958,0.7333333333333333,0.5508607198748043,0.6291331546023236,0.3145478374836173
catboost__common_baseline,catboost,common_baseline,CS100007,2078,0.48267564966313764,0.7576493003617362,0.78688956386654,0.7556962025316456,0.5952143569292123,0.6659230340211936,0.3801732435033686
catboost__common_baseline,catboost,common_baseline,CS100008,3033,0.3537751401252885,0.6612220747855574,0.8025053730718754,0.7151162790697675,0.34389561975768873,0.4644430459408433,0.17012858555885263
catboost__common_baseline,catboost,common_baseline,CS100009,3508,0.3187001140250855,0.6390207418728602,0.8070515939251952,0.6337078651685393,0.5044722719141324,0.5617529880478087,0.2537058152793615
catboost__common_baseline,catboost,common_baseline,CS100010,4154,0.291044776119403,0.5947130321444108,0.7997682912957571,0.6283582089552239,0.348221670802316,0.4481106971793507,0.16129032258064516
catboost__common_baseline,catboost,common_baseline,CS200006,1998,0.14614614614614616,0.3340918749565758,0.7409766496972812,0.5142857142857142,0.06164383561643835,0.11009174311926606,0.017517517517517518
catboost__common_baseline,catboost,common_baseline,CS200007,1506,0.20053120849933598,0.399460630179001,0.7384628501023079,0.42857142857142855,0.15894039735099338,0.2318840579710145,0.07436918990703852
catboost__common_baseline,catboost,common_baseline,CS200016,1297,0.27602158828064766,0.5448273083323882,0.7718599960733218,0.6311475409836066,0.21508379888268156,0.32083333333333336,0.09406322282189669
catboost__common_baseline,catboost,common_baseline,CS200024,839,0.4123957091775924,0.6527003777774307,0.7473648418905133,0.6496350364963503,0.5144508670520231,0.5741935483870968,0.3265792610250298
catboost__common_baseline,catboost,common_baseline,CS200028,4384,0.2664233576642336,0.5419001312918075,0.7721953162270837,0.6091954022988506,0.2722602739726027,0.3763313609467456,0.11906934306569343
catboost__common_baseline,catboost,common_baseline,CS200029,1017,0.400196656833825,0.5570712535256203,0.668908849236718,0.5739130434782609,0.32432432432432434,0.41444270015698587,0.22615535889872174
catboost__common_baseline,catboost,common_baseline,CS200030,1156,0.2378892733564014,0.4422687374807449,0.7451780002063769,0.5087719298245614,0.2109090909090909,0.2982005141388175,0.0986159169550173
catboost__common_baseline,catboost,common_baseline,CS200031,1546,0.2238033635187581,0.37341509523205685,0.6596146435452793,0.4845360824742268,0.13583815028901733,0.21218961625282168,0.06274256144890039
catboost__common_baseline,catboost,common_baseline,CS200037,2043,0.29515418502202645,0.49555962570902823,0.7474583103003501,0.5292096219931272,0.25538971807628524,0.34451901565995524,0.14243759177679882
catboost__common_baseline,catboost,common_baseline,CS300001,3323,0.33012338248570566,0.6874665319583781,0.8276922850115606,0.7146562905317769,0.5022789425706472,0.5899357601713062,0.23201925970508577
catboost__common_baseline,catboost,common_baseline,CS300002,2751,0.2813522355507088,0.6063772179160692,0.7939051024769344,0.6376237623762376,0.4160206718346253,0.5035183737294762,0.18356961105052708
catboost__common_baseline,catboost,common_baseline,CS300010,1240,0.24435483870967742,0.5459931474951497,0.791512128800927,0.5941176470588235,0.3333333333333333,0.427061310782241,0.13709677419354838
catboost__common_baseline,catboost,common_baseline,CS300011,3264,0.35324754901960786,0.5410483275289001,0.6968298463875877,0.5627644569816643,0.3460537727666956,0.42857142857142855,0.21721813725490197
catboost__common_baseline,catboost,common_baseline,CS300014,494,0.4109311740890688,0.5620621979118826,0.6783471298224232,0.5864661654135338,0.3842364532019704,0.4642857142857143,0.2692307692307692
catboost__common_baseline,catboost,common_baseline,CS300015,215,0.3953488372093023,0.5547685427928315,0.6841628959276018,0.54,0.3176470588235294,0.4,0.23255813953488372
catboost__common_baseline,catboost,common_baseline,CS300016,805,0.2248447204968944,0.4194656098224194,0.7080942768097463,0.574468085106383,0.14917127071823205,0.23684210526315788,0.058385093167701865
catboost__common_baseline,catboost,common_baseline,CS300017,644,0.36490683229813664,0.5813297481895188,0.7277219996878739,0.5842696629213483,0.4425531914893617,0.5036319612590799,0.27639751552795033
catboost__common_baseline,catboost,common_baseline,CS300018,2260,0.12212389380530973,0.5163960688927142,0.8631150654511454,0.7090909090909091,0.2826086956521739,0.40414507772020725,0.048672566371681415
catboost__common_baseline,catboost,common_baseline,CS300020,514,0.39883268482490275,0.5434620722943688,0.668529481411319,0.5813953488372093,0.36585365853658536,0.4491017964071856,0.2509727626459144
catboost__common_baseline,catboost,common_baseline,CS300022,1851,0.35386277687736356,0.6213991270327115,0.7625047869488627,0.6622516556291391,0.4580152671755725,0.5415162454873647,0.24473257698541329
catboost__common_baseline,catboost,common_baseline,CS300024,463,0.3174946004319654,0.514186396692896,0.6853310944631017,0.5223880597014925,0.47619047619047616,0.498220640569395,0.2894168466522678
catboost__common_baseline,catboost,common_baseline,CS300027,337,0.36795252225519287,0.5528312485316305,0.6788580948053915,0.6144578313253012,0.4112903225806452,0.4927536231884058,0.24629080118694363
catboost__common_baseline,catboost,common_baseline,CS300028,1083,0.31117266851338876,0.43338391693198475,0.6599907717520146,0.45964912280701753,0.3887240356083086,0.4212218649517685,0.2631578947368421
catboost__common_baseline,catboost,common_baseline,CS300036,596,0.2902684563758389,0.42467407531455426,0.6841990188442039,0.46,0.2658959537572254,0.336996336996337,0.16778523489932887
catboost__common_baseline,catboost,common_baseline,CS200002,250,0.24,0.6335092260054127,0.8313157894736843,0.7083333333333334,0.2833333333333333,0.40476190476190477,0.096
catboost__common_baseline,catboost,common_baseline,CS200003,1882,0.28746014877789583,0.5286815637104716,0.7676162435680604,0.5946969696969697,0.2902033271719039,0.39006211180124223,0.14027630180658873
catboost__common_baseline,catboost,common_baseline,CS200005,1755,0.29971509971509974,0.5414032497137373,0.7544542999192518,0.5875912408759124,0.3060836501901141,0.4025,0.15612535612535614
catboost__common_baseline,catboost,common_baseline,CS200008,1235,0.22753036437246962,0.43612381739173783,0.7406947335437231,0.5192307692307693,0.28825622775800713,0.3707093821510298,0.12631578947368421
catboost__common_baseline,catboost,common_baseline,CS200017,528,0.4412878787878788,0.6889417545933669,0.7741034407507092,0.6818181818181818,0.6437768240343348,0.6622516556291391,0.4166666666666667
catboost__common_baseline,catboost,common_baseline,CS200033,72,0.2638888888888889,0.5595787219780923,0.7527308838133069,0.625,0.2631578947368421,0.37037037037037035,0.1111111111111111
catboost__common_baseline,catboost,common_baseline,CS200034,699,0.45064377682403434,0.6203516030835364,0.7040426587301588,0.6259842519685039,0.5047619047619047,0.5588752196836555,0.36337625178826893
catboost__common_baseline,catboost,common_baseline,CS300004,656,0.31859756097560976,0.46288880519905046,0.6820483178660501,0.5,0.3157894736842105,0.3870967741935484,0.20121951219512196
catboost__common_baseline,catboost,common_baseline,CS300006,198,0.23737373737373738,0.5627439362054426,0.7396082851909257,0.8235294117647058,0.2978723404255319,0.4375,0.08585858585858586
catboost__common_baseline,catboost,common_baseline,CS300007,1584,0.34785353535353536,0.5640089625862555,0.7406598580772792,0.5855421686746988,0.44101633393829404,0.5031055900621118,0.2619949494949495
catboost__common_baseline,catboost,common_baseline,CS300008,566,0.2597173144876325,0.536047570323484,0.7466757586089329,0.5647058823529412,0.32653061224489793,0.41379310344827586,0.1501766784452297
catboost__common_baseline,catboost,common_baseline,CS300009,1042,0.22648752399232247,0.5036929005920929,0.7722115910333516,0.576271186440678,0.288135593220339,0.384180790960452,0.11324376199616124
catboost__common_baseline,catboost,common_baseline,CS300019,553,0.2820976491862568,0.5099374694641485,0.7450590970742104,0.4948453608247423,0.3076923076923077,0.3794466403162055,0.17540687160940324
catboost__common_baseline,catboost,common_baseline,CS300021,962,0.46153846153846156,0.7221572790731137,0.7600003478381856,0.7378048780487805,0.545045045045045,0.6269430051813472,0.340956340956341
catboost__common_baseline,catboost,common_baseline,CS300029,217,0.42857142857142855,0.6236830379303188,0.7206902532084634,0.6222222222222222,0.6021505376344086,0.6120218579234973,0.4147465437788018
catboost__common_baseline,catboost,common_baseline,CS300031,359,0.25069637883008355,0.4835455372516672,0.6984717059066501,0.5087719298245614,0.32222222222222224,0.3945578231292517,0.15877437325905291
catboost__common_baseline,catboost,common_baseline,CS300032,172,0.3081395348837209,0.42064039118804386,0.6470588235294117,0.45652173913043476,0.39622641509433965,0.42424242424242425,0.26744186046511625
catboost__common_baseline,catboost,common_baseline,CS300033,616,0.288961038961039,0.33941082430631414,0.6104099327894926,0.2558139534883721,0.12359550561797752,0.16666666666666666,0.1396103896103896
catboost__common_baseline,catboost,common_baseline,CS300035,596,0.25838926174496646,0.3777331370004394,0.6907944996180291,0.38461538461538464,0.19480519480519481,0.25862068965517243,0.13087248322147652
catboost__common_baseline,catboost,common_baseline,CS300043,371,0.23450134770889489,0.3180013614410478,0.6333171442447789,0.28125,0.10344827586206896,0.15126050420168066,0.0862533692722372
catboost__common_baseline,catboost,common_baseline,CS200001,2410,0.2829875518672199,0.6189617733034766,0.8267469724122951,0.659846547314578,0.3782991202346041,0.4808946877912395,0.16224066390041494
catboost__common_baseline,catboost,common_baseline,CS200019,439,0.5170842824601367,0.7911886135552286,0.8140636688554567,0.7878787878787878,0.5726872246696035,0.6632653061224489,0.37585421412300685
catboost__common_baseline,catboost,common_baseline,CS200032,175,0.2571428571428571,0.4099580861135944,0.6866666666666666,0.4444444444444444,0.17777777777777778,0.25396825396825395,0.10285714285714286
catboost__common_baseline,catboost,common_baseline,CS300003,278,0.32014388489208634,0.4303584493550744,0.661910706854527,0.4492753623188406,0.34831460674157305,0.3924050632911392,0.24820143884892087
catboost__common_baseline,catboost,common_baseline,CS200025,1450,0.2103448275862069,0.38488628239413053,0.7099634905862982,0.41935483870967744,0.12786885245901639,0.19597989949748743,0.06413793103448276
catboost__common_baseline,catboost,common_baseline,CS300026,39,0.358974358974359,0.7342880400023257,0.8514285714285714,0.7142857142857143,0.7142857142857143,0.7142857142857143,0.358974358974359
catboost__common_baseline,catboost,common_baseline,CS300025,98,0.2755102040816326,0.36400059664745377,0.6296296296296295,0.3448275862068966,0.37037037037037035,0.35714285714285715,0.29591836734693877
catboost__common_baseline,catboost,common_baseline,CS200026,173,0.30057803468208094,0.4544970089694472,0.6905594405594405,0.46153846153846156,0.23076923076923078,0.3076923076923077,0.15028901734104047
random_forest__tree_plus_sales_amount_raw_components,random_forest,tree_plus_sales_amount_raw_components,CS100001,5554,0.1852718761253151,0.5164921644033486,0.8299921073401737,0.7222222222222222,0.012633624878522837,0.024832855778414518,0.0032409074540871445
random_forest__tree_plus_sales_amount_raw_components,random_forest,tree_plus_sales_amount_raw_components,CS100002,1698,0.33510011778563015,0.6663474799234048,0.8003007467298462,0.84375,0.09490333919156414,0.17061611374407584,0.03769140164899882
random_forest__tree_plus_sales_amount_raw_components,random_forest,tree_plus_sales_amount_raw_components,CS100003,1282,0.45553822152886114,0.730462155984845,0.7866286258193665,0.8703703703703703,0.08047945205479452,0.14733542319749215,0.0421216848673947
random_forest__tree_plus_sales_amount_raw_components,random_forest,tree_plus_sales_amount_raw_components,CS100004,1283,0.39438815276695244,0.6830567542566625,0.789506615593572,0.7916666666666666,0.07509881422924901,0.1371841155234657,0.037412314886983634
random_forest__tree_plus_sales_amount_raw_components,random_forest,tree_plus_sales_amount_raw_components,CS100005,1564,0.3177749360613811,0.6309465255610208,0.7826622339472636,0.8571428571428571,0.060362173038229376,0.11278195488721804,0.02237851662404092
random_forest__tree_plus_sales_amount_raw_components,random_forest,tree_plus_sales_amount_raw_components,CS100006,1526,0.41874180865006555,0.7407943138676086,0.8148830348998666,0.8378378378378378,0.19405320813771518,0.31512071156289706,0.09698558322411534
random_forest__tree_plus_sales_amount_raw_components,random_forest,tree_plus_sales_amount_raw_components,CS100007,2078,0.48267564966313764,0.7618584462929046,0.7874757123976908,0.847457627118644,0.19940179461615154,0.3228410008071025,0.11357074109720885
random_forest__tree_plus_sales_amount_raw_components,random_forest,tree_plus_sales_amount_raw_components,CS100008,3033,0.3537751401252885,0.6698016402305056,0.8047806074899672,0.8194444444444444,0.05498602050326188,0.10305676855895196,0.02373887240356083
random_forest__tree_plus_sales_amount_raw_components,random_forest,tree_plus_sales_amount_raw_components,CS100009,3508,0.3187001140250855,0.6206517467304958,0.7905751079707487,0.8026315789473685,0.05456171735241502,0.10217755443886097,0.021664766248574687
random_forest__tree_plus_sales_amount_raw_components,random_forest,tree_plus_sales_amount_raw_components,CS100010,4154,0.291044776119403,0.6035676267894585,0.7909998722091389,0.8095238095238095,0.04218362282878412,0.08018867924528301,0.01516610495907559
random_forest__tree_plus_sales_amount_raw_components,random_forest,tree_plus_sales_amount_raw_components,CS200006,1998,0.14614614614614616,0.37667842278855873,0.7722883778445134,0.0,0.0,0.0,0.0
random_forest__tree_plus_sales_amount_raw_components,random_forest,tree_plus_sales_amount_raw_components,CS200007,1506,0.20053120849933598,0.3763330740411163,0.7268074409803964,0.0,0.0,0.0,0.0
random_forest__tree_plus_sales_amount_raw_components,random_forest,tree_plus_sales_amount_raw_components,CS200016,1297,0.27602158828064766,0.60844639710673,0.788363943574824,1.0,0.01675977653631285,0.03296703296703297,0.004626060138781804
random_forest__tree_plus_sales_amount_raw_components,random_forest,tree_plus_sales_amount_raw_components,CS200024,839,0.4123957091775924,0.6361336054161226,0.7456823271465253,0.7272727272727273,0.046242774566473986,0.08695652173913043,0.026221692491060787
random_forest__tree_plus_sales_amount_raw_components,random_forest,tree_plus_sales_amount_raw_components,CS200028,4384,0.2664233576642336,0.5631763153077792,0.773647281571594,0.7368421052631579,0.011986301369863013,0.02358887952822241,0.004333941605839416
random_forest__tree_plus_sales_amount_raw_components,random_forest,tree_plus_sales_amount_raw_components,CS200029,1017,0.400196656833825,0.5939781926432091,0.6819994360977968,0.8181818181818182,0.022113022113022112,0.0430622009569378,0.010816125860373648
random_forest__tree_plus_sales_amount_raw_components,random_forest,tree_plus_sales_amount_raw_components,CS200030,1156,0.2378892733564014,0.4427446752841198,0.732048292229904,1.0,0.014545454545454545,0.02867383512544803,0.0034602076124567475
random_forest__tree_plus_sales_amount_raw_components,random_forest,tree_plus_sales_amount_raw_components,CS200031,1546,0.2238033635187581,0.4086725005983272,0.674352119460501,1.0,0.014450867052023121,0.02849002849002849,0.003234152652005175
random_forest__tree_plus_sales_amount_raw_components,random_forest,tree_plus_sales_amount_raw_components,CS200037,2043,0.29515418502202645,0.5164162483889134,0.7364980652294085,0.7777777777777778,0.011608623548922056,0.02287581699346405,0.004405286343612335
random_forest__tree_plus_sales_amount_raw_components,random_forest,tree_plus_sales_amount_raw_components,CS300001,3323,0.33012338248570566,0.7012418393677844,0.8297967748355598,0.819327731092437,0.17775752051048313,0.29213483146067415,0.07162202828769185
random_forest__tree_plus_sales_amount_raw_components,random_forest,tree_plus_sales_amount_raw_components,CS300002,2751,0.2813522355507088,0.6356965292390897,0.8003643972871485,0.826530612244898,0.10465116279069768,0.18577981651376146,0.035623409669211195
random_forest__tree_plus_sales_amount_raw_components,random_forest,tree_plus_sales_amount_raw_components,CS300010,1240,0.24435483870967742,0.5768826249304809,0.8024099101478985,0.7692307692307693,0.033003300330033,0.06329113924050633,0.010483870967741936
random_forest__tree_plus_sales_amount_raw_components,random_forest,tree_plus_sales_amount_raw_components,CS300011,3264,0.35324754901960786,0.5292775899716826,0.6798165804773493,0.7878787878787878,0.022549869904596703,0.04384485666104553,0.01011029411764706
random_forest__tree_plus_sales_amount_raw_components,random_forest,tree_plus_sales_amount_raw_components,CS300014,494,0.4109311740890688,0.5593928230748628,0.6697306722191188,0.6875,0.054187192118226604,0.1004566210045662,0.032388663967611336
random_forest__tree_plus_sales_amount_raw_components,random_forest,tree_plus_sales_amount_raw_components,CS300015,215,0.3953488372093023,0.5740704551213096,0.7022624434389141,0.4,0.023529411764705882,0.044444444444444446,0.023255813953488372
random_forest__tree_plus_sales_amount_raw_components,random_forest,tree_plus_sales_amount_raw_components,CS300016,805,0.2248447204968944,0.4215536204582879,0.7064031732540019,0.8,0.022099447513812154,0.043010752688172046,0.006211180124223602
random_forest__tree_plus_sales_amount_raw_components,random_forest,tree_plus_sales_amount_raw_components,CS300017,644,0.36490683229813664,0.5613231651971776,0.7028767622119336,0.5555555555555556,0.02127659574468085,0.040983606557377046,0.013975155279503106
random_forest__tree_plus_sales_amount_raw_components,random_forest,tree_plus_sales_amount_raw_components,CS300018,2260,0.12212389380530973,0.525127116496286,0.8590755025712948,0.8,0.014492753623188406,0.028469750889679714,0.0022123893805309734
random_forest__tree_plus_sales_amount_raw_components,random_forest,tree_plus_sales_amount_raw_components,CS300020,514,0.39883268482490275,0.5677895781524116,0.6784276580629883,0.7333333333333333,0.05365853658536585,0.1,0.029182879377431907
random_forest__tree_plus_sales_amount_raw_components,random_forest,tree_plus_sales_amount_raw_components,CS300022,1851,0.35386277687736356,0.6224685886492378,0.7459355612857106,0.8717948717948718,0.051908396946564885,0.09798270893371758,0.02106969205834684
random_forest__tree_plus_sales_amount_raw_components,random_forest,tree_plus_sales_amount_raw_components,CS300024,463,0.3174946004319654,0.5588273758706437,0.6927796435029707,1.0,0.06802721088435375,0.12738853503184713,0.02159827213822894
random_forest__tree_plus_sales_amount_raw_components,random_forest,tree_plus_sales_amount_raw_components,CS300027,337,0.36795252225519287,0.4814655861643517,0.6093063758897471,1.0,0.03225806451612903,0.0625,0.011869436201780416
random_forest__tree_plus_sales_amount_raw_components,random_forest,tree_plus_sales_amount_raw_components,CS300028,1083,0.31117266851338876,0.44782418151279724,0.668781473496631,0.6190476190476191,0.03857566765578635,0.07262569832402235,0.019390581717451522
random_forest__tree_plus_sales_amount_raw_components,random_forest,tree_plus_sales_amount_raw_components,CS300036,596,0.2902684563758389,0.47132581064810875,0.6999412399732163,1.0,0.005780346820809248,0.011494252873563218,0.0016778523489932886
random_forest__tree_plus_sales_amount_raw_components,random_forest,tree_plus_sales_amount_raw_components,CS200002,250,0.24,0.6336200090550453,0.8331578947368421,1.0,0.06666666666666667,0.125,0.016
random_forest__tree_plus_sales_amount_raw_components,random_forest,tree_plus_sales_amount_raw_components,CS200003,1882,0.28746014877789583,0.5915579863316605,0.7873204122506309,0.8461538461538461,0.02033271719038817,0.039711191335740074,0.006907545164718385
random_forest__tree_plus_sales_amount_raw_components,random_forest,tree_plus_sales_amount_raw_components,CS200005,1755,0.29971509971509974,0.5539289862503528,0.7508593032141498,0.8421052631578947,0.030418250950570342,0.05871559633027523,0.010826210826210826
random_forest__tree_plus_sales_amount_raw_components,random_forest,tree_plus_sales_amount_raw_components,CS200008,1235,0.22753036437246962,0.47821160085037756,0.7597118706028931,0.8,0.014234875444839857,0.027972027972027972,0.004048582995951417
random_forest__tree_plus_sales_amount_raw_components,random_forest,tree_plus_sales_amount_raw_components,CS200017,528,0.4412878787878788,0.7173355783138284,0.7896704735578671,0.8064516129032258,0.1072961373390558,0.1893939393939394,0.058712121212121215
random_forest__tree_plus_sales_amount_raw_components,random_forest,tree_plus_sales_amount_raw_components,CS200033,72,0.2638888888888889,0.6014017457667342,0.7100297914597815,1.0,0.10526315789473684,0.19047619047619047,0.027777777777777776
random_forest__tree_plus_sales_amount_raw_components,random_forest,tree_plus_sales_amount_raw_components,CS200034,699,0.45064377682403434,0.6523671597267914,0.7048280423280424,0.84375,0.08571428571428572,0.15561959654178675,0.045779685264663805
random_forest__tree_plus_sales_amount_raw_components,random_forest,tree_plus_sales_amount_raw_components,CS300004,656,0.31859756097560976,0.4521157911064461,0.6504715112980743,0.6666666666666666,0.009569377990430622,0.018867924528301886,0.004573170731707317
random_forest__tree_plus_sales_amount_raw_components,random_forest,tree_plus_sales_amount_raw_components,CS300006,198,0.23737373737373738,0.5565804896853639,0.7932929406791601,1.0,0.0425531914893617,0.08163265306122448,0.010101010101010102
random_forest__tree_plus_sales_amount_raw_components,random_forest,tree_plus_sales_amount_raw_components,CS300007,1584,0.34785353535353536,0.5762185270068606,0.7380877503368863,0.7142857142857143,0.09074410163339383,0.1610305958132045,0.04419191919191919
random_forest__tree_plus_sales_amount_raw_components,random_forest,tree_plus_sales_amount_raw_components,CS300008,566,0.2597173144876325,0.559384662760821,0.7569204292695598,0.0,0.0,0.0,0.0
random_forest__tree_plus_sales_amount_raw_components,random_forest,tree_plus_sales_amount_raw_components,CS300009,1042,0.22648752399232247,0.5286201191857606,0.7857435757244398,0.8461538461538461,0.046610169491525424,0.08835341365461848,0.012476007677543186
random_forest__tree_plus_sales_amount_raw_components,random_forest,tree_plus_sales_amount_raw_components,CS300019,553,0.2820976491862568,0.46418043631315353,0.7073403087256992,0.0,0.0,0.0,0.0
random_forest__tree_plus_sales_amount_raw_components,random_forest,tree_plus_sales_amount_raw_components,CS300021,962,0.46153846153846156,0.7280015776850026,0.7467477129639291,0.9032258064516129,0.06306306306306306,0.11789473684210526,0.032224532224532226
random_forest__tree_plus_sales_amount_raw_components,random_forest,tree_plus_sales_amount_raw_components,CS300029,217,0.42857142857142855,0.6105378915616342,0.7297953520638225,0.4,0.021505376344086023,0.04081632653061224,0.02304147465437788
random_forest__tree_plus_sales_amount_raw_components,random_forest,tree_plus_sales_amount_raw_components,CS300031,359,0.25069637883008355,0.43010135083035916,0.6715819909128459,1.0,0.05555555555555555,0.10526315789473684,0.013927576601671309
random_forest__tree_plus_sales_amount_raw_components,random_forest,tree_plus_sales_amount_raw_components,CS300032,172,0.3081395348837209,0.38070526901792967,0.6418265419375297,0.0,0.0,0.0,0.005813953488372093
random_forest__tree_plus_sales_amount_raw_components,random_forest,tree_plus_sales_amount_raw_components,CS300033,616,0.288961038961039,0.40420873378752453,0.6392565799599816,1.0,0.0056179775280898875,0.0111731843575419,0.0016233766233766235
random_forest__tree_plus_sales_amount_raw_components,random_forest,tree_plus_sales_amount_raw_components,CS300035,596,0.25838926174496646,0.3761270889880792,0.6527883880825057,0.0,0.0,0.0,0.0
random_forest__tree_plus_sales_amount_raw_components,random_forest,tree_plus_sales_amount_raw_components,CS300043,371,0.23450134770889489,0.3221361834904125,0.6214586368787436,0.0,0.0,0.0,0.0026954177897574125
random_forest__tree_plus_sales_amount_raw_components,random_forest,tree_plus_sales_amount_raw_components,CS200001,2410,0.2829875518672199,0.6329267931802025,0.8255819281524925,0.8947368421052632,0.024926686217008796,0.04850213980028531,0.007883817427385892
random_forest__tree_plus_sales_amount_raw_components,random_forest,tree_plus_sales_amount_raw_components,CS200019,439,0.5170842824601367,0.8239919144576633,0.8316432549247778,0.8709677419354839,0.23788546255506607,0.3737024221453287,0.14123006833712984
random_forest__tree_plus_sales_amount_raw_components,random_forest,tree_plus_sales_amount_raw_components,CS200032,175,0.2571428571428571,0.3778522440557488,0.6565811965811966,0.0,0.0,0.0,0.0
random_forest__tree_plus_sales_amount_raw_components,random_forest,tree_plus_sales_amount_raw_components,CS300003,278,0.32014388489208634,0.44221435563441747,0.6567386005588253,0.5,0.011235955056179775,0.02197802197802198,0.007194244604316547
random_forest__tree_plus_sales_amount_raw_components,random_forest,tree_plus_sales_amount_raw_components,CS200025,1450,0.2103448275862069,0.40033888482771074,0.7195561600687236,0.5,0.003278688524590164,0.006514657980456026,0.001379310344827586
random_forest__tree_plus_sales_amount_raw_components,random_forest,tree_plus_sales_amount_raw_components,CS300026,39,0.358974358974359,0.63243835607281,0.7828571428571428,0.6666666666666666,0.14285714285714285,0.23529411764705882,0.07692307692307693
random_forest__tree_plus_sales_amount_raw_components,random_forest,tree_plus_sales_amount_raw_components,CS300025,98,0.2755102040816326,0.354773249056539,0.5628586332811686,0.5,0.037037037037037035,0.06896551724137931,0.02040816326530612
random_forest__tree_plus_sales_amount_raw_components,random_forest,tree_plus_sales_amount_raw_components,CS200026,173,0.30057803468208094,0.4970235218851242,0.6938970120788303,0.0,0.0,0.0,0.0
extra_trees__tree_plus_sales_amount_raw_components,extra_trees,tree_plus_sales_amount_raw_components,CS100001,5554,0.1852718761253151,0.4034217572465817,0.7539751622827504,0.0,0.0,0.0,0.0
extra_trees__tree_plus_sales_amount_raw_components,extra_trees,tree_plus_sales_amount_raw_components,CS100002,1698,0.33510011778563015,0.5032872879099121,0.6805313192227285,0.0,0.0,0.0,0.0
extra_trees__tree_plus_sales_amount_raw_components,extra_trees,tree_plus_sales_amount_raw_components,CS100003,1282,0.45553822152886114,0.6041665640937539,0.6784501707422381,0.0,0.0,0.0,0.0
extra_trees__tree_plus_sales_amount_raw_components,extra_trees,tree_plus_sales_amount_raw_components,CS100004,1283,0.39438815276695244,0.5433268481202975,0.6836380423336945,0.0,0.0,0.0,0.0
extra_trees__tree_plus_sales_amount_raw_components,extra_trees,tree_plus_sales_amount_raw_components,CS100005,1564,0.3177749360613811,0.48462961097347157,0.6686359959192834,0.0,0.0,0.0,0.0
extra_trees__tree_plus_sales_amount_raw_components,extra_trees,tree_plus_sales_amount_raw_components,CS100006,1526,0.41874180865006555,0.6522838951423823,0.7436842021690458,0.0,0.0,0.0,0.0
extra_trees__tree_plus_sales_amount_raw_components,extra_trees,tree_plus_sales_amount_raw_components,CS100007,2078,0.48267564966313764,0.6976226615068617,0.7039838623663892,0.0,0.0,0.0,0.0
extra_trees__tree_plus_sales_amount_raw_components,extra_trees,tree_plus_sales_amount_raw_components,CS100008,3033,0.3537751401252885,0.5527600271157709,0.7043217566616581,0.0,0.0,0.0,0.0
extra_trees__tree_plus_sales_amount_raw_components,extra_trees,tree_plus_sales_amount_raw_components,CS100009,3508,0.3187001140250855,0.47227203680581864,0.6699895584613887,0.0,0.0,0.0,0.0
extra_trees__tree_plus_sales_amount_raw_components,extra_trees,tree_plus_sales_amount_raw_components,CS100010,4154,0.291044776119403,0.4875909342071363,0.7080381855944592,0.0,0.0,0.0,0.0
extra_trees__tree_plus_sales_amount_raw_components,extra_trees,tree_plus_sales_amount_raw_components,CS200006,1998,0.14614614614614616,0.30107000954356755,0.7195163323644189,0.0,0.0,0.0,0.0
extra_trees__tree_plus_sales_amount_raw_components,extra_trees,tree_plus_sales_amount_raw_components,CS200007,1506,0.20053120849933598,0.2945423764935551,0.63728795846076,0.0,0.0,0.0,0.0
extra_trees__tree_plus_sales_amount_raw_components,extra_trees,tree_plus_sales_amount_raw_components,CS200016,1297,0.27602158828064766,0.4493110663006463,0.6859698597699918,0.0,0.0,0.0,0.0
extra_trees__tree_plus_sales_amount_raw_components,extra_trees,tree_plus_sales_amount_raw_components,CS200024,839,0.4123957091775924,0.5224527975741207,0.6233277444922558,0.0,0.0,0.0,0.0
extra_trees__tree_plus_sales_amount_raw_components,extra_trees,tree_plus_sales_amount_raw_components,CS200028,4384,0.2664233576642336,0.3948724624505506,0.6542667921096571,0.0,0.0,0.0,0.0
extra_trees__tree_plus_sales_amount_raw_components,extra_trees,tree_plus_sales_amount_raw_components,CS200029,1017,0.400196656833825,0.4449314137849514,0.5462057437467274,0.0,0.0,0.0,0.0
extra_trees__tree_plus_sales_amount_raw_components,extra_trees,tree_plus_sales_amount_raw_components,CS200030,1156,0.2378892733564014,0.3084800159769398,0.613497059127025,0.0,0.0,0.0,0.0
extra_trees__tree_plus_sales_amount_raw_components,extra_trees,tree_plus_sales_amount_raw_components,CS200031,1546,0.2238033635187581,0.308806724210685,0.6194881984585743,0.0,0.0,0.0,0.0
extra_trees__tree_plus_sales_amount_raw_components,extra_trees,tree_plus_sales_amount_raw_components,CS200037,2043,0.29515418502202645,0.3816646685646541,0.6082342915054357,0.0,0.0,0.0,0.0
extra_trees__tree_plus_sales_amount_raw_components,extra_trees,tree_plus_sales_amount_raw_components,CS300001,3323,0.33012338248570566,0.5702462202992576,0.7376677060119038,0.0,0.0,0.0,0.0
extra_trees__tree_plus_sales_amount_raw_components,extra_trees,tree_plus_sales_amount_raw_components,CS300002,2751,0.2813522355507088,0.47260685993051377,0.7029090353013141,0.0,0.0,0.0,0.0
extra_trees__tree_plus_sales_amount_raw_components,extra_trees,tree_plus_sales_amount_raw_components,CS300010,1240,0.24435483870967742,0.4672144815451117,0.7022728953791857,0.0,0.0,0.0,0.0
extra_trees__tree_plus_sales_amount_raw_components,extra_trees,tree_plus_sales_amount_raw_components,CS300011,3264,0.35324754901960786,0.4200019800856757,0.5823808136704324,0.0,0.0,0.0,0.0
extra_trees__tree_plus_sales_amount_raw_components,extra_trees,tree_plus_sales_amount_raw_components,CS300014,494,0.4109311740890688,0.5021843503513811,0.5970748057488192,0.0,0.0,0.0,0.0
extra_trees__tree_plus_sales_amount_raw_components,extra_trees,tree_plus_sales_amount_raw_components,CS300015,215,0.3953488372093023,0.49207799579513645,0.5972850678733032,0.0,0.0,0.0,0.0
extra_trees__tree_plus_sales_amount_raw_components,extra_trees,tree_plus_sales_amount_raw_components,CS300016,805,0.2248447204968944,0.28881741081240875,0.5952241818954527,0.0,0.0,0.0,0.0
extra_trees__tree_plus_sales_amount_raw_components,extra_trees,tree_plus_sales_amount_raw_components,CS300017,644,0.36490683229813664,0.42362810693653163,0.564095094418145,0.0,0.0,0.0,0.0
extra_trees__tree_plus_sales_amount_raw_components,extra_trees,tree_plus_sales_amount_raw_components,CS300018,2260,0.12212389380530973,0.3428043173697289,0.7674512038335671,0.0,0.0,0.0,0.0
extra_trees__tree_plus_sales_amount_raw_components,extra_trees,tree_plus_sales_amount_raw_components,CS300020,514,0.39883268482490275,0.48925804474016565,0.5982634777804088,0.0,0.0,0.0,0.0
extra_trees__tree_plus_sales_amount_raw_components,extra_trees,tree_plus_sales_amount_raw_components,CS300022,1851,0.35386277687736356,0.4891980370057849,0.6364880390104419,0.0,0.0,0.0,0.0
extra_trees__tree_plus_sales_amount_raw_components,extra_trees,tree_plus_sales_amount_raw_components,CS300024,463,0.3174946004319654,0.4095698044072562,0.6143761301989151,0.0,0.0,0.0,0.0
extra_trees__tree_plus_sales_amount_raw_components,extra_trees,tree_plus_sales_amount_raw_components,CS300027,337,0.36795252225519287,0.3862760566718283,0.49507799485082543,0.0,0.0,0.0,0.0
extra_trees__tree_plus_sales_amount_raw_components,extra_trees,tree_plus_sales_amount_raw_components,CS300028,1083,0.31117266851338876,0.3816057370505589,0.5893270538818307,0.0,0.0,0.0,0.0
extra_trees__tree_plus_sales_amount_raw_components,extra_trees,tree_plus_sales_amount_raw_components,CS300036,596,0.2902684563758389,0.35712574235276373,0.5740171360636248,0.0,0.0,0.0,0.0
extra_trees__tree_plus_sales_amount_raw_components,extra_trees,tree_plus_sales_amount_raw_components,CS200002,250,0.24,0.506091598367639,0.721842105263158,0.0,0.0,0.0,0.0
extra_trees__tree_plus_sales_amount_raw_components,extra_trees,tree_plus_sales_amount_raw_components,CS200003,1882,0.28746014877789583,0.4724448449971095,0.6806208570589719,0.0,0.0,0.0,0.0
extra_trees__tree_plus_sales_amount_raw_components,extra_trees,tree_plus_sales_amount_raw_components,CS200005,1755,0.29971509971509974,0.44432131790496443,0.6546065149260427,0.0,0.0,0.0,0.0
extra_trees__tree_plus_sales_amount_raw_components,extra_trees,tree_plus_sales_amount_raw_components,CS200008,1235,0.22753036437246962,0.32578716568030847,0.6393272006983146,0.0,0.0,0.0,0.0
extra_trees__tree_plus_sales_amount_raw_components,extra_trees,tree_plus_sales_amount_raw_components,CS200017,528,0.4412878787878788,0.5900183130525012,0.6544846148250527,0.0,0.0,0.0,0.0
extra_trees__tree_plus_sales_amount_raw_components,extra_trees,tree_plus_sales_amount_raw_components,CS200033,72,0.2638888888888889,0.5853144167397086,0.7358490566037736,0.0,0.0,0.0,0.0
extra_trees__tree_plus_sales_amount_raw_components,extra_trees,tree_plus_sales_amount_raw_components,CS200034,699,0.45064377682403434,0.5197114811706585,0.5812334656084657,0.0,0.0,0.0,0.0
extra_trees__tree_plus_sales_amount_raw_components,extra_trees,tree_plus_sales_amount_raw_components,CS300004,656,0.31859756097560976,0.34873938145054645,0.5289275660169337,0.0,0.0,0.0,0.0
extra_trees__tree_plus_sales_amount_raw_components,extra_trees,tree_plus_sales_amount_raw_components,CS300006,198,0.23737373737373738,0.4188767234984173,0.6797238269691419,0.0,0.0,0.0,0.0
extra_trees__tree_plus_sales_amount_raw_components,extra_trees,tree_plus_sales_amount_raw_components,CS300007,1584,0.34785353535353536,0.4770782194011283,0.6491778566822972,0.0,0.0,0.0,0.0
extra_trees__tree_plus_sales_amount_raw_components,extra_trees,tree_plus_sales_amount_raw_components,CS300008,566,0.2597173144876325,0.3977163051301949,0.6814086016268082,0.0,0.0,0.0,0.0
extra_trees__tree_plus_sales_amount_raw_components,extra_trees,tree_plus_sales_amount_raw_components,CS300009,1042,0.22648752399232247,0.43455303191913597,0.7288556167725113,0.0,0.0,0.0,0.0
extra_trees__tree_plus_sales_amount_raw_components,extra_trees,tree_plus_sales_amount_raw_components,CS300019,553,0.2820976491862568,0.32993337359082864,0.5853032358070142,0.0,0.0,0.0,0.0
extra_trees__tree_plus_sales_amount_raw_components,extra_trees,tree_plus_sales_amount_raw_components,CS300021,962,0.46153846153846156,0.5937700695714414,0.644070228529688,0.0,0.0,0.0,0.0
extra_trees__tree_plus_sales_amount_raw_components,extra_trees,tree_plus_sales_amount_raw_components,CS300029,217,0.42857142857142855,0.49794296835567603,0.5730142212972598,0.0,0.0,0.0,0.0
extra_trees__tree_plus_sales_amount_raw_components,extra_trees,tree_plus_sales_amount_raw_components,CS300031,359,0.25069637883008355,0.32298791800497584,0.5448161916563403,0.0,0.0,0.0,0.0
extra_trees__tree_plus_sales_amount_raw_components,extra_trees,tree_plus_sales_amount_raw_components,CS300032,172,0.3081395348837209,0.3007580293559476,0.5011891549072459,0.0,0.0,0.0,0.0
extra_trees__tree_plus_sales_amount_raw_components,extra_trees,tree_plus_sales_amount_raw_components,CS300033,616,0.288961038961039,0.3046103062500051,0.5219716792365707,0.0,0.0,0.0,0.0
extra_trees__tree_plus_sales_amount_raw_components,extra_trees,tree_plus_sales_amount_raw_components,CS300035,596,0.25838926174496646,0.3068667078040691,0.5565317035905271,0.0,0.0,0.0,0.0
extra_trees__tree_plus_sales_amount_raw_components,extra_trees,tree_plus_sales_amount_raw_components,CS300043,371,0.23450134770889489,0.2966292992689501,0.5800145701796989,0.0,0.0,0.0,0.0
extra_trees__tree_plus_sales_amount_raw_components,extra_trees,tree_plus_sales_amount_raw_components,CS200001,2410,0.2829875518672199,0.5100106135502629,0.7257199006190942,0.0,0.0,0.0,0.0
extra_trees__tree_plus_sales_amount_raw_components,extra_trees,tree_plus_sales_amount_raw_components,CS200019,439,0.5170842824601367,0.7345333651417468,0.7236721802011471,0.0,0.0,0.0,0.0
extra_trees__tree_plus_sales_amount_raw_components,extra_trees,tree_plus_sales_amount_raw_components,CS200032,175,0.2571428571428571,0.2710455384532775,0.47863247863247865,0.0,0.0,0.0,0.0
extra_trees__tree_plus_sales_amount_raw_components,extra_trees,tree_plus_sales_amount_raw_components,CS300003,278,0.32014388489208634,0.3378520215915324,0.5568634445038939,0.0,0.0,0.0,0.0
extra_trees__tree_plus_sales_amount_raw_components,extra_trees,tree_plus_sales_amount_raw_components,CS200025,1450,0.2103448275862069,0.30582129149733694,0.6195490013601546,0.0,0.0,0.0,0.0
extra_trees__tree_plus_sales_amount_raw_components,extra_trees,tree_plus_sales_amount_raw_components,CS300026,39,0.358974358974359,0.5839833984015089,0.7628571428571429,0.0,0.0,0.0,0.0
extra_trees__tree_plus_sales_amount_raw_components,extra_trees,tree_plus_sales_amount_raw_components,CS300025,98,0.2755102040816326,0.26133596793380154,0.4204486176317162,0.0,0.0,0.0,0.0
extra_trees__tree_plus_sales_amount_raw_components,extra_trees,tree_plus_sales_amount_raw_components,CS200026,173,0.30057803468208094,0.41833247473471125,0.6258741258741258,0.0,0.0,0.0,0.0
lightgbm__tree_plus_sales_amount_raw_components,lightgbm,tree_plus_sales_amount_raw_components,CS100001,5554,0.1852718761253151,0.5574145171226538,0.8518377011420195,0.6717391304347826,0.30029154518950435,0.4150436534586971,0.08282319049333814
lightgbm__tree_plus_sales_amount_raw_components,lightgbm,tree_plus_sales_amount_raw_components,CS100002,1698,0.33510011778563015,0.7005879195046669,0.8273072426724117,0.7167487684729064,0.5114235500878734,0.5969230769230769,0.23910482921083628
lightgbm__tree_plus_sales_amount_raw_components,lightgbm,tree_plus_sales_amount_raw_components,CS100003,1282,0.45553822152886114,0.7934820951995094,0.8239147073831299,0.7366482504604052,0.684931506849315,0.709849157054126,0.4235569422776911
lightgbm__tree_plus_sales_amount_raw_components,lightgbm,tree_plus_sales_amount_raw_components,CS100004,1283,0.39438815276695244,0.7283149167614675,0.8147430321343363,0.7132530120481928,0.5849802371541502,0.6427795874049945,0.323460639127046
lightgbm__tree_plus_sales_amount_raw_components,lightgbm,tree_plus_sales_amount_raw_components,CS100005,1564,0.3177749360613811,0.6481103892137177,0.7925151659724043,0.7022900763358778,0.3702213279678068,0.48484848484848486,0.16751918158567775
lightgbm__tree_plus_sales_amount_raw_components,lightgbm,tree_plus_sales_amount_raw_components,CS100006,1526,0.41874180865006555,0.7504720965954244,0.8287611173744207,0.7514910536779325,0.5915492957746479,0.6619964973730298,0.32961992136304064
lightgbm__tree_plus_sales_amount_raw_components,lightgbm,tree_plus_sales_amount_raw_components,CS100007,2078,0.48267564966313764,0.7797801623497284,0.8069104314962092,0.7460510328068044,0.6121635094715853,0.6725082146768894,0.3960538979788258
lightgbm__tree_plus_sales_amount_raw_components,lightgbm,tree_plus_sales_amount_raw_components,CS100008,3033,0.3537751401252885,0.7100276527334762,0.8285524088479752,0.7642980935875217,0.4109972041006524,0.5345454545454545,0.1902406857896472
lightgbm__tree_plus_sales_amount_raw_components,lightgbm,tree_plus_sales_amount_raw_components,CS100009,3508,0.3187001140250855,0.6763337107264278,0.8259185934237019,0.6532019704433497,0.5930232558139535,0.6216596343178622,0.2893386545039909
lightgbm__tree_plus_sales_amount_raw_components,lightgbm,tree_plus_sales_amount_raw_components,CS100010,4154,0.291044776119403,0.6534380576532453,0.8246392014615903,0.6901217861975643,0.4218362282878412,0.5236139630390144,0.17790081848820413
lightgbm__tree_plus_sales_amount_raw_components,lightgbm,tree_plus_sales_amount_raw_components,CS200006,1998,0.14614614614614616,0.4109165575354398,0.7771071881674669,0.6727272727272727,0.1267123287671233,0.2132564841498559,0.027527527527527528
lightgbm__tree_plus_sales_amount_raw_components,lightgbm,tree_plus_sales_amount_raw_components,CS200007,1506,0.20053120849933598,0.47178814837904876,0.7780851906448704,0.56,0.23178807947019867,0.32786885245901637,0.08300132802124834
lightgbm__tree_plus_sales_amount_raw_components,lightgbm,tree_plus_sales_amount_raw_components,CS200016,1297,0.27602158828064766,0.6257614900474753,0.8102759978819736,0.6666666666666666,0.3687150837988827,0.4748201438848921,0.15265998457979954
lightgbm__tree_plus_sales_amount_raw_components,lightgbm,tree_plus_sales_amount_raw_components,CS200024,839,0.4123957091775924,0.7121927181787742,0.785071931902121,0.7003610108303249,0.5606936416184971,0.622792937399679,0.3301549463647199
lightgbm__tree_plus_sales_amount_raw_components,lightgbm,tree_plus_sales_amount_raw_components,CS200028,4384,0.2664233576642336,0.5976740074661798,0.8007753931540927,0.6735042735042736,0.3373287671232877,0.4495151169423845,0.1334397810218978
lightgbm__tree_plus_sales_amount_raw_components,lightgbm,tree_plus_sales_amount_raw_components,CS200029,1017,0.400196656833825,0.6209118136532921,0.7134128166915052,0.7031963470319634,0.3783783783783784,0.49201277955271566,0.2153392330383481
lightgbm__tree_plus_sales_amount_raw_components,lightgbm,tree_plus_sales_amount_raw_components,CS200030,1156,0.2378892733564014,0.5040404376064129,0.7714993292745846,0.5823529411764706,0.36,0.4449438202247191,0.14705882352941177
lightgbm__tree_plus_sales_amount_raw_components,lightgbm,tree_plus_sales_amount_raw_components,CS200031,1546,0.2238033635187581,0.41558633416674096,0.685602119460501,0.47540983606557374,0.2514450867052023,0.32892249527410206,0.11836998706338939
lightgbm__tree_plus_sales_amount_raw_components,lightgbm,tree_plus_sales_amount_raw_components,CS200037,2043,0.29515418502202645,0.5199826338450866,0.7590657822001106,0.549889135254989,0.41127694859038144,0.47058823529411764,0.22075379344101811
lightgbm__tree_plus_sales_amount_raw_components,lightgbm,tree_plus_sales_amount_raw_components,CS300001,3323,0.33012338248570566,0.735605076745659,0.8570662781202675,0.7571428571428571,0.5314494074749316,0.6245313336904125,0.23171832681312068
lightgbm__tree_plus_sales_amount_raw_components,lightgbm,tree_plus_sales_amount_raw_components,CS300002,2751,0.2813522355507088,0.6887282040856543,0.8304199848647037,0.731404958677686,0.4573643410852713,0.5627980922098569,0.17593602326426755
lightgbm__tree_plus_sales_amount_raw_components,lightgbm,tree_plus_sales_amount_raw_components,CS300010,1240,0.24435483870967742,0.6023713263596634,0.8156534970466096,0.6455026455026455,0.40264026402640263,0.4959349593495935,0.15241935483870966
lightgbm__tree_plus_sales_amount_raw_components,lightgbm,tree_plus_sales_amount_raw_components,CS300011,3264,0.35324754901960786,0.5787416128125631,0.7228337256258569,0.6144244105409153,0.3842150910667823,0.4727854855923159,0.22089460784313725
lightgbm__tree_plus_sales_amount_raw_components,lightgbm,tree_plus_sales_amount_raw_components,CS300014,494,0.4109311740890688,0.5797864370539831,0.6940226499415978,0.6,0.3842364532019704,0.46846846846846846,0.2631578947368421
lightgbm__tree_plus_sales_amount_raw_components,lightgbm,tree_plus_sales_amount_raw_components,CS300015,215,0.3953488372093023,0.6421969043549404,0.745158371040724,0.6511627906976745,0.32941176470588235,0.4375,0.2
lightgbm__tree_plus_sales_amount_raw_components,lightgbm,tree_plus_sales_amount_raw_components,CS300016,805,0.2248447204968944,0.46391651959468877,0.7285823062756764,0.6363636363636364,0.19337016574585636,0.2966101694915254,0.06832298136645963
lightgbm__tree_plus_sales_amount_raw_components,lightgbm,tree_plus_sales_amount_raw_components,CS300017,644,0.36490683229813664,0.616068398762514,0.754450397960776,0.6216216216216216,0.48936170212765956,0.5476190476190477,0.28726708074534163
lightgbm__tree_plus_sales_amount_raw_components,lightgbm,tree_plus_sales_amount_raw_components,CS300018,2260,0.12212389380530973,0.5611515296694375,0.8781903780972418,0.7241379310344828,0.30434782608695654,0.42857142857142855,0.05132743362831858
lightgbm__tree_plus_sales_amount_raw_components,lightgbm,tree_plus_sales_amount_raw_components,CS300020,514,0.39883268482490275,0.591068274107829,0.7016970558055096,0.6,0.3804878048780488,0.46567164179104475,0.2529182879377432
lightgbm__tree_plus_sales_amount_raw_components,lightgbm,tree_plus_sales_amount_raw_components,CS300022,1851,0.35386277687736356,0.6426802344642567,0.7764826776277157,0.6702586206896551,0.47480916030534354,0.5558534405719392,0.2506753106428957
lightgbm__tree_plus_sales_amount_raw_components,lightgbm,tree_plus_sales_amount_raw_components,CS300024,463,0.3174946004319654,0.558678671309441,0.7200120554550933,0.5476190476190477,0.46938775510204084,0.5054945054945055,0.27213822894168466
lightgbm__tree_plus_sales_amount_raw_components,lightgbm,tree_plus_sales_amount_raw_components,CS300027,337,0.36795252225519287,0.5683080745480702,0.6818491594729669,0.5679012345679012,0.3709677419354839,0.44878048780487806,0.2403560830860534
lightgbm__tree_plus_sales_amount_raw_components,lightgbm,tree_plus_sales_amount_raw_components,CS300028,1083,0.31117266851338876,0.45395349807399893,0.6811799428803272,0.4769736842105263,0.43026706231454004,0.45241809672386896,0.2807017543859649
lightgbm__tree_plus_sales_amount_raw_components,lightgbm,tree_plus_sales_amount_raw_components,CS300036,596,0.2902684563758389,0.49284185321626073,0.7275994479290508,0.5137614678899083,0.3236994219653179,0.3971631205673759,0.18288590604026847
lightgbm__tree_plus_sales_amount_raw_components,lightgbm,tree_plus_sales_amount_raw_components,CS200002,250,0.24,0.69284752598409,0.862719298245614,0.7142857142857143,0.5,0.5882352941176471,0.168
lightgbm__tree_plus_sales_amount_raw_components,lightgbm,tree_plus_sales_amount_raw_components,CS200003,1882,0.28746014877789583,0.6179991989876744,0.8093761242541156,0.6489675516224189,0.4066543438077634,0.5,0.18012752391073325
lightgbm__tree_plus_sales_amount_raw_components,lightgbm,tree_plus_sales_amount_raw_components,CS200005,1755,0.29971509971509974,0.5955697629790572,0.7872099174883287,0.6295264623955432,0.4296577946768061,0.5107344632768361,0.20455840455840457
lightgbm__tree_plus_sales_amount_raw_components,lightgbm,tree_plus_sales_amount_raw_components,CS200008,1235,0.22753036437246962,0.5156818888614777,0.786491789580489,0.5783132530120482,0.3416370106761566,0.42953020134228187,0.13441295546558704
lightgbm__tree_plus_sales_amount_raw_components,lightgbm,tree_plus_sales_amount_raw_components,CS200017,528,0.4412878787878788,0.7497990890813326,0.8125991125336438,0.7142857142857143,0.6652360515021459,0.6888888888888889,0.4109848484848485
lightgbm__tree_plus_sales_amount_raw_components,lightgbm,tree_plus_sales_amount_raw_components,CS200033,72,0.2638888888888889,0.5882683487250675,0.7189672293942403,0.46153846153846156,0.3157894736842105,0.375,0.18055555555555555
lightgbm__tree_plus_sales_amount_raw_components,lightgbm,tree_plus_sales_amount_raw_components,CS200034,699,0.45064377682403434,0.6843411070996556,0.7361689814814815,0.6746031746031746,0.5396825396825397,0.599647266313933,0.3605150214592275
lightgbm__tree_plus_sales_amount_raw_components,lightgbm,tree_plus_sales_amount_raw_components,CS300004,656,0.31859756097560976,0.520712431186466,0.7033492822966507,0.552,0.33014354066985646,0.41317365269461076,0.19054878048780488
lightgbm__tree_plus_sales_amount_raw_components,lightgbm,tree_plus_sales_amount_raw_components,CS300006,198,0.23737373737373738,0.5831825821318956,0.8010426940960969,0.6666666666666666,0.3404255319148936,0.4507042253521127,0.12121212121212122
lightgbm__tree_plus_sales_amount_raw_components,lightgbm,tree_plus_sales_amount_raw_components,CS300007,1584,0.34785353535353536,0.602957080615676,0.7672295202070336,0.6222222222222222,0.5081669691470054,0.5594405594405595,0.2840909090909091
lightgbm__tree_plus_sales_amount_raw_components,lightgbm,tree_plus_sales_amount_raw_components,CS300008,566,0.2597173144876325,0.5925710640862207,0.7893754160375368,0.6790123456790124,0.3741496598639456,0.4824561403508772,0.1431095406360424
lightgbm__tree_plus_sales_amount_raw_components,lightgbm,tree_plus_sales_amount_raw_components,CS300009,1042,0.22648752399232247,0.551111171444848,0.8047588005215125,0.6451612903225806,0.3389830508474576,0.4444444444444444,0.11900191938579655
lightgbm__tree_plus_sales_amount_raw_components,lightgbm,tree_plus_sales_amount_raw_components,CS300019,553,0.2820976491862568,0.49908660572709285,0.755102370341665,0.5175438596491229,0.3782051282051282,0.43703703703703706,0.20614828209764918
lightgbm__tree_plus_sales_amount_raw_components,lightgbm,tree_plus_sales_amount_raw_components,CS300021,962,0.46153846153846156,0.7557542950463517,0.7753313158718563,0.7371601208459214,0.5495495495495496,0.6296774193548387,0.34407484407484407
lightgbm__tree_plus_sales_amount_raw_components,lightgbm,tree_plus_sales_amount_raw_components,CS300029,217,0.42857142857142855,0.6888845374997303,0.7841657995143948,0.6914893617021277,0.6989247311827957,0.6951871657754011,0.43317972350230416
lightgbm__tree_plus_sales_amount_raw_components,lightgbm,tree_plus_sales_amount_raw_components,CS300031,359,0.25069637883008355,0.4642388540766392,0.7212308963238332,0.475,0.4222222222222222,0.4470588235294118,0.22284122562674094
lightgbm__tree_plus_sales_amount_raw_components,lightgbm,tree_plus_sales_amount_raw_components,CS300032,172,0.3081395348837209,0.42607117072860723,0.672427461550658,0.4523809523809524,0.3584905660377358,0.4,0.2441860465116279
lightgbm__tree_plus_sales_amount_raw_components,lightgbm,tree_plus_sales_amount_raw_components,CS300033,616,0.288961038961039,0.3958824838991516,0.655841157457288,0.4838709677419355,0.25280898876404495,0.33210332103321033,0.15097402597402598
lightgbm__tree_plus_sales_amount_raw_components,lightgbm,tree_plus_sales_amount_raw_components,CS300035,596,0.25838926174496646,0.4599074048709303,0.7215431627196333,0.48314606741573035,0.2792207792207792,0.35390946502057613,0.1493288590604027
lightgbm__tree_plus_sales_amount_raw_components,lightgbm,tree_plus_sales_amount_raw_components,CS300043,371,0.23450134770889489,0.34350909791555406,0.6385381253035454,0.3888888888888889,0.2413793103448276,0.2978723404255319,0.14555256064690028
lightgbm__tree_plus_sales_amount_raw_components,lightgbm,tree_plus_sales_amount_raw_components,CS200001,2410,0.2829875518672199,0.6843324072751948,0.8547343393613557,0.7103448275862069,0.4530791788856305,0.5532676812891674,0.18049792531120332
lightgbm__tree_plus_sales_amount_raw_components,lightgbm,tree_plus_sales_amount_raw_components,CS200019,439,0.5170842824601367,0.8172157861297518,0.8386459978389161,0.8052631578947368,0.6740088105726872,0.7338129496402878,0.4328018223234624
lightgbm__tree_plus_sales_amount_raw_components,lightgbm,tree_plus_sales_amount_raw_components,CS200032,175,0.2571428571428571,0.4407610335750837,0.7104273504273504,0.43333333333333335,0.28888888888888886,0.3466666666666667,0.17142857142857143
lightgbm__tree_plus_sales_amount_raw_components,lightgbm,tree_plus_sales_amount_raw_components,CS300003,278,0.32014388489208634,0.519586639983729,0.6943701325723798,0.5454545454545454,0.4044943820224719,0.4645161290322581,0.23741007194244604
lightgbm__tree_plus_sales_amount_raw_components,lightgbm,tree_plus_sales_amount_raw_components,CS200025,1450,0.2103448275862069,0.4291037459315015,0.7426587443625169,0.5363636363636364,0.19344262295081968,0.28433734939759037,0.07586206896551724
lightgbm__tree_plus_sales_amount_raw_components,lightgbm,tree_plus_sales_amount_raw_components,CS300026,39,0.358974358974359,0.6095240138216024,0.7628571428571428,0.6666666666666666,0.5714285714285714,0.6153846153846154,0.3076923076923077
lightgbm__tree_plus_sales_amount_raw_components,lightgbm,tree_plus_sales_amount_raw_components,CS300025,98,0.2755102040816326,0.4218590812331776,0.6238914971309337,0.3793103448275862,0.4074074074074074,0.39285714285714285,0.29591836734693877
lightgbm__tree_plus_sales_amount_raw_components,lightgbm,tree_plus_sales_amount_raw_components,CS200026,173,0.30057803468208094,0.5076852129968026,0.72361729179911,0.5714285714285714,0.38461538461538464,0.45977011494252873,0.2023121387283237
xgboost__tree_plus_sales_amount_raw_components,xgboost,tree_plus_sales_amount_raw_components,CS100001,5554,0.1852718761253151,0.5470162070783763,0.8491525860541533,0.6444444444444445,0.3100097181729835,0.41863517060367456,0.08912495498739648
xgboost__tree_plus_sales_amount_raw_components,xgboost,tree_plus_sales_amount_raw_components,CS100002,1698,0.33510011778563015,0.701154061679099,0.8270005806342144,0.7196969696969697,0.5008787346221442,0.5906735751295337,0.2332155477031802
xgboost__tree_plus_sales_amount_raw_components,xgboost,tree_plus_sales_amount_raw_components,CS100003,1282,0.45553822152886114,0.7919544659315312,0.823482945401735,0.7223230490018149,0.6815068493150684,0.7013215859030837,0.4297971918876755
xgboost__tree_plus_sales_amount_raw_components,xgboost,tree_plus_sales_amount_raw_components,CS100004,1283,0.39438815276695244,0.7257970315825109,0.8169456865109038,0.7240566037735849,0.6067193675889329,0.6602150537634408,0.3304754481683554
xgboost__tree_plus_sales_amount_raw_components,xgboost,tree_plus_sales_amount_raw_components,CS100005,1564,0.3177749360613811,0.6476157724340793,0.7912121274978833,0.6789667896678967,0.3702213279678068,0.4791666666666667,0.17327365728900257
xgboost__tree_plus_sales_amount_raw_components,xgboost,tree_plus_sales_amount_raw_components,CS100006,1526,0.41874180865006555,0.7578712293217398,0.8314075861910786,0.75,0.6150234741784038,0.6758383490971626,0.34338138925294887
xgboost__tree_plus_sales_amount_raw_components,xgboost,tree_plus_sales_amount_raw_components,CS100007,2078,0.48267564966313764,0.7810237960765729,0.8084240302348769,0.7496991576413959,0.6211365902293121,0.6793893129770993,0.39990375360923963
xgboost__tree_plus_sales_amount_raw_components,xgboost,tree_plus_sales_amount_raw_components,CS100008,3033,0.3537751401252885,0.7081522930013107,0.8271249786028111,0.7585616438356164,0.412861136999068,0.5347012673506337,0.19254863171777117
xgboost__tree_plus_sales_amount_raw_components,xgboost,tree_plus_sales_amount_raw_components,CS100009,3508,0.3187001140250855,0.6815095351966444,0.8258025763280215,0.6525679758308157,0.5796064400715564,0.6139270487920417,0.2830672748004561
xgboost__tree_plus_sales_amount_raw_components,xgboost,tree_plus_sales_amount_raw_components,CS100010,4154,0.291044776119403,0.6485145708932493,0.8262740819069204,0.6943699731903485,0.4284532671629446,0.529923273657289,0.17958594126143476
xgboost__tree_plus_sales_amount_raw_components,xgboost,tree_plus_sales_amount_raw_components,CS200006,1998,0.14614614614614616,0.42205283667698723,0.7820484510751738,0.6491228070175439,0.1267123287671233,0.21203438395415472,0.028528528528528527
xgboost__tree_plus_sales_amount_raw_components,xgboost,tree_plus_sales_amount_raw_components,CS200007,1506,0.20053120849933598,0.47061467229866555,0.7768283426107235,0.568,0.23509933774834438,0.3325526932084309,0.08300132802124834
xgboost__tree_plus_sales_amount_raw_components,xgboost,tree_plus_sales_amount_raw_components,CS200016,1297,0.27602158828064766,0.6289905172332019,0.8122452864987714,0.6871794871794872,0.3743016759776536,0.484629294755877,0.15034695451040864
xgboost__tree_plus_sales_amount_raw_components,xgboost,tree_plus_sales_amount_raw_components,CS200024,839,0.4123957091775924,0.7066069833116484,0.780704428472605,0.7153558052434457,0.5520231213872833,0.6231647634584013,0.3182359952324195
xgboost__tree_plus_sales_amount_raw_components,xgboost,tree_plus_sales_amount_raw_components,CS200028,4384,0.2664233576642336,0.5946401713065517,0.8020239662134533,0.6766666666666666,0.3476027397260274,0.4592760180995475,0.13686131386861314
xgboost__tree_plus_sales_amount_raw_components,xgboost,tree_plus_sales_amount_raw_components,CS200029,1017,0.400196656833825,0.6266943461864021,0.7177306964192209,0.6637554585152838,0.37346437346437344,0.4779874213836478,0.22517207472959685
xgboost__tree_plus_sales_amount_raw_components,xgboost,tree_plus_sales_amount_raw_components,CS200030,1156,0.2378892733564014,0.4997631689789757,0.7672892374367969,0.5771812080536913,0.31272727272727274,0.4056603773584906,0.12889273356401384
xgboost__tree_plus_sales_amount_raw_components,xgboost,tree_plus_sales_amount_raw_components,CS200031,1546,0.2238033635187581,0.42439010946567074,0.6922206165703275,0.4793814432989691,0.26878612716763006,0.34444444444444444,0.12548512289780078
xgboost__tree_plus_sales_amount_raw_components,xgboost,tree_plus_sales_amount_raw_components,CS200037,2043,0.29515418502202645,0.5338812741876224,0.7611088078127879,0.5469483568075117,0.3864013266998342,0.45286686103012636,0.20851688693098386
xgboost__tree_plus_sales_amount_raw_components,xgboost,tree_plus_sales_amount_raw_components,CS300001,3323,0.33012338248570566,0.7327812937486285,0.8566649549002793,0.7516254876462939,0.5268915223336372,0.6195069667738478,0.2314173939211556
xgboost__tree_plus_sales_amount_raw_components,xgboost,tree_plus_sales_amount_raw_components,CS300002,2751,0.2813522355507088,0.6822499601063596,0.8295821847891579,0.7151394422310757,0.46382428940568476,0.5626959247648903,0.18247909850963287
xgboost__tree_plus_sales_amount_raw_components,xgboost,tree_plus_sales_amount_raw_components,CS300010,1240,0.24435483870967742,0.6039402264444086,0.81419177136497,0.6382978723404256,0.39603960396039606,0.48879837067209775,0.15161290322580645
xgboost__tree_plus_sales_amount_raw_components,xgboost,tree_plus_sales_amount_raw_components,CS300011,3264,0.35324754901960786,0.5731507801669711,0.7174655698088277,0.6056910569105691,0.3876843018213356,0.4727657324167107,0.2261029411764706
xgboost__tree_plus_sales_amount_raw_components,xgboost,tree_plus_sales_amount_raw_components,CS300014,494,0.4109311740890688,0.587923742589615,0.7021143331132667,0.6115702479338843,0.3645320197044335,0.4567901234567901,0.24493927125506074
xgboost__tree_plus_sales_amount_raw_components,xgboost,tree_plus_sales_amount_raw_components,CS300015,215,0.3953488372093023,0.6264012160821659,0.7409954751131221,0.625,0.35294117647058826,0.45112781954887216,0.22325581395348837
xgboost__tree_plus_sales_amount_raw_components,xgboost,tree_plus_sales_amount_raw_components,CS300016,805,0.2248447204968944,0.46186545621672925,0.7186658875194786,0.5869565217391305,0.14917127071823205,0.23788546255506607,0.05714285714285714
xgboost__tree_plus_sales_amount_raw_components,xgboost,tree_plus_sales_amount_raw_components,CS300017,644,0.36490683229813664,0.6007515701615417,0.7547521198564219,0.6288659793814433,0.5191489361702127,0.5687645687645687,0.30124223602484473
xgboost__tree_plus_sales_amount_raw_components,xgboost,tree_plus_sales_amount_raw_components,CS300018,2260,0.12212389380530973,0.5508445348799234,0.8775585115708275,0.7272727272727273,0.2898550724637681,0.41450777202072536,0.048672566371681415
xgboost__tree_plus_sales_amount_raw_components,xgboost,tree_plus_sales_amount_raw_components,CS300020,514,0.39883268482490275,0.6124809614951938,0.7112637145788933,0.6384615384615384,0.40487804878048783,0.4955223880597015,0.2529182879377432
xgboost__tree_plus_sales_amount_raw_components,xgboost,tree_plus_sales_amount_raw_components,CS300022,1851,0.35386277687736356,0.6467122689721834,0.7774285787229696,0.6738197424892703,0.47938931297709925,0.56021409455843,0.2517558076715289
xgboost__tree_plus_sales_amount_raw_components,xgboost,tree_plus_sales_amount_raw_components,CS300024,463,0.3174946004319654,0.5559174787401203,0.7209592697838629,0.5416666666666666,0.4421768707482993,0.4868913857677903,0.2591792656587473
xgboost__tree_plus_sales_amount_raw_components,xgboost,tree_plus_sales_amount_raw_components,CS300027,337,0.36795252225519287,0.546276076732819,0.6728002423140997,0.5584415584415584,0.3467741935483871,0.42786069651741293,0.228486646884273
xgboost__tree_plus_sales_amount_raw_components,xgboost,tree_plus_sales_amount_raw_components,CS300028,1083,0.31117266851338876,0.46452660677271335,0.6831290124979117,0.47766323024054985,0.4124629080118694,0.4426751592356688,0.26869806094182824
xgboost__tree_plus_sales_amount_raw_components,xgboost,tree_plus_sales_amount_raw_components,CS300036,596,0.2902684563758389,0.4963074040341382,0.7309883983109908,0.5412844036697247,0.34104046242774566,0.41843971631205673,0.18288590604026847
xgboost__tree_plus_sales_amount_raw_components,xgboost,tree_plus_sales_amount_raw_components,CS200002,250,0.24,0.6941852925049831,0.8578947368421052,0.6976744186046512,0.5,0.5825242718446602,0.172
xgboost__tree_plus_sales_amount_raw_components,xgboost,tree_plus_sales_amount_raw_components,CS200003,1882,0.28746014877789583,0.6210255865593777,0.8071196902468845,0.6426512968299711,0.4121996303142329,0.5022522522522522,0.18437832093517534
xgboost__tree_plus_sales_amount_raw_components,xgboost,tree_plus_sales_amount_raw_components,CS200005,1755,0.29971509971509974,0.6002188208797478,0.7885247828925182,0.6371428571428571,0.42395437262357416,0.5091324200913242,0.19943019943019943
xgboost__tree_plus_sales_amount_raw_components,xgboost,tree_plus_sales_amount_raw_components,CS200008,1235,0.22753036437246962,0.514024551686815,0.7858539060110268,0.5714285714285714,0.35587188612099646,0.43859649122807015,0.1417004048582996
xgboost__tree_plus_sales_amount_raw_components,xgboost,tree_plus_sales_amount_raw_components,CS200017,528,0.4412878787878788,0.7498255504664303,0.8135302247763149,0.7276785714285714,0.6995708154506438,0.7133479212253829,0.42424242424242425
xgboost__tree_plus_sales_amount_raw_components,xgboost,tree_plus_sales_amount_raw_components,CS200033,72,0.2638888888888889,0.6413372333155384,0.7547169811320755,0.875,0.3684210526315789,0.5185185185185185,0.1111111111111111
xgboost__tree_plus_sales_amount_raw_components,xgboost,tree_plus_sales_amount_raw_components,CS200034,699,0.45064377682403434,0.6967658658939416,0.7451223544973545,0.6827309236947792,0.5396825396825397,0.6028368794326241,0.3562231759656652
xgboost__tree_plus_sales_amount_raw_components,xgboost,tree_plus_sales_amount_raw_components,CS300004,656,0.31859756097560976,0.5159428692803918,0.6981792492212837,0.5365853658536586,0.3157894736842105,0.39759036144578314,0.1875
xgboost__tree_plus_sales_amount_raw_components,xgboost,tree_plus_sales_amount_raw_components,CS300006,198,0.23737373737373738,0.6160611575792332,0.8076652106523884,0.6956521739130435,0.3404255319148936,0.45714285714285713,0.11616161616161616
xgboost__tree_plus_sales_amount_raw_components,xgboost,tree_plus_sales_amount_raw_components,CS300007,1584,0.34785353535353536,0.6150141491621743,0.7677706466988649,0.6166281755196305,0.484573502722323,0.5426829268292683,0.27335858585858586
xgboost__tree_plus_sales_amount_raw_components,xgboost,tree_plus_sales_amount_raw_components,CS300008,566,0.2597173144876325,0.5888599614390132,0.7801048820482848,0.6923076923076923,0.3673469387755102,0.48,0.13780918727915195
xgboost__tree_plus_sales_amount_raw_components,xgboost,tree_plus_sales_amount_raw_components,CS300009,1042,0.22648752399232247,0.5593220758126438,0.8058102367834463,0.6842105263157895,0.3305084745762712,0.44571428571428573,0.10940499040307101
xgboost__tree_plus_sales_amount_raw_components,xgboost,tree_plus_sales_amount_raw_components,CS300019,553,0.2820976491862568,0.5031751005868431,0.7507427501130273,0.4918032786885246,0.38461538461538464,0.4316546762589928,0.2206148282097649
xgboost__tree_plus_sales_amount_raw_components,xgboost,tree_plus_sales_amount_raw_components,CS300021,962,0.46153846153846156,0.7674701110467066,0.7764617899753035,0.7492163009404389,0.5382882882882883,0.6264744429882044,0.3316008316008316
xgboost__tree_plus_sales_amount_raw_components,xgboost,tree_plus_sales_amount_raw_components,CS300029,217,0.42857142857142855,0.655557868489929,0.7688172043010753,0.6703296703296703,0.6559139784946236,0.6630434782608695,0.41935483870967744
xgboost__tree_plus_sales_amount_raw_components,xgboost,tree_plus_sales_amount_raw_components,CS300031,359,0.25069637883008355,0.47948778524716396,0.726848409748038,0.5294117647058824,0.4,0.45569620253164556,0.1894150417827298
xgboost__tree_plus_sales_amount_raw_components,xgboost,tree_plus_sales_amount_raw_components,CS300032,172,0.3081395348837209,0.4344764899680459,0.6836847946725861,0.42857142857142855,0.2830188679245283,0.3409090909090909,0.20348837209302326
xgboost__tree_plus_sales_amount_raw_components,xgboost,tree_plus_sales_amount_raw_components,CS300033,616,0.288961038961039,0.41308712712133233,0.6555846288030373,0.42391304347826086,0.21910112359550563,0.28888888888888886,0.14935064935064934
xgboost__tree_plus_sales_amount_raw_components,xgboost,tree_plus_sales_amount_raw_components,CS300035,596,0.25838926174496646,0.43265361626749205,0.7188987483105129,0.5,0.2727272727272727,0.35294117647058826,0.14093959731543623
xgboost__tree_plus_sales_amount_raw_components,xgboost,tree_plus_sales_amount_raw_components,CS300043,371,0.23450134770889489,0.3731483336623427,0.6537153958232151,0.46,0.26436781609195403,0.3357664233576642,0.1347708894878706
xgboost__tree_plus_sales_amount_raw_components,xgboost,tree_plus_sales_amount_raw_components,CS200001,2410,0.2829875518672199,0.6837940715182571,0.855884109916368,0.7110609480812641,0.46187683284457476,0.56,0.18381742738589213
xgboost__tree_plus_sales_amount_raw_components,xgboost,tree_plus_sales_amount_raw_components,CS200019,439,0.5170842824601367,0.8195328049964115,0.835861524395312,0.7954545454545454,0.6167400881057269,0.6947890818858561,0.4009111617312073
xgboost__tree_plus_sales_amount_raw_components,xgboost,tree_plus_sales_amount_raw_components,CS200032,175,0.2571428571428571,0.44568591468419766,0.6998290598290599,0.5,0.3111111111111111,0.3835616438356164,0.16
xgboost__tree_plus_sales_amount_raw_components,xgboost,tree_plus_sales_amount_raw_components,CS300003,278,0.32014388489208634,0.5327717114264738,0.7013257237976338,0.5223880597014925,0.39325842696629215,0.44871794871794873,0.24100719424460432
xgboost__tree_plus_sales_amount_raw_components,xgboost,tree_plus_sales_amount_raw_components,CS200025,1450,0.2103448275862069,0.4418314103556413,0.7479246903858543,0.5567010309278351,0.17704918032786884,0.26865671641791045,0.06689655172413793
xgboost__tree_plus_sales_amount_raw_components,xgboost,tree_plus_sales_amount_raw_components,CS300026,39,0.358974358974359,0.5971481660465949,0.7542857142857143,0.6923076923076923,0.6428571428571429,0.6666666666666666,0.3333333333333333
xgboost__tree_plus_sales_amount_raw_components,xgboost,tree_plus_sales_amount_raw_components,CS300025,98,0.2755102040816326,0.33979437385885675,0.6113719353155973,0.3448275862068966,0.37037037037037035,0.35714285714285715,0.29591836734693877
xgboost__tree_plus_sales_amount_raw_components,xgboost,tree_plus_sales_amount_raw_components,CS200026,173,0.30057803468208094,0.5507659955143783,0.7275905912269548,0.5294117647058824,0.34615384615384615,0.4186046511627907,0.19653179190751446
catboost__tree_plus_sales_amount_raw_components,catboost,tree_plus_sales_amount_raw_components,CS100001,5554,0.1852718761253151,0.4890509745311224,0.8250273558515749,0.5871794871794872,0.22254616132167152,0.3227625088090204,0.07021966150522146
catboost__tree_plus_sales_amount_raw_components,catboost,tree_plus_sales_amount_raw_components,CS100002,1698,0.33510011778563015,0.6476060498951626,0.7985697407071284,0.6950146627565983,0.4165202108963093,0.5208791208791209,0.20082449941107186
catboost__tree_plus_sales_amount_raw_components,catboost,tree_plus_sales_amount_raw_components,CS100003,1282,0.45553822152886114,0.7396936616230546,0.7948590885897082,0.7145877378435518,0.5787671232876712,0.6395458845789972,0.36895475819032764
catboost__tree_plus_sales_amount_raw_components,catboost,tree_plus_sales_amount_raw_components,CS100004,1283,0.39438815276695244,0.6793352656469214,0.7898423550597464,0.6927083333333334,0.525691699604743,0.597752808988764,0.2992985190958691
catboost__tree_plus_sales_amount_raw_components,catboost,tree_plus_sales_amount_raw_components,CS100005,1564,0.3177749360613811,0.6187126534646651,0.7714874061614296,0.6666666666666666,0.3501006036217304,0.45910290237467016,0.16687979539641945
catboost__tree_plus_sales_amount_raw_components,catboost,tree_plus_sales_amount_raw_components,CS100006,1526,0.41874180865006555,0.739333047523724,0.816996681328104,0.7267080745341615,0.5492957746478874,0.6256684491978609,0.3165137614678899
catboost__tree_plus_sales_amount_raw_components,catboost,tree_plus_sales_amount_raw_components,CS100007,2078,0.48267564966313764,0.7577798107759977,0.7855447610656403,0.7474489795918368,0.584247258225324,0.6558477895914941,0.37728585178055823
catboost__tree_plus_sales_amount_raw_components,catboost,tree_plus_sales_amount_raw_components,CS100008,3033,0.3537751401252885,0.6660497808796587,0.8046588812598665,0.7156862745098039,0.3401677539608574,0.46114971572962726,0.1681503461918892
catboost__tree_plus_sales_amount_raw_components,catboost,tree_plus_sales_amount_raw_components,CS100009,3508,0.3187001140250855,0.6354208116123182,0.8052552001856272,0.645422943221321,0.49821109123434704,0.5623422513881878,0.2460091220068415
catboost__tree_plus_sales_amount_raw_components,catboost,tree_plus_sales_amount_raw_components,CS100010,4154,0.291044776119403,0.5867188854041387,0.7978166018584444,0.6294642857142857,0.34987593052109184,0.44976076555023925,0.16177178623013963
catboost__tree_plus_sales_amount_raw_components,catboost,tree_plus_sales_amount_raw_components,CS200006,1998,0.14614614614614616,0.3474928884584315,0.7441242833512662,0.5135135135135135,0.06506849315068493,0.11550151975683891,0.018518518518518517
catboost__tree_plus_sales_amount_raw_components,catboost,tree_plus_sales_amount_raw_components,CS200007,1506,0.20053120849933598,0.38407515965882877,0.7314305515830233,0.4230769230769231,0.1456953642384106,0.21674876847290642,0.06905710491367861
catboost__tree_plus_sales_amount_raw_components,catboost,tree_plus_sales_amount_raw_components,CS200016,1297,0.27602158828064766,0.5431888861740397,0.7746384183816135,0.591304347826087,0.18994413407821228,0.28752642706131076,0.08866615265998458
catboost__tree_plus_sales_amount_raw_components,catboost,tree_plus_sales_amount_raw_components,CS200024,839,0.4123957091775924,0.6554531453902046,0.7451488468618461,0.6374501992031872,0.4624277456647399,0.5360134003350083,0.29916567342073896
catboost__tree_plus_sales_amount_raw_components,catboost,tree_plus_sales_amount_raw_components,CS200028,4384,0.2664233576642336,0.5401875776852056,0.7700298805629389,0.6101694915254238,0.2773972602739726,0.38140082401412595,0.12112226277372262
catboost__tree_plus_sales_amount_raw_components,catboost,tree_plus_sales_amount_raw_components,CS200029,1017,0.400196656833825,0.5487406337066443,0.666045031618802,0.5806451612903226,0.3095823095823096,0.40384615384615385,0.21337266470009833
catboost__tree_plus_sales_amount_raw_components,catboost,tree_plus_sales_amount_raw_components,CS200030,1156,0.2378892733564014,0.44037423244126217,0.7421277473944898,0.5357142857142857,0.21818181818181817,0.31007751937984496,0.09688581314878893
catboost__tree_plus_sales_amount_raw_components,catboost,tree_plus_sales_amount_raw_components,CS200031,1546,0.2238033635187581,0.370937186151282,0.6595255298651252,0.4891304347826087,0.13005780346820808,0.2054794520547945,0.059508408796895215
catboost__tree_plus_sales_amount_raw_components,catboost,tree_plus_sales_amount_raw_components,CS200037,2043,0.29515418502202645,0.4940939370391244,0.7431235028560901,0.5,0.23714759535655058,0.3217097862767154,0.13999021047479196
catboost__tree_plus_sales_amount_raw_components,catboost,tree_plus_sales_amount_raw_components,CS300001,3323,0.33012338248570566,0.6874566181879171,0.8274519005930574,0.7013801756587202,0.5095715587967183,0.590285110876452,0.23984351489617814
catboost__tree_plus_sales_amount_raw_components,catboost,tree_plus_sales_amount_raw_components,CS300002,2751,0.2813522355507088,0.6063738246087612,0.7942776032905545,0.6271186440677966,0.43023255813953487,0.5103448275862069,0.193020719738277
catboost__tree_plus_sales_amount_raw_components,catboost,tree_plus_sales_amount_raw_components,CS300010,1240,0.24435483870967742,0.5490916918993229,0.7942946909418798,0.5941176470588235,0.3333333333333333,0.427061310782241,0.13709677419354838
catboost__tree_plus_sales_amount_raw_components,catboost,tree_plus_sales_amount_raw_components,CS300011,3264,0.35324754901960786,0.5383780691128438,0.6951110587050116,0.5699558173784978,0.33564614050303554,0.42248908296943233,0.20802696078431374
catboost__tree_plus_sales_amount_raw_components,catboost,tree_plus_sales_amount_raw_components,CS300014,494,0.4109311740890688,0.5541872371515411,0.6710341441944712,0.5681818181818182,0.3694581280788177,0.44776119402985076,0.26720647773279355
catboost__tree_plus_sales_amount_raw_components,catboost,tree_plus_sales_amount_raw_components,CS300015,215,0.3953488372093023,0.5485054814114108,0.6893212669683257,0.5227272727272727,0.27058823529411763,0.35658914728682173,0.20465116279069767
catboost__tree_plus_sales_amount_raw_components,catboost,tree_plus_sales_amount_raw_components,CS300016,805,0.2248447204968944,0.41350949570417317,0.7085281201303301,0.5652173913043478,0.143646408839779,0.2290748898678414,0.05714285714285714
catboost__tree_plus_sales_amount_raw_components,catboost,tree_plus_sales_amount_raw_components,CS300017,644,0.36490683229813664,0.5765530018636477,0.7239140612807574,0.6309523809523809,0.451063829787234,0.5260545905707196,0.2608695652173913
catboost__tree_plus_sales_amount_raw_components,catboost,tree_plus_sales_amount_raw_components,CS300018,2260,0.12212389380530973,0.5031512203153143,0.8611792893875642,0.696078431372549,0.2572463768115942,0.37566137566137564,0.04513274336283186
catboost__tree_plus_sales_amount_raw_components,catboost,tree_plus_sales_amount_raw_components,CS300020,514,0.39883268482490275,0.5307666769841086,0.6674875680795643,0.608,0.37073170731707317,0.46060606060606063,0.24319066147859922
catboost__tree_plus_sales_amount_raw_components,catboost,tree_plus_sales_amount_raw_components,CS300022,1851,0.35386277687736356,0.6169368670648868,0.7612818810794251,0.6459770114942529,0.42900763358778626,0.5155963302752293,0.23500810372771475
catboost__tree_plus_sales_amount_raw_components,catboost,tree_plus_sales_amount_raw_components,CS300024,463,0.3174946004319654,0.5165028393582559,0.694889348144321,0.5038759689922481,0.4421768707482993,0.47101449275362317,0.2786177105831533
catboost__tree_plus_sales_amount_raw_components,catboost,tree_plus_sales_amount_raw_components,CS300027,337,0.36795252225519287,0.5421895628434037,0.6710964713009238,0.5617977528089888,0.4032258064516129,0.4694835680751174,0.26409495548961426
catboost__tree_plus_sales_amount_raw_components,catboost,tree_plus_sales_amount_raw_components,CS300028,1083,0.31117266851338876,0.42894516040373215,0.6609891727193897,0.4461538461538462,0.34421364985163205,0.38860971524288107,0.24007386888273316
catboost__tree_plus_sales_amount_raw_components,catboost,tree_plus_sales_amount_raw_components,CS300036,596,0.2902684563758389,0.4280432832493226,0.6821219202230148,0.42718446601941745,0.2543352601156069,0.3188405797101449,0.17281879194630873
catboost__tree_plus_sales_amount_raw_components,catboost,tree_plus_sales_amount_raw_components,CS200002,250,0.24,0.6051817641598328,0.8367543859649123,0.7368421052631579,0.23333333333333334,0.35443037974683544,0.076
catboost__tree_plus_sales_amount_raw_components,catboost,tree_plus_sales_amount_raw_components,CS200003,1882,0.28746014877789583,0.5313835179721725,0.7654797299998208,0.592741935483871,0.27171903881700554,0.3726235741444867,0.13177470775770456
catboost__tree_plus_sales_amount_raw_components,catboost,tree_plus_sales_amount_raw_components,CS200005,1755,0.29971509971509974,0.5399845443569129,0.753162638022195,0.5860805860805861,0.3041825095057034,0.4005006257822278,0.15555555555555556
catboost__tree_plus_sales_amount_raw_components,catboost,tree_plus_sales_amount_raw_components,CS200008,1235,0.22753036437246962,0.4416411824805226,0.7399113677566641,0.4968152866242038,0.2775800711743772,0.3561643835616438,0.12712550607287448
catboost__tree_plus_sales_amount_raw_components,catboost,tree_plus_sales_amount_raw_components,CS200017,528,0.4412878787878788,0.6770458088869914,0.7736815305157488,0.6780487804878049,0.5965665236051502,0.634703196347032,0.38825757575757575
catboost__tree_plus_sales_amount_raw_components,catboost,tree_plus_sales_amount_raw_components,CS200033,72,0.2638888888888889,0.5851352160505561,0.756703078450844,0.625,0.2631578947368421,0.37037037037037035,0.1111111111111111
catboost__tree_plus_sales_amount_raw_components,catboost,tree_plus_sales_amount_raw_components,CS200034,699,0.45064377682403434,0.6223630957828029,0.6981729497354497,0.6378600823045267,0.49206349206349204,0.5555555555555556,0.34763948497854075
catboost__tree_plus_sales_amount_raw_components,catboost,tree_plus_sales_amount_raw_components,CS300004,656,0.31859756097560976,0.45911269851644504,0.6788906372092525,0.5151515151515151,0.3253588516746411,0.39882697947214074,0.20121951219512196
catboost__tree_plus_sales_amount_raw_components,catboost,tree_plus_sales_amount_raw_components,CS300006,198,0.23737373737373738,0.549019902260167,0.7362265746089898,0.631578947368421,0.2553191489361702,0.36363636363636365,0.09595959595959595
catboost__tree_plus_sales_amount_raw_components,catboost,tree_plus_sales_amount_raw_components,CS300007,1584,0.34785353535353536,0.5677643039928644,0.7366822269814804,0.5806451612903226,0.4573502722323049,0.5116751269035533,0.273989898989899
catboost__tree_plus_sales_amount_raw_components,catboost,tree_plus_sales_amount_raw_components,CS300008,566,0.2597173144876325,0.5379636877480899,0.7512866721867745,0.5833333333333334,0.3333333333333333,0.42424242424242425,0.14840989399293286
catboost__tree_plus_sales_amount_raw_components,catboost,tree_plus_sales_amount_raw_components,CS300009,1042,0.22648752399232247,0.4992589769699697,0.770534550195567,0.5652173913043478,0.2754237288135593,0.37037037037037035,0.11036468330134357
catboost__tree_plus_sales_amount_raw_components,catboost,tree_plus_sales_amount_raw_components,CS300019,553,0.2820976491862568,0.5010749045172437,0.7369534327972616,0.5242718446601942,0.34615384615384615,0.416988416988417,0.18625678119349007
catboost__tree_plus_sales_amount_raw_components,catboost,tree_plus_sales_amount_raw_components,CS300021,962,0.46153846153846156,0.7197522328842629,0.7579350586107342,0.7318611987381703,0.5225225225225225,0.6097240473061761,0.3295218295218295
catboost__tree_plus_sales_amount_raw_components,catboost,tree_plus_sales_amount_raw_components,CS300029,217,0.42857142857142855,0.6255910453721677,0.7198231009365244,0.627906976744186,0.5806451612903226,0.6033519553072626,0.39631336405529954
catboost__tree_plus_sales_amount_raw_components,catboost,tree_plus_sales_amount_raw_components,CS300031,359,0.25069637883008355,0.4964285555530459,0.6989260636100785,0.5,0.35555555555555557,0.4155844155844156,0.17827298050139276
catboost__tree_plus_sales_amount_raw_components,catboost,tree_plus_sales_amount_raw_components,CS300032,172,0.3081395348837209,0.43619262233713985,0.6594260345647693,0.4791666666666667,0.4339622641509434,0.45544554455445546,0.27906976744186046
catboost__tree_plus_sales_amount_raw_components,catboost,tree_plus_sales_amount_raw_components,CS300033,616,0.288961038961039,0.3331969654660582,0.6028679903545227,0.30337078651685395,0.15168539325842698,0.20224719101123595,0.1444805194805195
catboost__tree_plus_sales_amount_raw_components,catboost,tree_plus_sales_amount_raw_components,CS300035,596,0.25838926174496646,0.3689352381583959,0.6830228594934477,0.3717948717948718,0.18831168831168832,0.25,0.13087248322147652
catboost__tree_plus_sales_amount_raw_components,catboost,tree_plus_sales_amount_raw_components,CS300043,371,0.23450134770889489,0.3211736596336799,0.6378905617613728,0.25,0.08045977011494253,0.12173913043478261,0.07547169811320754
catboost__tree_plus_sales_amount_raw_components,catboost,tree_plus_sales_amount_raw_components,CS200001,2410,0.2829875518672199,0.6190766716669915,0.8272849462365591,0.6640625,0.37390029325513197,0.47842401500938087,0.15933609958506223
catboost__tree_plus_sales_amount_raw_components,catboost,tree_plus_sales_amount_raw_components,CS200019,439,0.5170842824601367,0.7870080389031927,0.8091804505028677,0.7852760736196319,0.5638766519823789,0.6564102564102564,0.3712984054669704
catboost__tree_plus_sales_amount_raw_components,catboost,tree_plus_sales_amount_raw_components,CS200032,175,0.2571428571428571,0.4029186026742225,0.692991452991453,0.38095238095238093,0.17777777777777778,0.24242424242424243,0.12
catboost__tree_plus_sales_amount_raw_components,catboost,tree_plus_sales_amount_raw_components,CS300003,278,0.32014388489208634,0.4251986590202617,0.657273646037691,0.4626865671641791,0.34831460674157305,0.3974358974358974,0.24100719424460432
catboost__tree_plus_sales_amount_raw_components,catboost,tree_plus_sales_amount_raw_components,CS200025,1450,0.2103448275862069,0.38264985403976637,0.7117846660462452,0.45098039215686275,0.15081967213114755,0.22604422604422605,0.0703448275862069
catboost__tree_plus_sales_amount_raw_components,catboost,tree_plus_sales_amount_raw_components,CS300026,39,0.358974358974359,0.6802780761427377,0.8685714285714285,0.7142857142857143,0.7142857142857143,0.7142857142857143,0.358974358974359
catboost__tree_plus_sales_amount_raw_components,catboost,tree_plus_sales_amount_raw_components,CS300025,98,0.2755102040816326,0.3527516863531429,0.6124152321335421,0.375,0.4444444444444444,0.4067796610169492,0.32653061224489793
catboost__tree_plus_sales_amount_raw_components,catboost,tree_plus_sales_amount_raw_components,CS200026,173,0.30057803468208094,0.4422843002203251,0.6875397329942785,0.4074074074074074,0.21153846153846154,0.27848101265822783,0.15606936416184972
random_forest__tree_plus_transaction_count_raw_components,random_forest,tree_plus_transaction_count_raw_components,CS100001,5554,0.1852718761253151,0.5228032503477866,0.8344347620658366,0.9166666666666666,0.010689990281827016,0.021133525456292025,0.0021606049693914295
random_forest__tree_plus_transaction_count_raw_components,random_forest,tree_plus_transaction_count_raw_components,CS100002,1698,0.33510011778563015,0.6733718072834698,0.8091503593549824,0.8275862068965517,0.0843585237258348,0.15311004784688995,0.03415783274440518
random_forest__tree_plus_transaction_count_raw_components,random_forest,tree_plus_transaction_count_raw_components,CS100003,1282,0.45553822152886114,0.7341675306145148,0.7901514110766573,0.8333333333333334,0.10273972602739725,0.18292682926829268,0.056162246489859596
random_forest__tree_plus_transaction_count_raw_components,random_forest,tree_plus_transaction_count_raw_components,CS100004,1283,0.39438815276695244,0.6812966170610261,0.7913531826575305,0.875,0.08300395256916997,0.15162454873646208,0.037412314886983634
random_forest__tree_plus_transaction_count_raw_components,random_forest,tree_plus_transaction_count_raw_components,CS100005,1564,0.3177749360613811,0.616266160290184,0.7809141635190714,0.7777777777777778,0.056338028169014086,0.1050656660412758,0.023017902813299233
random_forest__tree_plus_transaction_count_raw_components,random_forest,tree_plus_transaction_count_raw_components,CS100006,1526,0.41874180865006555,0.7448183377158809,0.8181558346698001,0.8472222222222222,0.19092331768388107,0.3116219667943806,0.09436435124508519
random_forest__tree_plus_transaction_count_raw_components,random_forest,tree_plus_transaction_count_raw_components,CS100007,2078,0.48267564966313764,0.7525025343262166,0.7850624869577315,0.8389830508474576,0.19740777666999004,0.3196125907990315,0.11357074109720885
random_forest__tree_plus_transaction_count_raw_components,random_forest,tree_plus_transaction_count_raw_components,CS100008,3033,0.3537751401252885,0.663670778014539,0.799446050554425,0.8305084745762712,0.045666356011183594,0.08657243816254417,0.01945268710847346
random_forest__tree_plus_transaction_count_raw_components,random_forest,tree_plus_transaction_count_raw_components,CS100009,3508,0.3187001140250855,0.6295752396294995,0.7962329997529958,0.8,0.06082289803220036,0.11305070656691604,0.024230330672748004
random_forest__tree_plus_transaction_count_raw_components,random_forest,tree_plus_transaction_count_raw_components,CS100010,4154,0.291044776119403,0.6017253148937785,0.7895568184850184,0.7954545454545454,0.028949545078577336,0.055865921787709494,0.01059220028887819
random_forest__tree_plus_transaction_count_raw_components,random_forest,tree_plus_transaction_count_raw_components,CS200006,1998,0.14614614614614616,0.3799856836823622,0.7660834444105413,0.0,0.0,0.0,0.0
random_forest__tree_plus_transaction_count_raw_components,random_forest,tree_plus_transaction_count_raw_components,CS200007,1506,0.20053120849933598,0.37604848087898995,0.7363396844953907,0.0,0.0,0.0,0.0
random_forest__tree_plus_transaction_count_raw_components,random_forest,tree_plus_transaction_count_raw_components,CS200016,1297,0.27602158828064766,0.5939124915362363,0.7906247583010573,1.0,0.01675977653631285,0.03296703296703297,0.004626060138781804
random_forest__tree_plus_transaction_count_raw_components,random_forest,tree_plus_transaction_count_raw_components,CS200024,839,0.4123957091775924,0.6338994091511102,0.7461864953276507,0.625,0.028901734104046242,0.055248618784530384,0.01907032181168057
random_forest__tree_plus_transaction_count_raw_components,random_forest,tree_plus_transaction_count_raw_components,CS200028,4384,0.2664233576642336,0.5508518020377802,0.7748561878109452,0.6363636363636364,0.011986301369863013,0.023529411764705882,0.005018248175182482
random_forest__tree_plus_transaction_count_raw_components,random_forest,tree_plus_transaction_count_raw_components,CS200029,1017,0.400196656833825,0.5795670536951578,0.6760261006162644,1.0,0.0171990171990172,0.033816425120772944,0.00688298918387414
random_forest__tree_plus_transaction_count_raw_components,random_forest,tree_plus_transaction_count_raw_components,CS200030,1156,0.2378892733564014,0.45879276004545927,0.7367247962026622,0.6666666666666666,0.007272727272727273,0.014388489208633094,0.0025951557093425604
random_forest__tree_plus_transaction_count_raw_components,random_forest,tree_plus_transaction_count_raw_components,CS200031,1546,0.2238033635187581,0.4000586671250357,0.6698554913294797,1.0,0.002890173410404624,0.005763688760806916,0.000646830530401035
random_forest__tree_plus_transaction_count_raw_components,random_forest,tree_plus_transaction_count_raw_components,CS200037,2043,0.29515418502202645,0.5155031839254584,0.7416724249124746,0.5,0.008291873963515755,0.01631321370309951,0.004894762604013705
random_forest__tree_plus_transaction_count_raw_components,random_forest,tree_plus_transaction_count_raw_components,CS300001,3323,0.33012338248570566,0.6969252797533546,0.8277229985232945,0.8392156862745098,0.195077484047402,0.3165680473372781,0.0767378874510984
random_forest__tree_plus_transaction_count_raw_components,random_forest,tree_plus_transaction_count_raw_components,CS300002,2751,0.2813522355507088,0.6366714225397452,0.7968968721694839,0.8877551020408163,0.1124031007751938,0.19954128440366972,0.035623409669211195
random_forest__tree_plus_transaction_count_raw_components,random_forest,tree_plus_transaction_count_raw_components,CS300010,1240,0.24435483870967742,0.5792067114886473,0.8047874157746617,0.7777777777777778,0.0231023102310231,0.04487179487179487,0.007258064516129033
random_forest__tree_plus_transaction_count_raw_components,random_forest,tree_plus_transaction_count_raw_components,CS300011,3264,0.35324754901960786,0.5260476159882768,0.6768364857108697,0.8260869565217391,0.01647875108412836,0.03231292517006803,0.0070465686274509805
random_forest__tree_plus_transaction_count_raw_components,random_forest,tree_plus_transaction_count_raw_components,CS300014,494,0.4109311740890688,0.5451726127054087,0.6653801228987862,0.5789473684210527,0.054187192118226604,0.0990990990990991,0.038461538461538464
random_forest__tree_plus_transaction_count_raw_components,random_forest,tree_plus_transaction_count_raw_components,CS300015,215,0.3953488372093023,0.5651403798676793,0.6890497737556561,0.5714285714285714,0.047058823529411764,0.08695652173913043,0.03255813953488372
random_forest__tree_plus_transaction_count_raw_components,random_forest,tree_plus_transaction_count_raw_components,CS300016,805,0.2248447204968944,0.4342360205528595,0.7028793030174245,0.8,0.022099447513812154,0.043010752688172046,0.006211180124223602
random_forest__tree_plus_transaction_count_raw_components,random_forest,tree_plus_transaction_count_raw_components,CS300017,644,0.36490683229813664,0.5389002197233428,0.7049367944649638,0.7,0.029787234042553193,0.05714285714285714,0.015527950310559006
random_forest__tree_plus_transaction_count_raw_components,random_forest,tree_plus_transaction_count_raw_components,CS300018,2260,0.12212389380530973,0.510353220248312,0.8563909829359514,0.6666666666666666,0.007246376811594203,0.014336917562724014,0.001327433628318584
random_forest__tree_plus_transaction_count_raw_components,random_forest,tree_plus_transaction_count_raw_components,CS300020,514,0.39883268482490275,0.5679159159608494,0.6749704001894388,0.6,0.02926829268292683,0.05581395348837209,0.019455252918287938
random_forest__tree_plus_transaction_count_raw_components,random_forest,tree_plus_transaction_count_raw_components,CS300022,1851,0.35386277687736356,0.6286498348173996,0.7522300799101329,0.8333333333333334,0.04580152671755725,0.08683068017366136,0.019448946515397084
random_forest__tree_plus_transaction_count_raw_components,random_forest,tree_plus_transaction_count_raw_components,CS300024,463,0.3174946004319654,0.5701540133435186,0.695922672866615,1.0,0.06802721088435375,0.12738853503184713,0.02159827213822894
random_forest__tree_plus_transaction_count_raw_components,random_forest,tree_plus_transaction_count_raw_components,CS300027,337,0.36795252225519287,0.4796196205935606,0.6113509011055581,0.5,0.008064516129032258,0.015873015873015872,0.005934718100890208
random_forest__tree_plus_transaction_count_raw_components,random_forest,tree_plus_transaction_count_raw_components,CS300028,1083,0.31117266851338876,0.44867969804911223,0.6682524403147151,0.6666666666666666,0.02373887240356083,0.045845272206303724,0.0110803324099723
random_forest__tree_plus_transaction_count_raw_components,random_forest,tree_plus_transaction_count_raw_components,CS300036,596,0.2902684563758389,0.44835752098735404,0.7023872969021168,1.0,0.005780346820809248,0.011494252873563218,0.0016778523489932886
random_forest__tree_plus_transaction_count_raw_components,random_forest,tree_plus_transaction_count_raw_components,CS200002,250,0.24,0.6442150083503166,0.8390350877192982,0.8,0.06666666666666667,0.12307692307692308,0.02
random_forest__tree_plus_transaction_count_raw_components,random_forest,tree_plus_transaction_count_raw_components,CS200003,1882,0.28746014877789583,0.5742671965833329,0.7843403204218994,0.8333333333333334,0.009242144177449169,0.018281535648994516,0.003188097768331562
random_forest__tree_plus_transaction_count_raw_components,random_forest,tree_plus_transaction_count_raw_components,CS200005,1755,0.29971509971509974,0.5484989920045402,0.7477051731445702,0.8125,0.024714828897338403,0.04797047970479705,0.009116809116809116
random_forest__tree_plus_transaction_count_raw_components,random_forest,tree_plus_transaction_count_raw_components,CS200008,1235,0.22753036437246962,0.47385900857655366,0.7583764184516216,1.0,0.014234875444839857,0.028070175438596492,0.0032388663967611335
random_forest__tree_plus_transaction_count_raw_components,random_forest,tree_plus_transaction_count_raw_components,CS200017,528,0.4412878787878788,0.708986400621577,0.7851603986324289,0.8064516129032258,0.1072961373390558,0.1893939393939394,0.058712121212121215
random_forest__tree_plus_transaction_count_raw_components,random_forest,tree_plus_transaction_count_raw_components,CS200033,72,0.2638888888888889,0.6254785735544961,0.7348560079443893,1.0,0.10526315789473684,0.19047619047619047,0.027777777777777776
random_forest__tree_plus_transaction_count_raw_components,random_forest,tree_plus_transaction_count_raw_components,CS200034,699,0.45064377682403434,0.6489490366762113,0.707853835978836,0.7307692307692307,0.06031746031746032,0.11143695014662756,0.03719599427753934
random_forest__tree_plus_transaction_count_raw_components,random_forest,tree_plus_transaction_count_raw_components,CS300004,656,0.31859756097560976,0.44689612709302073,0.6433747578219496,0.5,0.004784688995215311,0.009478672985781991,0.003048780487804878
random_forest__tree_plus_transaction_count_raw_components,random_forest,tree_plus_transaction_count_raw_components,CS300006,198,0.23737373737373738,0.5325781305206025,0.7892067070593208,1.0,0.02127659574468085,0.041666666666666664,0.005050505050505051
random_forest__tree_plus_transaction_count_raw_components,random_forest,tree_plus_transaction_count_raw_components,CS300007,1584,0.34785353535353536,0.5784427087790911,0.740378753406198,0.7236842105263158,0.0998185117967332,0.17543859649122806,0.047979797979797977
random_forest__tree_plus_transaction_count_raw_components,random_forest,tree_plus_transaction_count_raw_components,CS300008,566,0.2597173144876325,0.5431403263029626,0.756952900491939,1.0,0.013605442176870748,0.026845637583892617,0.0035335689045936395
random_forest__tree_plus_transaction_count_raw_components,random_forest,tree_plus_transaction_count_raw_components,CS300009,1042,0.22648752399232247,0.5129852806326466,0.7776895739580265,0.7058823529411765,0.05084745762711865,0.09486166007905138,0.016314779270633396
random_forest__tree_plus_transaction_count_raw_components,random_forest,tree_plus_transaction_count_raw_components,CS300019,553,0.2820976491862568,0.4390753764815349,0.7131046954724536,0.0,0.0,0.0,0.0
random_forest__tree_plus_transaction_count_raw_components,random_forest,tree_plus_transaction_count_raw_components,CS300021,962,0.46153846153846156,0.7152479222081752,0.7454737556088907,0.8333333333333334,0.033783783783783786,0.06493506493506493,0.018711018711018712
random_forest__tree_plus_transaction_count_raw_components,random_forest,tree_plus_transaction_count_raw_components,CS300029,217,0.42857142857142855,0.6421130568141125,0.7238987166146376,0.8,0.08602150537634409,0.1553398058252427,0.04608294930875576
random_forest__tree_plus_transaction_count_raw_components,random_forest,tree_plus_transaction_count_raw_components,CS300031,359,0.25069637883008355,0.46618575859824635,0.6802147872779842,1.0,0.05555555555555555,0.10526315789473684,0.013927576601671309
random_forest__tree_plus_transaction_count_raw_components,random_forest,tree_plus_transaction_count_raw_components,CS300032,172,0.3081395348837209,0.4072845599632563,0.6551450768986841,0.0,0.0,0.0,0.011627906976744186
random_forest__tree_plus_transaction_count_raw_components,random_forest,tree_plus_transaction_count_raw_components,CS300033,616,0.288961038961039,0.3989190448866249,0.6293289210404802,0.0,0.0,0.0,0.0
random_forest__tree_plus_transaction_count_raw_components,random_forest,tree_plus_transaction_count_raw_components,CS300035,596,0.25838926174496646,0.3744934942763101,0.653904918610801,0.0,0.0,0.0,0.0
random_forest__tree_plus_transaction_count_raw_components,random_forest,tree_plus_transaction_count_raw_components,CS300043,371,0.23450134770889489,0.33330476281264804,0.6322243807673628,0.0,0.0,0.0,0.0
random_forest__tree_plus_transaction_count_raw_components,random_forest,tree_plus_transaction_count_raw_components,CS200001,2410,0.2829875518672199,0.633113316641035,0.8281733667318347,0.7692307692307693,0.01466275659824047,0.02877697841726619,0.0053941908713692945
random_forest__tree_plus_transaction_count_raw_components,random_forest,tree_plus_transaction_count_raw_components,CS200019,439,0.5170842824601367,0.8204740272661892,0.8268223755298811,0.9347826086956522,0.1894273127753304,0.315018315018315,0.10478359908883828
random_forest__tree_plus_transaction_count_raw_components,random_forest,tree_plus_transaction_count_raw_components,CS200032,175,0.2571428571428571,0.42317909209274884,0.6888888888888889,0.0,0.0,0.0,0.0
random_forest__tree_plus_transaction_count_raw_components,random_forest,tree_plus_transaction_count_raw_components,CS300003,278,0.32014388489208634,0.4348728779609819,0.6574519945306463,0.0,0.0,0.0,0.007194244604316547
random_forest__tree_plus_transaction_count_raw_components,random_forest,tree_plus_transaction_count_raw_components,CS200025,1450,0.2103448275862069,0.4004427247113805,0.7216150046531606,1.0,0.003278688524590164,0.006535947712418301,0.000689655172413793
random_forest__tree_plus_transaction_count_raw_components,random_forest,tree_plus_transaction_count_raw_components,CS300026,39,0.358974358974359,0.6676187642191012,0.8028571428571429,0.5,0.07142857142857142,0.125,0.05128205128205128
random_forest__tree_plus_transaction_count_raw_components,random_forest,tree_plus_transaction_count_raw_components,CS300025,98,0.2755102040816326,0.3458667939021338,0.5852895148669797,0.0,0.0,0.0,0.0
random_forest__tree_plus_transaction_count_raw_components,random_forest,tree_plus_transaction_count_raw_components,CS200026,173,0.30057803468208094,0.4979436004542215,0.696439923712651,0.0,0.0,0.0,0.0
extra_trees__tree_plus_transaction_count_raw_components,extra_trees,tree_plus_transaction_count_raw_components,CS100001,5554,0.1852718761253151,0.41141773372812385,0.7549261472544819,0.0,0.0,0.0,0.0
extra_trees__tree_plus_transaction_count_raw_components,extra_trees,tree_plus_transaction_count_raw_components,CS100002,1698,0.33510011778563015,0.5135073730603428,0.6852822458246485,0.0,0.0,0.0,0.0
extra_trees__tree_plus_transaction_count_raw_components,extra_trees,tree_plus_transaction_count_raw_components,CS100003,1282,0.45553822152886114,0.5985190717450118,0.6755038858578326,0.0,0.0,0.0,0.0
extra_trees__tree_plus_transaction_count_raw_components,extra_trees,tree_plus_transaction_count_raw_components,CS100004,1283,0.39438815276695244,0.5487984767443091,0.6835401183227271,0.0,0.0,0.0,0.0
extra_trees__tree_plus_transaction_count_raw_components,extra_trees,tree_plus_transaction_count_raw_components,CS100005,1564,0.3177749360613811,0.4917094879617746,0.6727676273196819,0.0,0.0,0.0,0.0
extra_trees__tree_plus_transaction_count_raw_components,extra_trees,tree_plus_transaction_count_raw_components,CS100006,1526,0.41874180865006555,0.6597241650076775,0.7452120968325295,0.0,0.0,0.0,0.0
extra_trees__tree_plus_transaction_count_raw_components,extra_trees,tree_plus_transaction_count_raw_components,CS100007,2078,0.48267564966313764,0.6973230074302326,0.7068343805791927,0.0,0.0,0.0,0.0
extra_trees__tree_plus_transaction_count_raw_components,extra_trees,tree_plus_transaction_count_raw_components,CS100008,3033,0.3537751401252885,0.5450563009260172,0.6988797382886053,0.0,0.0,0.0,0.0
extra_trees__tree_plus_transaction_count_raw_components,extra_trees,tree_plus_transaction_count_raw_components,CS100009,3508,0.3187001140250855,0.47676994066498557,0.682506867463567,0.0,0.0,0.0,0.0
extra_trees__tree_plus_transaction_count_raw_components,extra_trees,tree_plus_transaction_count_raw_components,CS100010,4154,0.291044776119403,0.4860688458355592,0.705551459694622,0.0,0.0,0.0,0.0
extra_trees__tree_plus_transaction_count_raw_components,extra_trees,tree_plus_transaction_count_raw_components,CS200006,1998,0.14614614614614616,0.2798583407628612,0.7048471149368064,0.0,0.0,0.0,0.0
extra_trees__tree_plus_transaction_count_raw_components,extra_trees,tree_plus_transaction_count_raw_components,CS200007,1506,0.20053120849933598,0.27948276024699825,0.62912394666784,0.0,0.0,0.0,0.0
extra_trees__tree_plus_transaction_count_raw_components,extra_trees,tree_plus_transaction_count_raw_components,CS200016,1297,0.27602158828064766,0.45443594174247415,0.6873322981181692,0.0,0.0,0.0,0.0
extra_trees__tree_plus_transaction_count_raw_components,extra_trees,tree_plus_transaction_count_raw_components,CS200024,839,0.4123957091775924,0.5229716311337267,0.6266458746145459,0.0,0.0,0.0,0.0
extra_trees__tree_plus_transaction_count_raw_components,extra_trees,tree_plus_transaction_count_raw_components,CS200028,4384,0.2664233576642336,0.38998830126530926,0.6537006747086485,0.0,0.0,0.0,0.0
extra_trees__tree_plus_transaction_count_raw_components,extra_trees,tree_plus_transaction_count_raw_components,CS200029,1017,0.400196656833825,0.44611125591210854,0.5496314496314497,0.0,0.0,0.0,0.0
extra_trees__tree_plus_transaction_count_raw_components,extra_trees,tree_plus_transaction_count_raw_components,CS200030,1156,0.2378892733564014,0.31219619219189665,0.6119079558353111,0.0,0.0,0.0,0.0
extra_trees__tree_plus_transaction_count_raw_components,extra_trees,tree_plus_transaction_count_raw_components,CS200031,1546,0.2238033635187581,0.3017952676504623,0.6179768786127168,0.0,0.0,0.0,0.0
extra_trees__tree_plus_transaction_count_raw_components,extra_trees,tree_plus_transaction_count_raw_components,CS200037,2043,0.29515418502202645,0.39078850439693447,0.6185663119587248,0.0,0.0,0.0,0.0
extra_trees__tree_plus_transaction_count_raw_components,extra_trees,tree_plus_transaction_count_raw_components,CS300001,3323,0.33012338248570566,0.5671214288479391,0.7399816619859274,0.0,0.0,0.0,0.0
extra_trees__tree_plus_transaction_count_raw_components,extra_trees,tree_plus_transaction_count_raw_components,CS300002,2751,0.2813522355507088,0.48717207308963434,0.7096597956604308,0.0,0.0,0.0,0.0
extra_trees__tree_plus_transaction_count_raw_components,extra_trees,tree_plus_transaction_count_raw_components,CS300010,1240,0.24435483870967742,0.48531540438723253,0.7064537830517309,0.0,0.0,0.0,0.0
extra_trees__tree_plus_transaction_count_raw_components,extra_trees,tree_plus_transaction_count_raw_components,CS300011,3264,0.35324754901960786,0.4203408165504132,0.582272349478201,0.0,0.0,0.0,0.0
extra_trees__tree_plus_transaction_count_raw_components,extra_trees,tree_plus_transaction_count_raw_components,CS300014,494,0.4109311740890688,0.5034565590970915,0.6049125658084066,0.0,0.0,0.0,0.0
extra_trees__tree_plus_transaction_count_raw_components,extra_trees,tree_plus_transaction_count_raw_components,CS300015,215,0.3953488372093023,0.48480370059742195,0.5991855203619909,0.0,0.0,0.0,0.0
extra_trees__tree_plus_transaction_count_raw_components,extra_trees,tree_plus_transaction_count_raw_components,CS300016,805,0.2248447204968944,0.29554467566081766,0.5928867403314917,0.0,0.0,0.0,0.0
extra_trees__tree_plus_transaction_count_raw_components,extra_trees,tree_plus_transaction_count_raw_components,CS300017,644,0.36490683229813664,0.43001744463855307,0.5708578265619311,0.0,0.0,0.0,0.0
extra_trees__tree_plus_transaction_count_raw_components,extra_trees,tree_plus_transaction_count_raw_components,CS300018,2260,0.12212389380530973,0.35463521820697025,0.782245281089294,0.0,0.0,0.0,0.0
extra_trees__tree_plus_transaction_count_raw_components,extra_trees,tree_plus_transaction_count_raw_components,CS300020,514,0.39883268482490275,0.48620970691677085,0.6008209014128976,0.0,0.0,0.0,0.0
extra_trees__tree_plus_transaction_count_raw_components,extra_trees,tree_plus_transaction_count_raw_components,CS300022,1851,0.35386277687736356,0.4892869043151298,0.6398491153718501,0.0,0.0,0.0,0.0
extra_trees__tree_plus_transaction_count_raw_components,extra_trees,tree_plus_transaction_count_raw_components,CS300024,463,0.3174946004319654,0.4216420945599507,0.6267114440712994,0.0,0.0,0.0,0.0
extra_trees__tree_plus_transaction_count_raw_components,extra_trees,tree_plus_transaction_count_raw_components,CS300027,337,0.36795252225519287,0.39182999375927063,0.501514463122823,0.0,0.0,0.0,0.0
extra_trees__tree_plus_transaction_count_raw_components,extra_trees,tree_plus_transaction_count_raw_components,CS300028,1083,0.31117266851338876,0.3719152827344351,0.5859420370561889,0.0,0.0,0.0,0.0
extra_trees__tree_plus_transaction_count_raw_components,extra_trees,tree_plus_transaction_count_raw_components,CS300036,596,0.2902684563758389,0.3609157581828971,0.5787179382063159,0.0,0.0,0.0,0.0
extra_trees__tree_plus_transaction_count_raw_components,extra_trees,tree_plus_transaction_count_raw_components,CS200002,250,0.24,0.4789227999460498,0.7264035087719298,0.0,0.0,0.0,0.0
extra_trees__tree_plus_transaction_count_raw_components,extra_trees,tree_plus_transaction_count_raw_components,CS200003,1882,0.28746014877789583,0.4567101915235078,0.6730396798813477,0.0,0.0,0.0,0.0
extra_trees__tree_plus_transaction_count_raw_components,extra_trees,tree_plus_transaction_count_raw_components,CS200005,1755,0.29971509971509974,0.4453850713409594,0.6504747437559363,0.0,0.0,0.0,0.0
extra_trees__tree_plus_transaction_count_raw_components,extra_trees,tree_plus_transaction_count_raw_components,CS200008,1235,0.22753036437246962,0.3376118303974731,0.64916403679581,0.0,0.0,0.0,0.0
extra_trees__tree_plus_transaction_count_raw_components,extra_trees,tree_plus_transaction_count_raw_components,CS200017,528,0.4412878787878788,0.5999011205242911,0.6596348294173273,0.0,0.0,0.0,0.0
extra_trees__tree_plus_transaction_count_raw_components,extra_trees,tree_plus_transaction_count_raw_components,CS200033,72,0.2638888888888889,0.6009971009829045,0.7288977159880834,0.0,0.0,0.0,0.0
extra_trees__tree_plus_transaction_count_raw_components,extra_trees,tree_plus_transaction_count_raw_components,CS200034,699,0.45064377682403434,0.5346049173563756,0.5943700396825398,0.0,0.0,0.0,0.0
extra_trees__tree_plus_transaction_count_raw_components,extra_trees,tree_plus_transaction_count_raw_components,CS300004,656,0.31859756097560976,0.357281341011871,0.5412478725795575,0.0,0.0,0.0,0.0
extra_trees__tree_plus_transaction_count_raw_components,extra_trees,tree_plus_transaction_count_raw_components,CS300006,198,0.23737373737373738,0.407109383060347,0.6725376919825278,0.0,0.0,0.0,0.0
extra_trees__tree_plus_transaction_count_raw_components,extra_trees,tree_plus_transaction_count_raw_components,CS300007,1584,0.34785353535353536,0.47688406803260036,0.6519467376924469,0.0,0.0,0.0,0.0
extra_trees__tree_plus_transaction_count_raw_components,extra_trees,tree_plus_transaction_count_raw_components,CS300008,566,0.2597173144876325,0.4032911948294632,0.6920591625671749,0.0,0.0,0.0,0.0
extra_trees__tree_plus_transaction_count_raw_components,extra_trees,tree_plus_transaction_count_raw_components,CS300009,1042,0.22648752399232247,0.4134271395944475,0.714056651385793,0.0,0.0,0.0,0.0
extra_trees__tree_plus_transaction_count_raw_components,extra_trees,tree_plus_transaction_count_raw_components,CS300019,553,0.2820976491862568,0.3273575906946276,0.5852063553574889,0.0,0.0,0.0,0.0
extra_trees__tree_plus_transaction_count_raw_components,extra_trees,tree_plus_transaction_count_raw_components,CS300021,962,0.46153846153846156,0.5733401864951848,0.6307523739956171,0.0,0.0,0.0,0.0
extra_trees__tree_plus_transaction_count_raw_components,extra_trees,tree_plus_transaction_count_raw_components,CS300029,217,0.42857142857142855,0.5119404568395712,0.577089836975373,0.0,0.0,0.0,0.0
extra_trees__tree_plus_transaction_count_raw_components,extra_trees,tree_plus_transaction_count_raw_components,CS300031,359,0.25069637883008355,0.3485301305546782,0.5497728211482859,0.0,0.0,0.0,0.0
extra_trees__tree_plus_transaction_count_raw_components,extra_trees,tree_plus_transaction_count_raw_components,CS300032,172,0.3081395348837209,0.32374925889712103,0.5482796892341842,0.0,0.0,0.0,0.0
extra_trees__tree_plus_transaction_count_raw_components,extra_trees,tree_plus_transaction_count_raw_components,CS300033,616,0.288961038961039,0.29934081760503484,0.5223821250833718,0.0,0.0,0.0,0.0
extra_trees__tree_plus_transaction_count_raw_components,extra_trees,tree_plus_transaction_count_raw_components,CS300035,596,0.25838926174496646,0.29572234133445124,0.5588969853675736,0.0,0.0,0.0,0.0
extra_trees__tree_plus_transaction_count_raw_components,extra_trees,tree_plus_transaction_count_raw_components,CS300043,371,0.23450134770889489,0.2839870045129157,0.5796503156872268,0.0,0.0,0.0,0.0
extra_trees__tree_plus_transaction_count_raw_components,extra_trees,tree_plus_transaction_count_raw_components,CS200001,2410,0.2829875518672199,0.5102458692983468,0.727908707369393,0.0,0.0,0.0,0.0
extra_trees__tree_plus_transaction_count_raw_components,extra_trees,tree_plus_transaction_count_raw_components,CS200019,439,0.5170842824601367,0.74160678318961,0.7355581414678746,0.0,0.0,0.0,0.0
extra_trees__tree_plus_transaction_count_raw_components,extra_trees,tree_plus_transaction_count_raw_components,CS200032,175,0.2571428571428571,0.29584751141791965,0.5054700854700855,0.0,0.0,0.0,0.0
extra_trees__tree_plus_transaction_count_raw_components,extra_trees,tree_plus_transaction_count_raw_components,CS300003,278,0.32014388489208634,0.3404156409105269,0.5504428987575054,0.0,0.0,0.0,0.0
extra_trees__tree_plus_transaction_count_raw_components,extra_trees,tree_plus_transaction_count_raw_components,CS200025,1450,0.2103448275862069,0.3028800387152896,0.6170463168444412,0.0,0.0,0.0,0.0
extra_trees__tree_plus_transaction_count_raw_components,extra_trees,tree_plus_transaction_count_raw_components,CS300026,39,0.358974358974359,0.5428275600635849,0.74,0.0,0.0,0.0,0.0
extra_trees__tree_plus_transaction_count_raw_components,extra_trees,tree_plus_transaction_count_raw_components,CS300025,98,0.2755102040816326,0.27442249438669775,0.45122587376108503,0.0,0.0,0.0,0.0
extra_trees__tree_plus_transaction_count_raw_components,extra_trees,tree_plus_transaction_count_raw_components,CS200026,173,0.30057803468208094,0.4534258621170329,0.6287349014621741,0.0,0.0,0.0,0.0
lightgbm__tree_plus_transaction_count_raw_components,lightgbm,tree_plus_transaction_count_raw_components,CS100001,5554,0.1852718761253151,0.5564855023743269,0.8522199850737453,0.6539278131634819,0.29931972789115646,0.4106666666666667,0.08480374504861361
lightgbm__tree_plus_transaction_count_raw_components,lightgbm,tree_plus_transaction_count_raw_components,CS100002,1698,0.33510011778563015,0.703967842415174,0.8289495190698646,0.7199017199017199,0.5149384885764499,0.6004098360655737,0.2396937573616019
lightgbm__tree_plus_transaction_count_raw_components,lightgbm,tree_plus_transaction_count_raw_components,CS100003,1282,0.45553822152886114,0.7898734897643884,0.8249082505789537,0.7234432234432234,0.6763698630136986,0.6991150442477876,0.42589703588143524
lightgbm__tree_plus_transaction_count_raw_components,lightgbm,tree_plus_transaction_count_raw_components,CS100004,1283,0.39438815276695244,0.7374227954874759,0.8174365783061434,0.7115839243498818,0.5948616600790514,0.6480086114101185,0.32969602494154326
lightgbm__tree_plus_transaction_count_raw_components,lightgbm,tree_plus_transaction_count_raw_components,CS100005,1564,0.3177749360613811,0.6488595052141711,0.7923416789396172,0.6828358208955224,0.3682092555331992,0.47843137254901963,0.17135549872122763
lightgbm__tree_plus_transaction_count_raw_components,lightgbm,tree_plus_transaction_count_raw_components,CS100006,1526,0.41874180865006555,0.7544016499307613,0.829108686945675,0.7431906614785992,0.5978090766823161,0.6626192541196878,0.33682830930537355
lightgbm__tree_plus_transaction_count_raw_components,lightgbm,tree_plus_transaction_count_raw_components,CS100007,2078,0.48267564966313764,0.783838840226346,0.8075985995501866,0.7441860465116279,0.6061814556331007,0.6681318681318681,0.3931665062560154
lightgbm__tree_plus_transaction_count_raw_components,lightgbm,tree_plus_transaction_count_raw_components,CS100008,3033,0.3537751401252885,0.711602841093189,0.8285937767464862,0.7641996557659209,0.41379310344827586,0.5368802902055623,0.19155951203428948
lightgbm__tree_plus_transaction_count_raw_components,lightgbm,tree_plus_transaction_count_raw_components,CS100009,3508,0.3187001140250855,0.6813045231547809,0.8257224871071324,0.6606425702811245,0.5885509838998211,0.6225165562913907,0.2839224629418472
lightgbm__tree_plus_transaction_count_raw_components,lightgbm,tree_plus_transaction_count_raw_components,CS100010,4154,0.291044776119403,0.6473767920491019,0.8224316494429863,0.6847826086956522,0.41687344913151364,0.5182519280205655,0.17717862301396245
lightgbm__tree_plus_transaction_count_raw_components,lightgbm,tree_plus_transaction_count_raw_components,CS200006,1998,0.14614614614614616,0.4266150685770678,0.7770901251023784,0.7037037037037037,0.13013698630136986,0.21965317919075145,0.02702702702702703
lightgbm__tree_plus_transaction_count_raw_components,lightgbm,tree_plus_transaction_count_raw_components,CS200007,1506,0.20053120849933598,0.4619504283793106,0.7778871751996655,0.5041322314049587,0.20198675496688742,0.28841607565011823,0.08034528552456839
lightgbm__tree_plus_transaction_count_raw_components,lightgbm,tree_plus_transaction_count_raw_components,CS200016,1297,0.27602158828064766,0.6146058272889046,0.8104098619118163,0.6615384615384615,0.36033519553072624,0.4665461121157324,0.15034695451040864
lightgbm__tree_plus_transaction_count_raw_components,lightgbm,tree_plus_transaction_count_raw_components,CS200024,839,0.4123957091775924,0.7207662577291383,0.7881438403545592,0.7050359712230215,0.5664739884393064,0.6282051282051282,0.33134684147794996
lightgbm__tree_plus_transaction_count_raw_components,lightgbm,tree_plus_transaction_count_raw_components,CS200028,4384,0.2664233576642336,0.6006734237792906,0.8014031405472636,0.6706081081081081,0.3398972602739726,0.4511363636363636,0.13503649635036497
lightgbm__tree_plus_transaction_count_raw_components,lightgbm,tree_plus_transaction_count_raw_components,CS200029,1017,0.400196656833825,0.6263457775436728,0.7152011922503726,0.6923076923076923,0.3538083538083538,0.4682926829268293,0.20452310717797442
lightgbm__tree_plus_transaction_count_raw_components,lightgbm,tree_plus_transaction_count_raw_components,CS200030,1156,0.2378892733564014,0.5037396116789113,0.7717923846868229,0.5833333333333334,0.33090909090909093,0.4222737819025522,0.13494809688581316
lightgbm__tree_plus_transaction_count_raw_components,lightgbm,tree_plus_transaction_count_raw_components,CS200031,1546,0.2238033635187581,0.41306638349616986,0.6862114643545278,0.4789473684210526,0.2630057803468208,0.33955223880597013,0.12289780077619664
lightgbm__tree_plus_transaction_count_raw_components,lightgbm,tree_plus_transaction_count_raw_components,CS200037,2043,0.29515418502202645,0.5257409160732314,0.7592949603832688,0.5642857142857143,0.39303482587064675,0.4633431085043988,0.2055800293685756
lightgbm__tree_plus_transaction_count_raw_components,lightgbm,tree_plus_transaction_count_raw_components,CS300001,3323,0.33012338248570566,0.7318954370749604,0.8560179235864209,0.7447368421052631,0.5159525979945305,0.6095853527194399,0.22870899789346977
lightgbm__tree_plus_transaction_count_raw_components,lightgbm,tree_plus_transaction_count_raw_components,CS300002,2751,0.2813522355507088,0.6820349489936255,0.8286326344695262,0.7171314741035857,0.46511627906976744,0.5642633228840125,0.18247909850963287
lightgbm__tree_plus_transaction_count_raw_components,lightgbm,tree_plus_transaction_count_raw_components,CS300010,1240,0.24435483870967742,0.5985607884952329,0.8152061737657224,0.6461538461538462,0.4158415841584158,0.5060240963855421,0.15725806451612903
lightgbm__tree_plus_transaction_count_raw_components,lightgbm,tree_plus_transaction_count_raw_components,CS300011,3264,0.35324754901960786,0.5782710246234382,0.7210518725890854,0.6213991769547325,0.39288811795316564,0.4814027630180659,0.22334558823529413
lightgbm__tree_plus_transaction_count_raw_components,lightgbm,tree_plus_transaction_count_raw_components,CS300014,494,0.4109311740890688,0.5944024671085594,0.6963418143652769,0.6259541984732825,0.4039408866995074,0.49101796407185627,0.2651821862348178
lightgbm__tree_plus_transaction_count_raw_components,lightgbm,tree_plus_transaction_count_raw_components,CS300015,215,0.3953488372093023,0.6254192496375284,0.7452488687782806,0.6744186046511628,0.3411764705882353,0.453125,0.2
lightgbm__tree_plus_transaction_count_raw_components,lightgbm,tree_plus_transaction_count_raw_components,CS300016,805,0.2248447204968944,0.5000456128192844,0.7294854086981157,0.7,0.19337016574585636,0.30303030303030304,0.062111801242236024
lightgbm__tree_plus_transaction_count_raw_components,lightgbm,tree_plus_transaction_count_raw_components,CS300017,644,0.36490683229813664,0.6086864139849869,0.7562399209280549,0.6382978723404256,0.5106382978723404,0.5673758865248227,0.2919254658385093
lightgbm__tree_plus_transaction_count_raw_components,lightgbm,tree_plus_transaction_count_raw_components,CS300018,2260,0.12212389380530973,0.5580059629683055,0.8806557532725573,0.7459016393442623,0.32971014492753625,0.457286432160804,0.05398230088495575
lightgbm__tree_plus_transaction_count_raw_components,lightgbm,tree_plus_transaction_count_raw_components,CS300020,514,0.39883268482490275,0.5923826037260077,0.7058804956981609,0.6201550387596899,0.3902439024390244,0.47904191616766467,0.2509727626459144
lightgbm__tree_plus_transaction_count_raw_components,lightgbm,tree_plus_transaction_count_raw_components,CS300022,1851,0.35386277687736356,0.642717186122564,0.7741236692282163,0.6560509554140127,0.4717557251908397,0.5488454706927176,0.2544570502431118
lightgbm__tree_plus_transaction_count_raw_components,lightgbm,tree_plus_transaction_count_raw_components,CS300024,463,0.3174946004319654,0.5520874119457121,0.7169120812882116,0.5348837209302325,0.46938775510204084,0.5,0.2786177105831533
lightgbm__tree_plus_transaction_count_raw_components,lightgbm,tree_plus_transaction_count_raw_components,CS300027,337,0.36795252225519287,0.5574823878383189,0.6733303044070876,0.55,0.3548387096774194,0.43137254901960786,0.23738872403560832
lightgbm__tree_plus_transaction_count_raw_components,lightgbm,tree_plus_transaction_count_raw_components,CS300028,1083,0.31117266851338876,0.45707426174704713,0.6839563726621108,0.49310344827586206,0.42433234421364985,0.45614035087719296,0.2677746999076639
lightgbm__tree_plus_transaction_count_raw_components,lightgbm,tree_plus_transaction_count_raw_components,CS300036,596,0.2902684563758389,0.4756066116064764,0.7163393869826042,0.5272727272727272,0.3352601156069364,0.4098939929328622,0.18456375838926176
lightgbm__tree_plus_transaction_count_raw_components,lightgbm,tree_plus_transaction_count_raw_components,CS200002,250,0.24,0.6906029128977704,0.8670175438596491,0.7209302325581395,0.5166666666666667,0.6019417475728155,0.172
lightgbm__tree_plus_transaction_count_raw_components,lightgbm,tree_plus_transaction_count_raw_components,CS200003,1882,0.28746014877789583,0.6182940373784799,0.808686926328877,0.6568047337278107,0.41035120147874304,0.5051194539249146,0.179596174282678
lightgbm__tree_plus_transaction_count_raw_components,lightgbm,tree_plus_transaction_count_raw_components,CS200005,1755,0.29971509971509974,0.6134395300281755,0.7909518697386048,0.6588235294117647,0.42585551330798477,0.5173210161662818,0.19373219373219372
lightgbm__tree_plus_transaction_count_raw_components,lightgbm,tree_plus_transaction_count_raw_components,CS200008,1235,0.22753036437246962,0.510391540310824,0.7878421629848475,0.6153846153846154,0.3701067615658363,0.4622222222222222,0.1368421052631579
lightgbm__tree_plus_transaction_count_raw_components,lightgbm,tree_plus_transaction_count_raw_components,CS200017,528,0.4412878787878788,0.7509380307306727,0.8114061249727214,0.7181818181818181,0.6781115879828327,0.6975717439293598,0.4166666666666667
lightgbm__tree_plus_transaction_count_raw_components,lightgbm,tree_plus_transaction_count_raw_components,CS200033,72,0.2638888888888889,0.6073846339299216,0.7368421052631579,0.6923076923076923,0.47368421052631576,0.5625,0.18055555555555555
lightgbm__tree_plus_transaction_count_raw_components,lightgbm,tree_plus_transaction_count_raw_components,CS200034,699,0.45064377682403434,0.6913603058232403,0.7378968253968254,0.6770428015564203,0.5523809523809524,0.6083916083916084,0.3676680972818312
lightgbm__tree_plus_transaction_count_raw_components,lightgbm,tree_plus_transaction_count_raw_components,CS300004,656,0.31859756097560976,0.5444072455341136,0.7133147083694593,0.5615384615384615,0.3492822966507177,0.4306784660766962,0.19817073170731708
lightgbm__tree_plus_transaction_count_raw_components,lightgbm,tree_plus_transaction_count_raw_components,CS300006,198,0.23737373737373738,0.6122710566855314,0.807383401437227,0.68,0.3617021276595745,0.4722222222222222,0.12626262626262627
lightgbm__tree_plus_transaction_count_raw_components,lightgbm,tree_plus_transaction_count_raw_components,CS300007,1584,0.34785353535353536,0.6045754853311625,0.764515103226906,0.6190476190476191,0.4954627949183303,0.5504032258064516,0.2784090909090909
lightgbm__tree_plus_transaction_count_raw_components,lightgbm,tree_plus_transaction_count_raw_components,CS300008,566,0.2597173144876325,0.5879843557170699,0.7871998441381326,0.6506024096385542,0.3673469387755102,0.46956521739130436,0.14664310954063603
lightgbm__tree_plus_transaction_count_raw_components,lightgbm,tree_plus_transaction_count_raw_components,CS300009,1042,0.22648752399232247,0.5641839813101539,0.8077711654119527,0.656,0.3474576271186441,0.45429362880886426,0.1199616122840691
lightgbm__tree_plus_transaction_count_raw_components,lightgbm,tree_plus_transaction_count_raw_components,CS300019,553,0.2820976491862568,0.49560440710366116,0.7521313698895562,0.4954128440366973,0.34615384615384615,0.4075471698113208,0.19710669077757687
lightgbm__tree_plus_transaction_count_raw_components,lightgbm,tree_plus_transaction_count_raw_components,CS300021,962,0.46153846153846156,0.7637099826768559,0.7800314793558036,0.7704402515723271,0.5518018018018018,0.6430446194225722,0.3305613305613306
lightgbm__tree_plus_transaction_count_raw_components,lightgbm,tree_plus_transaction_count_raw_components,CS300029,217,0.42857142857142855,0.6910752499155324,0.774020117932709,0.6391752577319587,0.6666666666666666,0.6526315789473685,0.4470046082949309
lightgbm__tree_plus_transaction_count_raw_components,lightgbm,tree_plus_transaction_count_raw_components,CS300031,359,0.25069637883008355,0.4917448920946175,0.7288723667905825,0.5,0.43333333333333335,0.4642857142857143,0.21727019498607242
lightgbm__tree_plus_transaction_count_raw_components,lightgbm,tree_plus_transaction_count_raw_components,CS300032,172,0.3081395348837209,0.47259214587348075,0.6838433486602187,0.4318181818181818,0.3584905660377358,0.3917525773195876,0.2558139534883721
lightgbm__tree_plus_transaction_count_raw_components,lightgbm,tree_plus_transaction_count_raw_components,CS300033,616,0.288961038961039,0.3885206306639313,0.6517110461238521,0.46153846153846156,0.20224719101123595,0.28125,0.1266233766233766
lightgbm__tree_plus_transaction_count_raw_components,lightgbm,tree_plus_transaction_count_raw_components,CS300035,596,0.25838926174496646,0.4446824450543649,0.7207057648234119,0.524390243902439,0.2792207792207792,0.3644067796610169,0.13758389261744966
lightgbm__tree_plus_transaction_count_raw_components,lightgbm,tree_plus_transaction_count_raw_components,CS300043,371,0.23450134770889489,0.371074390613109,0.6455803788246722,0.41818181818181815,0.26436781609195403,0.323943661971831,0.14824797843665768
lightgbm__tree_plus_transaction_count_raw_components,lightgbm,tree_plus_transaction_count_raw_components,CS200001,2410,0.2829875518672199,0.6842094361797063,0.855881564298903,0.7087155963302753,0.4530791788856305,0.552772808586762,0.18091286307053941
lightgbm__tree_plus_transaction_count_raw_components,lightgbm,tree_plus_transaction_count_raw_components,CS200019,439,0.5170842824601367,0.8129113824229993,0.835840744742748,0.7967032967032966,0.6387665198237885,0.7090464547677262,0.4145785876993166
lightgbm__tree_plus_transaction_count_raw_components,lightgbm,tree_plus_transaction_count_raw_components,CS200032,175,0.2571428571428571,0.43552345787978086,0.7022222222222222,0.4444444444444444,0.26666666666666666,0.3333333333333333,0.15428571428571428
lightgbm__tree_plus_transaction_count_raw_components,lightgbm,tree_plus_transaction_count_raw_components,CS300003,278,0.32014388489208634,0.4946522848140302,0.6837881219903692,0.5901639344262295,0.4044943820224719,0.48,0.21942446043165467
lightgbm__tree_plus_transaction_count_raw_components,lightgbm,tree_plus_transaction_count_raw_components,CS200025,1450,0.2103448275862069,0.43338832416848394,0.7415434175674708,0.5384615384615384,0.16065573770491803,0.2474747474747475,0.06275862068965517
lightgbm__tree_plus_transaction_count_raw_components,lightgbm,tree_plus_transaction_count_raw_components,CS300026,39,0.358974358974359,0.5795167842704763,0.7371428571428571,0.5714285714285714,0.5714285714285714,0.5714285714285714,0.358974358974359
lightgbm__tree_plus_transaction_count_raw_components,lightgbm,tree_plus_transaction_count_raw_components,CS300025,98,0.2755102040816326,0.42307696114076077,0.628586332811685,0.375,0.4444444444444444,0.4067796610169492,0.32653061224489793
lightgbm__tree_plus_transaction_count_raw_components,lightgbm,tree_plus_transaction_count_raw_components,CS200026,173,0.30057803468208094,0.5112935715462175,0.7294977749523204,0.5428571428571428,0.36538461538461536,0.4367816091954023,0.2023121387283237
xgboost__tree_plus_transaction_count_raw_components,xgboost,tree_plus_transaction_count_raw_components,CS100001,5554,0.1852718761253151,0.5519369297656908,0.8496921862667719,0.6333333333333333,0.3138969873663751,0.41975308641975306,0.09182571119913575
xgboost__tree_plus_transaction_count_raw_components,xgboost,tree_plus_transaction_count_raw_components,CS100002,1698,0.33510011778563015,0.693865634306371,0.8273461591747211,0.7101449275362319,0.5166959578207382,0.5981688708036622,0.24381625441696114
xgboost__tree_plus_transaction_count_raw_components,xgboost,tree_plus_transaction_count_raw_components,CS100003,1282,0.45553822152886114,0.7932240711331303,0.8259336852847668,0.7285974499089253,0.684931506849315,0.706090026478376,0.4282371294851794
xgboost__tree_plus_transaction_count_raw_components,xgboost,tree_plus_transaction_count_raw_components,CS100004,1283,0.39438815276695244,0.7253713084688045,0.8156434243390766,0.7115839243498818,0.5948616600790514,0.6480086114101185,0.32969602494154326
xgboost__tree_plus_transaction_count_raw_components,xgboost,tree_plus_transaction_count_raw_components,CS100005,1564,0.3177749360613811,0.6491462913996336,0.7901561194722223,0.6920289855072463,0.3843058350100604,0.49417852522639066,0.17647058823529413
xgboost__tree_plus_transaction_count_raw_components,xgboost,tree_plus_transaction_count_raw_components,CS100006,1526,0.41874180865006555,0.7556057041464894,0.8331313195469952,0.747148288973384,0.6150234741784038,0.6746781115879829,0.34469200524246396
xgboost__tree_plus_transaction_count_raw_components,xgboost,tree_plus_transaction_count_raw_components,CS100007,2078,0.48267564966313764,0.7834609913278789,0.8085789144195321,0.7524509803921569,0.6121635094715853,0.6750962067069819,0.39268527430221367
xgboost__tree_plus_transaction_count_raw_components,xgboost,tree_plus_transaction_count_raw_components,CS100008,3033,0.3537751401252885,0.7116457276666999,0.8270061053312285,0.7591623036649214,0.40540540540540543,0.528554070473876,0.18892185954500496
xgboost__tree_plus_transaction_count_raw_components,xgboost,tree_plus_transaction_count_raw_components,CS100009,3508,0.3187001140250855,0.6750097293798472,0.8246566268216555,0.6605316973415133,0.5778175313059034,0.6164122137404581,0.27879133409350054
xgboost__tree_plus_transaction_count_raw_components,xgboost,tree_plus_transaction_count_raw_components,CS100010,4154,0.291044776119403,0.6513421397517285,0.8279777728159348,0.689280868385346,0.42018196856906537,0.5220966084275437,0.1774193548387097
xgboost__tree_plus_transaction_count_raw_components,xgboost,tree_plus_transaction_count_raw_components,CS200006,1998,0.14614614614614616,0.40950787200532435,0.7772788225280636,0.5818181818181818,0.1095890410958904,0.1844380403458213,0.027527527527527528
xgboost__tree_plus_transaction_count_raw_components,xgboost,tree_plus_transaction_count_raw_components,CS200007,1506,0.20053120849933598,0.4661441616664701,0.7807253965809333,0.5508474576271186,0.2152317880794702,0.30952380952380953,0.07835325365205843
xgboost__tree_plus_transaction_count_raw_components,xgboost,tree_plus_transaction_count_raw_components,CS200016,1297,0.27602158828064766,0.6254987865435471,0.8127985911554548,0.6432160804020101,0.3575418994413408,0.45960502692998206,0.15343099460292983
xgboost__tree_plus_transaction_count_raw_components,xgboost,tree_plus_transaction_count_raw_components,CS200024,839,0.4123957091775924,0.7198336415320925,0.7830435343361981,0.706959706959707,0.5578034682080925,0.6235864297253635,0.3253873659117998
xgboost__tree_plus_transaction_count_raw_components,xgboost,tree_plus_transaction_count_raw_components,CS200028,4384,0.2664233576642336,0.5952406308661923,0.8026093845839296,0.6677685950413224,0.3458904109589041,0.45572476029328823,0.13800182481751824
xgboost__tree_plus_transaction_count_raw_components,xgboost,tree_plus_transaction_count_raw_components,CS200029,1017,0.400196656833825,0.6284270139337762,0.7147259032504933,0.6727272727272727,0.36363636363636365,0.47208931419457734,0.21632251720747295
xgboost__tree_plus_transaction_count_raw_components,xgboost,tree_plus_transaction_count_raw_components,CS200030,1156,0.2378892733564014,0.5140512419721106,0.7721803735424622,0.5962732919254659,0.3490909090909091,0.44036697247706424,0.13927335640138408
xgboost__tree_plus_transaction_count_raw_components,xgboost,tree_plus_transaction_count_raw_components,CS200031,1546,0.2238033635187581,0.42530976965524964,0.6877336223506743,0.5114942528735632,0.25722543352601157,0.3423076923076923,0.11254851228978008
xgboost__tree_plus_transaction_count_raw_components,xgboost,tree_plus_transaction_count_raw_components,CS200037,2043,0.29515418502202645,0.5210028021586036,0.7583598212640502,0.5612009237875288,0.40298507462686567,0.4691119691119691,0.21194322075379343
xgboost__tree_plus_transaction_count_raw_components,xgboost,tree_plus_transaction_count_raw_components,CS300001,3323,0.33012338248570566,0.7339697821003186,0.8585552691691217,0.7493368700265252,0.5150410209662717,0.6104808211777417,0.2269034005416792
xgboost__tree_plus_transaction_count_raw_components,xgboost,tree_plus_transaction_count_raw_components,CS300002,2751,0.2813522355507088,0.6826550394967971,0.8315276846525743,0.7261146496815286,0.4418604651162791,0.5493975903614458,0.17121046892039257
xgboost__tree_plus_transaction_count_raw_components,xgboost,tree_plus_transaction_count_raw_components,CS300010,1240,0.24435483870967742,0.6044402226676953,0.8161360426330786,0.648936170212766,0.40264026402640263,0.4969450101832994,0.15161290322580645
xgboost__tree_plus_transaction_count_raw_components,xgboost,tree_plus_transaction_count_raw_components,CS300011,3264,0.35324754901960786,0.574638114948821,0.7184487319755315,0.605121293800539,0.38941890719861233,0.47387862796833774,0.22732843137254902
xgboost__tree_plus_transaction_count_raw_components,xgboost,tree_plus_transaction_count_raw_components,CS300014,494,0.4109311740890688,0.5865009807286766,0.6938533678668766,0.6102941176470589,0.4088669950738916,0.4896755162241888,0.27530364372469635
xgboost__tree_plus_transaction_count_raw_components,xgboost,tree_plus_transaction_count_raw_components,CS300015,215,0.3953488372093023,0.6174141250575884,0.7361085972850678,0.6153846153846154,0.2823529411764706,0.3870967741935484,0.1813953488372093
xgboost__tree_plus_transaction_count_raw_components,xgboost,tree_plus_transaction_count_raw_components,CS300016,805,0.2248447204968944,0.4639356083161183,0.719267955801105,0.6274509803921569,0.17679558011049723,0.27586206896551724,0.06335403726708075
xgboost__tree_plus_transaction_count_raw_components,xgboost,tree_plus_transaction_count_raw_components,CS300017,644,0.36490683229813664,0.6160110288754929,0.7621807210112886,0.6358974358974359,0.5276595744680851,0.5767441860465117,0.3027950310559006
xgboost__tree_plus_transaction_count_raw_components,xgboost,tree_plus_transaction_count_raw_components,CS300018,2260,0.12212389380530973,0.5414911143621853,0.8797335203366059,0.7478991596638656,0.322463768115942,0.4506329113924051,0.05265486725663717
xgboost__tree_plus_transaction_count_raw_components,xgboost,tree_plus_transaction_count_raw_components,CS300020,514,0.39883268482490275,0.6143025879403976,0.7101744415502407,0.656,0.4,0.49696969696969695,0.24319066147859922
xgboost__tree_plus_transaction_count_raw_components,xgboost,tree_plus_transaction_count_raw_components,CS300022,1851,0.35386277687736356,0.6499900363462054,0.7779302509637723,0.6687631027253669,0.4870229007633588,0.5636042402826855,0.2576985413290113
xgboost__tree_plus_transaction_count_raw_components,xgboost,tree_plus_transaction_count_raw_components,CS300024,463,0.3174946004319654,0.5436987630456862,0.7200981658486179,0.5606060606060606,0.5034013605442177,0.5304659498207885,0.28509719222462204
xgboost__tree_plus_transaction_count_raw_components,xgboost,tree_plus_transaction_count_raw_components,CS300027,337,0.36795252225519287,0.5512453337058134,0.6721944570649705,0.5432098765432098,0.3548387096774194,0.4292682926829268,0.2403560830860534
xgboost__tree_plus_transaction_count_raw_components,xgboost,tree_plus_transaction_count_raw_components,CS300028,1083,0.31117266851338876,0.4588465049722925,0.6819158161032928,0.47766323024054985,0.4124629080118694,0.4426751592356688,0.26869806094182824
xgboost__tree_plus_transaction_count_raw_components,xgboost,tree_plus_transaction_count_raw_components,CS300036,596,0.2902684563758389,0.49520359407034675,0.731589663701335,0.5277777777777778,0.32947976878612717,0.40569395017793597,0.18120805369127516
xgboost__tree_plus_transaction_count_raw_components,xgboost,tree_plus_transaction_count_raw_components,CS200002,250,0.24,0.6627109774026909,0.8490350877192981,0.7111111111111111,0.5333333333333333,0.6095238095238096,0.18
xgboost__tree_plus_transaction_count_raw_components,xgboost,tree_plus_transaction_count_raw_components,CS200003,1882,0.28746014877789583,0.6183077898104431,0.8079687820907785,0.6676646706586826,0.4121996303142329,0.5097142857142857,0.17747077577045697
xgboost__tree_plus_transaction_count_raw_components,xgboost,tree_plus_transaction_count_raw_components,CS200005,1755,0.29971509971509974,0.5998692848225794,0.7882478877074006,0.6458923512747875,0.43346007604562736,0.5187713310580204,0.20113960113960114
xgboost__tree_plus_transaction_count_raw_components,xgboost,tree_plus_transaction_count_raw_components,CS200008,1235,0.22753036437246962,0.499956507582328,0.7880249483351611,0.5755813953488372,0.35231316725978645,0.4370860927152318,0.13927125506072874
xgboost__tree_plus_transaction_count_raw_components,xgboost,tree_plus_transaction_count_raw_components,CS200017,528,0.4412878787878788,0.7414301097136669,0.8082490725249145,0.7155555555555555,0.6909871244635193,0.7030567685589519,0.42613636363636365
xgboost__tree_plus_transaction_count_raw_components,xgboost,tree_plus_transaction_count_raw_components,CS200033,72,0.2638888888888889,0.6134072251554502,0.7298907646474677,0.7777777777777778,0.3684210526315789,0.5,0.125
xgboost__tree_plus_transaction_count_raw_components,xgboost,tree_plus_transaction_count_raw_components,CS200034,699,0.45064377682403434,0.7017572212659087,0.7485863095238096,0.6907630522088354,0.546031746031746,0.6099290780141844,0.3562231759656652
xgboost__tree_plus_transaction_count_raw_components,xgboost,tree_plus_transaction_count_raw_components,CS300004,656,0.31859756097560976,0.5163183188168425,0.6960170407715445,0.5526315789473685,0.3014354066985646,0.39009287925696595,0.17378048780487804
xgboost__tree_plus_transaction_count_raw_components,xgboost,tree_plus_transaction_count_raw_components,CS300006,198,0.23737373737373738,0.6074121177376482,0.812455967310131,0.6923076923076923,0.3829787234042553,0.4931506849315068,0.13131313131313133
xgboost__tree_plus_transaction_count_raw_components,xgboost,tree_plus_transaction_count_raw_components,CS300007,1584,0.34785353535353536,0.6170806396658538,0.7688265461196134,0.6202247191011236,0.5009074410163339,0.5542168674698795,0.2809343434343434
xgboost__tree_plus_transaction_count_raw_components,xgboost,tree_plus_transaction_count_raw_components,CS300008,566,0.2597173144876325,0.6002145341594394,0.790495673209618,0.717948717948718,0.38095238095238093,0.49777777777777776,0.13780918727915195
xgboost__tree_plus_transaction_count_raw_components,xgboost,tree_plus_transaction_count_raw_components,CS300009,1042,0.22648752399232247,0.5620575271400606,0.8046641712579383,0.6639344262295082,0.3432203389830508,0.45251396648044695,0.11708253358925144
xgboost__tree_plus_transaction_count_raw_components,xgboost,tree_plus_transaction_count_raw_components,CS300019,553,0.2820976491862568,0.479374273650516,0.7446715752761094,0.5169491525423728,0.391025641025641,0.44525547445255476,0.21338155515370705
xgboost__tree_plus_transaction_count_raw_components,xgboost,tree_plus_transaction_count_raw_components,CS300021,962,0.46153846153846156,0.7605162084078553,0.779731468920658,0.7563291139240507,0.5382882882882883,0.6289473684210526,0.3284823284823285
xgboost__tree_plus_transaction_count_raw_components,xgboost,tree_plus_transaction_count_raw_components,CS300029,217,0.42857142857142855,0.6669144671190179,0.7704647936177593,0.6666666666666666,0.6881720430107527,0.6772486772486772,0.4423963133640553
xgboost__tree_plus_transaction_count_raw_components,xgboost,tree_plus_transaction_count_raw_components,CS300031,359,0.25069637883008355,0.5034912990610865,0.7274266831887649,0.52,0.43333333333333335,0.4727272727272727,0.20891364902506965
xgboost__tree_plus_transaction_count_raw_components,xgboost,tree_plus_transaction_count_raw_components,CS300032,172,0.3081395348837209,0.4718121237699465,0.693515141905819,0.4878048780487805,0.37735849056603776,0.425531914893617,0.23837209302325582
xgboost__tree_plus_transaction_count_raw_components,xgboost,tree_plus_transaction_count_raw_components,CS300033,616,0.288961038961039,0.406715573497763,0.6598558308963112,0.4177215189873418,0.1853932584269663,0.25680933852140075,0.12824675324675325
xgboost__tree_plus_transaction_count_raw_components,xgboost,tree_plus_transaction_count_raw_components,CS300035,596,0.25838926174496646,0.4385516724700812,0.7167244520185696,0.4878048780487805,0.2597402597402597,0.3389830508474576,0.13758389261744966
xgboost__tree_plus_transaction_count_raw_components,xgboost,tree_plus_transaction_count_raw_components,CS300043,371,0.23450134770889489,0.3632271385233399,0.6440019426906265,0.42592592592592593,0.26436781609195403,0.3262411347517731,0.14555256064690028
xgboost__tree_plus_transaction_count_raw_components,xgboost,tree_plus_transaction_count_raw_components,CS200001,2410,0.2829875518672199,0.6829108802899716,0.8557288272510046,0.7046979865771812,0.46187683284457476,0.5580159433126661,0.18547717842323652
xgboost__tree_plus_transaction_count_raw_components,xgboost,tree_plus_transaction_count_raw_components,CS200019,439,0.5170842824601367,0.8209698893066333,0.8369005070235226,0.7967032967032966,0.6387665198237885,0.7090464547677262,0.4145785876993166
xgboost__tree_plus_transaction_count_raw_components,xgboost,tree_plus_transaction_count_raw_components,CS200032,175,0.2571428571428571,0.4143580240089908,0.6981196581196581,0.45161290322580644,0.3111111111111111,0.3684210526315789,0.17714285714285713
xgboost__tree_plus_transaction_count_raw_components,xgboost,tree_plus_transaction_count_raw_components,CS300003,278,0.32014388489208634,0.49023331280278293,0.6927649961357826,0.5230769230769231,0.38202247191011235,0.44155844155844154,0.23381294964028776
xgboost__tree_plus_transaction_count_raw_components,xgboost,tree_plus_transaction_count_raw_components,CS200025,1450,0.2103448275862069,0.44935613221532017,0.7484286634691102,0.5494505494505495,0.16393442622950818,0.25252525252525254,0.06275862068965517
xgboost__tree_plus_transaction_count_raw_components,xgboost,tree_plus_transaction_count_raw_components,CS300026,39,0.358974358974359,0.5656182936387925,0.7542857142857142,0.6428571428571429,0.6428571428571429,0.6428571428571429,0.358974358974359
xgboost__tree_plus_transaction_count_raw_components,xgboost,tree_plus_transaction_count_raw_components,CS300025,98,0.2755102040816326,0.4212431568918975,0.6452790818988002,0.3793103448275862,0.4074074074074074,0.39285714285714285,0.29591836734693877
xgboost__tree_plus_transaction_count_raw_components,xgboost,tree_plus_transaction_count_raw_components,CS200026,173,0.30057803468208094,0.5029866553447006,0.7274316592498411,0.5405405405405406,0.38461538461538464,0.449438202247191,0.2138728323699422
catboost__tree_plus_transaction_count_raw_components,catboost,tree_plus_transaction_count_raw_components,CS100001,5554,0.1852718761253151,0.4877466414985703,0.8249384426225108,0.5738095238095238,0.23420796890184645,0.3326432022084196,0.07562117392870003
catboost__tree_plus_transaction_count_raw_components,catboost,tree_plus_transaction_count_raw_components,CS100002,1698,0.33510011778563015,0.6482203882343812,0.7965865557494463,0.6705539358600583,0.40421792618629176,0.5043859649122807,0.20200235571260305
catboost__tree_plus_transaction_count_raw_components,catboost,tree_plus_transaction_count_raw_components,CS100003,1282,0.45553822152886114,0.7428389231900543,0.7927419829650273,0.7083333333333334,0.5821917808219178,0.6390977443609023,0.374414976599064
catboost__tree_plus_transaction_count_raw_components,catboost,tree_plus_transaction_count_raw_components,CS100004,1283,0.39438815276695244,0.684042159616353,0.7913277478494869,0.6840731070496083,0.5177865612648221,0.5894263217097863,0.2985190958690569
catboost__tree_plus_transaction_count_raw_components,catboost,tree_plus_transaction_count_raw_components,CS100005,1564,0.3177749360613811,0.6151944696362924,0.7687662997667354,0.6782945736434108,0.352112676056338,0.46357615894039733,0.1649616368286445
catboost__tree_plus_transaction_count_raw_components,catboost,tree_plus_transaction_count_raw_components,CS100006,1526,0.41874180865006555,0.7374746523864746,0.8154705509771646,0.7379454926624738,0.5508607198748043,0.6308243727598566,0.31258191349934467
catboost__tree_plus_transaction_count_raw_components,catboost,tree_plus_transaction_count_raw_components,CS100007,2078,0.48267564966313764,0.754683353516215,0.784003338820747,0.7470664928292047,0.5712861415752741,0.6474576271186441,0.36910490856592876
catboost__tree_plus_transaction_count_raw_components,catboost,tree_plus_transaction_count_raw_components,CS100008,3033,0.3537751401252885,0.6665393618493146,0.8045095764307587,0.7263969171483622,0.35135135135135137,0.47361809045226133,0.17111770524233433
catboost__tree_plus_transaction_count_raw_components,catboost,tree_plus_transaction_count_raw_components,CS100009,3508,0.3187001140250855,0.6351445954908304,0.8048654201690106,0.6335697399527187,0.47942754919499103,0.5458248472505092,0.2411630558722919
catboost__tree_plus_transaction_count_raw_components,catboost,tree_plus_transaction_count_raw_components,CS100010,4154,0.291044776119403,0.5887527571169997,0.7979078810449641,0.623688155922039,0.34408602150537637,0.44349680170575695,0.16056812710640347
catboost__tree_plus_transaction_count_raw_components,catboost,tree_plus_transaction_count_raw_components,CS200006,1998,0.14614614614614616,0.34700061786657016,0.7417615506913553,0.5625,0.06164383561643835,0.1111111111111111,0.016016016016016016
catboost__tree_plus_transaction_count_raw_components,catboost,tree_plus_transaction_count_raw_components,CS200007,1506,0.20053120849933598,0.38982742374703405,0.7393291676750787,0.39316239316239315,0.152317880794702,0.21957040572792363,0.07768924302788845
catboost__tree_plus_transaction_count_raw_components,catboost,tree_plus_transaction_count_raw_components,CS200016,1297,0.27602158828064766,0.5330639951758287,0.7685401681332216,0.5639097744360902,0.20949720670391062,0.3054989816700611,0.10254433307632999
catboost__tree_plus_transaction_count_raw_components,catboost,tree_plus_transaction_count_raw_components,CS200024,839,0.4123957091775924,0.6531402681871159,0.7439353257747189,0.6401515151515151,0.4884393063583815,0.5540983606557377,0.3146603098927294
catboost__tree_plus_transaction_count_raw_components,catboost,tree_plus_transaction_count_raw_components,CS200028,4384,0.2664233576642336,0.5407352259098126,0.7694063926940639,0.5824372759856631,0.2782534246575342,0.3765932792584009,0.1272810218978102
catboost__tree_plus_transaction_count_raw_components,catboost,tree_plus_transaction_count_raw_components,CS200029,1017,0.400196656833825,0.5586944299106263,0.6703327022999155,0.56,0.3095823095823096,0.3987341772151899,0.22123893805309736
catboost__tree_plus_transaction_count_raw_components,catboost,tree_plus_transaction_count_raw_components,CS200030,1156,0.2378892733564014,0.44468525761199457,0.7436879578990817,0.49586776859504134,0.21818181818181817,0.30303030303030304,0.1046712802768166
catboost__tree_plus_transaction_count_raw_components,catboost,tree_plus_transaction_count_raw_components,CS200031,1546,0.2238033635187581,0.3570255598771698,0.6577119460500963,0.46,0.1329479768786127,0.2062780269058296,0.0646830530401035
catboost__tree_plus_transaction_count_raw_components,catboost,tree_plus_transaction_count_raw_components,CS200037,2043,0.29515418502202645,0.49744529110225144,0.7476586972544684,0.525096525096525,0.22553897180762852,0.31554524361948955,0.12677435144395496
catboost__tree_plus_transaction_count_raw_components,catboost,tree_plus_transaction_count_raw_components,CS300001,3323,0.33012338248570566,0.6893901840777445,0.8263261480096415,0.7078507078507078,0.5013673655423884,0.5869797225186766,0.2338248570568763
catboost__tree_plus_transaction_count_raw_components,catboost,tree_plus_transaction_count_raw_components,CS300002,2751,0.2813522355507088,0.611414368749539,0.7939586903132797,0.6391554702495201,0.43023255813953487,0.5142857142857142,0.18938567793529626
catboost__tree_plus_transaction_count_raw_components,catboost,tree_plus_transaction_count_raw_components,CS300010,1240,0.24435483870967742,0.5543026462307337,0.794386268936392,0.6,0.3465346534653465,0.4393305439330544,0.14112903225806453
catboost__tree_plus_transaction_count_raw_components,catboost,tree_plus_transaction_count_raw_components,CS300011,3264,0.35324754901960786,0.5386477062373117,0.6943010694815863,0.5652797704447633,0.3417172593235039,0.4259459459459459,0.21354166666666666
catboost__tree_plus_transaction_count_raw_components,catboost,tree_plus_transaction_count_raw_components,CS300014,494,0.4109311740890688,0.5504013678547831,0.6657525434631727,0.5813953488372093,0.3694581280788177,0.45180722891566266,0.2611336032388664
catboost__tree_plus_transaction_count_raw_components,catboost,tree_plus_transaction_count_raw_components,CS300015,215,0.3953488372093023,0.5425719685866602,0.6908597285067873,0.52,0.3058823529411765,0.3851851851851852,0.23255813953488372
catboost__tree_plus_transaction_count_raw_components,catboost,tree_plus_transaction_count_raw_components,CS300016,805,0.2248447204968944,0.4096754731809088,0.7086520753647825,0.5531914893617021,0.143646408839779,0.22807017543859648,0.058385093167701865
catboost__tree_plus_transaction_count_raw_components,catboost,tree_plus_transaction_count_raw_components,CS300017,644,0.36490683229813664,0.5729303736883601,0.7202621859231129,0.591715976331361,0.425531914893617,0.49504950495049505,0.26242236024844723
catboost__tree_plus_transaction_count_raw_components,catboost,tree_plus_transaction_count_raw_components,CS300018,2260,0.12212389380530973,0.50252282754364,0.8606716047218327,0.6634615384615384,0.25,0.3631578947368421,0.04601769911504425
catboost__tree_plus_transaction_count_raw_components,catboost,tree_plus_transaction_count_raw_components,CS300020,514,0.39883268482490275,0.5382923226557471,0.6717025811034809,0.576,0.35121951219512193,0.43636363636363634,0.24319066147859922
catboost__tree_plus_transaction_count_raw_components,catboost,tree_plus_transaction_count_raw_components,CS300022,1851,0.35386277687736356,0.6160601016096777,0.759654318466134,0.651685393258427,0.44274809160305345,0.5272727272727272,0.2404105888708806
catboost__tree_plus_transaction_count_raw_components,catboost,tree_plus_transaction_count_raw_components,CS300024,463,0.3174946004319654,0.5098603714775239,0.6828554206492724,0.5036496350364964,0.46938775510204084,0.4859154929577465,0.2958963282937365
catboost__tree_plus_transaction_count_raw_components,catboost,tree_plus_transaction_count_raw_components,CS300027,337,0.36795252225519287,0.549811890985608,0.67942601847645,0.5903614457831325,0.3951612903225806,0.47342995169082125,0.24629080118694363
catboost__tree_plus_transaction_count_raw_components,catboost,tree_plus_transaction_count_raw_components,CS300028,1083,0.31117266851338876,0.4235614332443722,0.6529979872872929,0.4606741573033708,0.3649851632047478,0.40728476821192056,0.24653739612188366
catboost__tree_plus_transaction_count_raw_components,catboost,tree_plus_transaction_count_raw_components,CS300036,596,0.2902684563758389,0.43629742179604747,0.6837070744339222,0.47,0.27167630057803466,0.3443223443223443,0.16778523489932887
catboost__tree_plus_transaction_count_raw_components,catboost,tree_plus_transaction_count_raw_components,CS200002,250,0.24,0.6028859291931286,0.8223684210526315,0.6428571428571429,0.3,0.4090909090909091,0.112
catboost__tree_plus_transaction_count_raw_components,catboost,tree_plus_transaction_count_raw_components,CS200003,1882,0.28746014877789583,0.5307781517576051,0.7652812409973522,0.5867158671586716,0.29390018484288355,0.3916256157635468,0.14399574920297556
catboost__tree_plus_transaction_count_raw_components,catboost,tree_plus_transaction_count_raw_components,CS200005,1755,0.29971509971509974,0.5446299664737284,0.75533139248887,0.6035087719298246,0.3269961977186312,0.4241676942046856,0.1623931623931624
catboost__tree_plus_transaction_count_raw_components,catboost,tree_plus_transaction_count_raw_components,CS200008,1235,0.22753036437246962,0.43497166044620805,0.737583652275118,0.48717948717948717,0.2704626334519573,0.34782608695652173,0.12631578947368421
catboost__tree_plus_transaction_count_raw_components,catboost,tree_plus_transaction_count_raw_components,CS200017,528,0.4412878787878788,0.6791396744247347,0.7713682985378628,0.655,0.5622317596566524,0.605080831408776,0.3787878787878788
catboost__tree_plus_transaction_count_raw_components,catboost,tree_plus_transaction_count_raw_components,CS200033,72,0.2638888888888889,0.5522183703975546,0.7338629592850049,0.6666666666666666,0.21052631578947367,0.32,0.08333333333333333
catboost__tree_plus_transaction_count_raw_components,catboost,tree_plus_transaction_count_raw_components,CS200034,699,0.45064377682403434,0.6278564200412295,0.7014136904761904,0.6309523809523809,0.5047619047619047,0.5608465608465608,0.3605150214592275
catboost__tree_plus_transaction_count_raw_components,catboost,tree_plus_transaction_count_raw_components,CS300004,656,0.31859756097560976,0.46816579878047493,0.6798111814007257,0.5116279069767442,0.3157894736842105,0.3905325443786982,0.19664634146341464
catboost__tree_plus_transaction_count_raw_components,catboost,tree_plus_transaction_count_raw_components,CS300006,198,0.23737373737373738,0.5365220043278737,0.7396082851909257,0.7777777777777778,0.2978723404255319,0.4307692307692308,0.09090909090909091
catboost__tree_plus_transaction_count_raw_components,catboost,tree_plus_transaction_count_raw_components,CS300007,1584,0.34785353535353536,0.5694289835525312,0.736631276759847,0.5640449438202247,0.455535390199637,0.5040160642570282,0.2809343434343434
catboost__tree_plus_transaction_count_raw_components,catboost,tree_plus_transaction_count_raw_components,CS300008,566,0.2597173144876325,0.5448600782059226,0.7503937135713474,0.5487804878048781,0.30612244897959184,0.3930131004366812,0.14487632508833923
catboost__tree_plus_transaction_count_raw_components,catboost,tree_plus_transaction_count_raw_components,CS300009,1042,0.22648752399232247,0.5198231992929659,0.7743460066450771,0.5897435897435898,0.2923728813559322,0.3909348441926346,0.11228406909788867
catboost__tree_plus_transaction_count_raw_components,catboost,tree_plus_transaction_count_raw_components,CS300019,553,0.2820976491862568,0.49051315969661896,0.7350319705483432,0.5274725274725275,0.3076923076923077,0.38866396761133604,0.16455696202531644
catboost__tree_plus_transaction_count_raw_components,catboost,tree_plus_transaction_count_raw_components,CS300021,962,0.46153846153846156,0.719972934957074,0.7551958328985355,0.7204968944099379,0.5225225225225225,0.6057441253263708,0.33471933471933474
catboost__tree_plus_transaction_count_raw_components,catboost,tree_plus_transaction_count_raw_components,CS300029,217,0.42857142857142855,0.6375903965383649,0.7312695109261187,0.6235294117647059,0.5698924731182796,0.5955056179775281,0.391705069124424
catboost__tree_plus_transaction_count_raw_components,catboost,tree_plus_transaction_count_raw_components,CS300031,359,0.25069637883008355,0.4796854767598119,0.6909541511771995,0.47058823529411764,0.35555555555555557,0.4050632911392405,0.1894150417827298
catboost__tree_plus_transaction_count_raw_components,catboost,tree_plus_transaction_count_raw_components,CS300032,172,0.3081395348837209,0.41974080923343393,0.6575233867131758,0.45652173913043476,0.39622641509433965,0.42424242424242425,0.26744186046511625
catboost__tree_plus_transaction_count_raw_components,catboost,tree_plus_transaction_count_raw_components,CS300033,616,0.288961038961039,0.3328613596907066,0.5986352675593865,0.3076923076923077,0.1348314606741573,0.1875,0.1266233766233766
catboost__tree_plus_transaction_count_raw_components,catboost,tree_plus_transaction_count_raw_components,CS300035,596,0.25838926174496646,0.3766989171720827,0.6851824645942294,0.3875,0.2012987012987013,0.26495726495726496,0.1342281879194631
catboost__tree_plus_transaction_count_raw_components,catboost,tree_plus_transaction_count_raw_components,CS300043,371,0.23450134770889489,0.3205157171649756,0.637485834547515,0.2903225806451613,0.10344827586206896,0.15254237288135594,0.08355795148247978
catboost__tree_plus_transaction_count_raw_components,catboost,tree_plus_transaction_count_raw_components,CS200001,2410,0.2829875518672199,0.6241159039454927,0.8283099815357879,0.658974358974359,0.37683284457478006,0.47947761194029853,0.16182572614107885
catboost__tree_plus_transaction_count_raw_components,catboost,tree_plus_transaction_count_raw_components,CS200019,439,0.5170842824601367,0.7943621908230698,0.8144377026016125,0.7861635220125787,0.5506607929515418,0.6476683937823834,0.3621867881548975
catboost__tree_plus_transaction_count_raw_components,catboost,tree_plus_transaction_count_raw_components,CS200032,175,0.2571428571428571,0.3839074626052338,0.6829059829059829,0.35294117647058826,0.13333333333333333,0.1935483870967742,0.09714285714285714
catboost__tree_plus_transaction_count_raw_components,catboost,tree_plus_transaction_count_raw_components,CS300003,278,0.32014388489208634,0.41720934691809897,0.657273646037691,0.4375,0.3146067415730337,0.3660130718954248,0.2302158273381295
catboost__tree_plus_transaction_count_raw_components,catboost,tree_plus_transaction_count_raw_components,CS200025,1450,0.2103448275862069,0.3809182768815267,0.7091302169088697,0.4205607476635514,0.14754098360655737,0.21844660194174756,0.07379310344827586
catboost__tree_plus_transaction_count_raw_components,catboost,tree_plus_transaction_count_raw_components,CS300026,39,0.358974358974359,0.6513685388685387,0.84,0.7333333333333333,0.7857142857142857,0.7586206896551724,0.38461538461538464
catboost__tree_plus_transaction_count_raw_components,catboost,tree_plus_transaction_count_raw_components,CS300025,98,0.2755102040816326,0.37225301496811286,0.6416275430359938,0.36666666666666664,0.4074074074074074,0.38596491228070173,0.30612244897959184
catboost__tree_plus_transaction_count_raw_components,catboost,tree_plus_transaction_count_raw_components,CS200026,173,0.30057803468208094,0.4340287642205026,0.6818181818181818,0.4166666666666667,0.19230769230769232,0.2631578947368421,0.13872832369942195
random_forest__tree_plus_floating_population_raw_components,random_forest,tree_plus_floating_population_raw_components,CS100001,5554,0.1852718761253151,0.5172102019190088,0.8354093713254837,0.625,0.004859086491739553,0.009643201542912247,0.0014404033129276198
random_forest__tree_plus_floating_population_raw_components,random_forest,tree_plus_floating_population_raw_components,CS100002,1698,0.33510011778563015,0.6580656177266304,0.8050625699524129,0.7555555555555555,0.05975395430579965,0.11074918566775244,0.026501766784452298
random_forest__tree_plus_floating_population_raw_components,random_forest,tree_plus_floating_population_raw_components,CS100003,1282,0.45553822152886114,0.7360604376737445,0.791167033010166,0.85,0.05821917808219178,0.10897435897435898,0.031201248049921998
random_forest__tree_plus_floating_population_raw_components,random_forest,tree_plus_floating_population_raw_components,CS100004,1283,0.39438815276695244,0.6814717602194427,0.7889750281054629,0.8333333333333334,0.05928853754940711,0.11070110701107011,0.028059236165237724
random_forest__tree_plus_floating_population_raw_components,random_forest,tree_plus_floating_population_raw_components,CS100005,1564,0.3177749360613811,0.614575545517395,0.7859490589271335,0.84,0.04225352112676056,0.08045977011494253,0.0159846547314578
random_forest__tree_plus_floating_population_raw_components,random_forest,tree_plus_floating_population_raw_components,CS100006,1526,0.41874180865006555,0.735557137528762,0.8123547750236859,0.8333333333333334,0.14084507042253522,0.24096385542168675,0.07077326343381389
random_forest__tree_plus_floating_population_raw_components,random_forest,tree_plus_floating_population_raw_components,CS100007,2078,0.48267564966313764,0.7583865848908669,0.7835145725613856,0.8465346534653465,0.17048853439680958,0.2838174273858921,0.09720885466794996
random_forest__tree_plus_floating_population_raw_components,random_forest,tree_plus_floating_population_raw_components,CS100008,3033,0.3537751401252885,0.671171002831761,0.8051700363276718,0.8372093023255814,0.033550792171481825,0.06451612903225806,0.014177382129904385
random_forest__tree_plus_floating_population_raw_components,random_forest,tree_plus_floating_population_raw_components,CS100009,3508,0.3187001140250855,0.619691055140085,0.7929558910487197,0.7857142857142857,0.03935599284436494,0.07495741056218058,0.01596351197263398
random_forest__tree_plus_floating_population_raw_components,random_forest,tree_plus_floating_population_raw_components,CS100010,4154,0.291044776119403,0.6016179179017792,0.7943662486079923,0.7419354838709677,0.01902398676592225,0.037096774193548385,0.007462686567164179
random_forest__tree_plus_floating_population_raw_components,random_forest,tree_plus_floating_population_raw_components,CS200006,1998,0.14614614614614616,0.3891791874373124,0.7691748703207054,0.0,0.0,0.0,0.0
random_forest__tree_plus_floating_population_raw_components,random_forest,tree_plus_floating_population_raw_components,CS200007,1506,0.20053120849933598,0.37590270656225516,0.7311142769135992,0.0,0.0,0.0,0.0
random_forest__tree_plus_floating_population_raw_components,random_forest,tree_plus_floating_population_raw_components,CS200016,1297,0.27602158828064766,0.5860790755831111,0.7857967289580619,0.875,0.019553072625698324,0.03825136612021858,0.006168080185042405
random_forest__tree_plus_floating_population_raw_components,random_forest,tree_plus_floating_population_raw_components,CS200024,839,0.4123957091775924,0.637823354982629,0.7477517616574236,0.6153846153846154,0.023121387283236993,0.04456824512534819,0.015494636471990465
random_forest__tree_plus_floating_population_raw_components,random_forest,tree_plus_floating_population_raw_components,CS200028,4384,0.2664233576642336,0.5504462015234,0.7712888362127717,0.9285714285714286,0.01113013698630137,0.021996615905245348,0.0031934306569343066
random_forest__tree_plus_floating_population_raw_components,random_forest,tree_plus_floating_population_raw_components,CS200029,1017,0.400196656833825,0.5846067649182636,0.6774841905989446,0.8571428571428571,0.014742014742014743,0.028985507246376812,0.00688298918387414
random_forest__tree_plus_floating_population_raw_components,random_forest,tree_plus_floating_population_raw_components,CS200030,1156,0.2378892733564014,0.44813984644865723,0.7376658755546381,1.0,0.007272727272727273,0.01444043321299639,0.0017301038062283738
random_forest__tree_plus_floating_population_raw_components,random_forest,tree_plus_floating_population_raw_components,CS200031,1546,0.2238033635187581,0.3781337127335552,0.6660260115606936,0.0,0.0,0.0,0.0
random_forest__tree_plus_floating_population_raw_components,random_forest,tree_plus_floating_population_raw_components,CS200037,2043,0.29515418502202645,0.5209169039357698,0.7371637184448129,0.75,0.009950248756218905,0.019639934533551555,0.003915810083210965
random_forest__tree_plus_floating_population_raw_components,random_forest,tree_plus_floating_population_raw_components,CS300001,3323,0.33012338248570566,0.6900095891354714,0.829874172885129,0.7808219178082192,0.15587967183226983,0.25987841945288753,0.0659043033403551
random_forest__tree_plus_floating_population_raw_components,random_forest,tree_plus_floating_population_raw_components,CS300002,2751,0.2813522355507088,0.6466116118242025,0.805167697252251,0.9315068493150684,0.08785529715762273,0.16056670602125148,0.026535805161759362
random_forest__tree_plus_floating_population_raw_components,random_forest,tree_plus_floating_population_raw_components,CS300010,1240,0.24435483870967742,0.5636248031705718,0.8006910616355125,0.8571428571428571,0.019801980198019802,0.03870967741935484,0.00564516129032258
random_forest__tree_plus_floating_population_raw_components,random_forest,tree_plus_floating_population_raw_components,CS300011,3264,0.35324754901960786,0.5265133703743736,0.6768679156756641,0.7272727272727273,0.013876843018213356,0.02723404255319149,0.006740196078431373
random_forest__tree_plus_floating_population_raw_components,random_forest,tree_plus_floating_population_raw_components,CS300014,494,0.4109311740890688,0.5582322070040173,0.668088636094324,0.5625,0.04433497536945813,0.0821917808219178,0.032388663967611336
random_forest__tree_plus_floating_population_raw_components,random_forest,tree_plus_floating_population_raw_components,CS300015,215,0.3953488372093023,0.5671984326199215,0.6847963800904977,0.6666666666666666,0.023529411764705882,0.045454545454545456,0.013953488372093023
random_forest__tree_plus_floating_population_raw_components,random_forest,tree_plus_floating_population_raw_components,CS300016,805,0.2248447204968944,0.40317807017507035,0.6984434764130897,1.0,0.0055248618784530384,0.01098901098901099,0.0012422360248447205
random_forest__tree_plus_floating_population_raw_components,random_forest,tree_plus_floating_population_raw_components,CS300017,644,0.36490683229813664,0.5341721666053674,0.6918587109192115,0.4,0.00851063829787234,0.016666666666666666,0.007763975155279503
random_forest__tree_plus_floating_population_raw_components,random_forest,tree_plus_floating_population_raw_components,CS300018,2260,0.12212389380530973,0.5100720206427553,0.8567799643525011,0.25,0.0036231884057971015,0.007142857142857143,0.0017699115044247787
random_forest__tree_plus_floating_population_raw_components,random_forest,tree_plus_floating_population_raw_components,CS300020,514,0.39883268482490275,0.5559852351177073,0.6685926276738496,0.6666666666666666,0.03902439024390244,0.07373271889400922,0.023346303501945526
random_forest__tree_plus_floating_population_raw_components,random_forest,tree_plus_floating_population_raw_components,CS300022,1851,0.35386277687736356,0.6074215115674093,0.7406175802292628,0.90625,0.044274809160305344,0.08442503639010189,0.01728795245813074
random_forest__tree_plus_floating_population_raw_components,random_forest,tree_plus_floating_population_raw_components,CS300024,463,0.3174946004319654,0.5592239622718252,0.7056962025316456,0.8461538461538461,0.07482993197278912,0.1375,0.028077753779697623
random_forest__tree_plus_floating_population_raw_components,random_forest,tree_plus_floating_population_raw_components,CS300027,337,0.36795252225519287,0.488141567611661,0.6021883992124792,1.0,0.008064516129032258,0.016,0.002967359050445104
random_forest__tree_plus_floating_population_raw_components,random_forest,tree_plus_floating_population_raw_components,CS300028,1083,0.31117266851338876,0.4503550399211631,0.6666534076896763,0.6666666666666666,0.02373887240356083,0.045845272206303724,0.0110803324099723
random_forest__tree_plus_floating_population_raw_components,random_forest,tree_plus_floating_population_raw_components,CS300036,596,0.2902684563758389,0.4487978713208711,0.6973995271867612,1.0,0.005780346820809248,0.011494252873563218,0.0016778523489932886
random_forest__tree_plus_floating_population_raw_components,random_forest,tree_plus_floating_population_raw_components,CS200002,250,0.24,0.6149713545582888,0.8378947368421052,1.0,0.016666666666666666,0.03278688524590164,0.004
random_forest__tree_plus_floating_population_raw_components,random_forest,tree_plus_floating_population_raw_components,CS200003,1882,0.28746014877789583,0.5699889279650435,0.7791561736282548,0.7142857142857143,0.009242144177449169,0.01824817518248175,0.0037194473963868225
random_forest__tree_plus_floating_population_raw_components,random_forest,tree_plus_floating_population_raw_components,CS200005,1755,0.29971509971509974,0.5532496983976496,0.7515600491295591,0.8461538461538461,0.02091254752851711,0.04081632653061224,0.007407407407407408
random_forest__tree_plus_floating_population_raw_components,random_forest,tree_plus_floating_population_raw_components,CS200008,1235,0.22753036437246962,0.46567529178915845,0.7541947372740364,1.0,0.010676156583629894,0.02112676056338028,0.0024291497975708503
random_forest__tree_plus_floating_population_raw_components,random_forest,tree_plus_floating_population_raw_components,CS200017,528,0.4412878787878788,0.7263211894047874,0.7926383938313815,0.8,0.08583690987124463,0.15503875968992248,0.04734848484848485
random_forest__tree_plus_floating_population_raw_components,random_forest,tree_plus_floating_population_raw_components,CS200033,72,0.2638888888888889,0.579078217942322,0.708043694141013,1.0,0.05263157894736842,0.1,0.013888888888888888
random_forest__tree_plus_floating_population_raw_components,random_forest,tree_plus_floating_population_raw_components,CS200034,699,0.45064377682403434,0.6493887113942494,0.7046213624338624,0.7727272727272727,0.05396825396825397,0.10089020771513353,0.031473533619456366
random_forest__tree_plus_floating_population_raw_components,random_forest,tree_plus_floating_population_raw_components,CS300004,656,0.31859756097560976,0.4545443461208101,0.6453871102405189,1.0,0.009569377990430622,0.018957345971563982,0.003048780487804878
random_forest__tree_plus_floating_population_raw_components,random_forest,tree_plus_floating_population_raw_components,CS300006,198,0.23737373737373738,0.5611253274771044,0.8011835987036775,0.0,0.0,0.0,0.0
random_forest__tree_plus_floating_population_raw_components,random_forest,tree_plus_floating_population_raw_components,CS300007,1584,0.34785353535353536,0.5669718236168677,0.7323215907713336,0.6666666666666666,0.06896551724137931,0.125,0.03598484848484849
random_forest__tree_plus_floating_population_raw_components,random_forest,tree_plus_floating_population_raw_components,CS300008,566,0.2597173144876325,0.5595627779103871,0.7728150926241619,0.5,0.006802721088435374,0.013422818791946308,0.0035335689045936395
random_forest__tree_plus_floating_population_raw_components,random_forest,tree_plus_floating_population_raw_components,CS300009,1042,0.22648752399232247,0.5244871908297672,0.7878254195230686,0.8,0.03389830508474576,0.06504065040650407,0.009596928982725527
random_forest__tree_plus_floating_population_raw_components,random_forest,tree_plus_floating_population_raw_components,CS300019,553,0.2820976491862568,0.4750864920166323,0.7178679842407802,1.0,0.01282051282051282,0.02531645569620253,0.003616636528028933
random_forest__tree_plus_floating_population_raw_components,random_forest,tree_plus_floating_population_raw_components,CS300021,962,0.46153846153846156,0.7216883091849637,0.7477347038157849,0.9411764705882353,0.036036036036036036,0.06941431670281996,0.017671517671517672
random_forest__tree_plus_floating_population_raw_components,random_forest,tree_plus_floating_population_raw_components,CS300029,217,0.42857142857142855,0.6376073010395766,0.7242455775234131,0.8,0.043010752688172046,0.08163265306122448,0.02304147465437788
random_forest__tree_plus_floating_population_raw_components,random_forest,tree_plus_floating_population_raw_components,CS300031,359,0.25069637883008355,0.46478121929004773,0.669847170590665,1.0,0.044444444444444446,0.0851063829787234,0.011142061281337047
random_forest__tree_plus_floating_population_raw_components,random_forest,tree_plus_floating_population_raw_components,CS300032,172,0.3081395348837209,0.3765686584669004,0.6324718566671952,0.0,0.0,0.0,0.0
random_forest__tree_plus_floating_population_raw_components,random_forest,tree_plus_floating_population_raw_components,CS300033,616,0.288961038961039,0.3941076983087825,0.6357806166948847,1.0,0.0056179775280898875,0.0111731843575419,0.0016233766233766235
random_forest__tree_plus_floating_population_raw_components,random_forest,tree_plus_floating_population_raw_components,CS300035,596,0.25838926174496646,0.3844983545840995,0.6536551683610508,0.0,0.0,0.0,0.0
random_forest__tree_plus_floating_population_raw_components,random_forest,tree_plus_floating_population_raw_components,CS300043,371,0.23450134770889489,0.31240719830888236,0.6153877286708759,0.3333333333333333,0.011494252873563218,0.022222222222222223,0.008086253369272238
random_forest__tree_plus_floating_population_raw_components,random_forest,tree_plus_floating_population_raw_components,CS200001,2410,0.2829875518672199,0.6194446116660255,0.8273689516129031,0.7142857142857143,0.01466275659824047,0.028735632183908046,0.005809128630705394
random_forest__tree_plus_floating_population_raw_components,random_forest,tree_plus_floating_population_raw_components,CS200019,439,0.5170842824601367,0.8014095383657703,0.8228534618901172,0.8461538461538461,0.19383259911894274,0.3154121863799283,0.11845102505694761
random_forest__tree_plus_floating_population_raw_components,random_forest,tree_plus_floating_population_raw_components,CS200032,175,0.2571428571428571,0.3647868794117394,0.6593162393162394,0.0,0.0,0.0,0.0
random_forest__tree_plus_floating_population_raw_components,random_forest,tree_plus_floating_population_raw_components,CS300003,278,0.32014388489208634,0.4471832816419259,0.6448487010284764,1.0,0.02247191011235955,0.04395604395604396,0.007194244604316547
random_forest__tree_plus_floating_population_raw_components,random_forest,tree_plus_floating_population_raw_components,CS200025,1450,0.2103448275862069,0.38818780635901007,0.7144362517001933,0.0,0.0,0.0,0.0
random_forest__tree_plus_floating_population_raw_components,random_forest,tree_plus_floating_population_raw_components,CS300026,39,0.358974358974359,0.6855168018228539,0.7914285714285714,1.0,0.14285714285714285,0.25,0.05128205128205128
random_forest__tree_plus_floating_population_raw_components,random_forest,tree_plus_floating_population_raw_components,CS300025,98,0.2755102040816326,0.3210522306980442,0.548774126238915,0.0,0.0,0.0,0.01020408163265306
random_forest__tree_plus_floating_population_raw_components,random_forest,tree_plus_floating_population_raw_components,CS200026,173,0.30057803468208094,0.5121262753655423,0.6916719643992373,0.0,0.0,0.0,0.0
extra_trees__tree_plus_floating_population_raw_components,extra_trees,tree_plus_floating_population_raw_components,CS100001,5554,0.1852718761253151,0.3953428428614203,0.7424795837830002,0.0,0.0,0.0,0.0
extra_trees__tree_plus_floating_population_raw_components,extra_trees,tree_plus_floating_population_raw_components,CS100002,1698,0.33510011778563015,0.49963698062955453,0.6762738538700905,0.0,0.0,0.0,0.0
extra_trees__tree_plus_floating_population_raw_components,extra_trees,tree_plus_floating_population_raw_components,CS100003,1282,0.45553822152886114,0.5805881461873259,0.6699424971542961,0.0,0.0,0.0,0.0
extra_trees__tree_plus_floating_population_raw_components,extra_trees,tree_plus_floating_population_raw_components,CS100004,1283,0.39438815276695244,0.5403433350507468,0.6749456966848271,0.0,0.0,0.0,0.0
extra_trees__tree_plus_floating_population_raw_components,extra_trees,tree_plus_floating_population_raw_components,CS100005,1564,0.3177749360613811,0.4874038506727757,0.6626506932881261,0.0,0.0,0.0,0.0
extra_trees__tree_plus_floating_population_raw_components,extra_trees,tree_plus_floating_population_raw_components,CS100006,1526,0.41874180865006555,0.6578178367934785,0.740317893834257,0.0,0.0,0.0,0.0
extra_trees__tree_plus_floating_population_raw_components,extra_trees,tree_plus_floating_population_raw_components,CS100007,2078,0.48267564966313764,0.6993326458087255,0.7042018131651557,0.0,0.0,0.0,0.0
extra_trees__tree_plus_floating_population_raw_components,extra_trees,tree_plus_floating_population_raw_components,CS100008,3033,0.3537751401252885,0.5655314423050096,0.7050345207980675,0.0,0.0,0.0,0.0
extra_trees__tree_plus_floating_population_raw_components,extra_trees,tree_plus_floating_population_raw_components,CS100009,3508,0.3187001140250855,0.45719491158070186,0.6559984580953735,0.0,0.0,0.0,0.0
extra_trees__tree_plus_floating_population_raw_components,extra_trees,tree_plus_floating_population_raw_components,CS100010,4154,0.291044776119403,0.48397564102682383,0.7005642458022107,0.0,0.0,0.0,0.0
extra_trees__tree_plus_floating_population_raw_components,extra_trees,tree_plus_floating_population_raw_components,CS200006,1998,0.14614614614614616,0.31302475186892026,0.709305593473478,0.0,0.0,0.0,0.0
extra_trees__tree_plus_floating_population_raw_components,extra_trees,tree_plus_floating_population_raw_components,CS200007,1506,0.20053120849933598,0.27992360268208694,0.6324558315548613,0.0,0.0,0.0,0.0
extra_trees__tree_plus_floating_population_raw_components,extra_trees,tree_plus_floating_population_raw_components,CS200016,1297,0.27602158828064766,0.45087051576795545,0.6853094638894343,0.0,0.0,0.0,0.0
extra_trees__tree_plus_floating_population_raw_components,extra_trees,tree_plus_floating_population_raw_components,CS200024,839,0.4123957091775924,0.5260735808292688,0.6267748478701824,0.0,0.0,0.0,0.0
extra_trees__tree_plus_floating_population_raw_components,extra_trees,tree_plus_floating_population_raw_components,CS200028,4384,0.2664233576642336,0.38799160593712223,0.6470367820571797,0.0,0.0,0.0,0.0
extra_trees__tree_plus_floating_population_raw_components,extra_trees,tree_plus_floating_population_raw_components,CS200029,1017,0.400196656833825,0.4514941126222728,0.5470898618439601,0.0,0.0,0.0,0.0
extra_trees__tree_plus_floating_population_raw_components,extra_trees,tree_plus_floating_population_raw_components,CS200030,1156,0.2378892733564014,0.31361225590472924,0.6097368692601384,0.0,0.0,0.0,0.0
extra_trees__tree_plus_floating_population_raw_components,extra_trees,tree_plus_floating_population_raw_components,CS200031,1546,0.2238033635187581,0.3006668193511991,0.6113439306358381,0.0,0.0,0.0,0.0
extra_trees__tree_plus_floating_population_raw_components,extra_trees,tree_plus_floating_population_raw_components,CS200037,2043,0.29515418502202645,0.3754958016805292,0.6035493827160494,0.0,0.0,0.0,0.0
extra_trees__tree_plus_floating_population_raw_components,extra_trees,tree_plus_floating_population_raw_components,CS300001,3323,0.33012338248570566,0.5661578819921947,0.7337822420208343,0.0,0.0,0.0,0.0
extra_trees__tree_plus_floating_population_raw_components,extra_trees,tree_plus_floating_population_raw_components,CS300002,2751,0.2813522355507088,0.4727160358376602,0.7003845254012879,0.0,0.0,0.0,0.0
extra_trees__tree_plus_floating_population_raw_components,extra_trees,tree_plus_floating_population_raw_components,CS300010,1240,0.24435483870967742,0.463334825547615,0.7040480995805025,0.0,0.0,0.0,0.0
extra_trees__tree_plus_floating_population_raw_components,extra_trees,tree_plus_floating_population_raw_components,CS300011,3264,0.35324754901960786,0.4220572015704253,0.5818089115659394,0.0,0.0,0.0,0.0
extra_trees__tree_plus_floating_population_raw_components,extra_trees,tree_plus_floating_population_raw_components,CS300014,494,0.4109311740890688,0.5201266732602148,0.6074179405142789,0.0,0.0,0.0,0.0
extra_trees__tree_plus_floating_population_raw_components,extra_trees,tree_plus_floating_population_raw_components,CS300015,215,0.3953488372093023,0.47456329418397686,0.5774660633484163,0.0,0.0,0.0,0.0
extra_trees__tree_plus_floating_population_raw_components,extra_trees,tree_plus_floating_population_raw_components,CS300016,805,0.2248447204968944,0.3035236462143832,0.588238419039524,0.0,0.0,0.0,0.0
extra_trees__tree_plus_floating_population_raw_components,extra_trees,tree_plus_floating_population_raw_components,CS300017,644,0.36490683229813664,0.4259711214694027,0.5670498881548146,0.0,0.0,0.0,0.0
extra_trees__tree_plus_floating_population_raw_components,extra_trees,tree_plus_floating_population_raw_components,CS300018,2260,0.12212389380530973,0.35408599630208454,0.7591949363020103,0.0,0.0,0.0,0.0
extra_trees__tree_plus_floating_population_raw_components,extra_trees,tree_plus_floating_population_raw_components,CS300020,514,0.39883268482490275,0.4910204539664138,0.6041676533270187,0.0,0.0,0.0,0.0
extra_trees__tree_plus_floating_population_raw_components,extra_trees,tree_plus_floating_population_raw_components,CS300022,1851,0.35386277687736356,0.49061959937922495,0.6293701651816488,0.0,0.0,0.0,0.0
extra_trees__tree_plus_floating_population_raw_components,extra_trees,tree_plus_floating_population_raw_components,CS300024,463,0.3174946004319654,0.4257902381401583,0.630435718591234,0.0,0.0,0.0,0.0
extra_trees__tree_plus_floating_population_raw_components,extra_trees,tree_plus_floating_population_raw_components,CS300027,337,0.36795252225519287,0.3887294912983065,0.49700893533242463,0.0,0.0,0.0,0.0
extra_trees__tree_plus_floating_population_raw_components,extra_trees,tree_plus_floating_population_raw_components,CS300028,1083,0.31117266851338876,0.37785314198382247,0.5840884320729349,0.0,0.0,0.0,0.0
extra_trees__tree_plus_floating_population_raw_components,extra_trees,tree_plus_floating_population_raw_components,CS300036,596,0.2902684563758389,0.36366661300129616,0.565189466923571,0.0,0.0,0.0,0.0
extra_trees__tree_plus_floating_population_raw_components,extra_trees,tree_plus_floating_population_raw_components,CS200002,250,0.24,0.49211358500573876,0.7152631578947367,0.0,0.0,0.0,0.0
extra_trees__tree_plus_floating_population_raw_components,extra_trees,tree_plus_floating_population_raw_components,CS200003,1882,0.28746014877789583,0.4605836926172337,0.6738481090476526,0.0,0.0,0.0,0.0
extra_trees__tree_plus_floating_population_raw_components,extra_trees,tree_plus_floating_population_raw_components,CS200005,1755,0.29971509971509974,0.45228939328584283,0.6643086747084865,0.0,0.0,0.0,0.0
extra_trees__tree_plus_floating_population_raw_components,extra_trees,tree_plus_floating_population_raw_components,CS200008,1235,0.22753036437246962,0.3218222044618814,0.6351529801472727,0.0,0.0,0.0,0.0
extra_trees__tree_plus_floating_population_raw_components,extra_trees,tree_plus_floating_population_raw_components,CS200017,528,0.4412878787878788,0.5839435657859909,0.6579326398486942,0.0,0.0,0.0,0.0
extra_trees__tree_plus_floating_population_raw_components,extra_trees,tree_plus_floating_population_raw_components,CS200033,72,0.2638888888888889,0.5783996244893959,0.7159880834160874,0.0,0.0,0.0,0.0
extra_trees__tree_plus_floating_population_raw_components,extra_trees,tree_plus_floating_population_raw_components,CS200034,699,0.45064377682403434,0.5173254240948939,0.5750826719576719,0.0,0.0,0.0,0.0
extra_trees__tree_plus_floating_population_raw_components,extra_trees,tree_plus_floating_population_raw_components,CS300004,656,0.31859756097560976,0.37116449388246026,0.5354891193817369,0.0,0.0,0.0,0.0
extra_trees__tree_plus_floating_population_raw_components,extra_trees,tree_plus_floating_population_raw_components,CS300006,198,0.23737373737373738,0.43772896232334124,0.6794420177539806,0.0,0.0,0.0,0.0
extra_trees__tree_plus_floating_population_raw_components,extra_trees,tree_plus_floating_population_raw_components,CS300007,1584,0.34785353535353536,0.47087244956783175,0.638302619719844,0.0,0.0,0.0,0.0
extra_trees__tree_plus_floating_population_raw_components,extra_trees,tree_plus_floating_population_raw_components,CS300008,566,0.2597173144876325,0.3884438588288992,0.6764567402139854,0.0,0.0,0.0,0.0
extra_trees__tree_plus_floating_population_raw_components,extra_trees,tree_plus_floating_population_raw_components,CS300009,1042,0.22648752399232247,0.47130897149488094,0.7404003869285444,0.0,0.0,0.0,0.0
extra_trees__tree_plus_floating_population_raw_components,extra_trees,tree_plus_floating_population_raw_components,CS300019,553,0.2820976491862568,0.3222132868605796,0.5786507782729444,0.0,0.0,0.0,0.0
extra_trees__tree_plus_floating_population_raw_components,extra_trees,tree_plus_floating_population_raw_components,CS300021,962,0.46153846153846156,0.6001315277095838,0.6490834463807437,0.0,0.0,0.0,0.0
extra_trees__tree_plus_floating_population_raw_components,extra_trees,tree_plus_floating_population_raw_components,CS300029,217,0.42857142857142855,0.48289498446846585,0.570326049254249,0.0,0.0,0.0,0.0
extra_trees__tree_plus_floating_population_raw_components,extra_trees,tree_plus_floating_population_raw_components,CS300031,359,0.25069637883008355,0.3414456075403578,0.5554316398182569,0.0,0.0,0.0,0.0
extra_trees__tree_plus_floating_population_raw_components,extra_trees,tree_plus_floating_population_raw_components,CS300032,172,0.3081395348837209,0.3244290428533487,0.5355953702235612,0.0,0.0,0.0,0.0
extra_trees__tree_plus_floating_population_raw_components,extra_trees,tree_plus_floating_population_raw_components,CS300033,616,0.288961038961039,0.31376153465423207,0.5130829613667847,0.0,0.0,0.0,0.0
extra_trees__tree_plus_floating_population_raw_components,extra_trees,tree_plus_floating_population_raw_components,CS300035,596,0.25838926174496646,0.30251076386126685,0.5582946465299407,0.0,0.0,0.0,0.0
extra_trees__tree_plus_floating_population_raw_components,extra_trees,tree_plus_floating_population_raw_components,CS300043,371,0.23450134770889489,0.2827302079404112,0.5635826452970698,0.0,0.0,0.0,0.0
extra_trees__tree_plus_floating_population_raw_components,extra_trees,tree_plus_floating_population_raw_components,CS200001,2410,0.2829875518672199,0.5144317755859434,0.7258310592483981,0.0,0.0,0.0,0.0
extra_trees__tree_plus_floating_population_raw_components,extra_trees,tree_plus_floating_population_raw_components,CS200019,439,0.5170842824601367,0.7160339998942926,0.7116615410190342,0.0,0.0,0.0,0.0
extra_trees__tree_plus_floating_population_raw_components,extra_trees,tree_plus_floating_population_raw_components,CS200032,175,0.2571428571428571,0.2878846785634498,0.5073504273504272,0.0,0.0,0.0,0.0
extra_trees__tree_plus_floating_population_raw_components,extra_trees,tree_plus_floating_population_raw_components,CS300003,278,0.32014388489208634,0.3534344846217199,0.5666726116164319,0.0,0.0,0.0,0.0
extra_trees__tree_plus_floating_population_raw_components,extra_trees,tree_plus_floating_population_raw_components,CS200025,1450,0.2103448275862069,0.31028192300899576,0.6189133080392297,0.0,0.0,0.0,0.0
extra_trees__tree_plus_floating_population_raw_components,extra_trees,tree_plus_floating_population_raw_components,CS300026,39,0.358974358974359,0.5784617935549613,0.7342857142857143,0.0,0.0,0.0,0.0
extra_trees__tree_plus_floating_population_raw_components,extra_trees,tree_plus_floating_population_raw_components,CS300025,98,0.2755102040816326,0.28406282851719145,0.4063641105894627,0.0,0.0,0.0,0.0
extra_trees__tree_plus_floating_population_raw_components,extra_trees,tree_plus_floating_population_raw_components,CS200026,173,0.30057803468208094,0.4614647918965792,0.6362047043865225,0.0,0.0,0.0,0.0
lightgbm__tree_plus_floating_population_raw_components,lightgbm,tree_plus_floating_population_raw_components,CS100001,5554,0.1852718761253151,0.5520237156018499,0.8516574048719724,0.6333333333333333,0.2954324586977648,0.40291583830351224,0.08642419877565719
lightgbm__tree_plus_floating_population_raw_components,lightgbm,tree_plus_floating_population_raw_components,CS100002,1698,0.33510011778563015,0.6966116176376891,0.8271142168209575,0.7201946472019465,0.5202108963093146,0.6040816326530613,0.2420494699646643
lightgbm__tree_plus_floating_population_raw_components,lightgbm,tree_plus_floating_population_raw_components,CS100003,1282,0.45553822152886114,0.7965971355813581,0.8255534403579698,0.7339449541284404,0.684931506849315,0.70859167404783,0.4251170046801872
lightgbm__tree_plus_floating_population_raw_components,lightgbm,tree_plus_floating_population_raw_components,CS100004,1283,0.39438815276695244,0.7321141485616589,0.8148600322513366,0.7156398104265402,0.5968379446640316,0.6508620689655172,0.3289166017147311
lightgbm__tree_plus_floating_population_raw_components,lightgbm,tree_plus_floating_population_raw_components,CS100005,1564,0.3177749360613811,0.6499110274699559,0.7945819245369122,0.6816479400749064,0.36619718309859156,0.47643979057591623,0.1707161125319693
lightgbm__tree_plus_floating_population_raw_components,lightgbm,tree_plus_floating_population_raw_components,CS100006,1526,0.41874180865006555,0.7505358537757325,0.829450963579296,0.7475538160469667,0.5978090766823161,0.6643478260869565,0.3348623853211009
lightgbm__tree_plus_floating_population_raw_components,lightgbm,tree_plus_floating_population_raw_components,CS100007,2078,0.48267564966313764,0.7834395315255458,0.8077117484755039,0.7439320388349514,0.6111665004985045,0.6710454296661194,0.3965351299326275
lightgbm__tree_plus_floating_population_raw_components,lightgbm,tree_plus_floating_population_raw_components,CS100008,3033,0.3537751401252885,0.7107940601860299,0.828796336801263,0.7572649572649572,0.412861136999068,0.53437876960193,0.19287833827893175
lightgbm__tree_plus_floating_population_raw_components,lightgbm,tree_plus_floating_population_raw_components,CS100009,3508,0.3187001140250855,0.6806858893751676,0.8259855839402399,0.6656534954407295,0.5876565295169947,0.624228028503563,0.28135689851767387
lightgbm__tree_plus_floating_population_raw_components,lightgbm,tree_plus_floating_population_raw_components,CS100010,4154,0.291044776119403,0.6549122731274201,0.8257303388142975,0.6863270777479893,0.42349048800661704,0.5237851662404092,0.17958594126143476
lightgbm__tree_plus_floating_population_raw_components,lightgbm,tree_plus_floating_population_raw_components,CS200006,1998,0.14614614614614616,0.4128909386112378,0.7772647705921084,0.7142857142857143,0.11986301369863013,0.20527859237536658,0.024524524524524523
lightgbm__tree_plus_floating_population_raw_components,lightgbm,tree_plus_floating_population_raw_components,CS200007,1506,0.20053120849933598,0.4667803991566044,0.7796940661371585,0.5193798449612403,0.22185430463576158,0.3109048723897912,0.08565737051792828
lightgbm__tree_plus_floating_population_raw_components,lightgbm,tree_plus_floating_population_raw_components,CS200016,1297,0.27602158828064766,0.6146939241586903,0.810653791921752,0.675531914893617,0.3547486033519553,0.4652014652014652,0.14494988434849654
lightgbm__tree_plus_floating_population_raw_components,lightgbm,tree_plus_floating_population_raw_components,CS200024,839,0.4123957091775924,0.715299154937961,0.7857226606010153,0.7035714285714286,0.569364161849711,0.6293929712460063,0.33373063170441003
lightgbm__tree_plus_floating_population_raw_components,lightgbm,tree_plus_floating_population_raw_components,CS200028,4384,0.2664233576642336,0.5969257337049325,0.8012937240169017,0.6558219178082192,0.3279109589041096,0.4372146118721461,0.1332116788321168
lightgbm__tree_plus_floating_population_raw_components,lightgbm,tree_plus_floating_population_raw_components,CS200029,1017,0.400196656833825,0.632021111406663,0.7159302372417127,0.6880733944954128,0.36855036855036855,0.48,0.2143559488692232
lightgbm__tree_plus_floating_population_raw_components,lightgbm,tree_plus_floating_population_raw_components,CS200030,1156,0.2378892733564014,0.5222039806471698,0.777315034568156,0.5975609756097561,0.3563636363636364,0.44646924829157175,0.14186851211072665
lightgbm__tree_plus_floating_population_raw_components,lightgbm,tree_plus_floating_population_raw_components,CS200031,1546,0.2238033635187581,0.4187149718954284,0.6876180154142582,0.49696969696969695,0.23699421965317918,0.32093933463796476,0.10672703751617077
lightgbm__tree_plus_floating_population_raw_components,lightgbm,tree_plus_floating_population_raw_components,CS200037,2043,0.29515418502202645,0.5245626925864029,0.7572093237516123,0.558891454965358,0.4013266998341625,0.4671814671814672,0.21194322075379343
lightgbm__tree_plus_floating_population_raw_components,lightgbm,tree_plus_floating_population_raw_components,CS300001,3323,0.33012338248570566,0.7369101919722031,0.8573197669704437,0.7522816166883963,0.5259799453053783,0.619098712446352,0.2308155281372254
lightgbm__tree_plus_floating_population_raw_components,lightgbm,tree_plus_floating_population_raw_components,CS300002,2751,0.2813522355507088,0.684971473194221,0.830723867107394,0.7195121951219512,0.4573643410852713,0.5592417061611374,0.17884405670665213
lightgbm__tree_plus_floating_population_raw_components,lightgbm,tree_plus_floating_population_raw_components,CS300010,1240,0.24435483870967742,0.5926126062552223,0.8114549982212736,0.6243654822335025,0.40594059405940597,0.492,0.1588709677419355
lightgbm__tree_plus_floating_population_raw_components,lightgbm,tree_plus_floating_population_raw_components,CS300011,3264,0.35324754901960786,0.5766422995974638,0.7233933022539599,0.6266846361185984,0.4032957502168257,0.49076517150395776,0.22732843137254902
lightgbm__tree_plus_floating_population_raw_components,lightgbm,tree_plus_floating_population_raw_components,CS300014,494,0.4109311740890688,0.5908333891469278,0.7003537995361672,0.6470588235294118,0.43349753694581283,0.5191740412979351,0.27530364372469635
lightgbm__tree_plus_floating_population_raw_components,lightgbm,tree_plus_floating_population_raw_components,CS300015,215,0.3953488372093023,0.6419467416816785,0.7524886877828054,0.6363636363636364,0.32941176470588235,0.43410852713178294,0.20465116279069767
lightgbm__tree_plus_floating_population_raw_components,lightgbm,tree_plus_floating_population_raw_components,CS300016,805,0.2248447204968944,0.4823864505246947,0.7290250035415782,0.576271186440678,0.1878453038674033,0.2833333333333333,0.07329192546583851
lightgbm__tree_plus_floating_population_raw_components,lightgbm,tree_plus_floating_population_raw_components,CS300017,644,0.36490683229813664,0.6142525963309027,0.7588617801591843,0.6298342541436464,0.4851063829787234,0.5480769230769231,0.281055900621118
lightgbm__tree_plus_floating_population_raw_components,lightgbm,tree_plus_floating_population_raw_components,CS300018,2260,0.12212389380530973,0.5519278729550166,0.877547554347826,0.7280701754385965,0.3007246376811594,0.4256410256410256,0.050442477876106194
lightgbm__tree_plus_floating_population_raw_components,lightgbm,tree_plus_floating_population_raw_components,CS300020,514,0.39883268482490275,0.5946181939787675,0.7054542584260793,0.6296296296296297,0.4146341463414634,0.5,0.26264591439688717
lightgbm__tree_plus_floating_population_raw_components,lightgbm,tree_plus_floating_population_raw_components,CS300022,1851,0.35386277687736356,0.6421683224170426,0.7764111925247006,0.6745689655172413,0.4778625954198473,0.5594280607685433,0.2506753106428957
lightgbm__tree_plus_floating_population_raw_components,lightgbm,tree_plus_floating_population_raw_components,CS300024,463,0.3174946004319654,0.555360757356062,0.7146947386549557,0.53125,0.46258503401360546,0.49454545454545457,0.27645788336933047
lightgbm__tree_plus_floating_population_raw_components,lightgbm,tree_plus_floating_population_raw_components,CS300027,337,0.36795252225519287,0.5583496472126656,0.6759427532939573,0.5595238095238095,0.3790322580645161,0.4519230769230769,0.24925816023738873
lightgbm__tree_plus_floating_population_raw_components,lightgbm,tree_plus_floating_population_raw_components,CS300028,1083,0.31117266851338876,0.46796192988153273,0.6864662970063882,0.4915254237288136,0.43026706231454004,0.4588607594936709,0.2723915050784857
lightgbm__tree_plus_floating_population_raw_components,lightgbm,tree_plus_floating_population_raw_components,CS300036,596,0.2902684563758389,0.4952103766278237,0.7283783599119966,0.5446428571428571,0.35260115606936415,0.4280701754385965,0.18791946308724833
lightgbm__tree_plus_floating_population_raw_components,lightgbm,tree_plus_floating_population_raw_components,CS200002,250,0.24,0.6628674684394957,0.8610526315789473,0.7441860465116279,0.5333333333333333,0.6213592233009708,0.172
lightgbm__tree_plus_floating_population_raw_components,lightgbm,tree_plus_floating_population_raw_components,CS200003,1882,0.28746014877789583,0.6184621978521126,0.8085697626815865,0.6507042253521127,0.4269870609981516,0.515625,0.18862911795961743
lightgbm__tree_plus_floating_population_raw_components,lightgbm,tree_plus_floating_population_raw_components,CS200005,1755,0.29971509971509974,0.6135655542503547,0.7895658469125413,0.6440677966101694,0.43346007604562736,0.5181818181818182,0.20170940170940171
lightgbm__tree_plus_floating_population_raw_components,lightgbm,tree_plus_floating_population_raw_components,CS200008,1235,0.22753036437246962,0.5134042072088727,0.7902407544185561,0.5847953216374269,0.35587188612099646,0.4424778761061947,0.13846153846153847
lightgbm__tree_plus_floating_population_raw_components,lightgbm,tree_plus_floating_population_raw_components,CS200017,528,0.4412878787878788,0.7427453258147008,0.812526369389685,0.7405660377358491,0.6738197424892703,0.7056179775280899,0.4015151515151515
lightgbm__tree_plus_floating_population_raw_components,lightgbm,tree_plus_floating_population_raw_components,CS200033,72,0.2638888888888889,0.5955537809315737,0.7199602780536246,0.5833333333333334,0.3684210526315789,0.45161290322580644,0.16666666666666666
lightgbm__tree_plus_floating_population_raw_components,lightgbm,tree_plus_floating_population_raw_components,CS200034,699,0.45064377682403434,0.6802219905058016,0.7311838624338625,0.6600790513833992,0.5301587301587302,0.5880281690140845,0.36194563662374823
lightgbm__tree_plus_floating_population_raw_components,lightgbm,tree_plus_floating_population_raw_components,CS300004,656,0.31859756097560976,0.5289009233717612,0.7042591224858974,0.5354330708661418,0.3253588516746411,0.40476190476190477,0.19359756097560976
lightgbm__tree_plus_floating_population_raw_components,lightgbm,tree_plus_floating_population_raw_components,CS300006,198,0.23737373737373738,0.6094975589200927,0.8096378751585176,0.6666666666666666,0.3829787234042553,0.4864864864864865,0.13636363636363635
lightgbm__tree_plus_floating_population_raw_components,lightgbm,tree_plus_floating_population_raw_components,CS300007,1584,0.34785353535353536,0.6002027666671544,0.7658591349355128,0.6048565121412803,0.49727767695099817,0.545816733067729,0.2859848484848485
lightgbm__tree_plus_floating_population_raw_components,lightgbm,tree_plus_floating_population_raw_components,CS300008,566,0.2597173144876325,0.5939327164300309,0.7930771353887617,0.6341463414634146,0.35374149659863946,0.45414847161572053,0.14487632508833923
lightgbm__tree_plus_floating_population_raw_components,lightgbm,tree_plus_floating_population_raw_components,CS300009,1042,0.22648752399232247,0.557068762750033,0.8082390545485133,0.6451612903225806,0.3389830508474576,0.4444444444444444,0.11900191938579655
lightgbm__tree_plus_floating_population_raw_components,lightgbm,tree_plus_floating_population_raw_components,CS300019,553,0.2820976491862568,0.4896767249497675,0.7493541303364981,0.5083333333333333,0.391025641025641,0.4420289855072464,0.21699819168173598
lightgbm__tree_plus_floating_population_raw_components,lightgbm,tree_plus_floating_population_raw_components,CS300021,962,0.46153846153846156,0.7621459403037745,0.7790140526627014,0.7476635514018691,0.5405405405405406,0.6274509803921569,0.33367983367983367
lightgbm__tree_plus_floating_population_raw_components,lightgbm,tree_plus_floating_population_raw_components,CS300029,217,0.42857142857142855,0.672270673542513,0.7759278529309748,0.6923076923076923,0.6774193548387096,0.6847826086956522,0.41935483870967744
lightgbm__tree_plus_floating_population_raw_components,lightgbm,tree_plus_floating_population_raw_components,CS300031,359,0.25069637883008355,0.483998954630526,0.7194960760016522,0.4936708860759494,0.43333333333333335,0.46153846153846156,0.2200557103064067
lightgbm__tree_plus_floating_population_raw_components,lightgbm,tree_plus_floating_population_raw_components,CS300032,172,0.3081395348837209,0.4625823974004265,0.6881243063263041,0.4444444444444444,0.37735849056603776,0.40816326530612246,0.2616279069767442
lightgbm__tree_plus_floating_population_raw_components,lightgbm,tree_plus_floating_population_raw_components,CS300033,616,0.288961038961039,0.3970091324616232,0.6527628136062799,0.4777777777777778,0.24157303370786518,0.3208955223880597,0.1461038961038961
lightgbm__tree_plus_floating_population_raw_components,lightgbm,tree_plus_floating_population_raw_components,CS300035,596,0.25838926174496646,0.43724660127208104,0.7167391432097314,0.46153846153846156,0.2727272727272727,0.34285714285714286,0.15268456375838926
lightgbm__tree_plus_floating_population_raw_components,lightgbm,tree_plus_floating_population_raw_components,CS300043,371,0.23450134770889489,0.34846346387122085,0.6391452161243323,0.41818181818181815,0.26436781609195403,0.323943661971831,0.14824797843665768
lightgbm__tree_plus_floating_population_raw_components,lightgbm,tree_plus_floating_population_raw_components,CS200001,2410,0.2829875518672199,0.6826103468197502,0.8533461293037906,0.6986607142857143,0.45894428152492667,0.5539823008849557,0.18589211618257262
lightgbm__tree_plus_floating_population_raw_components,lightgbm,tree_plus_floating_population_raw_components,CS200019,439,0.5170842824601367,0.829500120327007,0.84340453827612,0.7967914438502673,0.6563876651982379,0.7198067632850241,0.42596810933940776
lightgbm__tree_plus_floating_population_raw_components,lightgbm,tree_plus_floating_population_raw_components,CS200032,175,0.2571428571428571,0.4734849789032957,0.7162393162393161,0.5185185185185185,0.3111111111111111,0.3888888888888889,0.15428571428571428
lightgbm__tree_plus_floating_population_raw_components,lightgbm,tree_plus_floating_population_raw_components,CS300003,278,0.32014388489208634,0.48644002446920953,0.68824683431425,0.5538461538461539,0.4044943820224719,0.4675324675324675,0.23381294964028776
lightgbm__tree_plus_floating_population_raw_components,lightgbm,tree_plus_floating_population_raw_components,CS200025,1450,0.2103448275862069,0.4217692747800891,0.7401446059130933,0.5181818181818182,0.18688524590163935,0.2746987951807229,0.07586206896551724
lightgbm__tree_plus_floating_population_raw_components,lightgbm,tree_plus_floating_population_raw_components,CS300026,39,0.358974358974359,0.6182366582996834,0.7628571428571428,0.6153846153846154,0.5714285714285714,0.5925925925925926,0.3333333333333333
lightgbm__tree_plus_floating_population_raw_components,lightgbm,tree_plus_floating_population_raw_components,CS300025,98,0.2755102040816326,0.3580079748059133,0.6233698487219614,0.36363636363636365,0.4444444444444444,0.4,0.336734693877551
lightgbm__tree_plus_floating_population_raw_components,lightgbm,tree_plus_floating_population_raw_components,CS200026,173,0.30057803468208094,0.5129484846408621,0.7307692307692307,0.5555555555555556,0.38461538461538464,0.45454545454545453,0.20809248554913296
xgboost__tree_plus_floating_population_raw_components,xgboost,tree_plus_floating_population_raw_components,CS100001,5554,0.1852718761253151,0.5440643598918596,0.8483423803617738,0.6310483870967742,0.304178814382896,0.4104918032786885,0.08930500540151243
xgboost__tree_plus_floating_population_raw_components,xgboost,tree_plus_floating_population_raw_components,CS100002,1698,0.33510011778563015,0.6975892301132571,0.8285105409238155,0.7117794486215538,0.4991212653778559,0.5867768595041323,0.23498233215547704
xgboost__tree_plus_floating_population_raw_components,xgboost,tree_plus_floating_population_raw_components,CS100003,1282,0.45553822152886114,0.7945554517569351,0.8231493111433843,0.720508166969147,0.6797945205479452,0.6995594713656388,0.4297971918876755
xgboost__tree_plus_floating_population_raw_components,xgboost,tree_plus_floating_population_raw_components,CS100004,1283,0.39438815276695244,0.7304751596965304,0.8174162304597087,0.7288135593220338,0.5948616600790514,0.6550598476605005,0.32190179267342167
xgboost__tree_plus_floating_population_raw_components,xgboost,tree_plus_floating_population_raw_components,CS100005,1564,0.3177749360613811,0.6492598668173224,0.7931770567170596,0.6779026217228464,0.3641851106639839,0.4738219895287958,0.1707161125319693
xgboost__tree_plus_floating_population_raw_components,xgboost,tree_plus_floating_population_raw_components,CS100006,1526,0.41874180865006555,0.7595619555856069,0.8316828189480111,0.7504873294346979,0.6025039123630673,0.6684027777777778,0.336173001310616
xgboost__tree_plus_floating_population_raw_components,xgboost,tree_plus_floating_population_raw_components,CS100007,2078,0.48267564966313764,0.7824366892568254,0.8089452572515012,0.7527812113720643,0.6071784646061814,0.6721854304635762,0.38931665062560156
xgboost__tree_plus_floating_population_raw_components,xgboost,tree_plus_floating_population_raw_components,CS100008,3033,0.3537751401252885,0.7079426620698372,0.8277022272096164,0.7640845070422535,0.4044734389561976,0.5289457647775746,0.1872733267392021
xgboost__tree_plus_floating_population_raw_components,xgboost,tree_plus_floating_population_raw_components,CS100009,3508,0.3187001140250855,0.6762542455234333,0.8245735436112004,0.6523517382413088,0.5706618962432916,0.6087786259541985,0.27879133409350054
xgboost__tree_plus_floating_population_raw_components,xgboost,tree_plus_floating_population_raw_components,CS100010,4154,0.291044776119403,0.6520888486191543,0.8279075580570734,0.686429512516469,0.43093465674110837,0.5294715447154471,0.18271545498314878
xgboost__tree_plus_floating_population_raw_components,xgboost,tree_plus_floating_population_raw_components,CS200006,1998,0.14614614614614616,0.4106188770388101,0.7784872890202187,0.6730769230769231,0.11986301369863013,0.20348837209302326,0.026026026026026026
xgboost__tree_plus_floating_population_raw_components,xgboost,tree_plus_floating_population_raw_components,CS200007,1506,0.20053120849933598,0.46962181866355973,0.7802606103276055,0.5609756097560976,0.22847682119205298,0.3247058823529412,0.08167330677290836
xgboost__tree_plus_floating_population_raw_components,xgboost,tree_plus_floating_population_raw_components,CS200016,1297,0.27602158828064766,0.616337552353979,0.8101213105585997,0.6542553191489362,0.3435754189944134,0.45054945054945056,0.14494988434849654
xgboost__tree_plus_floating_population_raw_components,xgboost,tree_plus_floating_population_raw_components,CS200024,839,0.4123957091775924,0.7106374110098711,0.7807396029968695,0.7158671586715867,0.5606936416184971,0.6288492706645057,0.3230035756853397
xgboost__tree_plus_floating_population_raw_components,xgboost,tree_plus_floating_population_raw_components,CS200028,4384,0.2664233576642336,0.592797933196264,0.8011992158215769,0.6661045531197302,0.3381849315068493,0.44860874503123227,0.135264598540146
xgboost__tree_plus_floating_population_raw_components,xgboost,tree_plus_floating_population_raw_components,CS200029,1017,0.400196656833825,0.6282496289783223,0.7162202440890966,0.6478260869565218,0.36609336609336607,0.46781789638932497,0.22615535889872174
xgboost__tree_plus_floating_population_raw_components,xgboost,tree_plus_floating_population_raw_components,CS200030,1156,0.2378892733564014,0.503392605969186,0.7723454751831597,0.5668789808917197,0.3236363636363636,0.41203703703703703,0.13581314878892733
xgboost__tree_plus_floating_population_raw_components,xgboost,tree_plus_floating_population_raw_components,CS200031,1546,0.2238033635187581,0.4212350680450231,0.6879937379576108,0.4918918918918919,0.2630057803468208,0.3427495291902072,0.11966364812419146
xgboost__tree_plus_floating_population_raw_components,xgboost,tree_plus_floating_population_raw_components,CS200037,2043,0.29515418502202645,0.5346250796294818,0.7621890547263681,0.5641646489104116,0.3864013266998342,0.45866141732283466,0.20215369554576604
xgboost__tree_plus_floating_population_raw_components,xgboost,tree_plus_floating_population_raw_components,CS300001,3323,0.33012338248570566,0.7320757140202369,0.8573770988590135,0.7532981530343008,0.5205104831358249,0.615633423180593,0.22810713210953956
xgboost__tree_plus_floating_population_raw_components,xgboost,tree_plus_floating_population_raw_components,CS300002,2751,0.2813522355507088,0.6797725969316458,0.8297083122576294,0.7358490566037735,0.45348837209302323,0.5611510791366906,0.173391494002181
xgboost__tree_plus_floating_population_raw_components,xgboost,tree_plus_floating_population_raw_components,CS300010,1240,0.24435483870967742,0.6089466941031911,0.8152766183768857,0.6432432432432432,0.3927392739273927,0.48770491803278687,0.14919354838709678
xgboost__tree_plus_floating_population_raw_components,xgboost,tree_plus_floating_population_raw_components,CS300011,3264,0.35324754901960786,0.5749006245848918,0.7203402817521734,0.6094594594594595,0.391153512575889,0.47649234020073955,0.2267156862745098
xgboost__tree_plus_floating_population_raw_components,xgboost,tree_plus_floating_population_raw_components,CS300014,494,0.4109311740890688,0.5894199484790591,0.6973405786061313,0.608,0.37438423645320196,0.4634146341463415,0.25303643724696356
xgboost__tree_plus_floating_population_raw_components,xgboost,tree_plus_floating_population_raw_components,CS300015,215,0.3953488372093023,0.6291817849213479,0.7476018099547511,0.6585365853658537,0.3176470588235294,0.42857142857142855,0.19069767441860466
xgboost__tree_plus_floating_population_raw_components,xgboost,tree_plus_floating_population_raw_components,CS300016,805,0.2248447204968944,0.4639594625511226,0.722419960334325,0.6226415094339622,0.18232044198895028,0.28205128205128205,0.06583850931677018
xgboost__tree_plus_floating_population_raw_components,xgboost,tree_plus_floating_population_raw_components,CS300017,644,0.36490683229813664,0.6066468346700727,0.7566248764500858,0.601063829787234,0.4808510638297872,0.5342789598108747,0.2919254658385093
xgboost__tree_plus_floating_population_raw_components,xgboost,tree_plus_floating_population_raw_components,CS300018,2260,0.12212389380530973,0.5513582343484377,0.8775110302711547,0.7264957264957265,0.3079710144927536,0.43256997455470736,0.05176991150442478
xgboost__tree_plus_floating_population_raw_components,xgboost,tree_plus_floating_population_raw_components,CS300020,514,0.39883268482490275,0.6138201638228509,0.7102849475096692,0.6240601503759399,0.40487804878048783,0.4911242603550296,0.2587548638132296
xgboost__tree_plus_floating_population_raw_components,xgboost,tree_plus_floating_population_raw_components,CS300022,1851,0.35386277687736356,0.6500607972318339,0.7769613725139778,0.6680761099365751,0.48244274809160304,0.5602836879432624,0.255537547271745
xgboost__tree_plus_floating_population_raw_components,xgboost,tree_plus_floating_population_raw_components,CS300024,463,0.3174946004319654,0.5511631601615761,0.7192155343149919,0.5648854961832062,0.5034013605442177,0.5323741007194245,0.28293736501079914
xgboost__tree_plus_floating_population_raw_components,xgboost,tree_plus_floating_population_raw_components,CS300027,337,0.36795252225519287,0.556645822016693,0.6739739512342875,0.5256410256410257,0.33064516129032256,0.40594059405940597,0.2314540059347181
xgboost__tree_plus_floating_population_raw_components,xgboost,tree_plus_floating_population_raw_components,CS300028,1083,0.31117266851338876,0.4612049071980465,0.6818044406965736,0.4731182795698925,0.3916913946587537,0.42857142857142855,0.25761772853185594
xgboost__tree_plus_floating_population_raw_components,xgboost,tree_plus_floating_population_raw_components,CS300036,596,0.2902684563758389,0.5053339087108633,0.7333934598723677,0.5405405405405406,0.3468208092485549,0.4225352112676056,0.18624161073825504
xgboost__tree_plus_floating_population_raw_components,xgboost,tree_plus_floating_population_raw_components,CS200002,250,0.24,0.6632005231592264,0.8533333333333333,0.6904761904761905,0.48333333333333334,0.5686274509803921,0.168
xgboost__tree_plus_floating_population_raw_components,xgboost,tree_plus_floating_population_raw_components,CS200003,1882,0.28746014877789583,0.6185809519992319,0.8085242756185206,0.6539589442815249,0.4121996303142329,0.5056689342403629,0.18119022316684377
xgboost__tree_plus_floating_population_raw_components,xgboost,tree_plus_floating_population_raw_components,CS200005,1755,0.29971509971509974,0.5993987259291833,0.7861564782645014,0.6299435028248588,0.42395437262357416,0.5068181818181818,0.20170940170940171
xgboost__tree_plus_floating_population_raw_components,xgboost,tree_plus_floating_population_raw_components,CS200008,1235,0.22753036437246962,0.49961974670845377,0.7860739944940576,0.5722543352601156,0.35231316725978645,0.43612334801762115,0.14008097165991903
xgboost__tree_plus_floating_population_raw_components,xgboost,tree_plus_floating_population_raw_components,CS200017,528,0.4412878787878788,0.7534894740594378,0.8157125190950754,0.726457399103139,0.6952789699570815,0.7105263157894737,0.42234848484848486
xgboost__tree_plus_floating_population_raw_components,xgboost,tree_plus_floating_population_raw_components,CS200033,72,0.2638888888888889,0.611487852513114,0.7269116186693148,0.6363636363636364,0.3684210526315789,0.4666666666666667,0.1527777777777778
xgboost__tree_plus_floating_population_raw_components,xgboost,tree_plus_floating_population_raw_components,CS200034,699,0.45064377682403434,0.6966852237838801,0.7453703703703705,0.6762295081967213,0.5238095238095238,0.590339892665474,0.3490701001430615
xgboost__tree_plus_floating_population_raw_components,xgboost,tree_plus_floating_population_raw_components,CS300004,656,0.31859756097560976,0.5148971907389612,0.6986502253192469,0.5423728813559322,0.3062200956937799,0.39143730886850153,0.1798780487804878
xgboost__tree_plus_floating_population_raw_components,xgboost,tree_plus_floating_population_raw_components,CS300006,198,0.23737373737373738,0.612029684217398,0.8137241087783571,0.7391304347826086,0.3617021276595745,0.4857142857142857,0.11616161616161616
xgboost__tree_plus_floating_population_raw_components,xgboost,tree_plus_floating_population_raw_components,CS300007,1584,0.34785353535353536,0.6075981734936995,0.7655235662344095,0.6189376443418014,0.4863883847549909,0.5447154471544715,0.27335858585858586
xgboost__tree_plus_floating_population_raw_components,xgboost,tree_plus_floating_population_raw_components,CS300008,566,0.2597173144876325,0.5957202155014656,0.7891481174808825,0.6790123456790124,0.3741496598639456,0.4824561403508772,0.1431095406360424
xgboost__tree_plus_floating_population_raw_components,xgboost,tree_plus_floating_population_raw_components,CS300009,1042,0.22648752399232247,0.5498498658169073,0.8066671573369224,0.6722689075630253,0.3389830508474576,0.4507042253521127,0.11420345489443379
xgboost__tree_plus_floating_population_raw_components,xgboost,tree_plus_floating_population_raw_components,CS300019,553,0.2820976491862568,0.4836800774415112,0.7516308209003423,0.5225225225225225,0.3717948717948718,0.4344569288389513,0.2007233273056058
xgboost__tree_plus_floating_population_raw_components,xgboost,tree_plus_floating_population_raw_components,CS300021,962,0.46153846153846156,0.7582132946700934,0.7762226512226512,0.7353846153846154,0.5382882882882883,0.6215864759427828,0.33783783783783783
xgboost__tree_plus_floating_population_raw_components,xgboost,tree_plus_floating_population_raw_components,CS300029,217,0.42857142857142855,0.6715491111303258,0.7642212972597988,0.6555555555555556,0.6344086021505376,0.644808743169399,0.4147465437788018
xgboost__tree_plus_floating_population_raw_components,xgboost,tree_plus_floating_population_raw_components,CS300031,359,0.25069637883008355,0.48506789898216224,0.719454770755886,0.5223880597014925,0.3888888888888889,0.445859872611465,0.18662952646239556
xgboost__tree_plus_floating_population_raw_components,xgboost,tree_plus_floating_population_raw_components,CS300032,172,0.3081395348837209,0.44505609892968123,0.6859045504994451,0.4772727272727273,0.39622641509433965,0.4329896907216495,0.2558139534883721
xgboost__tree_plus_floating_population_raw_components,xgboost,tree_plus_floating_population_raw_components,CS300033,616,0.288961038961039,0.41612802638720797,0.6586116669231954,0.43209876543209874,0.19662921348314608,0.2702702702702703,0.1314935064935065
xgboost__tree_plus_floating_population_raw_components,xgboost,tree_plus_floating_population_raw_components,CS300035,596,0.25838926174496646,0.42788473889937007,0.7165922312981137,0.4642857142857143,0.2532467532467532,0.3277310924369748,0.14093959731543623
xgboost__tree_plus_floating_population_raw_components,xgboost,tree_plus_floating_population_raw_components,CS300043,371,0.23450134770889489,0.34628430832049767,0.6461065242026873,0.39215686274509803,0.22988505747126436,0.2898550724637681,0.13746630727762804
xgboost__tree_plus_floating_population_raw_components,xgboost,tree_plus_floating_population_raw_components,CS200001,2410,0.2829875518672199,0.6802012631128668,0.8558450771152385,0.7079439252336449,0.4442815249266862,0.5459459459459459,0.17759336099585063
xgboost__tree_plus_floating_population_raw_components,xgboost,tree_plus_floating_population_raw_components,CS200019,439,0.5170842824601367,0.8273351824645672,0.839830438035076,0.7888888888888889,0.6255506607929515,0.6977886977886978,0.41002277904328016
xgboost__tree_plus_floating_population_raw_components,xgboost,tree_plus_floating_population_raw_components,CS200032,175,0.2571428571428571,0.4340063086910781,0.6998290598290599,0.41379310344827586,0.26666666666666666,0.32432432432432434,0.1657142857142857
xgboost__tree_plus_floating_population_raw_components,xgboost,tree_plus_floating_population_raw_components,CS300003,278,0.32014388489208634,0.5242401614271607,0.7111943404078236,0.5373134328358209,0.4044943820224719,0.46153846153846156,0.24100719424460432
xgboost__tree_plus_floating_population_raw_components,xgboost,tree_plus_floating_population_raw_components,CS200025,1450,0.2103448275862069,0.4302426086233277,0.7445142816235951,0.5238095238095238,0.18032786885245902,0.2682926829268293,0.07241379310344828
xgboost__tree_plus_floating_population_raw_components,xgboost,tree_plus_floating_population_raw_components,CS300026,39,0.358974358974359,0.5823194167101731,0.7628571428571428,0.625,0.7142857142857143,0.6666666666666666,0.41025641025641024
xgboost__tree_plus_floating_population_raw_components,xgboost,tree_plus_floating_population_raw_components,CS300025,98,0.2755102040816326,0.41009272377036865,0.6395409494001043,0.36666666666666664,0.4074074074074074,0.38596491228070173,0.30612244897959184
xgboost__tree_plus_floating_population_raw_components,xgboost,tree_plus_floating_population_raw_components,CS200026,173,0.30057803468208094,0.48384613160853523,0.7247298156389066,0.5428571428571428,0.36538461538461536,0.4367816091954023,0.2023121387283237
catboost__tree_plus_floating_population_raw_components,catboost,tree_plus_floating_population_raw_components,CS100001,5554,0.1852718761253151,0.4962365812244235,0.8273212742081837,0.5844155844155844,0.21865889212827988,0.31824611032531824,0.0693194094346417
catboost__tree_plus_floating_population_raw_components,catboost,tree_plus_floating_population_raw_components,CS100002,1698,0.33510011778563015,0.6547647399792166,0.803227267703506,0.6912181303116147,0.4288224956063269,0.5292841648590022,0.20789163722025913
catboost__tree_plus_floating_population_raw_components,catboost,tree_plus_floating_population_raw_components,CS100003,1282,0.45553822152886114,0.7416044676613305,0.7965959492875928,0.7130801687763713,0.5787671232876712,0.6389413988657845,0.36973478939157567
catboost__tree_plus_floating_population_raw_components,catboost,tree_plus_floating_population_raw_components,CS100004,1283,0.39438815276695244,0.6804813071682493,0.7926223795789014,0.6883116883116883,0.5237154150197628,0.5948372615039281,0.3000779423226812
catboost__tree_plus_floating_population_raw_components,catboost,tree_plus_floating_population_raw_components,CS100005,1564,0.3177749360613811,0.6264963340016063,0.777548137937277,0.6910569105691057,0.3420523138832998,0.4576043068640646,0.15728900255754474
catboost__tree_plus_floating_population_raw_components,catboost,tree_plus_floating_population_raw_components,CS100006,1526,0.41874180865006555,0.7401651549311703,0.8177782717852903,0.7409766454352441,0.5461658841940532,0.6288288288288288,0.3086500655307995
catboost__tree_plus_floating_population_raw_components,catboost,tree_plus_floating_population_raw_components,CS100007,2078,0.48267564966313764,0.7595898029048611,0.7886498643604071,0.7528662420382166,0.5892323030907278,0.6610738255033557,0.37776708373435997
catboost__tree_plus_floating_population_raw_components,catboost,tree_plus_floating_population_raw_components,CS100008,3033,0.3537751401252885,0.6674698389320288,0.8058171824181676,0.7168316831683168,0.33737185461323393,0.458808618504436,0.16650181338608638
catboost__tree_plus_floating_population_raw_components,catboost,tree_plus_floating_population_raw_components,CS100009,3508,0.3187001140250855,0.6405145353391182,0.8084830951864133,0.6412918108419838,0.49731663685152055,0.5602015113350126,0.24714937286202965
catboost__tree_plus_floating_population_raw_components,catboost,tree_plus_floating_population_raw_components,CS100010,4154,0.291044776119403,0.6008923845267699,0.8007406252764706,0.6352765321375187,0.35153019023986765,0.45260915867944623,0.16104959075589792
catboost__tree_plus_floating_population_raw_components,catboost,tree_plus_floating_population_raw_components,CS200006,1998,0.14614614614614616,0.3519584912570677,0.7446622717564118,0.5,0.0547945205479452,0.09876543209876543,0.016016016016016016
catboost__tree_plus_floating_population_raw_components,catboost,tree_plus_floating_population_raw_components,CS200007,1506,0.20053120849933598,0.393194193605628,0.735646630437174,0.4424778761061947,0.16556291390728478,0.24096385542168675,0.0750332005312085
catboost__tree_plus_floating_population_raw_components,catboost,tree_plus_floating_population_raw_components,CS200016,1297,0.27602158828064766,0.5403337878324378,0.7742308767796479,0.5887096774193549,0.20391061452513967,0.3029045643153527,0.09560524286815729
catboost__tree_plus_floating_population_raw_components,catboost,tree_plus_floating_population_raw_components,CS200024,839,0.4123957091775924,0.6598415433274349,0.7500146560517769,0.6521739130434783,0.476878612716763,0.5509181969949917,0.30154946364719903
catboost__tree_plus_floating_population_raw_components,catboost,tree_plus_floating_population_raw_components,CS200028,4384,0.2664233576642336,0.543128120890551,0.7726729153888093,0.6169811320754717,0.2799657534246575,0.38515901060070673,0.1208941605839416
catboost__tree_plus_floating_population_raw_components,catboost,tree_plus_floating_population_raw_components,CS200029,1017,0.400196656833825,0.5685894812393465,0.6765175011076651,0.5876777251184834,0.3046683046683047,0.40129449838187703,0.20747295968534907
catboost__tree_plus_floating_population_raw_components,catboost,tree_plus_floating_population_raw_components,CS200030,1156,0.2378892733564014,0.4480745829251099,0.7454793107006501,0.5344827586206896,0.22545454545454546,0.3171355498721228,0.10034602076124567
catboost__tree_plus_floating_population_raw_components,catboost,tree_plus_floating_population_raw_components,CS200031,1546,0.2238033635187581,0.3665199963050493,0.6593689788053951,0.47191011235955055,0.12138728323699421,0.19310344827586207,0.057567917205692105
catboost__tree_plus_floating_population_raw_components,catboost,tree_plus_floating_population_raw_components,CS200037,2043,0.29515418502202645,0.4927815087824595,0.7495070941588354,0.5109489051094891,0.23217247097844113,0.31927023945267957,0.13411649534997552
catboost__tree_plus_floating_population_raw_components,catboost,tree_plus_floating_population_raw_components,CS300001,3323,0.33012338248570566,0.69348018314821,0.8295944751716067,0.7107329842931938,0.4949863263445761,0.5835572272971521,0.22991272946133012
catboost__tree_plus_floating_population_raw_components,catboost,tree_plus_floating_population_raw_components,CS300002,2751,0.2813522355507088,0.6075590118702718,0.7958675936055334,0.630859375,0.417312661498708,0.5023328149300156,0.18611414031261359
catboost__tree_plus_floating_population_raw_components,catboost,tree_plus_floating_population_raw_components,CS300010,1240,0.24435483870967742,0.5568131473449415,0.7965594851907816,0.6104651162790697,0.3465346534653465,0.4421052631578947,0.13870967741935483
catboost__tree_plus_floating_population_raw_components,catboost,tree_plus_floating_population_raw_components,CS300011,3264,0.35324754901960786,0.5441980237344485,0.6974173607621745,0.5761194029850746,0.3347788378143972,0.42347778387273727,0.20526960784313725
catboost__tree_plus_floating_population_raw_components,catboost,tree_plus_floating_population_raw_components,CS300014,494,0.4109311740890688,0.5645755341590335,0.6768235911499331,0.5826771653543307,0.3645320197044335,0.4484848484848485,0.25708502024291496
catboost__tree_plus_floating_population_raw_components,catboost,tree_plus_floating_population_raw_components,CS300015,215,0.3953488372093023,0.5637837605194576,0.6926696832579186,0.5294117647058824,0.3176470588235294,0.39705882352941174,0.2372093023255814
catboost__tree_plus_floating_population_raw_components,catboost,tree_plus_floating_population_raw_components,CS300016,805,0.2248447204968944,0.4349960057355855,0.7132738348207961,0.5957446808510638,0.15469613259668508,0.24561403508771928,0.058385093167701865
catboost__tree_plus_floating_population_raw_components,catboost,tree_plus_floating_population_raw_components,CS300017,644,0.36490683229813664,0.5746881050700723,0.7271913853196691,0.5853658536585366,0.4085106382978723,0.48120300751879697,0.2546583850931677
catboost__tree_plus_floating_population_raw_components,catboost,tree_plus_floating_population_raw_components,CS300018,2260,0.12212389380530973,0.5066209473690286,0.8611938990182327,0.6632653061224489,0.23550724637681159,0.34759358288770054,0.04336283185840708
catboost__tree_plus_floating_population_raw_components,catboost,tree_plus_floating_population_raw_components,CS300020,514,0.39883268482490275,0.5489702551024581,0.6714815691846239,0.59375,0.37073170731707317,0.45645645645645644,0.2490272373540856
catboost__tree_plus_floating_population_raw_components,catboost,tree_plus_floating_population_raw_components,CS300022,1851,0.35386277687736356,0.6194913019962243,0.764567642778728,0.6613272311212814,0.44122137404580153,0.5293040293040293,0.2360886007563479
catboost__tree_plus_floating_population_raw_components,catboost,tree_plus_floating_population_raw_components,CS300024,463,0.3174946004319654,0.5295747693641936,0.6913803496081977,0.5118110236220472,0.4421768707482993,0.4744525547445255,0.27429805615550756
catboost__tree_plus_floating_population_raw_components,catboost,tree_plus_floating_population_raw_components,CS300027,337,0.36795252225519287,0.5450884420989608,0.6750719369983339,0.5897435897435898,0.3709677419354839,0.45544554455445546,0.2314540059347181
catboost__tree_plus_floating_population_raw_components,catboost,tree_plus_floating_population_raw_components,CS300028,1083,0.31117266851338876,0.4336274056065744,0.6629422200300713,0.4606741573033708,0.3649851632047478,0.40728476821192056,0.24653739612188366
catboost__tree_plus_floating_population_raw_components,catboost,tree_plus_floating_population_raw_components,CS300036,596,0.2902684563758389,0.4256189151327653,0.6828325065934217,0.45714285714285713,0.2774566473988439,0.34532374100719426,0.1761744966442953
catboost__tree_plus_floating_population_raw_components,catboost,tree_plus_floating_population_raw_components,CS200002,250,0.24,0.6229341787510543,0.8410526315789474,0.75,0.3,0.42857142857142855,0.096
catboost__tree_plus_floating_population_raw_components,catboost,tree_plus_floating_population_raw_components,CS200003,1882,0.28746014877789583,0.5365841431441805,0.7692551562342775,0.5968379446640316,0.27911275415896486,0.380352644836272,0.13443145589798086
catboost__tree_plus_floating_population_raw_components,catboost,tree_plus_floating_population_raw_components,CS200005,1755,0.29971509971509974,0.5460239355906668,0.7529924789698881,0.5977443609022557,0.30228136882129275,0.4015151515151515,0.15156695156695157
catboost__tree_plus_floating_population_raw_components,catboost,tree_plus_floating_population_raw_components,CS200008,1235,0.22753036437246962,0.448950216431216,0.7427053723971739,0.5167785234899329,0.27402135231316727,0.3581395348837209,0.12064777327935222
catboost__tree_plus_floating_population_raw_components,catboost,tree_plus_floating_population_raw_components,CS200017,528,0.4412878787878788,0.6765014955366151,0.7738270168036662,0.6747572815533981,0.5965665236051502,0.6332574031890661,0.39015151515151514
catboost__tree_plus_floating_population_raw_components,catboost,tree_plus_floating_population_raw_components,CS200033,72,0.2638888888888889,0.5821509434125163,0.7497517378351539,0.7142857142857143,0.2631578947368421,0.38461538461538464,0.09722222222222222
catboost__tree_plus_floating_population_raw_components,catboost,tree_plus_floating_population_raw_components,CS200034,699,0.45064377682403434,0.6246612215122727,0.7062417328042327,0.6434426229508197,0.4984126984126984,0.5617173524150268,0.3490701001430615
catboost__tree_plus_floating_population_raw_components,catboost,tree_plus_floating_population_raw_components,CS300004,656,0.31859756097560976,0.47098347124236106,0.6878712950772293,0.4732824427480916,0.2966507177033493,0.36470588235294116,0.19969512195121952
catboost__tree_plus_floating_population_raw_components,catboost,tree_plus_floating_population_raw_components,CS300006,198,0.23737373737373738,0.5329969605852994,0.7345357193180218,0.65,0.2765957446808511,0.3880597014925373,0.10101010101010101
catboost__tree_plus_floating_population_raw_components,catboost,tree_plus_floating_population_raw_components,CS300007,1584,0.34785353535353536,0.5618106371462941,0.7401977922741896,0.6,0.4519056261343013,0.515527950310559,0.2619949494949495
catboost__tree_plus_floating_population_raw_components,catboost,tree_plus_floating_population_raw_components,CS300008,566,0.2597173144876325,0.5397323610319996,0.7479908431152891,0.573170731707317,0.3197278911564626,0.4104803493449782,0.14487632508833923
catboost__tree_plus_floating_population_raw_components,catboost,tree_plus_floating_population_raw_components,CS300009,1042,0.22648752399232247,0.5049982330070654,0.7704924927450898,0.5648148148148148,0.2584745762711864,0.3546511627906977,0.1036468330134357
catboost__tree_plus_floating_population_raw_components,catboost,tree_plus_floating_population_raw_components,CS300019,553,0.2820976491862568,0.5039923912489779,0.7468998256151909,0.55,0.3525641025641026,0.4296875,0.18083182640144665
catboost__tree_plus_floating_population_raw_components,catboost,tree_plus_floating_population_raw_components,CS300021,962,0.46153846153846156,0.7213613634865026,0.754763209155101,0.7261146496815286,0.5135135135135135,0.6015831134564644,0.3264033264033264
catboost__tree_plus_floating_population_raw_components,catboost,tree_plus_floating_population_raw_components,CS300029,217,0.42857142857142855,0.6213584629283134,0.734304543877905,0.6341463414634146,0.5591397849462365,0.5942857142857143,0.3778801843317972
catboost__tree_plus_floating_population_raw_components,catboost,tree_plus_floating_population_raw_components,CS300031,359,0.25069637883008355,0.47120281721402313,0.6958281701776127,0.4915254237288136,0.32222222222222224,0.38926174496644295,0.16434540389972144
catboost__tree_plus_floating_population_raw_components,catboost,tree_plus_floating_population_raw_components,CS300032,172,0.3081395348837209,0.4473360182245977,0.6560964008244807,0.43902439024390244,0.33962264150943394,0.3829787234042553,0.23837209302325582
catboost__tree_plus_floating_population_raw_components,catboost,tree_plus_floating_population_raw_components,CS300033,616,0.288961038961039,0.3467545792927501,0.6182597096095634,0.3037974683544304,0.1348314606741573,0.1867704280155642,0.12824675324675325
catboost__tree_plus_floating_population_raw_components,catboost,tree_plus_floating_population_raw_components,CS300035,596,0.25838926174496646,0.3806374267690997,0.6910589410589412,0.3783783783783784,0.18181818181818182,0.24561403508771928,0.12416107382550336
catboost__tree_plus_floating_population_raw_components,catboost,tree_plus_floating_population_raw_components,CS300043,371,0.23450134770889489,0.3236616544046172,0.6399951432734337,0.3103448275862069,0.10344827586206896,0.15517241379310345,0.07816711590296496
catboost__tree_plus_floating_population_raw_components,catboost,tree_plus_floating_population_raw_components,CS200001,2410,0.2829875518672199,0.6267446256716418,0.8302641672097317,0.6578947368421053,0.36656891495601174,0.4708097928436911,0.15767634854771784
catboost__tree_plus_floating_population_raw_components,catboost,tree_plus_floating_population_raw_components,CS200019,439,0.5170842824601367,0.7948310520594922,0.8160169561964924,0.7950310559006211,0.5638766519823789,0.6597938144329897,0.36674259681093396
catboost__tree_plus_floating_population_raw_components,catboost,tree_plus_floating_population_raw_components,CS200032,175,0.2571428571428571,0.43183343087344234,0.7023931623931624,0.4666666666666667,0.15555555555555556,0.23333333333333334,0.08571428571428572
catboost__tree_plus_floating_population_raw_components,catboost,tree_plus_floating_population_raw_components,CS300003,278,0.32014388489208634,0.42201941837771323,0.6548362166339695,0.4647887323943662,0.3707865168539326,0.4125,0.25539568345323743
catboost__tree_plus_floating_population_raw_components,catboost,tree_plus_floating_population_raw_components,CS200025,1450,0.2103448275862069,0.39540283022671513,0.7153468394301667,0.4897959183673469,0.15737704918032788,0.23821339950372208,0.06758620689655172
catboost__tree_plus_floating_population_raw_components,catboost,tree_plus_floating_population_raw_components,CS300026,39,0.358974358974359,0.6551121497550069,0.8428571428571429,0.6923076923076923,0.6428571428571429,0.6666666666666666,0.3333333333333333
catboost__tree_plus_floating_population_raw_components,catboost,tree_plus_floating_population_raw_components,CS300025,98,0.2755102040816326,0.3884619990948857,0.6306729264475743,0.34375,0.4074074074074074,0.3728813559322034,0.32653061224489793
catboost__tree_plus_floating_population_raw_components,catboost,tree_plus_floating_population_raw_components,CS200026,173,0.30057803468208094,0.4620318696174022,0.698823903369358,0.4642857142857143,0.25,0.325,0.16184971098265896
random_forest__tree_plus_resident_population_raw_components,random_forest,tree_plus_resident_population_raw_components,CS100001,5554,0.1852718761253151,0.5198173060939217,0.8348449656105537,0.8571428571428571,0.0058309037900874635,0.011583011583011582,0.0012603528988116672
random_forest__tree_plus_resident_population_raw_components,random_forest,tree_plus_resident_population_raw_components,CS100002,1698,0.33510011778563015,0.6633556019097389,0.8043807528319538,0.7692307692307693,0.05272407732864675,0.09868421052631579,0.022968197879858657
random_forest__tree_plus_resident_population_raw_components,random_forest,tree_plus_resident_population_raw_components,CS100003,1282,0.45553822152886114,0.733670294652984,0.7882256545119126,0.8541666666666666,0.0702054794520548,0.12974683544303797,0.0374414976599064
random_forest__tree_plus_resident_population_raw_components,random_forest,tree_plus_resident_population_raw_components,CS100004,1283,0.39438815276695244,0.6808754982174421,0.788830049699615,0.8571428571428571,0.05928853754940711,0.11090573012939002,0.027279812938425563
random_forest__tree_plus_resident_population_raw_components,random_forest,tree_plus_resident_population_raw_components,CS100005,1564,0.3177749360613811,0.6311167374620489,0.7859943164139476,0.8636363636363636,0.03822937625754527,0.07321772639691715,0.014066496163682864
random_forest__tree_plus_resident_population_raw_components,random_forest,tree_plus_resident_population_raw_components,CS100006,1526,0.41874180865006555,0.7473685949549027,0.8167849638227712,0.8532110091743119,0.14553990610328638,0.24866310160427807,0.07142857142857142
random_forest__tree_plus_resident_population_raw_components,random_forest,tree_plus_resident_population_raw_components,CS100007,2078,0.48267564966313764,0.7530837766578328,0.7831565767812841,0.8514851485148515,0.17148554336989033,0.2854771784232365,0.09720885466794996
random_forest__tree_plus_resident_population_raw_components,random_forest,tree_plus_resident_population_raw_components,CS100008,3033,0.3537751401252885,0.6696324073378875,0.8038163075108887,0.8378378378378378,0.028890959925442685,0.055855855855855854,0.012199142762940983
random_forest__tree_plus_resident_population_raw_components,random_forest,tree_plus_resident_population_raw_components,CS100009,3508,0.3187001140250855,0.6262922735192051,0.7959132042424832,0.78125,0.044722719141323794,0.08460236886632826,0.018244013683010263
random_forest__tree_plus_resident_population_raw_components,random_forest,tree_plus_resident_population_raw_components,CS100010,4154,0.291044776119403,0.5986453710126333,0.7934644102451758,0.7647058823529411,0.021505376344086023,0.0418342719227675,0.008184882041405874
random_forest__tree_plus_resident_population_raw_components,random_forest,tree_plus_resident_population_raw_components,CS200006,1998,0.14614614614614616,0.38651070761261336,0.7692752412918147,0.0,0.0,0.0,0.0
random_forest__tree_plus_resident_population_raw_components,random_forest,tree_plus_resident_population_raw_components,CS200007,1506,0.20053120849933598,0.37452113605466686,0.729175375679303,0.0,0.0,0.0,0.0
random_forest__tree_plus_resident_population_raw_components,random_forest,tree_plus_resident_population_raw_components,CS200016,1297,0.27602158828064766,0.5772005638600954,0.7888607278633516,0.875,0.019553072625698324,0.03825136612021858,0.006168080185042405
random_forest__tree_plus_resident_population_raw_components,random_forest,tree_plus_resident_population_raw_components,CS200024,839,0.4123957091775924,0.6278806068198999,0.7403270058272461,0.7333333333333333,0.031791907514450865,0.060941828254847646,0.017878426698450536
random_forest__tree_plus_resident_population_raw_components,random_forest,tree_plus_resident_population_raw_components,CS200028,4384,0.2664233576642336,0.5534491132900022,0.7733150386764807,0.6666666666666666,0.003424657534246575,0.0068143100511073255,0.0013686131386861315
random_forest__tree_plus_resident_population_raw_components,random_forest,tree_plus_resident_population_raw_components,CS200029,1017,0.400196656833825,0.5777869225878096,0.6759979055061023,0.8,0.009828009828009828,0.019417475728155338,0.004916420845624385
random_forest__tree_plus_resident_population_raw_components,random_forest,tree_plus_resident_population_raw_components,CS200030,1156,0.2378892733564014,0.44957804974585447,0.7380208440821381,1.0,0.0036363636363636364,0.007246376811594203,0.0008650519031141869
random_forest__tree_plus_resident_population_raw_components,random_forest,tree_plus_resident_population_raw_components,CS200031,1546,0.2238033635187581,0.3913442432922373,0.6627288053949902,1.0,0.002890173410404624,0.005763688760806916,0.000646830530401035
random_forest__tree_plus_resident_population_raw_components,random_forest,tree_plus_resident_population_raw_components,CS200037,2043,0.29515418502202645,0.5134905549615928,0.739429012345679,0.625,0.008291873963515755,0.016366612111292964,0.003915810083210965
random_forest__tree_plus_resident_population_raw_components,random_forest,tree_plus_resident_population_raw_components,CS300001,3323,0.33012338248570566,0.7029141302300601,0.83081973953304,0.838150289017341,0.13217866909753875,0.2283464566929134,0.052061390309960875
random_forest__tree_plus_resident_population_raw_components,random_forest,tree_plus_resident_population_raw_components,CS300002,2751,0.2813522355507088,0.6422310441223451,0.8032764387353794,0.9076923076923077,0.07622739018087855,0.14064362336114422,0.023627771719374774
random_forest__tree_plus_resident_population_raw_components,random_forest,tree_plus_resident_population_raw_components,CS300010,1240,0.24435483870967742,0.5642724586545151,0.7992469471066637,0.8571428571428571,0.019801980198019802,0.03870967741935484,0.00564516129032258
random_forest__tree_plus_resident_population_raw_components,random_forest,tree_plus_resident_population_raw_components,CS300011,3264,0.35324754901960786,0.5091765257071142,0.6726965636160975,0.6111111111111112,0.009540329575021683,0.018787361229718188,0.0055147058823529415
random_forest__tree_plus_resident_population_raw_components,random_forest,tree_plus_resident_population_raw_components,CS300014,494,0.4109311740890688,0.5530556459152969,0.6707294364599732,0.5833333333333334,0.034482758620689655,0.06511627906976744,0.024291497975708502
random_forest__tree_plus_resident_population_raw_components,random_forest,tree_plus_resident_population_raw_components,CS300015,215,0.3953488372093023,0.5941500164028859,0.6992760180995474,1.0,0.023529411764705882,0.04597701149425287,0.009302325581395349
random_forest__tree_plus_resident_population_raw_components,random_forest,tree_plus_resident_population_raw_components,CS300016,805,0.2248447204968944,0.43078279124106483,0.7048802946593004,1.0,0.016574585635359115,0.03260869565217391,0.0037267080745341614
random_forest__tree_plus_resident_population_raw_components,random_forest,tree_plus_resident_population_raw_components,CS300017,644,0.36490683229813664,0.5258861881087724,0.696384539353899,0.25,0.00425531914893617,0.008368200836820083,0.006211180124223602
random_forest__tree_plus_resident_population_raw_components,random_forest,tree_plus_resident_population_raw_components,CS300018,2260,0.12212389380530973,0.5112963054735215,0.8558942554932211,0.3333333333333333,0.0036231884057971015,0.007168458781362007,0.001327433628318584
random_forest__tree_plus_resident_population_raw_components,random_forest,tree_plus_resident_population_raw_components,CS300020,514,0.39883268482490275,0.562275596532928,0.6722866840318888,0.8333333333333334,0.024390243902439025,0.04739336492890995,0.011673151750972763
random_forest__tree_plus_resident_population_raw_components,random_forest,tree_plus_resident_population_raw_components,CS300022,1851,0.35386277687736356,0.6212710524724934,0.7465904158901172,0.8636363636363636,0.02900763358778626,0.056129985228951254,0.011885467314964884
random_forest__tree_plus_resident_population_raw_components,random_forest,tree_plus_resident_population_raw_components,CS300024,463,0.3174946004319654,0.5606711923775479,0.699733057780074,1.0,0.047619047619047616,0.09090909090909091,0.01511879049676026
random_forest__tree_plus_resident_population_raw_components,random_forest,tree_plus_resident_population_raw_components,CS300027,337,0.36795252225519287,0.46213633507697655,0.5952597304255642,0.5,0.008064516129032258,0.015873015873015872,0.005934718100890208
random_forest__tree_plus_resident_population_raw_components,random_forest,tree_plus_resident_population_raw_components,CS300028,1083,0.31117266851338876,0.4366689838781136,0.6581013675308868,0.5714285714285714,0.011869436201780416,0.023255813953488372,0.006463527239150508
random_forest__tree_plus_resident_population_raw_components,random_forest,tree_plus_resident_population_raw_components,CS300036,596,0.2902684563758389,0.4445482776393161,0.6977138250044412,1.0,0.005780346820809248,0.011494252873563218,0.0016778523489932886
random_forest__tree_plus_resident_population_raw_components,random_forest,tree_plus_resident_population_raw_components,CS200002,250,0.24,0.634698841945853,0.830438596491228,1.0,0.03333333333333333,0.06451612903225806,0.008
random_forest__tree_plus_resident_population_raw_components,random_forest,tree_plus_resident_population_raw_components,CS200003,1882,0.28746014877789583,0.5952448709503617,0.7851652903384101,1.0,0.009242144177449169,0.018315018315018316,0.002656748140276302
random_forest__tree_plus_resident_population_raw_components,random_forest,tree_plus_resident_population_raw_components,CS200005,1755,0.29971509971509974,0.5558208697339984,0.7507742236879963,0.9166666666666666,0.02091254752851711,0.040892193308550186,0.006837606837606838
random_forest__tree_plus_resident_population_raw_components,random_forest,tree_plus_resident_population_raw_components,CS200008,1235,0.22753036437246962,0.4683578946418604,0.757178987891403,1.0,0.0071174377224199285,0.014134275618374558,0.0016194331983805667
random_forest__tree_plus_resident_population_raw_components,random_forest,tree_plus_resident_population_raw_components,CS200017,528,0.4412878787878788,0.7246059332387601,0.7902233214519533,0.8636363636363636,0.0815450643776824,0.14901960784313725,0.041666666666666664
random_forest__tree_plus_resident_population_raw_components,random_forest,tree_plus_resident_population_raw_components,CS200033,72,0.2638888888888889,0.6153278316502111,0.7209533267130089,0.0,0.0,0.0,0.0
random_forest__tree_plus_resident_population_raw_components,random_forest,tree_plus_resident_population_raw_components,CS200034,699,0.45064377682403434,0.6568472004802217,0.7110367063492063,0.7619047619047619,0.050793650793650794,0.09523809523809523,0.030042918454935622
random_forest__tree_plus_resident_population_raw_components,random_forest,tree_plus_resident_population_raw_components,CS300004,656,0.31859756097560976,0.4386930866378794,0.6483200068505615,0.5,0.004784688995215311,0.009478672985781991,0.003048780487804878
random_forest__tree_plus_resident_population_raw_components,random_forest,tree_plus_resident_population_raw_components,CS300006,198,0.23737373737373738,0.5343322551586331,0.7844159504015781,0.0,0.0,0.0,0.0
random_forest__tree_plus_resident_population_raw_components,random_forest,tree_plus_resident_population_raw_components,CS300007,1584,0.34785353535353536,0.5688705569155776,0.737975308468454,0.7307692307692307,0.06896551724137931,0.12603648424543948,0.03282828282828283
random_forest__tree_plus_resident_population_raw_components,random_forest,tree_plus_resident_population_raw_components,CS300008,566,0.2597173144876325,0.5538863491004258,0.7734482814605557,1.0,0.006802721088435374,0.013513513513513514,0.0017667844522968198
random_forest__tree_plus_resident_population_raw_components,random_forest,tree_plus_resident_population_raw_components,CS300009,1042,0.22648752399232247,0.5286680269408341,0.7850496277915633,0.8333333333333334,0.0211864406779661,0.04132231404958678,0.005758157389635317
random_forest__tree_plus_resident_population_raw_components,random_forest,tree_plus_resident_population_raw_components,CS300019,553,0.2820976491862568,0.4637484672033262,0.7060001291739326,0.0,0.0,0.0,0.0
random_forest__tree_plus_resident_population_raw_components,random_forest,tree_plus_resident_population_raw_components,CS300021,962,0.46153846153846156,0.7203643433555135,0.7471738147413822,0.8181818181818182,0.02027027027027027,0.03956043956043956,0.011434511434511435
random_forest__tree_plus_resident_population_raw_components,random_forest,tree_plus_resident_population_raw_components,CS300029,217,0.42857142857142855,0.6179660915612526,0.708636836628512,0.75,0.03225806451612903,0.061855670103092786,0.018433179723502304
random_forest__tree_plus_resident_population_raw_components,random_forest,tree_plus_resident_population_raw_components,CS300031,359,0.25069637883008355,0.4647585421659419,0.6831061544816192,1.0,0.03333333333333333,0.06451612903225806,0.008356545961002786
random_forest__tree_plus_resident_population_raw_components,random_forest,tree_plus_resident_population_raw_components,CS300032,172,0.3081395348837209,0.3812931328278094,0.6418265419375296,0.0,0.0,0.0,0.005813953488372093
random_forest__tree_plus_resident_population_raw_components,random_forest,tree_plus_resident_population_raw_components,CS300033,616,0.288961038961039,0.3959313215508972,0.6314581088707609,0.0,0.0,0.0,0.0
random_forest__tree_plus_resident_population_raw_components,random_forest,tree_plus_resident_population_raw_components,CS300035,596,0.25838926174496646,0.3779613861646537,0.6429305988129518,0.0,0.0,0.0,0.0
random_forest__tree_plus_resident_population_raw_components,random_forest,tree_plus_resident_population_raw_components,CS300043,371,0.23450134770889489,0.31198211165617745,0.6110976202039824,0.0,0.0,0.0,0.008086253369272238
random_forest__tree_plus_resident_population_raw_components,random_forest,tree_plus_resident_population_raw_components,CS200001,2410,0.2829875518672199,0.6249211353944851,0.8274843529379818,0.7,0.010263929618768328,0.02023121387283237,0.004149377593360996
random_forest__tree_plus_resident_population_raw_components,random_forest,tree_plus_resident_population_raw_components,CS200019,439,0.5170842824601367,0.7993258688887954,0.8246820713157674,0.8636363636363636,0.16740088105726872,0.28044280442804426,0.10022779043280182
random_forest__tree_plus_resident_population_raw_components,random_forest,tree_plus_resident_population_raw_components,CS200032,175,0.2571428571428571,0.39000995672901484,0.6632478632478632,0.0,0.0,0.0,0.0
random_forest__tree_plus_resident_population_raw_components,random_forest,tree_plus_resident_population_raw_components,CS300003,278,0.32014388489208634,0.43375114004801235,0.6377147613102668,0.0,0.0,0.0,0.0
random_forest__tree_plus_resident_population_raw_components,random_forest,tree_plus_resident_population_raw_components,CS200025,1450,0.2103448275862069,0.3867637209101812,0.7176376261722387,0.0,0.0,0.0,0.0
random_forest__tree_plus_resident_population_raw_components,random_forest,tree_plus_resident_population_raw_components,CS300026,39,0.358974358974359,0.681923651061582,0.7828571428571428,1.0,0.14285714285714285,0.25,0.05128205128205128
random_forest__tree_plus_resident_population_raw_components,random_forest,tree_plus_resident_population_raw_components,CS300025,98,0.2755102040816326,0.3119893148265932,0.5602503912363067,0.0,0.0,0.0,0.030612244897959183
random_forest__tree_plus_resident_population_raw_components,random_forest,tree_plus_resident_population_raw_components,CS200026,173,0.30057803468208094,0.4732910362117513,0.6900826446280991,0.0,0.0,0.0,0.0
extra_trees__tree_plus_resident_population_raw_components,extra_trees,tree_plus_resident_population_raw_components,CS100001,5554,0.1852718761253151,0.3910133490872916,0.7408295346552196,0.0,0.0,0.0,0.0
extra_trees__tree_plus_resident_population_raw_components,extra_trees,tree_plus_resident_population_raw_components,CS100002,1698,0.33510011778563015,0.5067429061219713,0.6798495021022694,0.0,0.0,0.0,0.0
extra_trees__tree_plus_resident_population_raw_components,extra_trees,tree_plus_resident_population_raw_components,CS100003,1282,0.45553822152886114,0.5886061921289483,0.6652887898889194,0.0,0.0,0.0,0.0
extra_trees__tree_plus_resident_population_raw_components,extra_trees,tree_plus_resident_population_raw_components,CS100004,1283,0.39438815276695244,0.5305119795290592,0.6715018236757366,0.0,0.0,0.0,0.0
extra_trees__tree_plus_resident_population_raw_components,extra_trees,tree_plus_resident_population_raw_components,CS100005,1564,0.3177749360613811,0.4837825945178183,0.6613438833563707,0.0,0.0,0.0,0.0
extra_trees__tree_plus_resident_population_raw_components,extra_trees,tree_plus_resident_population_raw_components,CS100006,1526,0.41874180865006555,0.6468563087696322,0.7329113097727036,0.0,0.0,0.0,0.0
extra_trees__tree_plus_resident_population_raw_components,extra_trees,tree_plus_resident_population_raw_components,CS100007,2078,0.48267564966313764,0.6890897476303208,0.6973461012311901,0.0,0.0,0.0,0.0
extra_trees__tree_plus_resident_population_raw_components,extra_trees,tree_plus_resident_population_raw_components,CS100008,3033,0.3537751401252885,0.5450065878821369,0.7003628012248702,0.0,0.0,0.0,0.0
extra_trees__tree_plus_resident_population_raw_components,extra_trees,tree_plus_resident_population_raw_components,CS100009,3508,0.3187001140250855,0.459558089246479,0.6628228830622525,0.0,0.0,0.0,0.0
extra_trees__tree_plus_resident_population_raw_components,extra_trees,tree_plus_resident_population_raw_components,CS100010,4154,0.291044776119403,0.47466426007105955,0.7010164288492784,0.0,0.0,0.0,0.0
extra_trees__tree_plus_resident_population_raw_components,extra_trees,tree_plus_resident_population_raw_components,CS200006,1998,0.14614614614614616,0.28774115097651665,0.7103414218953251,0.0,0.0,0.0,0.0
extra_trees__tree_plus_resident_population_raw_components,extra_trees,tree_plus_resident_population_raw_components,CS200007,1506,0.20053120849933598,0.28104920468398586,0.6263503553277155,0.0,0.0,0.0,0.0
extra_trees__tree_plus_resident_population_raw_components,extra_trees,tree_plus_resident_population_raw_components,CS200016,1297,0.27602158828064766,0.45385975635452636,0.6865529119888625,0.0,0.0,0.0,0.0
extra_trees__tree_plus_resident_population_raw_components,extra_trees,tree_plus_resident_population_raw_components,CS200024,839,0.4123957091775924,0.5258941632599852,0.6310954519340126,0.0,0.0,0.0,0.0
extra_trees__tree_plus_resident_population_raw_components,extra_trees,tree_plus_resident_population_raw_components,CS200028,4384,0.2664233576642336,0.38546185232195385,0.649825306259797,0.0,0.0,0.0,0.0
extra_trees__tree_plus_resident_population_raw_components,extra_trees,tree_plus_resident_population_raw_components,CS200029,1017,0.400196656833825,0.44116422237290653,0.5403431747694043,0.0,0.0,0.0,0.0
extra_trees__tree_plus_resident_population_raw_components,extra_trees,tree_plus_resident_population_raw_components,CS200030,1156,0.2378892733564014,0.30819940314897515,0.6085274997420287,0.0,0.0,0.0,0.0
extra_trees__tree_plus_resident_population_raw_components,extra_trees,tree_plus_resident_population_raw_components,CS200031,1546,0.2238033635187581,0.3136773840855936,0.6230635838150289,0.0,0.0,0.0,0.0
extra_trees__tree_plus_resident_population_raw_components,extra_trees,tree_plus_resident_population_raw_components,CS200037,2043,0.29515418502202645,0.38551101597380344,0.6031935231251152,0.0,0.0,0.0,0.0
extra_trees__tree_plus_resident_population_raw_components,extra_trees,tree_plus_resident_population_raw_components,CS300001,3323,0.33012338248570566,0.5709655780251984,0.7332984018326548,0.0,0.0,0.0,0.0
extra_trees__tree_plus_resident_population_raw_components,extra_trees,tree_plus_resident_population_raw_components,CS300002,2751,0.2813522355507088,0.4596162448126285,0.6936997695723037,0.0,0.0,0.0,0.0
extra_trees__tree_plus_resident_population_raw_components,extra_trees,tree_plus_resident_population_raw_components,CS300010,1240,0.24435483870967742,0.47924992992089155,0.7068623617964784,0.0,0.0,0.0,0.0
extra_trees__tree_plus_resident_population_raw_components,extra_trees,tree_plus_resident_population_raw_components,CS300011,3264,0.35324754901960786,0.41828833845558255,0.577076339481418,0.0,0.0,0.0,0.0
extra_trees__tree_plus_resident_population_raw_components,extra_trees,tree_plus_resident_population_raw_components,CS300014,494,0.4109311740890688,0.4997319246567764,0.5998341035667734,0.0,0.0,0.0,0.0
extra_trees__tree_plus_resident_population_raw_components,extra_trees,tree_plus_resident_population_raw_components,CS300015,215,0.3953488372093023,0.4666120047267966,0.5796380090497738,0.0,0.0,0.0,0.0
extra_trees__tree_plus_resident_population_raw_components,extra_trees,tree_plus_resident_population_raw_components,CS300016,805,0.2248447204968944,0.2950721609883378,0.5910451197053408,0.0,0.0,0.0,0.0
extra_trees__tree_plus_resident_population_raw_components,extra_trees,tree_plus_resident_population_raw_components,CS300017,644,0.36490683229813664,0.41537834907769167,0.5559694116423035,0.0,0.0,0.0,0.0
extra_trees__tree_plus_resident_population_raw_components,extra_trees,tree_plus_resident_population_raw_components,CS300018,2260,0.12212389380530973,0.3316179511144869,0.7525877308321646,0.0,0.0,0.0,0.0
extra_trees__tree_plus_resident_population_raw_components,extra_trees,tree_plus_resident_population_raw_components,CS300020,514,0.39883268482490275,0.5021711056311521,0.6025100639355908,0.0,0.0,0.0,0.0
extra_trees__tree_plus_resident_population_raw_components,extra_trees,tree_plus_resident_population_raw_components,CS300022,1851,0.35386277687736356,0.48854040906481944,0.6327657075748678,0.0,0.0,0.0,0.0
extra_trees__tree_plus_resident_population_raw_components,extra_trees,tree_plus_resident_population_raw_components,CS300024,463,0.3174946004319654,0.40781375118103236,0.6113622664255576,0.0,0.0,0.0,0.0
extra_trees__tree_plus_resident_population_raw_components,extra_trees,tree_plus_resident_population_raw_components,CS300027,337,0.36795252225519287,0.39094000338223833,0.5130243828562775,0.0,0.0,0.0,0.0
extra_trees__tree_plus_resident_population_raw_components,extra_trees,tree_plus_resident_population_raw_components,CS300028,1083,0.31117266851338876,0.3805433096647648,0.5951026642588364,0.0,0.0,0.0,0.0
extra_trees__tree_plus_resident_population_raw_components,extra_trees,tree_plus_resident_population_raw_components,CS300036,596,0.2902684563758389,0.3543019320599331,0.55891717569248,0.0,0.0,0.0,0.0
extra_trees__tree_plus_resident_population_raw_components,extra_trees,tree_plus_resident_population_raw_components,CS200002,250,0.24,0.4778553083699615,0.7102631578947368,0.0,0.0,0.0,0.0
extra_trees__tree_plus_resident_population_raw_components,extra_trees,tree_plus_resident_population_raw_components,CS200003,1882,0.28746014877789583,0.45481634811365634,0.6693876200755084,0.0,0.0,0.0,0.0
extra_trees__tree_plus_resident_population_raw_components,extra_trees,tree_plus_resident_population_raw_components,CS200005,1755,0.29971509971509974,0.4450338974065349,0.6580236180764603,0.0,0.0,0.0,0.0
extra_trees__tree_plus_resident_population_raw_components,extra_trees,tree_plus_resident_population_raw_components,CS200008,1235,0.22753036437246962,0.3144196056838207,0.6350448010623932,0.0,0.0,0.0,0.0
extra_trees__tree_plus_resident_population_raw_components,extra_trees,tree_plus_resident_population_raw_components,CS200017,528,0.4412878787878788,0.5877697642954538,0.6498726994980724,0.0,0.0,0.0,0.0
extra_trees__tree_plus_resident_population_raw_components,extra_trees,tree_plus_resident_population_raw_components,CS200033,72,0.2638888888888889,0.5894670885239053,0.7398212512413108,0.0,0.0,0.0,0.0
extra_trees__tree_plus_resident_population_raw_components,extra_trees,tree_plus_resident_population_raw_components,CS200034,699,0.45064377682403434,0.5250223777874278,0.5771494708994709,0.0,0.0,0.0,0.0
extra_trees__tree_plus_resident_population_raw_components,extra_trees,tree_plus_resident_population_raw_components,CS300004,656,0.31859756097560976,0.3666541131577664,0.5454652494567719,0.0,0.0,0.0,0.0
extra_trees__tree_plus_resident_population_raw_components,extra_trees,tree_plus_resident_population_raw_components,CS300006,198,0.23737373737373738,0.391114184519632,0.6745103564886572,0.0,0.0,0.0,0.0
extra_trees__tree_plus_resident_population_raw_components,extra_trees,tree_plus_resident_population_raw_components,CS300007,1584,0.34785353535353536,0.4687966993117665,0.6383412716121177,0.0,0.0,0.0,0.0
extra_trees__tree_plus_resident_population_raw_components,extra_trees,tree_plus_resident_population_raw_components,CS300008,566,0.2597173144876325,0.38825808265622347,0.682236617797477,0.0,0.0,0.0,0.0
extra_trees__tree_plus_resident_population_raw_components,extra_trees,tree_plus_resident_population_raw_components,CS300009,1042,0.22648752399232247,0.43410447879091096,0.7318784960255709,0.0,0.0,0.0,0.0
extra_trees__tree_plus_resident_population_raw_components,extra_trees,tree_plus_resident_population_raw_components,CS300019,553,0.2820976491862568,0.33456163242583903,0.5932958728928502,0.0,0.0,0.0,0.0
extra_trees__tree_plus_resident_population_raw_components,extra_trees,tree_plus_resident_population_raw_components,CS300021,962,0.46153846153846156,0.5763734068682489,0.6279305367143205,0.0,0.0,0.0,0.0
extra_trees__tree_plus_resident_population_raw_components,extra_trees,tree_plus_resident_population_raw_components,CS300029,217,0.42857142857142855,0.509983275428096,0.5707596253902186,0.0,0.0,0.0,0.0
extra_trees__tree_plus_resident_population_raw_components,extra_trees,tree_plus_resident_population_raw_components,CS300031,359,0.25069637883008355,0.3298586650552192,0.5748864105741428,0.0,0.0,0.0,0.0
extra_trees__tree_plus_resident_population_raw_components,extra_trees,tree_plus_resident_population_raw_components,CS300032,172,0.3081395348837209,0.3181413636957382,0.4951641033771999,0.0,0.0,0.0,0.0
extra_trees__tree_plus_resident_population_raw_components,extra_trees,tree_plus_resident_population_raw_components,CS300033,616,0.288961038961039,0.3002358515796431,0.5099276589195013,0.0,0.0,0.0,0.0
extra_trees__tree_plus_resident_population_raw_components,extra_trees,tree_plus_resident_population_raw_components,CS300035,596,0.25838926174496646,0.29822408672621553,0.5504495504495505,0.0,0.0,0.0,0.0
extra_trees__tree_plus_resident_population_raw_components,extra_trees,tree_plus_resident_population_raw_components,CS300043,371,0.23450134770889489,0.2811850887236547,0.5708677351465112,0.0,0.0,0.0,0.0
extra_trees__tree_plus_resident_population_raw_components,extra_trees,tree_plus_resident_population_raw_components,CS200001,2410,0.2829875518672199,0.499816444979904,0.7183384585098295,0.0,0.0,0.0,0.0
extra_trees__tree_plus_resident_population_raw_components,extra_trees,tree_plus_resident_population_raw_components,CS200019,439,0.5170842824601367,0.7279906299680587,0.7162538442357242,0.0,0.0,0.0,0.0
extra_trees__tree_plus_resident_population_raw_components,extra_trees,tree_plus_resident_population_raw_components,CS200032,175,0.2571428571428571,0.276555473874984,0.4947008547008547,0.0,0.0,0.0,0.0
extra_trees__tree_plus_resident_population_raw_components,extra_trees,tree_plus_resident_population_raw_components,CS300003,278,0.32014388489208634,0.34279004630598264,0.5431306105463409,0.0,0.0,0.0,0.0
extra_trees__tree_plus_resident_population_raw_components,extra_trees,tree_plus_resident_population_raw_components,CS200025,1450,0.2103448275862069,0.3059874429612613,0.6125678287636911,0.0,0.0,0.0,0.0
extra_trees__tree_plus_resident_population_raw_components,extra_trees,tree_plus_resident_population_raw_components,CS300026,39,0.358974358974359,0.5432623296745295,0.7142857142857142,0.0,0.0,0.0,0.0
extra_trees__tree_plus_resident_population_raw_components,extra_trees,tree_plus_resident_population_raw_components,CS300025,98,0.2755102040816326,0.2455176763095232,0.37871674491392804,0.0,0.0,0.0,0.0
extra_trees__tree_plus_resident_population_raw_components,extra_trees,tree_plus_resident_population_raw_components,CS200026,173,0.30057803468208094,0.44951125999035685,0.639065479974571,0.0,0.0,0.0,0.0
lightgbm__tree_plus_resident_population_raw_components,lightgbm,tree_plus_resident_population_raw_components,CS100001,5554,0.1852718761253151,0.5585040114451644,0.851613270406821,0.652452025586354,0.29737609329446063,0.40854472630173566,0.08444364422038171
lightgbm__tree_plus_resident_population_raw_components,lightgbm,tree_plus_resident_population_raw_components,CS100002,1698,0.33510011778563015,0.6959801157908417,0.826483769483547,0.711217183770883,0.523725834797891,0.6032388663967612,0.24676089517078917
lightgbm__tree_plus_resident_population_raw_components,lightgbm,tree_plus_resident_population_raw_components,CS100003,1282,0.45553822152886114,0.789772503933595,0.8236571221101383,0.7261261261261261,0.690068493150685,0.707638279192274,0.4329173166926677
lightgbm__tree_plus_resident_population_raw_components,lightgbm,tree_plus_resident_population_raw_components,CS100004,1283,0.39438815276695244,0.7342118841759312,0.8160045986132943,0.7139479905437353,0.5968379446640316,0.6501614639397201,0.32969602494154326
lightgbm__tree_plus_resident_population_raw_components,lightgbm,tree_plus_resident_population_raw_components,CS100005,1564,0.3177749360613811,0.6507728690900116,0.7935296879684857,0.6909090909090909,0.3822937625754527,0.49222797927461137,0.1758312020460358
lightgbm__tree_plus_resident_population_raw_components,lightgbm,tree_plus_resident_population_raw_components,CS100006,1526,0.41874180865006555,0.7549841203137959,0.8317375126368886,0.7475728155339806,0.6025039123630673,0.6672443674176777,0.33748361730013104
lightgbm__tree_plus_resident_population_raw_components,lightgbm,tree_plus_resident_population_raw_components,CS100007,2078,0.48267564966313764,0.7829728692139727,0.8091400217950797,0.7503015681544029,0.6201395812562313,0.6790393013100436,0.39894128970163617
lightgbm__tree_plus_resident_population_raw_components,lightgbm,tree_plus_resident_population_raw_components,CS100008,3033,0.3537751401252885,0.7105417427583931,0.8286993362116515,0.761986301369863,0.4147250698974837,0.5371152685576343,0.19254863171777117
lightgbm__tree_plus_resident_population_raw_components,lightgbm,tree_plus_resident_population_raw_components,CS100009,3508,0.3187001140250855,0.6780479293052833,0.8250140343260903,0.6559679037111334,0.5849731663685152,0.6184397163120567,0.2842075256556442
lightgbm__tree_plus_resident_population_raw_components,lightgbm,tree_plus_resident_population_raw_components,CS100010,4154,0.291044776119403,0.6586351218597444,0.8272573693900163,0.6876675603217158,0.42431761786600497,0.5248081841432225,0.17958594126143476
lightgbm__tree_plus_resident_population_raw_components,lightgbm,tree_plus_resident_population_raw_components,CS200006,1998,0.14614614614614616,0.4116479733935602,0.774896015673931,0.6666666666666666,0.11643835616438356,0.19825072886297376,0.025525525525525526
lightgbm__tree_plus_resident_population_raw_components,lightgbm,tree_plus_resident_population_raw_components,CS200007,1506,0.20053120849933598,0.4726217192424348,0.7815092077182021,0.5573770491803278,0.2251655629139073,0.32075471698113206,0.08100929614873838
lightgbm__tree_plus_resident_population_raw_components,lightgbm,tree_plus_resident_population_raw_components,CS200016,1297,0.27602158828064766,0.6153853692562982,0.8092259089367626,0.6666666666666666,0.3743016759776536,0.47942754919499103,0.15497301464919044
lightgbm__tree_plus_resident_population_raw_components,lightgbm,tree_plus_resident_population_raw_components,CS200024,839,0.4123957091775924,0.721227362569473,0.7889704416747764,0.7035714285714286,0.569364161849711,0.6293929712460063,0.33373063170441003
lightgbm__tree_plus_resident_population_raw_components,lightgbm,tree_plus_resident_population_raw_components,CS200028,4384,0.2664233576642336,0.5964647023429124,0.800519821696313,0.6600331674958541,0.3407534246575342,0.4494635798983625,0.1375456204379562
lightgbm__tree_plus_resident_population_raw_components,lightgbm,tree_plus_resident_population_raw_components,CS200029,1017,0.400196656833825,0.6368810488979179,0.7150682724453216,0.6923076923076923,0.3538083538083538,0.4682926829268293,0.20452310717797442
lightgbm__tree_plus_resident_population_raw_components,lightgbm,tree_plus_resident_population_raw_components,CS200030,1156,0.2378892733564014,0.5053429208507494,0.7751068001238263,0.5609756097560976,0.33454545454545453,0.4191343963553531,0.14186851211072665
lightgbm__tree_plus_resident_population_raw_components,lightgbm,tree_plus_resident_population_raw_components,CS200031,1546,0.2238033635187581,0.4168893052389158,0.6877721579961464,0.5089820359281437,0.24566473988439305,0.3313840155945419,0.10802069857697283
lightgbm__tree_plus_resident_population_raw_components,lightgbm,tree_plus_resident_population_raw_components,CS200037,2043,0.29515418502202645,0.520346608978238,0.7599594619495117,0.5617977528089888,0.41459369817578773,0.4770992366412214,0.2178169358786099
lightgbm__tree_plus_resident_population_raw_components,lightgbm,tree_plus_resident_population_raw_components,CS300001,3323,0.33012338248570566,0.7386307798581636,0.8575568752810286,0.7538860103626943,0.5305378304466728,0.622792937399679,0.23232019259705086
lightgbm__tree_plus_resident_population_raw_components,lightgbm,tree_plus_resident_population_raw_components,CS300002,2751,0.2813522355507088,0.6801192306062952,0.828538529000822,0.7116182572614108,0.44315245478036175,0.5461783439490446,0.17520901490367138
lightgbm__tree_plus_resident_population_raw_components,lightgbm,tree_plus_resident_population_raw_components,CS300010,1240,0.24435483870967742,0.600097982453799,0.8148469062487893,0.6476683937823834,0.41254125412541254,0.5040322580645161,0.15564516129032258
lightgbm__tree_plus_resident_population_raw_components,lightgbm,tree_plus_resident_population_raw_components,CS300011,3264,0.35324754901960786,0.5756093502398223,0.7228279737368748,0.6140350877192983,0.39462272333044235,0.4804646251319958,0.2270220588235294
lightgbm__tree_plus_resident_population_raw_components,lightgbm,tree_plus_resident_population_raw_components,CS300014,494,0.4109311740890688,0.5853197125258846,0.7005230816108883,0.6076923076923076,0.3891625615763547,0.4744744744744745,0.2631578947368421
lightgbm__tree_plus_resident_population_raw_components,lightgbm,tree_plus_resident_population_raw_components,CS300015,215,0.3953488372093023,0.6311513930917212,0.7436199095022624,0.6428571428571429,0.3176470588235294,0.4251968503937008,0.19534883720930232
lightgbm__tree_plus_resident_population_raw_components,lightgbm,tree_plus_resident_population_raw_components,CS300016,805,0.2248447204968944,0.4807526477676917,0.7341248760447656,0.6037735849056604,0.17679558011049723,0.27350427350427353,0.06583850931677018
lightgbm__tree_plus_resident_population_raw_components,lightgbm,tree_plus_resident_population_raw_components,CS300017,644,0.36490683229813664,0.6130813552067546,0.7544503979607762,0.6230366492146597,0.5063829787234042,0.5586854460093896,0.296583850931677
lightgbm__tree_plus_resident_population_raw_components,lightgbm,tree_plus_resident_population_raw_components,CS300018,2260,0.12212389380530973,0.5506152430036587,0.8764189603786817,0.7321428571428571,0.2971014492753623,0.422680412371134,0.049557522123893805
lightgbm__tree_plus_resident_population_raw_components,lightgbm,tree_plus_resident_population_raw_components,CS300020,514,0.39883268482490275,0.5999557640708045,0.7081379745836294,0.6119402985074627,0.4,0.4837758112094395,0.2607003891050584
lightgbm__tree_plus_resident_population_raw_components,lightgbm,tree_plus_resident_population_raw_components,CS300022,1851,0.35386277687736356,0.65023853834568,0.7760205774975107,0.671578947368421,0.4870229007633588,0.5646017699115045,0.25661804430037816
lightgbm__tree_plus_resident_population_raw_components,lightgbm,tree_plus_resident_population_raw_components,CS300024,463,0.3174946004319654,0.547861293292099,0.7148884870403858,0.5354330708661418,0.46258503401360546,0.49635036496350365,0.27429805615550756
lightgbm__tree_plus_resident_population_raw_components,lightgbm,tree_plus_resident_population_raw_components,CS300027,337,0.36795252225519287,0.5534277877890683,0.6721944570649704,0.5641025641025641,0.3548387096774194,0.43564356435643564,0.2314540059347181
lightgbm__tree_plus_resident_population_raw_components,lightgbm,tree_plus_resident_population_raw_components,CS300028,1083,0.31117266851338876,0.45504765771633093,0.6798076387618237,0.47840531561461797,0.42729970326409494,0.45141065830721006,0.27793167128347185
lightgbm__tree_plus_resident_population_raw_components,lightgbm,tree_plus_resident_population_raw_components,CS300036,596,0.2902684563758389,0.4848694645044411,0.7296628814277321,0.5181818181818182,0.32947976878612717,0.4028268551236749,0.18456375838926176
lightgbm__tree_plus_resident_population_raw_components,lightgbm,tree_plus_resident_population_raw_components,CS200002,250,0.24,0.6770964394437405,0.861578947368421,0.7619047619047619,0.5333333333333333,0.6274509803921569,0.168
lightgbm__tree_plus_resident_population_raw_components,lightgbm,tree_plus_resident_population_raw_components,CS200003,1882,0.28746014877789583,0.6161572656806225,0.8090315252914962,0.6521739130434783,0.41589648798521256,0.5079006772009029,0.18331562167906482
lightgbm__tree_plus_resident_population_raw_components,lightgbm,tree_plus_resident_population_raw_components,CS200005,1755,0.29971509971509974,0.6077048299721274,0.7891543713860536,0.6342857142857142,0.4220532319391635,0.5068493150684932,0.19943019943019943
lightgbm__tree_plus_resident_population_raw_components,lightgbm,tree_plus_resident_population_raw_components,CS200008,1235,0.22753036437246962,0.5217730888859616,0.7894685795713124,0.6024096385542169,0.35587188612099646,0.44742729306487694,0.13441295546558704
lightgbm__tree_plus_resident_population_raw_components,lightgbm,tree_plus_resident_population_raw_components,CS200017,528,0.4412878787878788,0.7406320457520201,0.8090346984796682,0.7142857142857143,0.6866952789699571,0.700218818380744,0.42424242424242425
lightgbm__tree_plus_resident_population_raw_components,lightgbm,tree_plus_resident_population_raw_components,CS200033,72,0.2638888888888889,0.609029613149506,0.7259185700099304,0.5833333333333334,0.3684210526315789,0.45161290322580644,0.16666666666666666
lightgbm__tree_plus_resident_population_raw_components,lightgbm,tree_plus_resident_population_raw_components,CS200034,699,0.45064377682403434,0.6884842492943147,0.7375909391534392,0.678714859437751,0.5365079365079365,0.599290780141844,0.3562231759656652
lightgbm__tree_plus_resident_population_raw_components,lightgbm,tree_plus_resident_population_raw_components,CS300004,656,0.31859756097560976,0.5280844966242167,0.7081660832985452,0.5702479338842975,0.33014354066985646,0.41818181818181815,0.18445121951219512
lightgbm__tree_plus_resident_population_raw_components,lightgbm,tree_plus_resident_population_raw_components,CS300006,198,0.23737373737373738,0.6303015821783429,0.8155558686769058,0.6538461538461539,0.3617021276595745,0.4657534246575342,0.13131313131313133
lightgbm__tree_plus_resident_population_raw_components,lightgbm,tree_plus_resident_population_raw_components,CS300007,1584,0.34785353535353536,0.6080744101285903,0.7675826579500792,0.6086956521739131,0.4827586206896552,0.5384615384615384,0.2758838383838384
lightgbm__tree_plus_resident_population_raw_components,lightgbm,tree_plus_resident_population_raw_components,CS300008,566,0.2597173144876325,0.5947474110859108,0.7903820239312908,0.6867469879518072,0.3877551020408163,0.4956521739130435,0.14664310954063603
lightgbm__tree_plus_resident_population_raw_components,lightgbm,tree_plus_resident_population_raw_components,CS300009,1042,0.22648752399232247,0.558254933898457,0.8103682129789292,0.6639344262295082,0.3432203389830508,0.45251396648044695,0.11708253358925144
lightgbm__tree_plus_resident_population_raw_components,lightgbm,tree_plus_resident_population_raw_components,CS300019,553,0.2820976491862568,0.487623796908462,0.7484499128075954,0.5086206896551724,0.3782051282051282,0.4338235294117647,0.20976491862567812
lightgbm__tree_plus_resident_population_raw_components,lightgbm,tree_plus_resident_population_raw_components,CS300021,962,0.46153846153846156,0.7578681322564669,0.7786792584089881,0.7439024390243902,0.5495495495495496,0.6321243523316062,0.340956340956341
lightgbm__tree_plus_resident_population_raw_components,lightgbm,tree_plus_resident_population_raw_components,CS300029,217,0.42857142857142855,0.675581082383496,0.7721123829344433,0.6595744680851063,0.6666666666666666,0.6631016042780749,0.43317972350230416
lightgbm__tree_plus_resident_population_raw_components,lightgbm,tree_plus_resident_population_raw_components,CS300031,359,0.25069637883008355,0.47183634352953685,0.720817843866171,0.5061728395061729,0.45555555555555555,0.47953216374269003,0.22562674094707522
lightgbm__tree_plus_resident_population_raw_components,lightgbm,tree_plus_resident_population_raw_components,CS300032,172,0.3081395348837209,0.44982873492488074,0.6759156492785794,0.45652173913043476,0.39622641509433965,0.42424242424242425,0.26744186046511625
lightgbm__tree_plus_resident_population_raw_components,lightgbm,tree_plus_resident_population_raw_components,CS300033,616,0.288961038961039,0.3957035457429193,0.6539813247139706,0.47674418604651164,0.2303370786516854,0.3106060606060606,0.1396103896103896
lightgbm__tree_plus_resident_population_raw_components,lightgbm,tree_plus_resident_population_raw_components,CS300035,596,0.25838926174496646,0.4474671630199664,0.7164747017688194,0.4574468085106383,0.2792207792207792,0.3467741935483871,0.15771812080536912
lightgbm__tree_plus_resident_population_raw_components,lightgbm,tree_plus_resident_population_raw_components,CS300043,371,0.23450134770889489,0.3482411754093718,0.6429496519345961,0.4423076923076923,0.26436781609195403,0.33093525179856115,0.14016172506738545
lightgbm__tree_plus_resident_population_raw_components,lightgbm,tree_plus_resident_population_raw_components,CS200001,2410,0.2829875518672199,0.6833737767672612,0.8546019672531769,0.7103448275862069,0.4530791788856305,0.5532676812891674,0.18049792531120332
lightgbm__tree_plus_resident_population_raw_components,lightgbm,tree_plus_resident_population_raw_components,CS200019,439,0.5170842824601367,0.819516637849254,0.8380849472196825,0.7891891891891892,0.6431718061674009,0.7087378640776699,0.4214123006833713
lightgbm__tree_plus_resident_population_raw_components,lightgbm,tree_plus_resident_population_raw_components,CS200032,175,0.2571428571428571,0.45076858704393236,0.7088888888888889,0.41935483870967744,0.28888888888888886,0.34210526315789475,0.17714285714285713
lightgbm__tree_plus_resident_population_raw_components,lightgbm,tree_plus_resident_population_raw_components,CS300003,278,0.32014388489208634,0.4802065050622259,0.6866416978776528,0.5692307692307692,0.4157303370786517,0.4805194805194805,0.23381294964028776
lightgbm__tree_plus_resident_population_raw_components,lightgbm,tree_plus_resident_population_raw_components,CS200025,1450,0.2103448275862069,0.42872575405575114,0.7449667120051542,0.5567010309278351,0.17704918032786884,0.26865671641791045,0.06689655172413793
lightgbm__tree_plus_resident_population_raw_components,lightgbm,tree_plus_resident_population_raw_components,CS300026,39,0.358974358974359,0.6057573095114198,0.7657142857142857,0.6,0.6428571428571429,0.6206896551724138,0.38461538461538464
lightgbm__tree_plus_resident_population_raw_components,lightgbm,tree_plus_resident_population_raw_components,CS300025,98,0.2755102040816326,0.4066892428707023,0.6322378716744914,0.3793103448275862,0.4074074074074074,0.39285714285714285,0.29591836734693877
lightgbm__tree_plus_resident_population_raw_components,lightgbm,tree_plus_resident_population_raw_components,CS200026,173,0.30057803468208094,0.5061777302349001,0.7277495232040686,0.5405405405405406,0.38461538461538464,0.449438202247191,0.2138728323699422
xgboost__tree_plus_resident_population_raw_components,xgboost,tree_plus_resident_population_raw_components,CS100001,5554,0.1852718761253151,0.5469836278993282,0.8490441290959951,0.6378600823045267,0.3012633624878523,0.40924092409240925,0.0875045012603529
xgboost__tree_plus_resident_population_raw_components,xgboost,tree_plus_resident_population_raw_components,CS100002,1698,0.33510011778563015,0.6978462374869233,0.8277804673404929,0.7153465346534653,0.507908611599297,0.5940390544707091,0.23792697290930506
xgboost__tree_plus_resident_population_raw_components,xgboost,tree_plus_resident_population_raw_components,CS100003,1282,0.45553822152886114,0.7953753354147539,0.8246089610236683,0.7302752293577982,0.6815068493150684,0.7050487156775908,0.4251170046801872
xgboost__tree_plus_resident_population_raw_components,xgboost,tree_plus_resident_population_raw_components,CS100004,1283,0.39438815276695244,0.7233720792123114,0.8138655312568356,0.7274939172749392,0.5909090909090909,0.6521264994547438,0.32034294621979736
xgboost__tree_plus_resident_population_raw_components,xgboost,tree_plus_resident_population_raw_components,CS100005,1564,0.3177749360613811,0.6505175141307014,0.7954305024146754,0.6763636363636364,0.37424547283702214,0.48186528497409326,0.1758312020460358
xgboost__tree_plus_resident_population_raw_components,xgboost,tree_plus_resident_population_raw_components,CS100006,1526,0.41874180865006555,0.7540641764536217,0.8306136455460812,0.7466666666666667,0.6134585289514867,0.6735395189003437,0.3440366972477064
xgboost__tree_plus_resident_population_raw_components,xgboost,tree_plus_resident_population_raw_components,CS100007,2078,0.48267564966313764,0.7867076223246332,0.8093060353822252,0.7496886674968867,0.6001994017946162,0.6666666666666666,0.3864292589027912
xgboost__tree_plus_resident_population_raw_components,xgboost,tree_plus_resident_population_raw_components,CS100008,3033,0.3537751401252885,0.706664920290047,0.8265610438024231,0.7615658362989324,0.39888164026095063,0.5235474006116208,0.1852950873722387
xgboost__tree_plus_resident_population_raw_components,xgboost,tree_plus_resident_population_raw_components,CS100009,3508,0.3187001140250855,0.6763109180719736,0.8239870959049709,0.6554536187563711,0.575134168157424,0.6126727012863268,0.27964652223489167
xgboost__tree_plus_resident_population_raw_components,xgboost,tree_plus_resident_population_raw_components,CS100010,4154,0.291044776119403,0.6519028633787095,0.8281867319383065,0.688715953307393,0.4392059553349876,0.5363636363636364,0.18560423688011554
xgboost__tree_plus_resident_population_raw_components,xgboost,tree_plus_resident_population_raw_components,CS200006,1998,0.14614614614614616,0.4135861680850334,0.7799828164897461,0.6341463414634146,0.08904109589041095,0.15615615615615616,0.02052052052052052
xgboost__tree_plus_resident_population_raw_components,xgboost,tree_plus_resident_population_raw_components,CS200007,1506,0.20053120849933598,0.4681522758341769,0.7810939253261755,0.5503875968992248,0.23509933774834438,0.3294663573085847,0.08565737051792828
xgboost__tree_plus_resident_population_raw_components,xgboost,tree_plus_resident_population_raw_components,CS200016,1297,0.27602158828064766,0.6196720964481619,0.8115581178122452,0.6666666666666666,0.3463687150837989,0.45588235294117646,0.14340786430223593
xgboost__tree_plus_resident_population_raw_components,xgboost,tree_plus_resident_population_raw_components,CS200024,839,0.4123957091775924,0.7132007280807533,0.7825686782586266,0.697841726618705,0.5606936416184971,0.6217948717948718,0.33134684147794996
xgboost__tree_plus_resident_population_raw_components,xgboost,tree_plus_resident_population_raw_components,CS200028,4384,0.2664233576642336,0.593020755979368,0.8010184522592517,0.6750841750841751,0.3433219178082192,0.4551645856980704,0.135492700729927
xgboost__tree_plus_resident_population_raw_components,xgboost,tree_plus_resident_population_raw_components,CS200029,1017,0.400196656833825,0.6309459779849844,0.718302654368228,0.6875,0.35135135135135137,0.46504065040650405,0.20452310717797442
xgboost__tree_plus_resident_population_raw_components,xgboost,tree_plus_resident_population_raw_components,CS200030,1156,0.2378892733564014,0.5029241917142826,0.7696955938499639,0.5705128205128205,0.3236363636363636,0.41299303944315546,0.13494809688581316
xgboost__tree_plus_resident_population_raw_components,xgboost,tree_plus_resident_population_raw_components,CS200031,1546,0.2238033635187581,0.42512858761171063,0.6907899807321773,0.5142857142857142,0.26011560693641617,0.345489443378119,0.11319534282018111
xgboost__tree_plus_resident_population_raw_components,xgboost,tree_plus_resident_population_raw_components,CS200037,2043,0.29515418502202645,0.5273451671768442,0.758253869541183,0.5418502202643172,0.4079601990049751,0.46546830652790916,0.2222222222222222
xgboost__tree_plus_resident_population_raw_components,xgboost,tree_plus_resident_population_raw_components,CS300001,3323,0.33012338248570566,0.737493431379445,0.8584860613893482,0.7493472584856397,0.5232452142206017,0.6162104133118625,0.2305145952452603
xgboost__tree_plus_resident_population_raw_components,xgboost,tree_plus_resident_population_raw_components,CS300002,2751,0.2813522355507088,0.6856992453560432,0.8303350285387903,0.7258064516129032,0.46511627906976744,0.5669291338582677,0.18029807342784443
xgboost__tree_plus_resident_population_raw_components,xgboost,tree_plus_resident_population_raw_components,CS300010,1240,0.24435483870967742,0.5987406448618625,0.8127194789916558,0.6296296296296297,0.3927392739273927,0.483739837398374,0.15241935483870966
xgboost__tree_plus_resident_population_raw_components,xgboost,tree_plus_resident_population_raw_components,CS300011,3264,0.35324754901960786,0.5744408318407266,0.7188768368554752,0.6075778078484438,0.38941890719861233,0.47463002114164904,0.2264093137254902
xgboost__tree_plus_resident_population_raw_components,xgboost,tree_plus_resident_population_raw_components,CS300014,494,0.4109311740890688,0.5918132138599144,0.6983054864320416,0.6111111111111112,0.3793103448275862,0.46808510638297873,0.2550607287449393
xgboost__tree_plus_resident_population_raw_components,xgboost,tree_plus_resident_population_raw_components,CS300015,215,0.3953488372093023,0.6381068235832483,0.7504977375565611,0.6521739130434783,0.35294117647058826,0.4580152671755725,0.21395348837209302
xgboost__tree_plus_resident_population_raw_components,xgboost,tree_plus_resident_population_raw_components,CS300016,805,0.2248447204968944,0.47223841945484385,0.7218267459980168,0.6363636363636364,0.19337016574585636,0.2966101694915254,0.06832298136645963
xgboost__tree_plus_resident_population_raw_components,xgboost,tree_plus_resident_population_raw_components,CS300017,644,0.36490683229813664,0.5867496069855604,0.7505072049107839,0.6173469387755102,0.5148936170212766,0.5614849187935035,0.30434782608695654
xgboost__tree_plus_resident_population_raw_components,xgboost,tree_plus_resident_population_raw_components,CS300018,2260,0.12212389380530973,0.5480465939407705,0.8773448457223002,0.7372881355932204,0.31521739130434784,0.4416243654822335,0.05221238938053097
xgboost__tree_plus_resident_population_raw_components,xgboost,tree_plus_resident_population_raw_components,CS300020,514,0.39883268482490275,0.6249272632975669,0.7150682768963611,0.6434108527131783,0.40487804878048783,0.49700598802395207,0.2509727626459144
xgboost__tree_plus_resident_population_raw_components,xgboost,tree_plus_resident_population_raw_components,CS300022,1851,0.35386277687736356,0.6491751764900294,0.7793439965278666,0.6687898089171974,0.48091603053435117,0.5595026642984015,0.2544570502431118
xgboost__tree_plus_resident_population_raw_components,xgboost,tree_plus_resident_population_raw_components,CS300024,463,0.3174946004319654,0.5450839067132082,0.7153405666063893,0.5555555555555556,0.47619047619047616,0.5128205128205128,0.27213822894168466
xgboost__tree_plus_resident_population_raw_components,xgboost,tree_plus_resident_population_raw_components,CS300027,337,0.36795252225519287,0.5673289372634949,0.6768892927457216,0.5432098765432098,0.3548387096774194,0.4292682926829268,0.2403560830860534
xgboost__tree_plus_resident_population_raw_components,xgboost,tree_plus_resident_population_raw_components,CS300028,1083,0.31117266851338876,0.46839483276737626,0.6841791234755492,0.4652777777777778,0.39762611275964393,0.4288,0.2659279778393352
xgboost__tree_plus_resident_population_raw_components,xgboost,tree_plus_resident_population_raw_components,CS300036,596,0.2902684563758389,0.4971863396235557,0.7315350032113038,0.48672566371681414,0.3179190751445087,0.38461538461538464,0.18959731543624161
xgboost__tree_plus_resident_population_raw_components,xgboost,tree_plus_resident_population_raw_components,CS200002,250,0.24,0.6636391201241791,0.8537719298245614,0.6666666666666666,0.4666666666666667,0.5490196078431373,0.168
xgboost__tree_plus_resident_population_raw_components,xgboost,tree_plus_resident_population_raw_components,CS200003,1882,0.28746014877789583,0.6197811818495745,0.8094450440466394,0.6705882352941176,0.4214417744916821,0.5175936435868331,0.1806588735387885
xgboost__tree_plus_resident_population_raw_components,xgboost,tree_plus_resident_population_raw_components,CS200005,1755,0.29971509971509974,0.6043667290317326,0.7863513877244165,0.6318840579710145,0.4144486692015209,0.5005740528128588,0.19658119658119658
xgboost__tree_plus_resident_population_raw_components,xgboost,tree_plus_resident_population_raw_components,CS200008,1235,0.22753036437246962,0.4997358796249053,0.7851003827301417,0.5647058823529412,0.3416370106761566,0.42572062084257206,0.13765182186234817
xgboost__tree_plus_resident_population_raw_components,xgboost,tree_plus_resident_population_raw_components,CS200017,528,0.4412878787878788,0.7422988699582862,0.8104313668436751,0.730593607305936,0.6866952789699571,0.7079646017699115,0.4147727272727273
xgboost__tree_plus_resident_population_raw_components,xgboost,tree_plus_resident_population_raw_components,CS200033,72,0.2638888888888889,0.6090595430500921,0.7328699106256207,0.6363636363636364,0.3684210526315789,0.4666666666666667,0.1527777777777778
xgboost__tree_plus_resident_population_raw_components,xgboost,tree_plus_resident_population_raw_components,CS200034,699,0.45064377682403434,0.7024543391958449,0.7459821428571429,0.6758893280632411,0.5428571428571428,0.602112676056338,0.36194563662374823
xgboost__tree_plus_resident_population_raw_components,xgboost,tree_plus_resident_population_raw_components,CS300004,656,0.31859756097560976,0.509179333812883,0.6949359365466748,0.5254237288135594,0.2966507177033493,0.37920489296636084,0.1798780487804878
xgboost__tree_plus_resident_population_raw_components,xgboost,tree_plus_resident_population_raw_components,CS300006,198,0.23737373737373738,0.6293088950996532,0.814146822601099,0.72,0.3829787234042553,0.5,0.12626262626262627
xgboost__tree_plus_resident_population_raw_components,xgboost,tree_plus_resident_population_raw_components,CS300007,1584,0.34785353535353536,0.6156696302501019,0.7659258972948948,0.6009070294784581,0.4809437386569873,0.5342741935483871,0.2784090909090909
xgboost__tree_plus_resident_population_raw_components,xgboost,tree_plus_resident_population_raw_components,CS300008,566,0.2597173144876325,0.5947854367763962,0.7863555923562743,0.6883116883116883,0.36054421768707484,0.4732142857142857,0.13604240282685512
xgboost__tree_plus_resident_population_raw_components,xgboost,tree_plus_resident_population_raw_components,CS300009,1042,0.22648752399232247,0.5554157207357446,0.8067092147873995,0.6666666666666666,0.3389830508474576,0.449438202247191,0.11516314779270634
xgboost__tree_plus_resident_population_raw_components,xgboost,tree_plus_resident_population_raw_components,CS300019,553,0.2820976491862568,0.48390522538430325,0.7502744946069884,0.49137931034482757,0.36538461538461536,0.41911764705882354,0.20976491862567812
xgboost__tree_plus_resident_population_raw_components,xgboost,tree_plus_resident_population_raw_components,CS300021,962,0.46153846153846156,0.7674460456315245,0.7833446380743679,0.7445482866043613,0.5382882882882883,0.6248366013071895,0.33367983367983367
xgboost__tree_plus_resident_population_raw_components,xgboost,tree_plus_resident_population_raw_components,CS300029,217,0.42857142857142855,0.6656927597181297,0.7647415886229623,0.648936170212766,0.6559139784946236,0.6524064171122995,0.43317972350230416
xgboost__tree_plus_resident_population_raw_components,xgboost,tree_plus_resident_population_raw_components,CS300031,359,0.25069637883008355,0.5083098559888767,0.726435357290376,0.5068493150684932,0.4111111111111111,0.4539877300613497,0.20334261838440112
xgboost__tree_plus_resident_population_raw_components,xgboost,tree_plus_resident_population_raw_components,CS300032,172,0.3081395348837209,0.4472957402567336,0.6873315363881402,0.5,0.41509433962264153,0.4536082474226804,0.2558139534883721
xgboost__tree_plus_resident_population_raw_components,xgboost,tree_plus_resident_population_raw_components,CS300033,616,0.288961038961039,0.41180492950200676,0.6602534503103996,0.43902439024390244,0.20224719101123595,0.27692307692307694,0.1331168831168831
xgboost__tree_plus_resident_population_raw_components,xgboost,tree_plus_resident_population_raw_components,CS300035,596,0.25838926174496646,0.43082371986200035,0.7163571722395251,0.4827586206896552,0.2727272727272727,0.34854771784232363,0.14597315436241612
xgboost__tree_plus_resident_population_raw_components,xgboost,tree_plus_resident_population_raw_components,CS300043,371,0.23450134770889489,0.3501211422205296,0.6451351788894285,0.44,0.25287356321839083,0.32116788321167883,0.1347708894878706
xgboost__tree_plus_resident_population_raw_components,xgboost,tree_plus_resident_population_raw_components,CS200001,2410,0.2829875518672199,0.6828287321784409,0.8551772768002607,0.695852534562212,0.44281524926686217,0.5412186379928315,0.18008298755186722
xgboost__tree_plus_resident_population_raw_components,xgboost,tree_plus_resident_population_raw_components,CS200019,439,0.5170842824601367,0.8264043515615473,0.840723963095337,0.7934782608695652,0.6431718061674009,0.7104622871046229,0.4191343963553531
xgboost__tree_plus_resident_population_raw_components,xgboost,tree_plus_resident_population_raw_components,CS200032,175,0.2571428571428571,0.43939364874442793,0.7025641025641025,0.40625,0.28888888888888886,0.33766233766233766,0.18285714285714286
xgboost__tree_plus_resident_population_raw_components,xgboost,tree_plus_resident_population_raw_components,CS300003,278,0.32014388489208634,0.49150125035408554,0.6957969205160217,0.5074626865671642,0.38202247191011235,0.4358974358974359,0.24100719424460432
xgboost__tree_plus_resident_population_raw_components,xgboost,tree_plus_resident_population_raw_components,CS200025,1450,0.2103448275862069,0.4454840240540558,0.7474894409048608,0.5588235294117647,0.18688524590163935,0.2800982800982801,0.0703448275862069
xgboost__tree_plus_resident_population_raw_components,xgboost,tree_plus_resident_population_raw_components,CS300026,39,0.358974358974359,0.594583560697006,0.7771428571428571,0.625,0.7142857142857143,0.6666666666666666,0.41025641025641024
xgboost__tree_plus_resident_population_raw_components,xgboost,tree_plus_resident_population_raw_components,CS300025,98,0.2755102040816326,0.3864414504510655,0.6332811684924361,0.3870967741935484,0.4444444444444444,0.41379310344827586,0.3163265306122449
xgboost__tree_plus_resident_population_raw_components,xgboost,tree_plus_resident_population_raw_components,CS200026,173,0.30057803468208094,0.5021949914692267,0.7296567069294342,0.5294117647058824,0.34615384615384615,0.4186046511627907,0.19653179190751446
catboost__tree_plus_resident_population_raw_components,catboost,tree_plus_resident_population_raw_components,CS100001,5554,0.1852718761253151,0.4886579010882885,0.8269355540163974,0.5734939759036145,0.23129251700680273,0.3296398891966759,0.07472092185812028
catboost__tree_plus_resident_population_raw_components,catboost,tree_plus_resident_population_raw_components,CS100002,1698,0.33510011778563015,0.6461334860054867,0.7960946511602567,0.6862745098039216,0.4305799648506151,0.5291576673866091,0.21024734982332155
catboost__tree_plus_resident_population_raw_components,catboost,tree_plus_resident_population_raw_components,CS100003,1282,0.45553822152886114,0.7411889231516997,0.7914319778623856,0.7142857142857143,0.5736301369863014,0.6362773029439696,0.3658346333853354
catboost__tree_plus_resident_population_raw_components,catboost,tree_plus_resident_population_raw_components,CS100004,1283,0.39438815276695244,0.6760670657694748,0.7879372879372879,0.6968911917098446,0.5316205533596838,0.6031390134529148,0.3008573655494934
catboost__tree_plus_resident_population_raw_components,catboost,tree_plus_resident_population_raw_components,CS100005,1564,0.3177749360613811,0.6200017442167832,0.7702956256753266,0.6788617886178862,0.33601609657947684,0.44952893674293404,0.15728900255754474
catboost__tree_plus_resident_population_raw_components,catboost,tree_plus_resident_population_raw_components,CS100006,1526,0.41874180865006555,0.7326675034269815,0.8136762451194705,0.7392241379310345,0.5367762128325508,0.6219401631912964,0.3040629095674967
catboost__tree_plus_resident_population_raw_components,catboost,tree_plus_resident_population_raw_components,CS100007,2078,0.48267564966313764,0.7548403459006771,0.784796772473278,0.7503234152652005,0.5782652043868395,0.6531531531531531,0.3719923002887392
catboost__tree_plus_resident_population_raw_components,catboost,tree_plus_resident_population_raw_components,CS100008,3033,0.3537751401252885,0.6645722046536042,0.8049437016185785,0.7167630057803468,0.3466915191053122,0.46733668341708545,0.17111770524233433
catboost__tree_plus_resident_population_raw_components,catboost,tree_plus_resident_population_raw_components,CS100009,3508,0.3187001140250855,0.6332830583980812,0.8047799043420334,0.6459054209919262,0.5008944543828264,0.5642317380352645,0.24714937286202965
catboost__tree_plus_resident_population_raw_components,catboost,tree_plus_resident_population_raw_components,CS100010,4154,0.291044776119403,0.5902549000459021,0.7992203353176024,0.6228323699421965,0.3564929693961952,0.45344555497106787,0.16658642272508425
catboost__tree_plus_resident_population_raw_components,catboost,tree_plus_resident_population_raw_components,CS200006,1998,0.14614614614614616,0.3428536829391592,0.7448549840209414,0.4857142857142857,0.05821917808219178,0.10397553516819572,0.017517517517517518
catboost__tree_plus_resident_population_raw_components,catboost,tree_plus_resident_population_raw_components,CS200007,1506,0.20053120849933598,0.3916911731519662,0.7356658819387912,0.411214953271028,0.1456953642384106,0.21515892420537897,0.07104913678618859
catboost__tree_plus_resident_population_raw_components,catboost,tree_plus_resident_population_raw_components,CS200016,1297,0.27602158828064766,0.5453241159665334,0.7701227384415847,0.5877862595419847,0.21508379888268156,0.3149284253578732,0.10100231303006939
catboost__tree_plus_resident_population_raw_components,catboost,tree_plus_resident_population_raw_components,CS200024,839,0.4123957091775924,0.65158253964082,0.7415317332833072,0.6411290322580645,0.4595375722543353,0.5353535353535354,0.29558998808104886
catboost__tree_plus_resident_population_raw_components,catboost,tree_plus_resident_population_raw_components,CS200028,4384,0.2664233576642336,0.5403548880495712,0.7698350073263818,0.5836363636363636,0.2748287671232877,0.37369033760186265,0.12545620437956204
catboost__tree_plus_resident_population_raw_components,catboost,tree_plus_resident_population_raw_components,CS200029,1017,0.400196656833825,0.556908158568031,0.6720606597655778,0.5720930232558139,0.3022113022113022,0.3954983922829582,0.21140609636184857
catboost__tree_plus_resident_population_raw_components,catboost,tree_plus_resident_population_raw_components,CS200030,1156,0.2378892733564014,0.44176551598312425,0.7475761015375091,0.5181818181818182,0.20727272727272728,0.2961038961038961,0.09515570934256055
catboost__tree_plus_resident_population_raw_components,catboost,tree_plus_resident_population_raw_components,CS200031,1546,0.2238033635187581,0.3544264520869758,0.650618978805395,0.4105263157894737,0.11271676300578035,0.17687074829931973,0.06144890038809832
catboost__tree_plus_resident_population_raw_components,catboost,tree_plus_resident_population_raw_components,CS200037,2043,0.29515418502202645,0.48896449169313794,0.7426686014372582,0.5,0.2537313432835821,0.33663366336633666,0.14977973568281938
catboost__tree_plus_resident_population_raw_components,catboost,tree_plus_resident_population_raw_components,CS300001,3323,0.33012338248570566,0.6848753887486223,0.8257491435025361,0.6997422680412371,0.4949863263445761,0.5798184730379071,0.23352392416491122
catboost__tree_plus_resident_population_raw_components,catboost,tree_plus_resident_population_raw_components,CS300002,2751,0.2813522355507088,0.606510360032839,0.7940822037409538,0.626,0.4043927648578811,0.4913657770800628,0.1817520901490367
catboost__tree_plus_resident_population_raw_components,catboost,tree_plus_resident_population_raw_components,CS300010,1240,0.24435483870967742,0.5610079701043512,0.7985213676116811,0.622093023255814,0.35313531353135313,0.45052631578947366,0.13870967741935483
catboost__tree_plus_resident_population_raw_components,catboost,tree_plus_resident_population_raw_components,CS300011,3264,0.35324754901960786,0.5341680259293897,0.6921736922566838,0.5679886685552408,0.34778837814397223,0.4314147391070468,0.21629901960784315
catboost__tree_plus_resident_population_raw_components,catboost,tree_plus_resident_population_raw_components,CS300014,494,0.4109311740890688,0.565056350827033,0.6719651956054373,0.5789473684210527,0.3793103448275862,0.4583333333333333,0.2692307692307692
catboost__tree_plus_resident_population_raw_components,catboost,tree_plus_resident_population_raw_components,CS300015,215,0.3953488372093023,0.5433441417726745,0.6860633484162896,0.4883720930232558,0.24705882352941178,0.328125,0.2
catboost__tree_plus_resident_population_raw_components,catboost,tree_plus_resident_population_raw_components,CS300016,805,0.2248447204968944,0.4101724019131107,0.7053052840345657,0.5227272727272727,0.1270718232044199,0.20444444444444446,0.0546583850931677
catboost__tree_plus_resident_population_raw_components,catboost,tree_plus_resident_population_raw_components,CS300017,644,0.36490683229813664,0.5656292871314064,0.7213962440826094,0.593939393939394,0.41702127659574467,0.49,0.2562111801242236
catboost__tree_plus_resident_population_raw_components,catboost,tree_plus_resident_population_raw_components,CS300018,2260,0.12212389380530973,0.4910966001200677,0.8582737990883591,0.6666666666666666,0.2536231884057971,0.3674540682414698,0.046460176991150445
catboost__tree_plus_resident_population_raw_components,catboost,tree_plus_resident_population_raw_components,CS300020,514,0.39883268482490275,0.5358796569859066,0.6663351487883811,0.584,0.35609756097560974,0.44242424242424244,0.24319066147859922
catboost__tree_plus_resident_population_raw_components,catboost,tree_plus_resident_population_raw_components,CS300022,1851,0.35386277687736356,0.6183271095611595,0.7613725139778907,0.6508313539192399,0.4183206106870229,0.5092936802973977,0.22744462452728256
catboost__tree_plus_resident_population_raw_components,catboost,tree_plus_resident_population_raw_components,CS300024,463,0.3174946004319654,0.5087974262780256,0.6885387066218891,0.5075757575757576,0.4557823129251701,0.48028673835125446,0.28509719222462204
catboost__tree_plus_resident_population_raw_components,catboost,tree_plus_resident_population_raw_components,CS300027,337,0.36795252225519287,0.5300600666821903,0.670377101317583,0.6071428571428571,0.4112903225806452,0.49038461538461536,0.24925816023738873
catboost__tree_plus_resident_population_raw_components,catboost,tree_plus_resident_population_raw_components,CS300028,1083,0.31117266851338876,0.4308343451972123,0.6589585603933144,0.4358974358974359,0.35311572700296734,0.3901639344262295,0.2520775623268698
catboost__tree_plus_resident_population_raw_components,catboost,tree_plus_resident_population_raw_components,CS300036,596,0.2902684563758389,0.42181800583119444,0.6761229314420804,0.4639175257731959,0.26011560693641617,0.3333333333333333,0.16275167785234898
catboost__tree_plus_resident_population_raw_components,catboost,tree_plus_resident_population_raw_components,CS200002,250,0.24,0.6286802732654286,0.8274561403508772,0.7307692307692307,0.31666666666666665,0.4418604651162791,0.104
catboost__tree_plus_resident_population_raw_components,catboost,tree_plus_resident_population_raw_components,CS200003,1882,0.28746014877789583,0.5248251831058492,0.7629228056971858,0.5827067669172933,0.28650646950092423,0.38413878562577447,0.14133900106269925
catboost__tree_plus_resident_population_raw_components,catboost,tree_plus_resident_population_raw_components,CS200005,1755,0.29971509971509974,0.5368546301796053,0.751864788523236,0.5884476534296029,0.30988593155893535,0.40597758405977585,0.15783475783475784
catboost__tree_plus_resident_population_raw_components,catboost,tree_plus_resident_population_raw_components,CS200008,1235,0.22753036437246962,0.4352199811950628,0.7409334735931123,0.5031055900621118,0.28825622775800713,0.3665158371040724,0.13036437246963561
catboost__tree_plus_resident_population_raw_components,catboost,tree_plus_resident_population_raw_components,CS200017,528,0.4412878787878788,0.6777215740364158,0.7728231614170364,0.6683417085427136,0.5708154506437768,0.6157407407407407,0.3768939393939394
catboost__tree_plus_resident_population_raw_components,catboost,tree_plus_resident_population_raw_components,CS200033,72,0.2638888888888889,0.5628970334422677,0.7457795431976166,0.7142857142857143,0.2631578947368421,0.38461538461538464,0.09722222222222222
catboost__tree_plus_resident_population_raw_components,catboost,tree_plus_resident_population_raw_components,CS200034,699,0.45064377682403434,0.6231211292602978,0.703546626984127,0.6352459016393442,0.49206349206349204,0.554561717352415,0.3490701001430615
catboost__tree_plus_resident_population_raw_components,catboost,tree_plus_resident_population_raw_components,CS300004,656,0.31859756097560976,0.47044075637441507,0.681577341768087,0.49242424242424243,0.31100478468899523,0.3812316715542522,0.20121951219512196
catboost__tree_plus_resident_population_raw_components,catboost,tree_plus_resident_population_raw_components,CS300006,198,0.23737373737373738,0.5456184914831508,0.7414400450894745,0.6842105263157895,0.2765957446808511,0.3939393939393939,0.09595959595959595
catboost__tree_plus_resident_population_raw_components,catboost,tree_plus_resident_population_raw_components,CS300007,1584,0.34785353535353536,0.5719381881323854,0.7384496726009034,0.5794392523364486,0.4500907441016334,0.5066394279877426,0.2702020202020202
catboost__tree_plus_resident_population_raw_components,catboost,tree_plus_resident_population_raw_components,CS300008,566,0.2597173144876325,0.5422811035067279,0.7473414186677055,0.5833333333333334,0.3333333333333333,0.42424242424242425,0.14840989399293286
catboost__tree_plus_resident_population_raw_components,catboost,tree_plus_resident_population_raw_components,CS300009,1042,0.22648752399232247,0.5070489631851638,0.7758600748622617,0.5625,0.2669491525423729,0.3620689655172414,0.10748560460652591
catboost__tree_plus_resident_population_raw_components,catboost,tree_plus_resident_population_raw_components,CS300019,553,0.2820976491862568,0.4712048323499122,0.7303978557127171,0.5108695652173914,0.30128205128205127,0.3790322580645161,0.16636528028933092
catboost__tree_plus_resident_population_raw_components,catboost,tree_plus_resident_population_raw_components,CS300021,962,0.46153846153846156,0.7158479044153547,0.7536349090403145,0.7239263803680982,0.5315315315315315,0.612987012987013,0.3388773388773389
catboost__tree_plus_resident_population_raw_components,catboost,tree_plus_resident_population_raw_components,CS300029,217,0.42857142857142855,0.6223100818667402,0.7220776968435657,0.6097560975609756,0.5376344086021505,0.5714285714285714,0.3778801843317972
catboost__tree_plus_resident_population_raw_components,catboost,tree_plus_resident_population_raw_components,CS300031,359,0.25069637883008355,0.4813190749882152,0.6963238331268071,0.49056603773584906,0.28888888888888886,0.36363636363636365,0.14763231197771587
catboost__tree_plus_resident_population_raw_components,catboost,tree_plus_resident_population_raw_components,CS300032,172,0.3081395348837209,0.43046044662512306,0.6594260345647693,0.43902439024390244,0.33962264150943394,0.3829787234042553,0.23837209302325582
catboost__tree_plus_resident_population_raw_components,catboost,tree_plus_resident_population_raw_components,CS300033,616,0.288961038961039,0.33575157669024885,0.6018675286029449,0.2948717948717949,0.12921348314606743,0.1796875,0.1266233766233766
catboost__tree_plus_resident_population_raw_components,catboost,tree_plus_resident_population_raw_components,CS300035,596,0.25838926174496646,0.37654811363127005,0.6902215431627197,0.36486486486486486,0.17532467532467533,0.23684210526315788,0.12416107382550336
catboost__tree_plus_resident_population_raw_components,catboost,tree_plus_resident_population_raw_components,CS300043,371,0.23450134770889489,0.32562479749536044,0.635785980249312,0.375,0.13793103448275862,0.20168067226890757,0.0862533692722372
catboost__tree_plus_resident_population_raw_components,catboost,tree_plus_resident_population_raw_components,CS200001,2410,0.2829875518672199,0.6155481462384755,0.8262607594764853,0.6641025641025641,0.37976539589442815,0.4832089552238806,0.16182572614107885
catboost__tree_plus_resident_population_raw_components,catboost,tree_plus_resident_population_raw_components,CS200019,439,0.5170842824601367,0.7989092763931229,0.8178871249272712,0.7763975155279503,0.5506607929515418,0.6443298969072165,0.36674259681093396
catboost__tree_plus_resident_population_raw_components,catboost,tree_plus_resident_population_raw_components,CS200032,175,0.2571428571428571,0.3758235878913673,0.677948717948718,0.375,0.13333333333333333,0.19672131147540983,0.09142857142857143
catboost__tree_plus_resident_population_raw_components,catboost,tree_plus_resident_population_raw_components,CS300003,278,0.32014388489208634,0.42170813316132294,0.6485940193805363,0.4375,0.3146067415730337,0.3660130718954248,0.2302158273381295
catboost__tree_plus_resident_population_raw_components,catboost,tree_plus_resident_population_raw_components,CS200025,1450,0.2103448275862069,0.3731070205277482,0.7067563891473978,0.42574257425742573,0.14098360655737704,0.21182266009852216,0.0696551724137931
catboost__tree_plus_resident_population_raw_components,catboost,tree_plus_resident_population_raw_components,CS300026,39,0.358974358974359,0.6723182769611341,0.8457142857142858,0.7142857142857143,0.7142857142857143,0.7142857142857143,0.358974358974359
catboost__tree_plus_resident_population_raw_components,catboost,tree_plus_resident_population_raw_components,CS300025,98,0.2755102040816326,0.3397426851515467,0.6296296296296297,0.35714285714285715,0.37037037037037035,0.36363636363636365,0.2857142857142857
catboost__tree_plus_resident_population_raw_components,catboost,tree_plus_resident_population_raw_components,CS200026,173,0.30057803468208094,0.43271514285116985,0.6792752701843611,0.4,0.19230769230769232,0.2597402597402597,0.14450867052023122
random_forest__tree_plus_worker_population_raw_components,random_forest,tree_plus_worker_population_raw_components,CS100001,5554,0.1852718761253151,0.5179987637956727,0.8340086658183401,0.7142857142857143,0.004859086491739553,0.009652509652509652,0.0012603528988116672
random_forest__tree_plus_worker_population_raw_components,random_forest,tree_plus_worker_population_raw_components,CS100002,1698,0.33510011778563015,0.6588793202444232,0.8060136892688523,0.725,0.050966608084358524,0.09523809523809523,0.023557126030624265
random_forest__tree_plus_worker_population_raw_components,random_forest,tree_plus_worker_population_raw_components,CS100003,1282,0.45553822152886114,0.7411751740256859,0.791370648035483,0.875,0.0839041095890411,0.153125,0.0436817472698908
random_forest__tree_plus_worker_population_raw_components,random_forest,tree_plus_worker_population_raw_components,CS100004,1283,0.39438815276695244,0.6895725495519206,0.7887690061603106,0.85,0.06719367588932806,0.12454212454212454,0.03117692907248636
random_forest__tree_plus_worker_population_raw_components,random_forest,tree_plus_worker_population_raw_components,CS100005,1564,0.3177749360613811,0.6297387224761877,0.7828338352514335,0.9130434782608695,0.04225352112676056,0.08076923076923077,0.014705882352941176
random_forest__tree_plus_worker_population_raw_components,random_forest,tree_plus_worker_population_raw_components,CS100006,1526,0.41874180865006555,0.7398822277069773,0.8139426563136807,0.8636363636363636,0.1486697965571205,0.253671562082777,0.07208387942332896
random_forest__tree_plus_worker_population_raw_components,random_forest,tree_plus_worker_population_raw_components,CS100007,2078,0.48267564966313764,0.7577581680691767,0.7870277539474599,0.8465116279069768,0.1814556331006979,0.2988505747126437,0.10346487006737247
random_forest__tree_plus_worker_population_raw_components,random_forest,tree_plus_worker_population_raw_components,CS100008,3033,0.3537751401252885,0.6681774585243392,0.8058010156532324,0.8181818181818182,0.033550792171481825,0.06445837063563116,0.014507088691064951
random_forest__tree_plus_worker_population_raw_components,random_forest,tree_plus_worker_population_raw_components,CS100009,3508,0.3187001140250855,0.616064895960354,0.791864956100628,0.7966101694915254,0.04203935599284436,0.07986406117247238,0.016818700114025087
random_forest__tree_plus_worker_population_raw_components,random_forest,tree_plus_worker_population_raw_components,CS100010,4154,0.291044776119403,0.6059208977127246,0.7935985204346013,0.9,0.022332506203473945,0.043583535108958835,0.007221954742416947
random_forest__tree_plus_worker_population_raw_components,random_forest,tree_plus_worker_population_raw_components,CS200006,1998,0.14614614614614616,0.38580384468864704,0.7693816345211902,0.0,0.0,0.0,0.0
random_forest__tree_plus_worker_population_raw_components,random_forest,tree_plus_worker_population_raw_components,CS200007,1506,0.20053120849933598,0.37111806143610204,0.7301186992585422,0.0,0.0,0.0,0.0
random_forest__tree_plus_worker_population_raw_components,random_forest,tree_plus_worker_population_raw_components,CS200016,1297,0.27602158828064766,0.584675627999703,0.7865939636246809,1.0,0.0111731843575419,0.022099447513812154,0.0030840400925212026
random_forest__tree_plus_worker_population_raw_components,random_forest,tree_plus_worker_population_raw_components,CS200024,839,0.4123957091775924,0.6370127730385903,0.7449788366612342,0.6666666666666666,0.028901734104046242,0.055401662049861494,0.017878426698450536
random_forest__tree_plus_worker_population_raw_components,random_forest,tree_plus_worker_population_raw_components,CS200028,4384,0.2664233576642336,0.5541771689056461,0.7745841106965174,0.8,0.0136986301369863,0.026936026936026935,0.004562043795620438
random_forest__tree_plus_worker_population_raw_components,random_forest,tree_plus_worker_population_raw_components,CS200029,1017,0.400196656833825,0.6027015768026104,0.6784146292343014,0.6666666666666666,0.009828009828009828,0.01937046004842615,0.0058997050147492625
random_forest__tree_plus_worker_population_raw_components,random_forest,tree_plus_worker_population_raw_components,CS200030,1156,0.2378892733564014,0.4535748117451981,0.7337777319162109,0.7142857142857143,0.01818181818181818,0.03546099290780142,0.006055363321799308
random_forest__tree_plus_worker_population_raw_components,random_forest,tree_plus_worker_population_raw_components,CS200031,1546,0.2238033635187581,0.37429586612220966,0.6613005780346821,0.0,0.0,0.0,0.0
random_forest__tree_plus_worker_population_raw_components,random_forest,tree_plus_worker_population_raw_components,CS200037,2043,0.29515418502202645,0.5098111025008638,0.7407430440390639,0.5555555555555556,0.008291873963515755,0.016339869281045753,0.004405286343612335
random_forest__tree_plus_worker_population_raw_components,random_forest,tree_plus_worker_population_raw_components,CS300001,3323,0.33012338248570566,0.6953326117426232,0.8292386079489846,0.8333333333333334,0.14585232452142205,0.2482544608223429,0.05777911525729762
random_forest__tree_plus_worker_population_raw_components,random_forest,tree_plus_worker_population_raw_components,CS300002,2751,0.2813522355507088,0.6383046506231623,0.8010590786290401,0.9242424242424242,0.07881136950904392,0.14523809523809525,0.023991275899672846
random_forest__tree_plus_worker_population_raw_components,random_forest,tree_plus_worker_population_raw_components,CS300010,1240,0.24435483870967742,0.5770646609627391,0.8023077654617117,0.75,0.019801980198019802,0.03858520900321544,0.0064516129032258064
random_forest__tree_plus_worker_population_raw_components,random_forest,tree_plus_worker_population_raw_components,CS300011,3264,0.35324754901960786,0.5220014105155372,0.6799178548083533,0.8333333333333334,0.013009540329575022,0.025619128949615714,0.0055147058823529415
random_forest__tree_plus_worker_population_raw_components,random_forest,tree_plus_worker_population_raw_components,CS300014,494,0.4109311740890688,0.5587012559157309,0.6656679024258122,0.6666666666666666,0.059113300492610835,0.1085972850678733,0.03643724696356275
random_forest__tree_plus_worker_population_raw_components,random_forest,tree_plus_worker_population_raw_components,CS300015,215,0.3953488372093023,0.5690466233636254,0.6885972850678733,0.0,0.0,0.0,0.0
random_forest__tree_plus_worker_population_raw_components,random_forest,tree_plus_worker_population_raw_components,CS300016,805,0.2248447204968944,0.4316056890060194,0.6996830287576143,1.0,0.011049723756906077,0.02185792349726776,0.002484472049689441
random_forest__tree_plus_worker_population_raw_components,random_forest,tree_plus_worker_population_raw_components,CS300017,644,0.36490683229813664,0.5529587753000667,0.7006294542995369,0.5,0.01276595744680851,0.024896265560165973,0.009316770186335404
random_forest__tree_plus_worker_population_raw_components,random_forest,tree_plus_worker_population_raw_components,CS300018,2260,0.12212389380530973,0.5075655255917892,0.8566009963768116,0.5,0.007246376811594203,0.014285714285714285,0.0017699115044247787
random_forest__tree_plus_worker_population_raw_components,random_forest,tree_plus_worker_population_raw_components,CS300020,514,0.39883268482490275,0.5573842740228973,0.6648985713158101,0.5714285714285714,0.01951219512195122,0.03773584905660377,0.013618677042801557
random_forest__tree_plus_worker_population_raw_components,random_forest,tree_plus_worker_population_raw_components,CS300022,1851,0.35386277687736356,0.6086891292744957,0.7415136970563456,0.7857142857142857,0.03358778625954199,0.06442166910688141,0.015126958400864398
random_forest__tree_plus_worker_population_raw_components,random_forest,tree_plus_worker_population_raw_components,CS300024,463,0.3174946004319654,0.5687462986994942,0.6979462671144407,0.9230769230769231,0.08163265306122448,0.15,0.028077753779697623
random_forest__tree_plus_worker_population_raw_components,random_forest,tree_plus_worker_population_raw_components,CS300027,337,0.36795252225519287,0.48952245764204555,0.6107451158564289,1.0,0.008064516129032258,0.016,0.002967359050445104
random_forest__tree_plus_worker_population_raw_components,random_forest,tree_plus_worker_population_raw_components,CS300028,1083,0.31117266851338876,0.4404922093933815,0.6590440807949021,0.8333333333333334,0.01483679525222552,0.029154518950437316,0.00554016620498615
random_forest__tree_plus_worker_population_raw_components,random_forest,tree_plus_worker_population_raw_components,CS300036,596,0.2902684563758389,0.43752342095473246,0.6955274054031894,1.0,0.005780346820809248,0.011494252873563218,0.0016778523489932886
random_forest__tree_plus_worker_population_raw_components,random_forest,tree_plus_worker_population_raw_components,CS200002,250,0.24,0.6554782196233973,0.8376315789473685,1.0,0.03333333333333333,0.06451612903225806,0.008
random_forest__tree_plus_worker_population_raw_components,random_forest,tree_plus_worker_population_raw_components,CS200003,1882,0.28746014877789583,0.5739930342477295,0.7815380416578792,0.8,0.0073937153419593345,0.014652014652014652,0.002656748140276302
random_forest__tree_plus_worker_population_raw_components,random_forest,tree_plus_worker_population_raw_components,CS200005,1755,0.29971509971509974,0.539049725414977,0.7476634068317313,0.6666666666666666,0.015209125475285171,0.02973977695167286,0.006837606837606838
random_forest__tree_plus_worker_population_raw_components,random_forest,tree_plus_worker_population_raw_components,CS200008,1235,0.22753036437246962,0.46249452167548616,0.7527436454113416,0.6666666666666666,0.0071174377224199285,0.014084507042253521,0.0024291497975708503
random_forest__tree_plus_worker_population_raw_components,random_forest,tree_plus_worker_population_raw_components,CS200017,528,0.4412878787878788,0.69266495180546,0.7815668873208699,0.7,0.060085836909871244,0.11067193675889328,0.03787878787878788
random_forest__tree_plus_worker_population_raw_components,random_forest,tree_plus_worker_population_raw_components,CS200033,72,0.2638888888888889,0.5758340087024401,0.7100297914597815,1.0,0.05263157894736842,0.1,0.013888888888888888
random_forest__tree_plus_worker_population_raw_components,random_forest,tree_plus_worker_population_raw_components,CS200034,699,0.45064377682403434,0.6499219700176704,0.704737103174603,0.6666666666666666,0.044444444444444446,0.08333333333333333,0.030042918454935622
random_forest__tree_plus_worker_population_raw_components,random_forest,tree_plus_worker_population_raw_components,CS300004,656,0.31859756097560976,0.45832890201638576,0.6508461513759994,0.5,0.004784688995215311,0.009478672985781991,0.003048780487804878
random_forest__tree_plus_worker_population_raw_components,random_forest,tree_plus_worker_population_raw_components,CS300006,198,0.23737373737373738,0.5804255426590684,0.8016063125264196,1.0,0.02127659574468085,0.041666666666666664,0.005050505050505051
random_forest__tree_plus_worker_population_raw_components,random_forest,tree_plus_worker_population_raw_components,CS300007,1584,0.34785353535353536,0.5812656498871172,0.7397673507465965,0.7647058823529411,0.07078039927404718,0.12956810631229235,0.032196969696969696
random_forest__tree_plus_worker_population_raw_components,random_forest,tree_plus_worker_population_raw_components,CS300008,566,0.2597173144876325,0.5518362518522673,0.7648921143636451,0.0,0.0,0.0,0.0
random_forest__tree_plus_worker_population_raw_components,random_forest,tree_plus_worker_population_raw_components,CS300009,1042,0.22648752399232247,0.5262145909258167,0.7894130882785885,0.625,0.0211864406779661,0.040983606557377046,0.007677543186180422
random_forest__tree_plus_worker_population_raw_components,random_forest,tree_plus_worker_population_raw_components,CS300019,553,0.2820976491862568,0.4330312404527823,0.6981689595039722,1.0,0.00641025641025641,0.012738853503184714,0.0018083182640144665
random_forest__tree_plus_worker_population_raw_components,random_forest,tree_plus_worker_population_raw_components,CS300021,962,0.46153846153846156,0.7186920401563077,0.7453302723572994,0.8888888888888888,0.036036036036036036,0.06926406926406926,0.018711018711018712
random_forest__tree_plus_worker_population_raw_components,random_forest,tree_plus_worker_population_raw_components,CS300029,217,0.42857142857142855,0.647474880115444,0.7231182795698925,0.75,0.03225806451612903,0.061855670103092786,0.018433179723502304
random_forest__tree_plus_worker_population_raw_components,random_forest,tree_plus_worker_population_raw_components,CS300031,359,0.25069637883008355,0.43756198673363034,0.6579099545642296,1.0,0.044444444444444446,0.0851063829787234,0.011142061281337047
random_forest__tree_plus_worker_population_raw_components,random_forest,tree_plus_worker_population_raw_components,CS300032,172,0.3081395348837209,0.38764773536212244,0.6367528143332805,0.0,0.0,0.0,0.005813953488372093
random_forest__tree_plus_worker_population_raw_components,random_forest,tree_plus_worker_population_raw_components,CS300033,616,0.288961038961039,0.38295329204539524,0.6170925042327229,0.0,0.0,0.0,0.0
random_forest__tree_plus_worker_population_raw_components,random_forest,tree_plus_worker_population_raw_components,CS300035,596,0.25838926174496646,0.3838019654993579,0.6502321208203561,0.0,0.0,0.0,0.0
random_forest__tree_plus_worker_population_raw_components,random_forest,tree_plus_worker_population_raw_components,CS300043,371,0.23450134770889489,0.30811460957763814,0.6138902379796018,0.25,0.011494252873563218,0.02197802197802198,0.01078167115902965
random_forest__tree_plus_worker_population_raw_components,random_forest,tree_plus_worker_population_raw_components,CS200001,2410,0.2829875518672199,0.6411815943111796,0.8280045074399913,0.9090909090909091,0.01466275659824047,0.02886002886002886,0.004564315352697096
random_forest__tree_plus_worker_population_raw_components,random_forest,tree_plus_worker_population_raw_components,CS200019,439,0.5170842824601367,0.7992275711034252,0.8220430554401131,0.8297872340425532,0.17180616740088106,0.2846715328467153,0.1070615034168565
random_forest__tree_plus_worker_population_raw_components,random_forest,tree_plus_worker_population_raw_components,CS200032,175,0.2571428571428571,0.37178797468824976,0.6594871794871795,0.0,0.0,0.0,0.0
random_forest__tree_plus_worker_population_raw_components,random_forest,tree_plus_worker_population_raw_components,CS300003,278,0.32014388489208634,0.44847157751271904,0.6433624635871826,0.0,0.0,0.0,0.0
random_forest__tree_plus_worker_population_raw_components,random_forest,tree_plus_worker_population_raw_components,CS200025,1450,0.2103448275862069,0.3984956030577718,0.7157649080105948,0.0,0.0,0.0,0.000689655172413793
random_forest__tree_plus_worker_population_raw_components,random_forest,tree_plus_worker_population_raw_components,CS300026,39,0.358974358974359,0.7081118558534525,0.7914285714285714,0.75,0.21428571428571427,0.3333333333333333,0.10256410256410256
random_forest__tree_plus_worker_population_raw_components,random_forest,tree_plus_worker_population_raw_components,CS300025,98,0.2755102040816326,0.3134817392869611,0.5461658841940532,0.0,0.0,0.0,0.01020408163265306
random_forest__tree_plus_worker_population_raw_components,random_forest,tree_plus_worker_population_raw_components,CS200026,173,0.30057803468208094,0.4853834578307118,0.680864589955499,0.0,0.0,0.0,0.0
extra_trees__tree_plus_worker_population_raw_components,extra_trees,tree_plus_worker_population_raw_components,CS100001,5554,0.1852718761253151,0.38974826733710394,0.7383717496469779,0.0,0.0,0.0,0.0
extra_trees__tree_plus_worker_population_raw_components,extra_trees,tree_plus_worker_population_raw_components,CS100002,1698,0.33510011778563015,0.5143047367686596,0.6847023899402398,0.0,0.0,0.0,0.0
extra_trees__tree_plus_worker_population_raw_components,extra_trees,tree_plus_worker_population_raw_components,CS100003,1282,0.45553822152886114,0.5971164769370071,0.673262893982808,0.0,0.0,0.0,0.0
extra_trees__tree_plus_worker_population_raw_components,extra_trees,tree_plus_worker_population_raw_components,CS100004,1283,0.39438815276695244,0.5415890966190214,0.6783081783081784,0.0,0.0,0.0,0.0
extra_trees__tree_plus_worker_population_raw_components,extra_trees,tree_plus_worker_population_raw_components,CS100005,1564,0.3177749360613811,0.481011400432626,0.6624451488688456,0.0,0.0,0.0,0.0
extra_trees__tree_plus_worker_population_raw_components,extra_trees,tree_plus_worker_population_raw_components,CS100006,1526,0.41874180865006555,0.646372421728033,0.7341992579301437,0.0,0.0,0.0,0.0
extra_trees__tree_plus_worker_population_raw_components,extra_trees,tree_plus_worker_population_raw_components,CS100007,2078,0.48267564966313764,0.6959463716734585,0.7047694126921562,0.0,0.0,0.0,0.0
extra_trees__tree_plus_worker_population_raw_components,extra_trees,tree_plus_worker_population_raw_components,CS100008,3033,0.3537751401252885,0.5496148976442715,0.7032825665214828,0.0,0.0,0.0,0.0
extra_trees__tree_plus_worker_population_raw_components,extra_trees,tree_plus_worker_population_raw_components,CS100009,3508,0.3187001140250855,0.46354268906700385,0.666149205470019,0.0,0.0,0.0,0.0
extra_trees__tree_plus_worker_population_raw_components,extra_trees,tree_plus_worker_population_raw_components,CS100010,4154,0.291044776119403,0.47480990552346614,0.7004540086307982,0.0,0.0,0.0,0.0
extra_trees__tree_plus_worker_population_raw_components,extra_trees,tree_plus_worker_population_raw_components,CS200006,1998,0.14614614614614616,0.24602872207215237,0.6894100595802084,0.0,0.0,0.0,0.0
extra_trees__tree_plus_worker_population_raw_components,extra_trees,tree_plus_worker_population_raw_components,CS200007,1506,0.20053120849933598,0.2846871466065079,0.6329976238146576,0.0,0.0,0.0,0.0
extra_trees__tree_plus_worker_population_raw_components,extra_trees,tree_plus_worker_population_raw_components,CS200016,1297,0.27602158828064766,0.44862104942342695,0.6828552900089838,0.0,0.0,0.0,0.0
extra_trees__tree_plus_worker_population_raw_components,extra_trees,tree_plus_worker_population_raw_components,CS200024,839,0.4123957091775924,0.5131137535664009,0.6250981955469053,0.0,0.0,0.0,0.0
extra_trees__tree_plus_worker_population_raw_components,extra_trees,tree_plus_worker_population_raw_components,CS200028,4384,0.2664233576642336,0.4002482707108347,0.6538295253186124,0.0,0.0,0.0,0.0
extra_trees__tree_plus_worker_population_raw_components,extra_trees,tree_plus_worker_population_raw_components,CS200029,1017,0.400196656833825,0.4458067788802727,0.5452571796834091,0.0,0.0,0.0,0.0
extra_trees__tree_plus_worker_population_raw_components,extra_trees,tree_plus_worker_population_raw_components,CS200030,1156,0.2378892733564014,0.3126479375233927,0.6063440305438035,0.0,0.0,0.0,0.0
extra_trees__tree_plus_worker_population_raw_components,extra_trees,tree_plus_worker_population_raw_components,CS200031,1546,0.2238033635187581,0.31254938962253087,0.6185308285163776,0.0,0.0,0.0,0.0
extra_trees__tree_plus_worker_population_raw_components,extra_trees,tree_plus_worker_population_raw_components,CS200037,2043,0.29515418502202645,0.3824983788749045,0.5976851851851852,0.0,0.0,0.0,0.0
extra_trees__tree_plus_worker_population_raw_components,extra_trees,tree_plus_worker_population_raw_components,CS300001,3323,0.33012338248570566,0.5718769536857017,0.7364809359185102,0.0,0.0,0.0,0.0
extra_trees__tree_plus_worker_population_raw_components,extra_trees,tree_plus_worker_population_raw_components,CS300002,2751,0.2813522355507088,0.47208733008901566,0.7001028625053751,0.0,0.0,0.0,0.0
extra_trees__tree_plus_worker_population_raw_components,extra_trees,tree_plus_worker_population_raw_components,CS300010,1240,0.24435483870967742,0.47549299832852243,0.703727576599709,0.0,0.0,0.0,0.0
extra_trees__tree_plus_worker_population_raw_components,extra_trees,tree_plus_worker_population_raw_components,CS300011,3264,0.35324754901960786,0.41845319846597606,0.5754797794397084,0.0,0.0,0.0,0.0
extra_trees__tree_plus_worker_population_raw_components,extra_trees,tree_plus_worker_population_raw_components,CS300014,494,0.4109311740890688,0.5042351883627787,0.6054034838250977,0.0,0.0,0.0,0.0
extra_trees__tree_plus_worker_population_raw_components,extra_trees,tree_plus_worker_population_raw_components,CS300015,215,0.3953488372093023,0.4515407107994787,0.5716742081447963,0.0,0.0,0.0,0.0
extra_trees__tree_plus_worker_population_raw_components,extra_trees,tree_plus_worker_population_raw_components,CS300016,805,0.2248447204968944,0.27696125594949744,0.568016007933135,0.0,0.0,0.0,0.0
extra_trees__tree_plus_worker_population_raw_components,extra_trees,tree_plus_worker_population_raw_components,CS300017,644,0.36490683229813664,0.4141476337210776,0.5542631223014098,0.0,0.0,0.0,0.0
extra_trees__tree_plus_worker_population_raw_components,extra_trees,tree_plus_worker_population_raw_components,CS300018,2260,0.12212389380530973,0.34471348498405935,0.7658140120967742,0.0,0.0,0.0,0.0
extra_trees__tree_plus_worker_population_raw_components,extra_trees,tree_plus_worker_population_raw_components,CS300020,514,0.39883268482490275,0.4966615497832486,0.6027152892888152,0.0,0.0,0.0,0.0
extra_trees__tree_plus_worker_population_raw_components,extra_trees,tree_plus_worker_population_raw_components,CS300022,1851,0.35386277687736356,0.4883980429755663,0.634868135515331,0.0,0.0,0.0,0.0
extra_trees__tree_plus_worker_population_raw_components,extra_trees,tree_plus_worker_population_raw_components,CS300024,463,0.3174946004319654,0.41418428645947086,0.6115560148109876,0.0,0.0,0.0,0.0
extra_trees__tree_plus_worker_population_raw_components,extra_trees,tree_plus_worker_population_raw_components,CS300027,337,0.36795252225519287,0.39858231494853813,0.5087460245343025,0.0,0.0,0.0,0.0
extra_trees__tree_plus_worker_population_raw_components,extra_trees,tree_plus_worker_population_raw_components,CS300028,1083,0.31117266851338876,0.3778845291939218,0.5859619255216744,0.0,0.0,0.0,0.0
extra_trees__tree_plus_worker_population_raw_components,extra_trees,tree_plus_worker_population_raw_components,CS300036,596,0.2902684563758389,0.34612490075886054,0.5759985788272591,0.0,0.0,0.0,0.0
extra_trees__tree_plus_worker_population_raw_components,extra_trees,tree_plus_worker_population_raw_components,CS200002,250,0.24,0.481764158724314,0.726578947368421,0.0,0.0,0.0,0.0
extra_trees__tree_plus_worker_population_raw_components,extra_trees,tree_plus_worker_population_raw_components,CS200003,1882,0.28746014877789583,0.45833019921239393,0.6741968431978232,0.0,0.0,0.0,0.0
extra_trees__tree_plus_worker_population_raw_components,extra_trees,tree_plus_worker_population_raw_components,CS200005,1755,0.29971509971509974,0.4467435918160358,0.6511259888561289,0.0,0.0,0.0,0.0
extra_trees__tree_plus_worker_population_raw_components,extra_trees,tree_plus_worker_population_raw_components,CS200008,1235,0.22753036437246962,0.32300913632756917,0.629132254526735,0.0,0.0,0.0,0.0
extra_trees__tree_plus_worker_population_raw_components,extra_trees,tree_plus_worker_population_raw_components,CS200017,528,0.4412878787878788,0.5781079199949826,0.6578307994471522,0.0,0.0,0.0,0.0
extra_trees__tree_plus_worker_population_raw_components,extra_trees,tree_plus_worker_population_raw_components,CS200033,72,0.2638888888888889,0.5871986284137003,0.7279046673286991,0.0,0.0,0.0,0.0
extra_trees__tree_plus_worker_population_raw_components,extra_trees,tree_plus_worker_population_raw_components,CS200034,699,0.45064377682403434,0.5373049527563236,0.581208664021164,0.0,0.0,0.0,0.0
extra_trees__tree_plus_worker_population_raw_components,extra_trees,tree_plus_worker_population_raw_components,CS300004,656,0.31859756097560976,0.35524091078495185,0.5408732325016323,0.0,0.0,0.0,0.0
extra_trees__tree_plus_worker_population_raw_components,extra_trees,tree_plus_worker_population_raw_components,CS300006,198,0.23737373737373738,0.4103321610587247,0.6914189093983374,0.0,0.0,0.0,0.0
extra_trees__tree_plus_worker_population_raw_components,extra_trees,tree_plus_worker_population_raw_components,CS300007,1584,0.34785353535353536,0.475005191551022,0.6395711045480978,0.0,0.0,0.0,0.0
extra_trees__tree_plus_worker_population_raw_components,extra_trees,tree_plus_worker_population_raw_components,CS300008,566,0.2597173144876325,0.39911290494985735,0.681765785072979,0.0,0.0,0.0,0.0
extra_trees__tree_plus_worker_population_raw_components,extra_trees,tree_plus_worker_population_raw_components,CS300009,1042,0.22648752399232247,0.43799502696589726,0.7389283761618369,0.0,0.0,0.0,0.0
extra_trees__tree_plus_worker_population_raw_components,extra_trees,tree_plus_worker_population_raw_components,CS300019,553,0.2820976491862568,0.33467238369770824,0.5923916553639476,0.0,0.0,0.0,0.0
extra_trees__tree_plus_worker_population_raw_components,extra_trees,tree_plus_worker_population_raw_components,CS300021,962,0.46153846153846156,0.5959279711940849,0.6473268635430798,0.0,0.0,0.0,0.0
extra_trees__tree_plus_worker_population_raw_components,extra_trees,tree_plus_worker_population_raw_components,CS300029,217,0.42857142857142855,0.5007368175260634,0.5607006590357266,0.0,0.0,0.0,0.0
extra_trees__tree_plus_worker_population_raw_components,extra_trees,tree_plus_worker_population_raw_components,CS300031,359,0.25069637883008355,0.3672302346446062,0.558364312267658,0.0,0.0,0.0,0.0
extra_trees__tree_plus_worker_population_raw_components,extra_trees,tree_plus_worker_population_raw_components,CS300032,172,0.3081395348837209,0.32324063157138616,0.5346440462977644,0.0,0.0,0.0,0.0
extra_trees__tree_plus_worker_population_raw_components,extra_trees,tree_plus_worker_population_raw_components,CS300033,616,0.288961038961039,0.2979580727595271,0.5252167667128418,0.0,0.0,0.0,0.0
extra_trees__tree_plus_worker_population_raw_components,extra_trees,tree_plus_worker_population_raw_components,CS300035,596,0.25838926174496646,0.2972003111060367,0.5676235529176705,0.0,0.0,0.0,0.0
extra_trees__tree_plus_worker_population_raw_components,extra_trees,tree_plus_worker_population_raw_components,CS300043,371,0.23450134770889489,0.28422504303520874,0.5754006799417193,0.0,0.0,0.0,0.0
extra_trees__tree_plus_worker_population_raw_components,extra_trees,tree_plus_worker_population_raw_components,CS200001,2410,0.2829875518672199,0.48970840781028335,0.7212845864559575,0.0,0.0,0.0,0.0
extra_trees__tree_plus_worker_population_raw_components,extra_trees,tree_plus_worker_population_raw_components,CS200019,439,0.5170842824601367,0.7160419053274814,0.7187474025434294,0.0,0.0,0.0,0.0
extra_trees__tree_plus_worker_population_raw_components,extra_trees,tree_plus_worker_population_raw_components,CS200032,175,0.2571428571428571,0.2736988907614155,0.5078632478632479,0.0,0.0,0.0,0.0
extra_trees__tree_plus_worker_population_raw_components,extra_trees,tree_plus_worker_population_raw_components,CS300003,278,0.32014388489208634,0.35243947018299326,0.5523452826823614,0.0,0.0,0.0,0.0
extra_trees__tree_plus_worker_population_raw_components,extra_trees,tree_plus_worker_population_raw_components,CS200025,1450,0.2103448275862069,0.29792208711154466,0.6201302884959553,0.0,0.0,0.0,0.0
extra_trees__tree_plus_worker_population_raw_components,extra_trees,tree_plus_worker_population_raw_components,CS300026,39,0.358974358974359,0.5982989405349654,0.7542857142857142,0.0,0.0,0.0,0.0
extra_trees__tree_plus_worker_population_raw_components,extra_trees,tree_plus_worker_population_raw_components,CS300025,98,0.2755102040816326,0.27705802338714125,0.4204486176317162,0.0,0.0,0.0,0.0
extra_trees__tree_plus_worker_population_raw_components,extra_trees,tree_plus_worker_population_raw_components,CS200026,173,0.30057803468208094,0.422119161657559,0.6379529561347743,0.0,0.0,0.0,0.0
lightgbm__tree_plus_worker_population_raw_components,lightgbm,tree_plus_worker_population_raw_components,CS100001,5554,0.1852718761253151,0.5552885170493913,0.8498519723595831,0.6588486140724946,0.30029154518950435,0.41255006675567424,0.08444364422038171
lightgbm__tree_plus_worker_population_raw_components,lightgbm,tree_plus_worker_population_raw_components,CS100002,1698,0.33510011778563015,0.6954150755250212,0.8270270438557848,0.7121588089330024,0.5043936731107206,0.5905349794238683,0.23733804475853945
lightgbm__tree_plus_worker_population_raw_components,lightgbm,tree_plus_worker_population_raw_components,CS100003,1282,0.45553822152886114,0.7950283064439099,0.8252001805550103,0.7333333333333333,0.678082191780822,0.7046263345195729,0.42121684867394693
lightgbm__tree_plus_worker_population_raw_components,lightgbm,tree_plus_worker_population_raw_components,CS100004,1283,0.39438815276695244,0.7329281412163099,0.8158011201489461,0.7122641509433962,0.5968379446640316,0.6494623655913978,0.3304754481683554
lightgbm__tree_plus_worker_population_raw_components,lightgbm,tree_plus_worker_population_raw_components,CS100005,1564,0.3177749360613811,0.6493422735758262,0.7919532188444631,0.6859205776173285,0.3822937625754527,0.4909560723514212,0.17710997442455242
lightgbm__tree_plus_worker_population_raw_components,lightgbm,tree_plus_worker_population_raw_components,CS100006,1526,0.41874180865006555,0.749460593140407,0.8304795577927039,0.7432950191570882,0.6071987480438185,0.6683893195521102,0.3420707732634338
lightgbm__tree_plus_worker_population_raw_components,lightgbm,tree_plus_worker_population_raw_components,CS100007,2078,0.48267564966313764,0.7813051090486385,0.8079779266850611,0.7402912621359223,0.6081754735792622,0.6677613574165299,0.3965351299326275
lightgbm__tree_plus_worker_population_raw_components,lightgbm,tree_plus_worker_population_raw_components,CS100008,3033,0.3537751401252885,0.7106431115057911,0.8287834984879319,0.7690972222222222,0.412861136999068,0.5372953305033353,0.18991097922848665
lightgbm__tree_plus_worker_population_raw_components,lightgbm,tree_plus_worker_population_raw_components,CS100009,3508,0.3187001140250855,0.6816381279003052,0.8262531717576964,0.665,0.5948121645796064,0.6279508970727101,0.28506271379703535
lightgbm__tree_plus_worker_population_raw_components,lightgbm,tree_plus_worker_population_raw_components,CS100010,4154,0.291044776119403,0.654847470764551,0.8246136432893648,0.691156462585034,0.42018196856906537,0.522633744855967,0.1769378911892152
lightgbm__tree_plus_worker_population_raw_components,lightgbm,tree_plus_worker_population_raw_components,CS200006,1998,0.14614614614614616,0.41484032673054455,0.7759960815172878,0.6818181818181818,0.10273972602739725,0.17857142857142858,0.022022022022022022
lightgbm__tree_plus_worker_population_raw_components,lightgbm,tree_plus_worker_population_raw_components,CS200007,1506,0.20053120849933598,0.473260586213081,0.7784619700336626,0.5481481481481482,0.24503311258278146,0.33867276887871856,0.08964143426294821
lightgbm__tree_plus_worker_population_raw_components,lightgbm,tree_plus_worker_population_raw_components,CS200016,1297,0.27602158828064766,0.6143184217133036,0.8090771711258262,0.6559139784946236,0.3407821229050279,0.4485294117647059,0.14340786430223593
lightgbm__tree_plus_worker_population_raw_components,lightgbm,tree_plus_worker_population_raw_components,CS200024,839,0.4123957091775924,0.7235780350081591,0.7898322175192581,0.7021276595744681,0.5722543352601156,0.6305732484076433,0.3361144219308701
lightgbm__tree_plus_worker_population_raw_components,lightgbm,tree_plus_worker_population_raw_components,CS200028,4384,0.2664233576642336,0.5953776466832554,0.800063520156069,0.6621621621621622,0.3356164383561644,0.44545454545454544,0.13503649635036497
lightgbm__tree_plus_worker_population_raw_components,lightgbm,tree_plus_worker_population_raw_components,CS200029,1017,0.400196656833825,0.6395013896488305,0.7178595883513916,0.6976744186046512,0.36855036855036855,0.48231511254019294,0.21140609636184857
lightgbm__tree_plus_worker_population_raw_components,lightgbm,tree_plus_worker_population_raw_components,CS200030,1156,0.2378892733564014,0.5290738106389593,0.7757176761944072,0.5853658536585366,0.3490909090909091,0.43735763097949887,0.14186851211072665
lightgbm__tree_plus_worker_population_raw_components,lightgbm,tree_plus_worker_population_raw_components,CS200031,1546,0.2238033635187581,0.41481976675103793,0.6858815028901734,0.49101796407185627,0.23699421965317918,0.31968810916179335,0.10802069857697283
lightgbm__tree_plus_worker_population_raw_components,lightgbm,tree_plus_worker_population_raw_components,CS200037,2043,0.29515418502202645,0.5081567894659592,0.7549601529390088,0.5666666666666667,0.3946932006633499,0.46529814271749753,0.2055800293685756
lightgbm__tree_plus_worker_population_raw_components,lightgbm,tree_plus_worker_population_raw_components,CS300001,3323,0.33012338248570566,0.7358201473500097,0.8568922348871094,0.75,0.5223336371923427,0.61579795808705,0.22991272946133012
lightgbm__tree_plus_worker_population_raw_components,lightgbm,tree_plus_worker_population_raw_components,CS300002,2751,0.2813522355507088,0.6813067750614801,0.8295508162995899,0.7210743801652892,0.4509043927648579,0.5548489666136724,0.17593602326426755
lightgbm__tree_plus_worker_population_raw_components,lightgbm,tree_plus_worker_population_raw_components,CS300010,1240,0.24435483870967742,0.5986079377207042,0.8132724691892882,0.6492146596858639,0.40924092409240925,0.5020242914979757,0.15403225806451612
lightgbm__tree_plus_worker_population_raw_components,lightgbm,tree_plus_worker_population_raw_components,CS300011,3264,0.35324754901960786,0.5745949350263331,0.7228731671503046,0.6217687074829932,0.396357328707719,0.4841101694915254,0.22518382352941177
lightgbm__tree_plus_worker_population_raw_components,lightgbm,tree_plus_worker_population_raw_components,CS300014,494,0.4109311740890688,0.5893958487136295,0.6981023479423765,0.6183206106870229,0.39901477832512317,0.48502994011976047,0.2651821862348178
lightgbm__tree_plus_worker_population_raw_components,lightgbm,tree_plus_worker_population_raw_components,CS300015,215,0.3953488372093023,0.6263315002739503,0.7408144796380091,0.6363636363636364,0.32941176470588235,0.43410852713178294,0.20465116279069767
lightgbm__tree_plus_worker_population_raw_components,lightgbm,tree_plus_worker_population_raw_components,CS300016,805,0.2248447204968944,0.48385544304314343,0.7342045615526277,0.5769230769230769,0.16574585635359115,0.2575107296137339,0.06459627329192547
lightgbm__tree_plus_worker_population_raw_components,lightgbm,tree_plus_worker_population_raw_components,CS300017,644,0.36490683229813664,0.6145101233623462,0.7551890963949437,0.643979057591623,0.5234042553191489,0.5774647887323944,0.296583850931677
lightgbm__tree_plus_worker_population_raw_components,lightgbm,tree_plus_worker_population_raw_components,CS300018,2260,0.12212389380530973,0.5583445676525719,0.8778835758532024,0.7433628318584071,0.30434782608695654,0.4318766066838046,0.05
lightgbm__tree_plus_worker_population_raw_components,lightgbm,tree_plus_worker_population_raw_components,CS300020,514,0.39883268482490275,0.5966119188616833,0.7049648748914673,0.6296296296296297,0.4146341463414634,0.5,0.26264591439688717
lightgbm__tree_plus_worker_population_raw_components,lightgbm,tree_plus_worker_population_raw_components,CS300022,1851,0.35386277687736356,0.6486968262763284,0.7771777426025683,0.6652360515021459,0.4732824427480916,0.5530776092774309,0.2517558076715289
lightgbm__tree_plus_worker_population_raw_components,lightgbm,tree_plus_worker_population_raw_components,CS300024,463,0.3174946004319654,0.5493444495393878,0.7153190390080083,0.5384615384615384,0.47619047619047616,0.5054151624548736,0.28077753779697623
lightgbm__tree_plus_worker_population_raw_components,lightgbm,tree_plus_worker_population_raw_components,CS300027,337,0.36795252225519287,0.5464982763188089,0.6744661517492049,0.5487804878048781,0.3629032258064516,0.4368932038834951,0.2433234421364985
lightgbm__tree_plus_worker_population_raw_components,lightgbm,tree_plus_worker_population_raw_components,CS300028,1083,0.31117266851338876,0.46495757354349704,0.6839006849587513,0.4912891986062718,0.41839762611275966,0.4519230769230769,0.26500461680517085
lightgbm__tree_plus_worker_population_raw_components,lightgbm,tree_plus_worker_population_raw_components,CS300036,596,0.2902684563758389,0.48430441163052046,0.7260962844531902,0.5169491525423728,0.35260115606936415,0.41924398625429554,0.19798657718120805
lightgbm__tree_plus_worker_population_raw_components,lightgbm,tree_plus_worker_population_raw_components,CS200002,250,0.24,0.6790450723405964,0.8607017543859649,0.7142857142857143,0.5,0.5882352941176471,0.168
lightgbm__tree_plus_worker_population_raw_components,lightgbm,tree_plus_worker_population_raw_components,CS200003,1882,0.28746014877789583,0.6153755747841549,0.8073471255622132,0.6550724637681159,0.4177449168207024,0.510158013544018,0.18331562167906482
lightgbm__tree_plus_worker_population_raw_components,lightgbm,tree_plus_worker_population_raw_components,CS200005,1755,0.29971509971509974,0.6120642108918544,0.7877327698490534,0.6563380281690141,0.4429657794676806,0.52894438138479,0.2022792022792023
lightgbm__tree_plus_worker_population_raw_components,lightgbm,tree_plus_worker_population_raw_components,CS200008,1235,0.22753036437246962,0.5145519445158029,0.7900467781284273,0.5952380952380952,0.35587188612099646,0.44543429844098,0.1360323886639676
lightgbm__tree_plus_worker_population_raw_components,lightgbm,tree_plus_worker_population_raw_components,CS200017,528,0.4412878787878788,0.7312914217856981,0.8063868480395722,0.7110091743119266,0.6652360515021459,0.6873614190687362,0.4128787878787879
lightgbm__tree_plus_worker_population_raw_components,lightgbm,tree_plus_worker_population_raw_components,CS200033,72,0.2638888888888889,0.6070422591096373,0.7288977159880834,0.6363636363636364,0.3684210526315789,0.4666666666666667,0.1527777777777778
lightgbm__tree_plus_worker_population_raw_components,lightgbm,tree_plus_worker_population_raw_components,CS200034,699,0.45064377682403434,0.6893346078196974,0.7373677248677248,0.6771653543307087,0.546031746031746,0.6045694200351494,0.36337625178826893
lightgbm__tree_plus_worker_population_raw_components,lightgbm,tree_plus_worker_population_raw_components,CS300004,656,0.31859756097560976,0.5316185906254132,0.7058433148154095,0.5511811023622047,0.3349282296650718,0.4166666666666667,0.19359756097560976
lightgbm__tree_plus_worker_population_raw_components,lightgbm,tree_plus_worker_population_raw_components,CS300006,198,0.23737373737373738,0.6015057434179784,0.8038607862477104,0.68,0.3617021276595745,0.4722222222222222,0.12626262626262627
lightgbm__tree_plus_worker_population_raw_components,lightgbm,tree_plus_worker_population_raw_components,CS300007,1584,0.34785353535353536,0.6060823979640869,0.7674965696445607,0.6071428571428571,0.49364791288566245,0.5445445445445446,0.2828282828282828
lightgbm__tree_plus_worker_population_raw_components,lightgbm,tree_plus_worker_population_raw_components,CS300008,566,0.2597173144876325,0.6003856312536779,0.7937915022811034,0.6829268292682927,0.38095238095238093,0.4890829694323144,0.14487632508833923
lightgbm__tree_plus_worker_population_raw_components,lightgbm,tree_plus_worker_population_raw_components,CS300009,1042,0.22648752399232247,0.5575294500492105,0.810021239012491,0.628099173553719,0.3220338983050847,0.4257703081232493,0.11612284069097889
lightgbm__tree_plus_worker_population_raw_components,lightgbm,tree_plus_worker_population_raw_components,CS300019,553,0.2820976491862568,0.497740429430874,0.7494348640444358,0.5169491525423728,0.391025641025641,0.44525547445255476,0.21338155515370705
lightgbm__tree_plus_worker_population_raw_components,lightgbm,tree_plus_worker_population_raw_components,CS300021,962,0.46153846153846156,0.7629490640426915,0.7790531844585898,0.7630769230769231,0.5585585585585585,0.6449934980494149,0.33783783783783783
lightgbm__tree_plus_worker_population_raw_components,lightgbm,tree_plus_worker_population_raw_components,CS300029,217,0.42857142857142855,0.6928983217906286,0.7868539715574056,0.6808510638297872,0.6881720430107527,0.6844919786096256,0.43317972350230416
lightgbm__tree_plus_worker_population_raw_components,lightgbm,tree_plus_worker_population_raw_components,CS300031,359,0.25069637883008355,0.49271701054976647,0.7176373399421727,0.5,0.4222222222222222,0.4578313253012048,0.2116991643454039
lightgbm__tree_plus_worker_population_raw_components,lightgbm,tree_plus_worker_population_raw_components,CS300032,172,0.3081395348837209,0.4684648650674067,0.6752814333280481,0.4318181818181818,0.3584905660377358,0.3917525773195876,0.2558139534883721
lightgbm__tree_plus_worker_population_raw_components,lightgbm,tree_plus_worker_population_raw_components,CS300033,616,0.288961038961039,0.39391276136184683,0.6542506798009338,0.44871794871794873,0.19662921348314608,0.2734375,0.1266233766233766
lightgbm__tree_plus_worker_population_raw_components,lightgbm,tree_plus_worker_population_raw_components,CS300035,596,0.25838926174496646,0.45439492924831604,0.7228066051595464,0.5,0.2792207792207792,0.35833333333333334,0.14429530201342283
lightgbm__tree_plus_worker_population_raw_components,lightgbm,tree_plus_worker_population_raw_components,CS300043,371,0.23450134770889489,0.35620371518035987,0.6437995790836977,0.42857142857142855,0.2413793103448276,0.3088235294117647,0.1320754716981132
lightgbm__tree_plus_worker_population_raw_components,lightgbm,tree_plus_worker_population_raw_components,CS200001,2410,0.2829875518672199,0.6837326431651378,0.8540122325404583,0.7070938215102975,0.4530791788856305,0.5522788203753352,0.1813278008298755
lightgbm__tree_plus_worker_population_raw_components,lightgbm,tree_plus_worker_population_raw_components,CS200019,439,0.5170842824601367,0.817274199721248,0.8407031834427728,0.8064516129032258,0.6607929515418502,0.7263922518159807,0.42369020501138954
lightgbm__tree_plus_worker_population_raw_components,lightgbm,tree_plus_worker_population_raw_components,CS200032,175,0.2571428571428571,0.4520233671980117,0.7095726495726495,0.41935483870967744,0.28888888888888886,0.34210526315789475,0.17714285714285713
lightgbm__tree_plus_worker_population_raw_components,lightgbm,tree_plus_worker_population_raw_components,CS300003,278,0.32014388489208634,0.47663450604369617,0.6844420664645383,0.5555555555555556,0.39325842696629215,0.4605263157894737,0.22661870503597123
lightgbm__tree_plus_worker_population_raw_components,lightgbm,tree_plus_worker_population_raw_components,CS200025,1450,0.2103448275862069,0.42271333906845215,0.7417223852816952,0.5092592592592593,0.18032786885245902,0.26634382566585957,0.07448275862068965
lightgbm__tree_plus_worker_population_raw_components,lightgbm,tree_plus_worker_population_raw_components,CS300026,39,0.358974358974359,0.6165935082860547,0.7628571428571429,0.6,0.42857142857142855,0.5,0.2564102564102564
lightgbm__tree_plus_worker_population_raw_components,lightgbm,tree_plus_worker_population_raw_components,CS300025,98,0.2755102040816326,0.4287973982961948,0.6437141366718832,0.43333333333333335,0.48148148148148145,0.45614035087719296,0.30612244897959184
lightgbm__tree_plus_worker_population_raw_components,lightgbm,tree_plus_worker_population_raw_components,CS200026,173,0.30057803468208094,0.5127574936235294,0.7285441830896376,0.5277777777777778,0.36538461538461536,0.4318181818181818,0.20809248554913296
xgboost__tree_plus_worker_population_raw_components,xgboost,tree_plus_worker_population_raw_components,CS100001,5554,0.1852718761253151,0.5478787585897991,0.8491537672685492,0.6401590457256461,0.3129251700680272,0.42036553524804177,0.0905653583003241
xgboost__tree_plus_worker_population_raw_components,xgboost,tree_plus_worker_population_raw_components,CS100002,1698,0.33510011778563015,0.7014644410937744,0.8292328312066763,0.7215189873417721,0.5008787346221442,0.5912863070539419,0.2326266195524146
xgboost__tree_plus_worker_population_raw_components,xgboost,tree_plus_worker_population_raw_components,CS100003,1282,0.45553822152886114,0.7946893593689084,0.8250922400596616,0.7252747252747253,0.678082191780822,0.7008849557522124,0.42589703588143524
xgboost__tree_plus_worker_population_raw_components,xgboost,tree_plus_worker_population_raw_components,CS100004,1283,0.39438815276695244,0.729439768621136,0.8169253386644689,0.7320574162679426,0.6047430830039525,0.6623376623376623,0.32579890880748247
xgboost__tree_plus_worker_population_raw_components,xgboost,tree_plus_worker_population_raw_components,CS100005,1564,0.3177749360613811,0.6504473887767928,0.7938785477626773,0.6830188679245283,0.3641851106639839,0.47506561679790027,0.1694373401534527
xgboost__tree_plus_worker_population_raw_components,xgboost,tree_plus_worker_population_raw_components,CS100006,1526,0.41874180865006555,0.7538977234158306,0.83064893179697,0.7433460076045627,0.6118935837245696,0.671244635193133,0.34469200524246396
xgboost__tree_plus_worker_population_raw_components,xgboost,tree_plus_worker_population_raw_components,CS100007,2078,0.48267564966313764,0.7840868123815983,0.8099997681374481,0.7578027465667915,0.6051844466600199,0.6729490022172949,0.38546679499518766
xgboost__tree_plus_worker_population_raw_components,xgboost,tree_plus_worker_population_raw_components,CS100008,3033,0.3537751401252885,0.7054395997355821,0.8261873062365673,0.7652173913043478,0.41006523765144454,0.5339805825242718,0.18958127266732608
xgboost__tree_plus_worker_population_raw_components,xgboost,tree_plus_worker_population_raw_components,CS100009,3508,0.3187001140250855,0.6732973100541336,0.8246895607068809,0.6538461538461539,0.5778175313059034,0.6134852801519468,0.28164196123147095
xgboost__tree_plus_worker_population_raw_components,xgboost,tree_plus_worker_population_raw_components,CS100010,4154,0.291044776119403,0.6505621602280132,0.8275279770706684,0.6801566579634465,0.43093465674110837,0.5275949367088607,0.18440057775637939
xgboost__tree_plus_worker_population_raw_components,xgboost,tree_plus_worker_population_raw_components,CS200006,1998,0.14614614614614616,0.40662276802579694,0.775104787293838,0.5869565217391305,0.09246575342465753,0.15976331360946747,0.023023023023023025
xgboost__tree_plus_worker_population_raw_components,xgboost,tree_plus_worker_population_raw_components,CS200007,1506,0.20053120849933598,0.4643880774752821,0.7803981210534421,0.5645161290322581,0.23178807947019867,0.3286384976525822,0.08233731739707835
xgboost__tree_plus_worker_population_raw_components,xgboost,tree_plus_worker_population_raw_components,CS200016,1297,0.27602158828064766,0.6237830897119572,0.8119924322201796,0.6787564766839378,0.3659217877094972,0.47549909255898365,0.14880493446414803
xgboost__tree_plus_worker_population_raw_components,xgboost,tree_plus_worker_population_raw_components,CS200024,839,0.4123957091775924,0.7152290453533092,0.78475536118374,0.7153284671532847,0.5664739884393064,0.632258064516129,0.3265792610250298
xgboost__tree_plus_worker_population_raw_components,xgboost,tree_plus_worker_population_raw_components,CS200028,4384,0.2664233576642336,0.5949548050887028,0.8016784123049138,0.6688851913477537,0.3441780821917808,0.45449406444318824,0.13708941605839417
xgboost__tree_plus_worker_population_raw_components,xgboost,tree_plus_worker_population_raw_components,CS200029,1017,0.400196656833825,0.6280332186164153,0.7152857775808596,0.6592920353982301,0.36609336609336607,0.4707740916271722,0.2222222222222222
xgboost__tree_plus_worker_population_raw_components,xgboost,tree_plus_worker_population_raw_components,CS200030,1156,0.2378892733564014,0.504483187440066,0.7685605200701682,0.6027397260273972,0.32,0.4180522565320665,0.12629757785467127
xgboost__tree_plus_worker_population_raw_components,xgboost,tree_plus_worker_population_raw_components,CS200031,1546,0.2238033635187581,0.4214682697666783,0.6875770712909441,0.4887640449438202,0.2514450867052023,0.3320610687022901,0.11513583441138421
xgboost__tree_plus_worker_population_raw_components,xgboost,tree_plus_worker_population_raw_components,CS200037,2043,0.29515418502202645,0.5192933840153132,0.7564273539708863,0.552863436123348,0.41625207296849087,0.4749290444654683,0.2222222222222222
xgboost__tree_plus_worker_population_raw_components,xgboost,tree_plus_worker_population_raw_components,CS300001,3323,0.33012338248570566,0.7343579289988984,0.8584782806330422,0.7529566360052562,0.5223336371923427,0.6167922497308934,0.22900993078543486
xgboost__tree_plus_worker_population_raw_components,xgboost,tree_plus_worker_population_raw_components,CS300002,2751,0.2813522355507088,0.6807866700523582,0.8294305704229127,0.717391304347826,0.4689922480620155,0.5671875,0.18393311523082514
xgboost__tree_plus_worker_population_raw_components,xgboost,tree_plus_worker_population_raw_components,CS300010,1240,0.24435483870967742,0.6032155584189169,0.8141459823677138,0.6464646464646465,0.42244224422442245,0.5109780439121756,0.1596774193548387
xgboost__tree_plus_worker_population_raw_components,xgboost,tree_plus_worker_population_raw_components,CS300011,3264,0.35324754901960786,0.5727569040199995,0.7197303760954781,0.6103542234332425,0.388551604509974,0.474827768945416,0.22487745098039216
xgboost__tree_plus_worker_population_raw_components,xgboost,tree_plus_worker_population_raw_components,CS300014,494,0.4109311740890688,0.5963331527707002,0.7031638819765376,0.6333333333333333,0.37438423645320196,0.47058823529411764,0.242914979757085
xgboost__tree_plus_worker_population_raw_components,xgboost,tree_plus_worker_population_raw_components,CS300015,215,0.3953488372093023,0.6436587736232294,0.7528506787330317,0.6222222222222222,0.32941176470588235,0.4307692307692308,0.20930232558139536
xgboost__tree_plus_worker_population_raw_components,xgboost,tree_plus_worker_population_raw_components,CS300016,805,0.2248447204968944,0.4643740220037453,0.7225439155687775,0.5849056603773585,0.1712707182320442,0.26495726495726496,0.06583850931677018
xgboost__tree_plus_worker_population_raw_components,xgboost,tree_plus_worker_population_raw_components,CS300017,644,0.36490683229813664,0.6038453170995352,0.7580710607085264,0.6284153005464481,0.48936170212765956,0.5502392344497608,0.2841614906832298
xgboost__tree_plus_worker_population_raw_components,xgboost,tree_plus_worker_population_raw_components,CS300018,2260,0.12212389380530973,0.5525289584044567,0.8774471131369799,0.7478260869565218,0.3115942028985507,0.4398976982097187,0.05088495575221239
xgboost__tree_plus_worker_population_raw_components,xgboost,tree_plus_worker_population_raw_components,CS300020,514,0.39883268482490275,0.6199529920627824,0.7156050201278712,0.6538461538461539,0.4146341463414634,0.5074626865671642,0.2529182879377432
xgboost__tree_plus_worker_population_raw_components,xgboost,tree_plus_worker_population_raw_components,CS300022,1851,0.35386277687736356,0.6526961522183452,0.7788697694605428,0.6673553719008265,0.49312977099236643,0.5671641791044776,0.2614802809292274
xgboost__tree_plus_worker_population_raw_components,xgboost,tree_plus_worker_population_raw_components,CS300024,463,0.3174946004319654,0.5450326739252466,0.7159002841642987,0.5190839694656488,0.46258503401360546,0.4892086330935252,0.28293736501079914
xgboost__tree_plus_worker_population_raw_components,xgboost,tree_plus_worker_population_raw_components,CS300027,337,0.36795252225519287,0.5628439390380127,0.6776086627290625,0.5454545454545454,0.3387096774193548,0.417910447761194,0.228486646884273
xgboost__tree_plus_worker_population_raw_components,xgboost,tree_plus_worker_population_raw_components,CS300028,1083,0.31117266851338876,0.4613184174546242,0.6809213928290149,0.47058823529411764,0.4035608308605341,0.43450479233226835,0.26685133887349954
xgboost__tree_plus_worker_population_raw_components,xgboost,tree_plus_worker_population_raw_components,CS300036,596,0.2902684563758389,0.4948185450300173,0.7322729198267263,0.5321100917431193,0.3352601156069364,0.41134751773049644,0.18288590604026847
xgboost__tree_plus_worker_population_raw_components,xgboost,tree_plus_worker_population_raw_components,CS200002,250,0.24,0.6683338297240442,0.8504385964912281,0.6829268292682927,0.4666666666666667,0.5544554455445545,0.164
xgboost__tree_plus_worker_population_raw_components,xgboost,tree_plus_worker_population_raw_components,CS200003,1882,0.28746014877789583,0.6210822191842201,0.810194891389299,0.6470588235294118,0.4066543438077634,0.49943246311010214,0.1806588735387885
xgboost__tree_plus_worker_population_raw_components,xgboost,tree_plus_worker_population_raw_components,CS200005,1755,0.29971509971509974,0.5979595490554223,0.785078288633066,0.6420454545454546,0.4296577946768061,0.5148063781321185,0.20056980056980056
xgboost__tree_plus_worker_population_raw_components,xgboost,tree_plus_worker_population_raw_components,CS200008,1235,0.22753036437246962,0.5039640068732031,0.7879652633228138,0.5818181818181818,0.3416370106761566,0.4304932735426009,0.13360323886639677
xgboost__tree_plus_worker_population_raw_components,xgboost,tree_plus_worker_population_raw_components,CS200017,528,0.4412878787878788,0.7405655292486566,0.8121772022986835,0.7247706422018348,0.6781115879828327,0.7006651884700665,0.4128787878787879
xgboost__tree_plus_worker_population_raw_components,xgboost,tree_plus_worker_population_raw_components,CS200033,72,0.2638888888888889,0.6047369633883966,0.7298907646474677,0.6363636363636364,0.3684210526315789,0.4666666666666667,0.1527777777777778
xgboost__tree_plus_worker_population_raw_components,xgboost,tree_plus_worker_population_raw_components,CS200034,699,0.45064377682403434,0.6921054884754242,0.7425595238095238,0.680161943319838,0.5333333333333333,0.597864768683274,0.35336194563662376
xgboost__tree_plus_worker_population_raw_components,xgboost,tree_plus_worker_population_raw_components,CS300004,656,0.31859756097560976,0.5063316938419957,0.6987144493326055,0.5726495726495726,0.32057416267942584,0.4110429447852761,0.17835365853658536
xgboost__tree_plus_worker_population_raw_components,xgboost,tree_plus_worker_population_raw_components,CS300006,198,0.23737373737373738,0.621682601163728,0.8107651120191629,0.7307692307692307,0.40425531914893614,0.5205479452054794,0.13131313131313133
xgboost__tree_plus_worker_population_raw_components,xgboost,tree_plus_worker_population_raw_components,CS300007,1584,0.34785353535353536,0.6134148761516963,0.7677495638485337,0.6116071428571429,0.49727767695099817,0.5485485485485485,0.2828282828282828
xgboost__tree_plus_worker_population_raw_components,xgboost,tree_plus_worker_population_raw_components,CS300008,566,0.2597173144876325,0.5879174855987633,0.7875570275843035,0.6973684210526315,0.36054421768707484,0.47533632286995514,0.13427561837455831
xgboost__tree_plus_worker_population_raw_components,xgboost,tree_plus_worker_population_raw_components,CS300009,1042,0.22648752399232247,0.555195591405072,0.8076660217857593,0.6504065040650406,0.3389830508474576,0.4456824512534819,0.118042226487524
xgboost__tree_plus_worker_population_raw_components,xgboost,tree_plus_worker_population_raw_components,CS300019,553,0.2820976491862568,0.5093410261070228,0.7546502615772137,0.5178571428571429,0.3717948717948718,0.43283582089552236,0.20253164556962025
xgboost__tree_plus_worker_population_raw_components,xgboost,tree_plus_worker_population_raw_components,CS300021,962,0.46153846153846156,0.7663009223114572,0.7815489234408153,0.7468354430379747,0.5315315315315315,0.6210526315789474,0.3284823284823285
xgboost__tree_plus_worker_population_raw_components,xgboost,tree_plus_worker_population_raw_components,CS300029,217,0.42857142857142855,0.667016507428917,0.7716788067984738,0.6483516483516484,0.6344086021505376,0.6413043478260869,0.41935483870967744
xgboost__tree_plus_worker_population_raw_components,xgboost,tree_plus_worker_population_raw_components,CS300031,359,0.25069637883008355,0.5060499781172599,0.7259809995869474,0.5373134328358209,0.4,0.4585987261146497,0.18662952646239556
xgboost__tree_plus_worker_population_raw_components,xgboost,tree_plus_worker_population_raw_components,CS300032,172,0.3081395348837209,0.443003933995638,0.6846361185983828,0.475,0.3584905660377358,0.40860215053763443,0.23255813953488372
xgboost__tree_plus_worker_population_raw_components,xgboost,tree_plus_worker_population_raw_components,CS300033,616,0.288961038961039,0.4146496422671628,0.6602406238776872,0.44047619047619047,0.20786516853932585,0.2824427480916031,0.13636363636363635
xgboost__tree_plus_worker_population_raw_components,xgboost,tree_plus_worker_population_raw_components,CS300035,596,0.25838926174496646,0.4420838443075368,0.717106422988776,0.4823529411764706,0.2662337662337662,0.34309623430962344,0.14261744966442952
xgboost__tree_plus_worker_population_raw_components,xgboost,tree_plus_worker_population_raw_components,CS300043,371,0.23450134770889489,0.35140982696376877,0.6481301602719767,0.4166666666666667,0.28735632183908044,0.3401360544217687,0.16172506738544473
xgboost__tree_plus_worker_population_raw_components,xgboost,tree_plus_worker_population_raw_components,CS200001,2410,0.2829875518672199,0.686445251074955,0.8558493198110133,0.7061503416856492,0.45454545454545453,0.5530776092774309,0.1821576763485477
xgboost__tree_plus_worker_population_raw_components,xgboost,tree_plus_worker_population_raw_components,CS200019,439,0.5170842824601367,0.8284418922436612,0.8413681323248277,0.8057142857142857,0.6211453744493393,0.7014925373134329,0.39863325740318906
xgboost__tree_plus_worker_population_raw_components,xgboost,tree_plus_worker_population_raw_components,CS200032,175,0.2571428571428571,0.422220136857746,0.6991452991452992,0.45161290322580644,0.3111111111111111,0.3684210526315789,0.17714285714285713
xgboost__tree_plus_worker_population_raw_components,xgboost,tree_plus_worker_population_raw_components,CS300003,278,0.32014388489208634,0.5041545977429421,0.6985910469056537,0.5396825396825397,0.38202247191011235,0.4473684210526316,0.22661870503597123
xgboost__tree_plus_worker_population_raw_components,xgboost,tree_plus_worker_population_raw_components,CS200025,1450,0.2103448275862069,0.4434605791415772,0.7507165867277543,0.5591397849462365,0.17049180327868851,0.2613065326633166,0.06413793103448276
xgboost__tree_plus_worker_population_raw_components,xgboost,tree_plus_worker_population_raw_components,CS300026,39,0.358974358974359,0.6020836134190172,0.78,0.625,0.7142857142857143,0.6666666666666666,0.41025641025641024
xgboost__tree_plus_worker_population_raw_components,xgboost,tree_plus_worker_population_raw_components,CS300025,98,0.2755102040816326,0.3579789059141908,0.6270213875847679,0.3333333333333333,0.3333333333333333,0.3333333333333333,0.2755102040816326
xgboost__tree_plus_worker_population_raw_components,xgboost,tree_plus_worker_population_raw_components,CS200026,173,0.30057803468208094,0.5001493850080828,0.7261602034329308,0.5277777777777778,0.36538461538461536,0.4318181818181818,0.20809248554913296
catboost__tree_plus_worker_population_raw_components,catboost,tree_plus_worker_population_raw_components,CS100001,5554,0.1852718761253151,0.4948579301843137,0.8271318503723509,0.5923076923076923,0.22448979591836735,0.32558139534883723,0.07021966150522146
catboost__tree_plus_worker_population_raw_components,catboost,tree_plus_worker_population_raw_components,CS100002,1698,0.33510011778563015,0.6519590976270733,0.7998664385640744,0.6954022988505747,0.4253075571177504,0.5278080697928026,0.2049469964664311
catboost__tree_plus_worker_population_raw_components,catboost,tree_plus_worker_population_raw_components,CS100003,1282,0.45553822152886114,0.7465621801808491,0.7938802645523415,0.7203389830508474,0.5821917808219178,0.6439393939393939,0.36817472698907955
catboost__tree_plus_worker_population_raw_components,catboost,tree_plus_worker_population_raw_components,CS100004,1283,0.39438815276695244,0.6797812206845355,0.7930598582772497,0.7002583979328165,0.5355731225296443,0.606942889137738,0.3016367887763055
catboost__tree_plus_worker_population_raw_components,catboost,tree_plus_worker_population_raw_components,CS100005,1564,0.3177749360613811,0.6300337258572738,0.7770748200543467,0.7,0.3380281690140845,0.4559023066485753,0.1534526854219949
catboost__tree_plus_worker_population_raw_components,catboost,tree_plus_worker_population_raw_components,CS100006,1526,0.41874180865006555,0.7402060386311744,0.8164656232522279,0.728448275862069,0.5289514866979655,0.6128739800543971,0.3040629095674967
catboost__tree_plus_worker_population_raw_components,catboost,tree_plus_worker_population_raw_components,CS100007,2078,0.48267564966313764,0.7561894033386592,0.7865306406362308,0.7538461538461538,0.5862412761714856,0.659562535053281,0.3753609239653513
catboost__tree_plus_worker_population_raw_components,catboost,tree_plus_worker_population_raw_components,CS100008,3033,0.3537751401252885,0.6687977565429855,0.8056645491374557,0.7306930693069307,0.34389561975768873,0.467680608365019,0.16650181338608638
catboost__tree_plus_worker_population_raw_components,catboost,tree_plus_worker_population_raw_components,CS100009,3508,0.3187001140250855,0.6420273963086407,0.8083622128576882,0.649365628604383,0.5035778175313059,0.5672544080604534,0.24714937286202965
catboost__tree_plus_worker_population_raw_components,catboost,tree_plus_worker_population_raw_components,CS100010,4154,0.291044776119403,0.5933490969068324,0.7993155465306186,0.6326836581709145,0.3490488006617039,0.44989339019189767,0.16056812710640347
catboost__tree_plus_worker_population_raw_components,catboost,tree_plus_worker_population_raw_components,CS200006,1998,0.14614614614614616,0.35526198828619004,0.744349114326551,0.5333333333333333,0.0547945205479452,0.09937888198757763,0.015015015015015015
catboost__tree_plus_worker_population_raw_components,catboost,tree_plus_worker_population_raw_components,CS200007,1506,0.20053120849933598,0.38812986248098563,0.73883137884755,0.4215686274509804,0.1423841059602649,0.21287128712871287,0.06772908366533864
catboost__tree_plus_worker_population_raw_components,catboost,tree_plus_worker_population_raw_components,CS200016,1297,0.27602158828064766,0.5486118351984305,0.7731718635657807,0.6106194690265486,0.19273743016759776,0.2929936305732484,0.08712413261372398
catboost__tree_plus_worker_population_raw_components,catboost,tree_plus_worker_population_raw_components,CS200024,839,0.4123957091775924,0.6531851657257182,0.7464620291010564,0.6567796610169492,0.4479768786127168,0.5326460481099656,0.28128724672228844
catboost__tree_plus_worker_population_raw_components,catboost,tree_plus_worker_population_raw_components,CS200028,4384,0.2664233576642336,0.5452272804532481,0.7739281439548831,0.6262230919765166,0.273972602739726,0.38117927337701013,0.11656021897810219
catboost__tree_plus_worker_population_raw_components,catboost,tree_plus_worker_population_raw_components,CS200029,1017,0.400196656833825,0.5618575364821231,0.6742135578201152,0.5844748858447488,0.3144963144963145,0.40894568690095845,0.2153392330383481
catboost__tree_plus_worker_population_raw_components,catboost,tree_plus_worker_population_raw_components,CS200030,1156,0.2378892733564014,0.44817935618357235,0.74920235269838,0.54,0.19636363636363635,0.288,0.08650519031141868
catboost__tree_plus_worker_population_raw_components,catboost,tree_plus_worker_population_raw_components,CS200031,1546,0.2238033635187581,0.3697432285043671,0.6601902697495182,0.4946236559139785,0.1329479768786127,0.20956719817767655,0.06015523932729625
catboost__tree_plus_worker_population_raw_components,catboost,tree_plus_worker_population_raw_components,CS200037,2043,0.29515418502202645,0.49647622224132837,0.7485512253547079,0.5075757575757576,0.2222222222222222,0.3091118800461361,0.12922173274596183
catboost__tree_plus_worker_population_raw_components,catboost,tree_plus_worker_population_raw_components,CS300001,3323,0.33012338248570566,0.6974086490570529,0.8303688651807879,0.7205298013245033,0.495897903372835,0.5874730021598272,0.2272043334336443
catboost__tree_plus_worker_population_raw_components,catboost,tree_plus_worker_population_raw_components,CS300002,2751,0.2813522355507088,0.6095944537278317,0.7940756686389605,0.6285140562248996,0.4043927648578811,0.4921383647798742,0.18102508178844057
catboost__tree_plus_worker_population_raw_components,catboost,tree_plus_worker_population_raw_components,CS300010,1240,0.24435483870967742,0.5521965647486528,0.7983417338532144,0.6,0.33663366336633666,0.4312896405919662,0.13709677419354838
catboost__tree_plus_worker_population_raw_components,catboost,tree_plus_worker_population_raw_components,CS300011,3264,0.35324754901960786,0.5409753359383842,0.6967649322119341,0.5729166666666666,0.3339115351257589,0.42191780821917807,0.20588235294117646
catboost__tree_plus_worker_population_raw_components,catboost,tree_plus_worker_population_raw_components,CS300014,494,0.4109311740890688,0.5569706812739696,0.6738103702198974,0.5691056910569106,0.3448275862068966,0.4294478527607362,0.24898785425101214
catboost__tree_plus_worker_population_raw_components,catboost,tree_plus_worker_population_raw_components,CS300015,215,0.3953488372093023,0.5470765790204644,0.6817194570135746,0.4772727272727273,0.24705882352941178,0.32558139534883723,0.20465116279069767
catboost__tree_plus_worker_population_raw_components,catboost,tree_plus_worker_population_raw_components,CS300016,805,0.2248447204968944,0.4175394665053849,0.7093249752089531,0.55,0.12154696132596685,0.19909502262443438,0.049689440993788817
catboost__tree_plus_worker_population_raw_components,catboost,tree_plus_worker_population_raw_components,CS300017,644,0.36490683229813664,0.5953081894184801,0.7342038183426104,0.620253164556962,0.41702127659574467,0.49872773536895676,0.2453416149068323
catboost__tree_plus_worker_population_raw_components,catboost,tree_plus_worker_population_raw_components,CS300018,2260,0.12212389380530973,0.5132320468057908,0.864846306685367,0.6893203883495146,0.2572463768115942,0.37467018469656993,0.045575221238938056
catboost__tree_plus_worker_population_raw_components,catboost,tree_plus_worker_population_raw_components,CS300020,514,0.39883268482490275,0.551118910932201,0.6736127555450312,0.6033057851239669,0.35609756097560974,0.44785276073619634,0.23540856031128404
catboost__tree_plus_worker_population_raw_components,catboost,tree_plus_worker_population_raw_components,CS300022,1851,0.35386277687736356,0.6259502110708317,0.7651637774770865,0.6566820276497696,0.4351145038167939,0.5234159779614325,0.23446785521339816
catboost__tree_plus_worker_population_raw_components,catboost,tree_plus_worker_population_raw_components,CS300024,463,0.3174946004319654,0.5211711101730485,0.6926504779126841,0.5238095238095238,0.4489795918367347,0.4835164835164835,0.27213822894168466
catboost__tree_plus_worker_population_raw_components,catboost,tree_plus_worker_population_raw_components,CS300027,337,0.36795252225519287,0.5404214739399694,0.6682947145237013,0.5875,0.3790322580645161,0.46078431372549017,0.23738872403560832
catboost__tree_plus_worker_population_raw_components,catboost,tree_plus_worker_population_raw_components,CS300028,1083,0.31117266851338876,0.4296290389763701,0.6603288756652692,0.4653846153846154,0.3590504451038576,0.4053601340033501,0.24007386888273316
catboost__tree_plus_worker_population_raw_components,catboost,tree_plus_worker_population_raw_components,CS300036,596,0.2902684563758389,0.44049766586761074,0.6891321280695281,0.48936170212765956,0.2658959537572254,0.3445692883895131,0.15771812080536912
catboost__tree_plus_worker_population_raw_components,catboost,tree_plus_worker_population_raw_components,CS200002,250,0.24,0.6505621716174751,0.8421052631578947,0.7619047619047619,0.26666666666666666,0.3950617283950617,0.084
catboost__tree_plus_worker_population_raw_components,catboost,tree_plus_worker_population_raw_components,CS200003,1882,0.28746014877789583,0.5317792366124724,0.7687658257073582,0.5950413223140496,0.266173752310536,0.367816091954023,0.12858660998937302
catboost__tree_plus_worker_population_raw_components,catboost,tree_plus_worker_population_raw_components,CS200005,1755,0.29971509971509974,0.5461839672796162,0.7572882215903993,0.6142322097378277,0.311787072243346,0.4136191677175284,0.15213675213675212
catboost__tree_plus_worker_population_raw_components,catboost,tree_plus_worker_population_raw_components,CS200008,1235,0.22753036437246962,0.4452741581468922,0.7446525959250059,0.5205479452054794,0.2704626334519573,0.3559718969555035,0.11821862348178137
catboost__tree_plus_worker_population_raw_components,catboost,tree_plus_worker_population_raw_components,CS200017,528,0.4412878787878788,0.6730261642318849,0.7727940641594531,0.6748768472906403,0.5879828326180258,0.6284403669724771,0.38446969696969696
catboost__tree_plus_worker_population_raw_components,catboost,tree_plus_worker_population_raw_components,CS200033,72,0.2638888888888889,0.5725183022657307,0.7428003972194637,0.7142857142857143,0.2631578947368421,0.38461538461538464,0.09722222222222222
catboost__tree_plus_worker_population_raw_components,catboost,tree_plus_worker_population_raw_components,CS200034,699,0.45064377682403434,0.629766419013287,0.7078703703703703,0.6398305084745762,0.4793650793650794,0.5480943738656987,0.3376251788268956
catboost__tree_plus_worker_population_raw_components,catboost,tree_plus_worker_population_raw_components,CS300004,656,0.31859756097560976,0.4688671311983522,0.6862335827365852,0.5203252032520326,0.3062200956937799,0.3855421686746988,0.1875
catboost__tree_plus_worker_population_raw_components,catboost,tree_plus_worker_population_raw_components,CS300006,198,0.23737373737373738,0.5567005648786715,0.7341130054952797,0.7058823529411765,0.2553191489361702,0.375,0.08585858585858586
catboost__tree_plus_worker_population_raw_components,catboost,tree_plus_worker_population_raw_components,CS300007,1584,0.34785353535353536,0.5699762639905692,0.7421830940137003,0.5866336633663366,0.4301270417422868,0.4963350785340314,0.255050505050505
catboost__tree_plus_worker_population_raw_components,catboost,tree_plus_worker_population_raw_components,CS300008,566,0.2597173144876325,0.5400077899609299,0.7506210121280016,0.5875,0.3197278911564626,0.41409691629955947,0.1413427561837456
catboost__tree_plus_worker_population_raw_components,catboost,tree_plus_worker_population_raw_components,CS300009,1042,0.22648752399232247,0.5152123198360439,0.7764068217184675,0.6153846153846154,0.2711864406779661,0.3764705882352941,0.09980806142034548
catboost__tree_plus_worker_population_raw_components,catboost,tree_plus_worker_population_raw_components,CS300019,553,0.2820976491862568,0.4995538496830519,0.7357747206613705,0.5176470588235295,0.28205128205128205,0.3651452282157676,0.15370705244122965
catboost__tree_plus_worker_population_raw_components,catboost,tree_plus_worker_population_raw_components,CS300021,962,0.46153846153846156,0.7207221994158267,0.7582785488190893,0.7331189710610932,0.5135135135135135,0.6039735099337749,0.3232848232848233
catboost__tree_plus_worker_population_raw_components,catboost,tree_plus_worker_population_raw_components,CS300029,217,0.42857142857142855,0.6173169488065053,0.7212105445716268,0.6309523809523809,0.5698924731182796,0.5988700564971752,0.3870967741935484
catboost__tree_plus_worker_population_raw_components,catboost,tree_plus_worker_population_raw_components,CS300031,359,0.25069637883008355,0.4975414324008671,0.7006195786864932,0.48214285714285715,0.3,0.3698630136986301,0.15598885793871867
catboost__tree_plus_worker_population_raw_components,catboost,tree_plus_worker_population_raw_components,CS300032,172,0.3081395348837209,0.44321423373984437,0.6738544474393531,0.46511627906976744,0.37735849056603776,0.4166666666666667,0.25
catboost__tree_plus_worker_population_raw_components,catboost,tree_plus_worker_population_raw_components,CS300033,616,0.288961038961039,0.339255904839597,0.6081011749012365,0.3246753246753247,0.1404494382022472,0.19607843137254902,0.125
catboost__tree_plus_worker_population_raw_components,catboost,tree_plus_worker_population_raw_components,CS300035,596,0.25838926174496646,0.3741376096948987,0.6880472468707763,0.3188405797101449,0.14285714285714285,0.19730941704035873,0.11577181208053691
catboost__tree_plus_worker_population_raw_components,catboost,tree_plus_worker_population_raw_components,CS300043,371,0.23450134770889489,0.33215661210404884,0.6433948518698398,0.3448275862068966,0.11494252873563218,0.1724137931034483,0.07816711590296496
catboost__tree_plus_worker_population_raw_components,catboost,tree_plus_worker_population_raw_components,CS200001,2410,0.2829875518672199,0.619917419838868,0.8279977191267514,0.662269129287599,0.3680351906158358,0.473138548539114,0.15726141078838174
catboost__tree_plus_worker_population_raw_components,catboost,tree_plus_worker_population_raw_components,CS200019,439,0.5170842824601367,0.7918041566191184,0.8108220430554401,0.7804878048780488,0.5638766519823789,0.6547314578005116,0.3735763097949886
catboost__tree_plus_worker_population_raw_components,catboost,tree_plus_worker_population_raw_components,CS200032,175,0.2571428571428571,0.4049065213068771,0.6931623931623931,0.375,0.13333333333333333,0.19672131147540983,0.09142857142857143
catboost__tree_plus_worker_population_raw_components,catboost,tree_plus_worker_population_raw_components,CS300003,278,0.32014388489208634,0.4282792298922504,0.6638130907793829,0.47540983606557374,0.3258426966292135,0.38666666666666666,0.21942446043165467
catboost__tree_plus_worker_population_raw_components,catboost,tree_plus_worker_population_raw_components,CS200025,1450,0.2103448275862069,0.379166570677553,0.7099291287851672,0.4175824175824176,0.12459016393442623,0.1919191919191919,0.06275862068965517
catboost__tree_plus_worker_population_raw_components,catboost,tree_plus_worker_population_raw_components,CS300026,39,0.358974358974359,0.7054654397066132,0.8514285714285714,0.6923076923076923,0.6428571428571429,0.6666666666666666,0.3333333333333333
catboost__tree_plus_worker_population_raw_components,catboost,tree_plus_worker_population_raw_components,CS300025,98,0.2755102040816326,0.3418677337776255,0.6270213875847679,0.39285714285714285,0.4074074074074074,0.4,0.2857142857142857
catboost__tree_plus_worker_population_raw_components,catboost,tree_plus_worker_population_raw_components,CS200026,173,0.30057803468208094,0.4571801477027078,0.7031150667514304,0.4782608695652174,0.21153846153846154,0.29333333333333333,0.1329479768786127
