dataset,period,column,row_count,missing_count,missing_rate,zero_count,parse_failure_count
길단위인구-상권,20211,금요일_유동인구_수,1650,0,0.0,0,0
길단위인구-상권,20211,기준_년분기_코드,1650,0,0.0,0,0
길단위인구-상권,20211,남성_유동인구_수,1650,0,0.0,0,0
길단위인구-상권,20211,목요일_유동인구_수,1650,0,0.0,0,0
길단위인구-상권,20211,상권_구분_코드,1650,0,0.0,0,0
길단위인구-상권,20211,상권_구분_코드_명,1650,0,0.0,0,0
길단위인구-상권,20211,상권_코드,1650,0,0.0,0,0
길단위인구-상권,20211,상권_코드_명,1650,0,0.0,0,0
길단위인구-상권,20211,수요일_유동인구_수,1650,0,0.0,0,0
길단위인구-상권,20211,시간대_00_06_유동인구_수,1650,0,0.0,1,0
길단위인구-상권,20211,시간대_06_11_유동인구_수,1650,0,0.0,0,0
길단위인구-상권,20211,시간대_11_14_유동인구_수,1650,0,0.0,0,0
길단위인구-상권,20211,시간대_14_17_유동인구_수,1650,0,0.0,0,0
길단위인구-상권,20211,시간대_17_21_유동인구_수,1650,0,0.0,0,0
길단위인구-상권,20211,시간대_21_24_유동인구_수,1650,0,0.0,1,0
길단위인구-상권,20211,여성_유동인구_수,1650,0,0.0,0,0
길단위인구-상권,20211,연령대_10_유동인구_수,1650,0,0.0,1,0
길단위인구-상권,20211,연령대_20_유동인구_수,1650,0,0.0,0,0
길단위인구-상권,20211,연령대_30_유동인구_수,1650,0,0.0,0,0
길단위인구-상권,20211,연령대_40_유동인구_수,1650,0,0.0,0,0
길단위인구-상권,20211,연령대_50_유동인구_수,1650,0,0.0,0,0
길단위인구-상권,20211,연령대_60_이상_유동인구_수,1650,0,0.0,0,0
길단위인구-상권,20211,월요일_유동인구_수,1650,0,0.0,0,0
길단위인구-상권,20211,일요일_유동인구_수,1650,0,0.0,0,0
길단위인구-상권,20211,총_유동인구_수,1650,0,0.0,0,0
길단위인구-상권,20211,토요일_유동인구_수,1650,0,0.0,0,0
길단위인구-상권,20211,화요일_유동인구_수,1650,0,0.0,0,0
길단위인구-상권,20212,금요일_유동인구_수,1650,0,0.0,0,0
길단위인구-상권,20212,기준_년분기_코드,1650,0,0.0,0,0
길단위인구-상권,20212,남성_유동인구_수,1650,0,0.0,0,0
길단위인구-상권,20212,목요일_유동인구_수,1650,0,0.0,0,0
길단위인구-상권,20212,상권_구분_코드,1650,0,0.0,0,0
길단위인구-상권,20212,상권_구분_코드_명,1650,0,0.0,0,0
길단위인구-상권,20212,상권_코드,1650,0,0.0,0,0
길단위인구-상권,20212,상권_코드_명,1650,0,0.0,0,0
길단위인구-상권,20212,수요일_유동인구_수,1650,0,0.0,0,0
길단위인구-상권,20212,시간대_00_06_유동인구_수,1650,0,0.0,0,0
길단위인구-상권,20212,시간대_06_11_유동인구_수,1650,0,0.0,0,0
길단위인구-상권,20212,시간대_11_14_유동인구_수,1650,0,0.0,0,0
길단위인구-상권,20212,시간대_14_17_유동인구_수,1650,0,0.0,0,0
길단위인구-상권,20212,시간대_17_21_유동인구_수,1650,0,0.0,0,0
길단위인구-상권,20212,시간대_21_24_유동인구_수,1650,0,0.0,1,0
길단위인구-상권,20212,여성_유동인구_수,1650,0,0.0,0,0
길단위인구-상권,20212,연령대_10_유동인구_수,1650,0,0.0,1,0
길단위인구-상권,20212,연령대_20_유동인구_수,1650,0,0.0,0,0
길단위인구-상권,20212,연령대_30_유동인구_수,1650,0,0.0,0,0
길단위인구-상권,20212,연령대_40_유동인구_수,1650,0,0.0,0,0
길단위인구-상권,20212,연령대_50_유동인구_수,1650,0,0.0,0,0
길단위인구-상권,20212,연령대_60_이상_유동인구_수,1650,0,0.0,0,0
길단위인구-상권,20212,월요일_유동인구_수,1650,0,0.0,0,0
길단위인구-상권,20212,일요일_유동인구_수,1650,0,0.0,0,0
길단위인구-상권,20212,총_유동인구_수,1650,0,0.0,0,0
길단위인구-상권,20212,토요일_유동인구_수,1650,0,0.0,0,0
길단위인구-상권,20212,화요일_유동인구_수,1650,0,0.0,0,0
길단위인구-상권,20213,금요일_유동인구_수,1650,0,0.0,0,0
길단위인구-상권,20213,기준_년분기_코드,1650,0,0.0,0,0
길단위인구-상권,20213,남성_유동인구_수,1650,0,0.0,0,0
길단위인구-상권,20213,목요일_유동인구_수,1650,0,0.0,0,0
길단위인구-상권,20213,상권_구분_코드,1650,0,0.0,0,0
길단위인구-상권,20213,상권_구분_코드_명,1650,0,0.0,0,0
길단위인구-상권,20213,상권_코드,1650,0,0.0,0,0
길단위인구-상권,20213,상권_코드_명,1650,0,0.0,0,0
길단위인구-상권,20213,수요일_유동인구_수,1650,0,0.0,0,0
길단위인구-상권,20213,시간대_00_06_유동인구_수,1650,0,0.0,0,0
길단위인구-상권,20213,시간대_06_11_유동인구_수,1650,0,0.0,0,0
길단위인구-상권,20213,시간대_11_14_유동인구_수,1650,0,0.0,0,0
길단위인구-상권,20213,시간대_14_17_유동인구_수,1650,0,0.0,0,0
길단위인구-상권,20213,시간대_17_21_유동인구_수,1650,0,0.0,0,0
길단위인구-상권,20213,시간대_21_24_유동인구_수,1650,0,0.0,1,0
길단위인구-상권,20213,여성_유동인구_수,1650,0,0.0,0,0
길단위인구-상권,20213,연령대_10_유동인구_수,1650,0,0.0,1,0
길단위인구-상권,20213,연령대_20_유동인구_수,1650,0,0.0,1,0
길단위인구-상권,20213,연령대_30_유동인구_수,1650,0,0.0,0,0
길단위인구-상권,20213,연령대_40_유동인구_수,1650,0,0.0,0,0
길단위인구-상권,20213,연령대_50_유동인구_수,1650,0,0.0,0,0
길단위인구-상권,20213,연령대_60_이상_유동인구_수,1650,0,0.0,0,0
길단위인구-상권,20213,월요일_유동인구_수,1650,0,0.0,0,0
길단위인구-상권,20213,일요일_유동인구_수,1650,0,0.0,0,0
길단위인구-상권,20213,총_유동인구_수,1650,0,0.0,0,0
길단위인구-상권,20213,토요일_유동인구_수,1650,0,0.0,0,0
길단위인구-상권,20213,화요일_유동인구_수,1650,0,0.0,0,0
길단위인구-상권,20214,금요일_유동인구_수,1650,0,0.0,0,0
길단위인구-상권,20214,기준_년분기_코드,1650,0,0.0,0,0
길단위인구-상권,20214,남성_유동인구_수,1650,0,0.0,0,0
길단위인구-상권,20214,목요일_유동인구_수,1650,0,0.0,0,0
길단위인구-상권,20214,상권_구분_코드,1650,0,0.0,0,0
길단위인구-상권,20214,상권_구분_코드_명,1650,0,0.0,0,0
길단위인구-상권,20214,상권_코드,1650,0,0.0,0,0
길단위인구-상권,20214,상권_코드_명,1650,0,0.0,0,0
길단위인구-상권,20214,수요일_유동인구_수,1650,0,0.0,0,0
길단위인구-상권,20214,시간대_00_06_유동인구_수,1650,0,0.0,0,0
길단위인구-상권,20214,시간대_06_11_유동인구_수,1650,0,0.0,0,0
길단위인구-상권,20214,시간대_11_14_유동인구_수,1650,0,0.0,0,0
길단위인구-상권,20214,시간대_14_17_유동인구_수,1650,0,0.0,0,0
길단위인구-상권,20214,시간대_17_21_유동인구_수,1650,0,0.0,0,0
길단위인구-상권,20214,시간대_21_24_유동인구_수,1650,0,0.0,1,0
길단위인구-상권,20214,여성_유동인구_수,1650,0,0.0,0,0
길단위인구-상권,20214,연령대_10_유동인구_수,1650,0,0.0,1,0
길단위인구-상권,20214,연령대_20_유동인구_수,1650,0,0.0,0,0
길단위인구-상권,20214,연령대_30_유동인구_수,1650,0,0.0,0,0
길단위인구-상권,20214,연령대_40_유동인구_수,1650,0,0.0,0,0
길단위인구-상권,20214,연령대_50_유동인구_수,1650,0,0.0,0,0
길단위인구-상권,20214,연령대_60_이상_유동인구_수,1650,0,0.0,0,0
길단위인구-상권,20214,월요일_유동인구_수,1650,0,0.0,0,0
길단위인구-상권,20214,일요일_유동인구_수,1650,0,0.0,0,0
길단위인구-상권,20214,총_유동인구_수,1650,0,0.0,0,0
길단위인구-상권,20214,토요일_유동인구_수,1650,0,0.0,0,0
길단위인구-상권,20214,화요일_유동인구_수,1650,0,0.0,0,0
길단위인구-상권,20221,금요일_유동인구_수,1650,0,0.0,0,0
길단위인구-상권,20221,기준_년분기_코드,1650,0,0.0,0,0
길단위인구-상권,20221,남성_유동인구_수,1650,0,0.0,0,0
길단위인구-상권,20221,목요일_유동인구_수,1650,0,0.0,0,0
길단위인구-상권,20221,상권_구분_코드,1650,0,0.0,0,0
길단위인구-상권,20221,상권_구분_코드_명,1650,0,0.0,0,0
길단위인구-상권,20221,상권_코드,1650,0,0.0,0,0
길단위인구-상권,20221,상권_코드_명,1650,0,0.0,0,0
길단위인구-상권,20221,수요일_유동인구_수,1650,0,0.0,0,0
길단위인구-상권,20221,시간대_00_06_유동인구_수,1650,0,0.0,0,0
길단위인구-상권,20221,시간대_06_11_유동인구_수,1650,0,0.0,0,0
길단위인구-상권,20221,시간대_11_14_유동인구_수,1650,0,0.0,0,0
길단위인구-상권,20221,시간대_14_17_유동인구_수,1650,0,0.0,0,0
길단위인구-상권,20221,시간대_17_21_유동인구_수,1650,0,0.0,0,0
길단위인구-상권,20221,시간대_21_24_유동인구_수,1650,0,0.0,1,0
길단위인구-상권,20221,여성_유동인구_수,1650,0,0.0,0,0
길단위인구-상권,20221,연령대_10_유동인구_수,1650,0,0.0,1,0
길단위인구-상권,20221,연령대_20_유동인구_수,1650,0,0.0,1,0
길단위인구-상권,20221,연령대_30_유동인구_수,1650,0,0.0,0,0
길단위인구-상권,20221,연령대_40_유동인구_수,1650,0,0.0,0,0
길단위인구-상권,20221,연령대_50_유동인구_수,1650,0,0.0,0,0
길단위인구-상권,20221,연령대_60_이상_유동인구_수,1650,0,0.0,0,0
길단위인구-상권,20221,월요일_유동인구_수,1650,0,0.0,0,0
길단위인구-상권,20221,일요일_유동인구_수,1650,0,0.0,0,0
길단위인구-상권,20221,총_유동인구_수,1650,0,0.0,0,0
길단위인구-상권,20221,토요일_유동인구_수,1650,0,0.0,0,0
길단위인구-상권,20221,화요일_유동인구_수,1650,0,0.0,0,0
길단위인구-상권,20222,금요일_유동인구_수,1650,0,0.0,0,0
길단위인구-상권,20222,기준_년분기_코드,1650,0,0.0,0,0
길단위인구-상권,20222,남성_유동인구_수,1650,0,0.0,0,0
길단위인구-상권,20222,목요일_유동인구_수,1650,0,0.0,0,0
길단위인구-상권,20222,상권_구분_코드,1650,0,0.0,0,0
길단위인구-상권,20222,상권_구분_코드_명,1650,0,0.0,0,0
길단위인구-상권,20222,상권_코드,1650,0,0.0,0,0
길단위인구-상권,20222,상권_코드_명,1650,0,0.0,0,0
길단위인구-상권,20222,수요일_유동인구_수,1650,0,0.0,0,0
길단위인구-상권,20222,시간대_00_06_유동인구_수,1650,0,0.0,0,0
길단위인구-상권,20222,시간대_06_11_유동인구_수,1650,0,0.0,0,0
길단위인구-상권,20222,시간대_11_14_유동인구_수,1650,0,0.0,0,0
길단위인구-상권,20222,시간대_14_17_유동인구_수,1650,0,0.0,0,0
길단위인구-상권,20222,시간대_17_21_유동인구_수,1650,0,0.0,0,0
길단위인구-상권,20222,시간대_21_24_유동인구_수,1650,0,0.0,1,0
길단위인구-상권,20222,여성_유동인구_수,1650,0,0.0,0,0
길단위인구-상권,20222,연령대_10_유동인구_수,1650,0,0.0,0,0
길단위인구-상권,20222,연령대_20_유동인구_수,1650,0,0.0,0,0
길단위인구-상권,20222,연령대_30_유동인구_수,1650,0,0.0,0,0
길단위인구-상권,20222,연령대_40_유동인구_수,1650,0,0.0,0,0
길단위인구-상권,20222,연령대_50_유동인구_수,1650,0,0.0,0,0
길단위인구-상권,20222,연령대_60_이상_유동인구_수,1650,0,0.0,0,0
길단위인구-상권,20222,월요일_유동인구_수,1650,0,0.0,0,0
길단위인구-상권,20222,일요일_유동인구_수,1650,0,0.0,0,0
길단위인구-상권,20222,총_유동인구_수,1650,0,0.0,0,0
길단위인구-상권,20222,토요일_유동인구_수,1650,0,0.0,0,0
길단위인구-상권,20222,화요일_유동인구_수,1650,0,0.0,0,0
길단위인구-상권,20223,금요일_유동인구_수,1650,0,0.0,0,0
길단위인구-상권,20223,기준_년분기_코드,1650,0,0.0,0,0
길단위인구-상권,20223,남성_유동인구_수,1650,0,0.0,0,0
길단위인구-상권,20223,목요일_유동인구_수,1650,0,0.0,0,0
길단위인구-상권,20223,상권_구분_코드,1650,0,0.0,0,0
길단위인구-상권,20223,상권_구분_코드_명,1650,0,0.0,0,0
길단위인구-상권,20223,상권_코드,1650,0,0.0,0,0
길단위인구-상권,20223,상권_코드_명,1650,0,0.0,0,0
길단위인구-상권,20223,수요일_유동인구_수,1650,0,0.0,0,0
길단위인구-상권,20223,시간대_00_06_유동인구_수,1650,0,0.0,0,0
길단위인구-상권,20223,시간대_06_11_유동인구_수,1650,0,0.0,0,0
길단위인구-상권,20223,시간대_11_14_유동인구_수,1650,0,0.0,0,0
길단위인구-상권,20223,시간대_14_17_유동인구_수,1650,0,0.0,0,0
길단위인구-상권,20223,시간대_17_21_유동인구_수,1650,0,0.0,0,0
길단위인구-상권,20223,시간대_21_24_유동인구_수,1650,0,0.0,1,0
길단위인구-상권,20223,여성_유동인구_수,1650,0,0.0,0,0
길단위인구-상권,20223,연령대_10_유동인구_수,1650,0,0.0,1,0
길단위인구-상권,20223,연령대_20_유동인구_수,1650,0,0.0,0,0
길단위인구-상권,20223,연령대_30_유동인구_수,1650,0,0.0,0,0
길단위인구-상권,20223,연령대_40_유동인구_수,1650,0,0.0,0,0
길단위인구-상권,20223,연령대_50_유동인구_수,1650,0,0.0,0,0
길단위인구-상권,20223,연령대_60_이상_유동인구_수,1650,0,0.0,0,0
길단위인구-상권,20223,월요일_유동인구_수,1650,0,0.0,0,0
길단위인구-상권,20223,일요일_유동인구_수,1650,0,0.0,0,0
길단위인구-상권,20223,총_유동인구_수,1650,0,0.0,0,0
길단위인구-상권,20223,토요일_유동인구_수,1650,0,0.0,0,0
길단위인구-상권,20223,화요일_유동인구_수,1650,0,0.0,0,0
길단위인구-상권,20224,금요일_유동인구_수,1649,0,0.0,1,0
길단위인구-상권,20224,기준_년분기_코드,1649,0,0.0,0,0
길단위인구-상권,20224,남성_유동인구_수,1649,0,0.0,0,0
길단위인구-상권,20224,목요일_유동인구_수,1649,0,0.0,0,0
길단위인구-상권,20224,상권_구분_코드,1649,0,0.0,0,0
길단위인구-상권,20224,상권_구분_코드_명,1649,0,0.0,0,0
길단위인구-상권,20224,상권_코드,1649,0,0.0,0,0
길단위인구-상권,20224,상권_코드_명,1649,0,0.0,0,0
길단위인구-상권,20224,수요일_유동인구_수,1649,0,0.0,0,0
길단위인구-상권,20224,시간대_00_06_유동인구_수,1649,0,0.0,2,0
길단위인구-상권,20224,시간대_06_11_유동인구_수,1649,0,0.0,0,0
길단위인구-상권,20224,시간대_11_14_유동인구_수,1649,0,0.0,0,0
길단위인구-상권,20224,시간대_14_17_유동인구_수,1649,0,0.0,0,0
길단위인구-상권,20224,시간대_17_21_유동인구_수,1649,0,0.0,1,0
길단위인구-상권,20224,시간대_21_24_유동인구_수,1649,0,0.0,1,0
길단위인구-상권,20224,여성_유동인구_수,1649,0,0.0,1,0
길단위인구-상권,20224,연령대_10_유동인구_수,1649,0,0.0,1,0
길단위인구-상권,20224,연령대_20_유동인구_수,1649,0,0.0,1,0
길단위인구-상권,20224,연령대_30_유동인구_수,1649,0,0.0,2,0
길단위인구-상권,20224,연령대_40_유동인구_수,1649,0,0.0,1,0
길단위인구-상권,20224,연령대_50_유동인구_수,1649,0,0.0,1,0
길단위인구-상권,20224,연령대_60_이상_유동인구_수,1649,0,0.0,1,0
길단위인구-상권,20224,월요일_유동인구_수,1649,0,0.0,0,0
길단위인구-상권,20224,일요일_유동인구_수,1649,0,0.0,1,0
길단위인구-상권,20224,총_유동인구_수,1649,0,0.0,0,0
길단위인구-상권,20224,토요일_유동인구_수,1649,0,0.0,1,0
길단위인구-상권,20224,화요일_유동인구_수,1649,0,0.0,0,0
길단위인구-상권,20231,금요일_유동인구_수,1649,0,0.0,1,0
길단위인구-상권,20231,기준_년분기_코드,1649,0,0.0,0,0
길단위인구-상권,20231,남성_유동인구_수,1649,0,0.0,0,0
길단위인구-상권,20231,목요일_유동인구_수,1649,0,0.0,1,0
길단위인구-상권,20231,상권_구분_코드,1649,0,0.0,0,0
길단위인구-상권,20231,상권_구분_코드_명,1649,0,0.0,0,0
길단위인구-상권,20231,상권_코드,1649,0,0.0,0,0
길단위인구-상권,20231,상권_코드_명,1649,0,0.0,0,0
길단위인구-상권,20231,수요일_유동인구_수,1649,0,0.0,1,0
길단위인구-상권,20231,시간대_00_06_유동인구_수,1649,0,0.0,2,0
길단위인구-상권,20231,시간대_06_11_유동인구_수,1649,0,0.0,0,0
길단위인구-상권,20231,시간대_11_14_유동인구_수,1649,0,0.0,0,0
길단위인구-상권,20231,시간대_14_17_유동인구_수,1649,0,0.0,1,0
길단위인구-상권,20231,시간대_17_21_유동인구_수,1649,0,0.0,1,0
길단위인구-상권,20231,시간대_21_24_유동인구_수,1649,0,0.0,1,0
길단위인구-상권,20231,여성_유동인구_수,1649,0,0.0,1,0
길단위인구-상권,20231,연령대_10_유동인구_수,1649,0,0.0,1,0
길단위인구-상권,20231,연령대_20_유동인구_수,1649,0,0.0,2,0
길단위인구-상권,20231,연령대_30_유동인구_수,1649,0,0.0,2,0
길단위인구-상권,20231,연령대_40_유동인구_수,1649,0,0.0,1,0
길단위인구-상권,20231,연령대_50_유동인구_수,1649,0,0.0,1,0
길단위인구-상권,20231,연령대_60_이상_유동인구_수,1649,0,0.0,0,0
길단위인구-상권,20231,월요일_유동인구_수,1649,0,0.0,1,0
길단위인구-상권,20231,일요일_유동인구_수,1649,0,0.0,1,0
길단위인구-상권,20231,총_유동인구_수,1649,0,0.0,0,0
길단위인구-상권,20231,토요일_유동인구_수,1649,0,0.0,0,0
길단위인구-상권,20231,화요일_유동인구_수,1649,0,0.0,1,0
길단위인구-상권,20232,금요일_유동인구_수,1649,0,0.0,1,0
길단위인구-상권,20232,기준_년분기_코드,1649,0,0.0,0,0
길단위인구-상권,20232,남성_유동인구_수,1649,0,0.0,0,0
길단위인구-상권,20232,목요일_유동인구_수,1649,0,0.0,0,0
길단위인구-상권,20232,상권_구분_코드,1649,0,0.0,0,0
길단위인구-상권,20232,상권_구분_코드_명,1649,0,0.0,0,0
길단위인구-상권,20232,상권_코드,1649,0,0.0,0,0
길단위인구-상권,20232,상권_코드_명,1649,0,0.0,0,0
길단위인구-상권,20232,수요일_유동인구_수,1649,0,0.0,0,0
길단위인구-상권,20232,시간대_00_06_유동인구_수,1649,0,0.0,2,0
길단위인구-상권,20232,시간대_06_11_유동인구_수,1649,0,0.0,0,0
길단위인구-상권,20232,시간대_11_14_유동인구_수,1649,0,0.0,0,0
길단위인구-상권,20232,시간대_14_17_유동인구_수,1649,0,0.0,0,0
길단위인구-상권,20232,시간대_17_21_유동인구_수,1649,0,0.0,1,0
길단위인구-상권,20232,시간대_21_24_유동인구_수,1649,0,0.0,1,0
길단위인구-상권,20232,여성_유동인구_수,1649,0,0.0,1,0
길단위인구-상권,20232,연령대_10_유동인구_수,1649,0,0.0,1,0
길단위인구-상권,20232,연령대_20_유동인구_수,1649,0,0.0,1,0
길단위인구-상권,20232,연령대_30_유동인구_수,1649,0,0.0,2,0
길단위인구-상권,20232,연령대_40_유동인구_수,1649,0,0.0,1,0
길단위인구-상권,20232,연령대_50_유동인구_수,1649,0,0.0,1,0
길단위인구-상권,20232,연령대_60_이상_유동인구_수,1649,0,0.0,1,0
길단위인구-상권,20232,월요일_유동인구_수,1649,0,0.0,1,0
길단위인구-상권,20232,일요일_유동인구_수,1649,0,0.0,1,0
길단위인구-상권,20232,총_유동인구_수,1649,0,0.0,0,0
길단위인구-상권,20232,토요일_유동인구_수,1649,0,0.0,1,0
길단위인구-상권,20232,화요일_유동인구_수,1649,0,0.0,1,0
길단위인구-상권,20233,금요일_유동인구_수,1649,0,0.0,1,0
길단위인구-상권,20233,기준_년분기_코드,1649,0,0.0,0,0
길단위인구-상권,20233,남성_유동인구_수,1649,0,0.0,0,0
길단위인구-상권,20233,목요일_유동인구_수,1649,0,0.0,0,0
길단위인구-상권,20233,상권_구분_코드,1649,0,0.0,0,0
길단위인구-상권,20233,상권_구분_코드_명,1649,0,0.0,0,0
길단위인구-상권,20233,상권_코드,1649,0,0.0,0,0
길단위인구-상권,20233,상권_코드_명,1649,0,0.0,0,0
길단위인구-상권,20233,수요일_유동인구_수,1649,0,0.0,0,0
길단위인구-상권,20233,시간대_00_06_유동인구_수,1649,0,0.0,2,0
길단위인구-상권,20233,시간대_06_11_유동인구_수,1649,0,0.0,0,0
길단위인구-상권,20233,시간대_11_14_유동인구_수,1649,0,0.0,0,0
길단위인구-상권,20233,시간대_14_17_유동인구_수,1649,0,0.0,0,0
길단위인구-상권,20233,시간대_17_21_유동인구_수,1649,0,0.0,1,0
길단위인구-상권,20233,시간대_21_24_유동인구_수,1649,0,0.0,1,0
길단위인구-상권,20233,여성_유동인구_수,1649,0,0.0,1,0
길단위인구-상권,20233,연령대_10_유동인구_수,1649,0,0.0,1,0
길단위인구-상권,20233,연령대_20_유동인구_수,1649,0,0.0,1,0
길단위인구-상권,20233,연령대_30_유동인구_수,1649,0,0.0,2,0
길단위인구-상권,20233,연령대_40_유동인구_수,1649,0,0.0,0,0
길단위인구-상권,20233,연령대_50_유동인구_수,1649,0,0.0,1,0
길단위인구-상권,20233,연령대_60_이상_유동인구_수,1649,0,0.0,1,0
길단위인구-상권,20233,월요일_유동인구_수,1649,0,0.0,0,0
길단위인구-상권,20233,일요일_유동인구_수,1649,0,0.0,1,0
길단위인구-상권,20233,총_유동인구_수,1649,0,0.0,0,0
길단위인구-상권,20233,토요일_유동인구_수,1649,0,0.0,1,0
길단위인구-상권,20233,화요일_유동인구_수,1649,0,0.0,0,0
길단위인구-상권,20234,금요일_유동인구_수,1648,0,0.0,0,0
길단위인구-상권,20234,기준_년분기_코드,1648,0,0.0,0,0
길단위인구-상권,20234,남성_유동인구_수,1648,0,0.0,0,0
길단위인구-상권,20234,목요일_유동인구_수,1648,0,0.0,0,0
길단위인구-상권,20234,상권_구분_코드,1648,0,0.0,0,0
길단위인구-상권,20234,상권_구분_코드_명,1648,0,0.0,0,0
길단위인구-상권,20234,상권_코드,1648,0,0.0,0,0
길단위인구-상권,20234,상권_코드_명,1648,0,0.0,0,0
길단위인구-상권,20234,수요일_유동인구_수,1648,0,0.0,0,0
길단위인구-상권,20234,시간대_00_06_유동인구_수,1648,0,0.0,1,0
길단위인구-상권,20234,시간대_06_11_유동인구_수,1648,0,0.0,0,0
길단위인구-상권,20234,시간대_11_14_유동인구_수,1648,0,0.0,0,0
길단위인구-상권,20234,시간대_14_17_유동인구_수,1648,0,0.0,0,0
길단위인구-상권,20234,시간대_17_21_유동인구_수,1648,0,0.0,0,0
길단위인구-상권,20234,시간대_21_24_유동인구_수,1648,0,0.0,0,0
길단위인구-상권,20234,여성_유동인구_수,1648,0,0.0,0,0
길단위인구-상권,20234,연령대_10_유동인구_수,1648,0,0.0,0,0
길단위인구-상권,20234,연령대_20_유동인구_수,1648,0,0.0,1,0
길단위인구-상권,20234,연령대_30_유동인구_수,1648,0,0.0,1,0
길단위인구-상권,20234,연령대_40_유동인구_수,1648,0,0.0,0,0
길단위인구-상권,20234,연령대_50_유동인구_수,1648,0,0.0,0,0
길단위인구-상권,20234,연령대_60_이상_유동인구_수,1648,0,0.0,0,0
길단위인구-상권,20234,월요일_유동인구_수,1648,0,0.0,0,0
길단위인구-상권,20234,일요일_유동인구_수,1648,0,0.0,0,0
길단위인구-상권,20234,총_유동인구_수,1648,0,0.0,0,0
길단위인구-상권,20234,토요일_유동인구_수,1648,0,0.0,0,0
길단위인구-상권,20234,화요일_유동인구_수,1648,0,0.0,0,0
길단위인구-상권,20241,금요일_유동인구_수,1649,0,0.0,1,0
길단위인구-상권,20241,기준_년분기_코드,1649,0,0.0,0,0
길단위인구-상권,20241,남성_유동인구_수,1649,0,0.0,0,0
길단위인구-상권,20241,목요일_유동인구_수,1649,0,0.0,1,0
길단위인구-상권,20241,상권_구분_코드,1649,0,0.0,0,0
길단위인구-상권,20241,상권_구분_코드_명,1649,0,0.0,0,0
길단위인구-상권,20241,상권_코드,1649,0,0.0,0,0
길단위인구-상권,20241,상권_코드_명,1649,0,0.0,0,0
길단위인구-상권,20241,수요일_유동인구_수,1649,0,0.0,0,0
길단위인구-상권,20241,시간대_00_06_유동인구_수,1649,0,0.0,1,0
길단위인구-상권,20241,시간대_06_11_유동인구_수,1649,0,0.0,0,0
길단위인구-상권,20241,시간대_11_14_유동인구_수,1649,0,0.0,0,0
길단위인구-상권,20241,시간대_14_17_유동인구_수,1649,0,0.0,0,0
길단위인구-상권,20241,시간대_17_21_유동인구_수,1649,0,0.0,1,0
길단위인구-상권,20241,시간대_21_24_유동인구_수,1649,0,0.0,1,0
길단위인구-상권,20241,여성_유동인구_수,1649,0,0.0,1,0
길단위인구-상권,20241,연령대_10_유동인구_수,1649,0,0.0,1,0
길단위인구-상권,20241,연령대_20_유동인구_수,1649,0,0.0,1,0
길단위인구-상권,20241,연령대_30_유동인구_수,1649,0,0.0,2,0
길단위인구-상권,20241,연령대_40_유동인구_수,1649,0,0.0,1,0
길단위인구-상권,20241,연령대_50_유동인구_수,1649,0,0.0,1,0
길단위인구-상권,20241,연령대_60_이상_유동인구_수,1649,0,0.0,1,0
길단위인구-상권,20241,월요일_유동인구_수,1649,0,0.0,0,0
길단위인구-상권,20241,일요일_유동인구_수,1649,0,0.0,1,0
길단위인구-상권,20241,총_유동인구_수,1649,0,0.0,0,0
길단위인구-상권,20241,토요일_유동인구_수,1649,0,0.0,1,0
길단위인구-상권,20241,화요일_유동인구_수,1649,0,0.0,0,0
길단위인구-상권,20242,금요일_유동인구_수,1649,0,0.0,2,0
길단위인구-상권,20242,기준_년분기_코드,1649,0,0.0,0,0
길단위인구-상권,20242,남성_유동인구_수,1649,0,0.0,1,0
길단위인구-상권,20242,목요일_유동인구_수,1649,0,0.0,1,0
길단위인구-상권,20242,상권_구분_코드,1649,0,0.0,0,0
길단위인구-상권,20242,상권_구분_코드_명,1649,0,0.0,0,0
길단위인구-상권,20242,상권_코드,1649,0,0.0,0,0
길단위인구-상권,20242,상권_코드_명,1649,0,0.0,0,0
길단위인구-상권,20242,수요일_유동인구_수,1649,0,0.0,1,0
길단위인구-상권,20242,시간대_00_06_유동인구_수,1649,0,0.0,2,0
길단위인구-상권,20242,시간대_06_11_유동인구_수,1649,0,0.0,0,0
길단위인구-상권,20242,시간대_11_14_유동인구_수,1649,0,0.0,1,0
길단위인구-상권,20242,시간대_14_17_유동인구_수,1649,0,0.0,1,0
길단위인구-상권,20242,시간대_17_21_유동인구_수,1649,0,0.0,2,0
길단위인구-상권,20242,시간대_21_24_유동인구_수,1649,0,0.0,2,0
길단위인구-상권,20242,여성_유동인구_수,1649,0,0.0,1,0
길단위인구-상권,20242,연령대_10_유동인구_수,1649,0,0.0,1,0
길단위인구-상권,20242,연령대_20_유동인구_수,1649,0,0.0,1,0
길단위인구-상권,20242,연령대_30_유동인구_수,1649,0,0.0,2,0
길단위인구-상권,20242,연령대_40_유동인구_수,1649,0,0.0,2,0
길단위인구-상권,20242,연령대_50_유동인구_수,1649,0,0.0,2,0
길단위인구-상권,20242,연령대_60_이상_유동인구_수,1649,0,0.0,2,0
길단위인구-상권,20242,월요일_유동인구_수,1649,0,0.0,1,0
길단위인구-상권,20242,일요일_유동인구_수,1649,0,0.0,1,0
길단위인구-상권,20242,총_유동인구_수,1649,0,0.0,0,0
길단위인구-상권,20242,토요일_유동인구_수,1649,0,0.0,2,0
길단위인구-상권,20242,화요일_유동인구_수,1649,0,0.0,1,0
길단위인구-상권,20243,금요일_유동인구_수,1648,0,0.0,0,0
길단위인구-상권,20243,기준_년분기_코드,1648,0,0.0,0,0
길단위인구-상권,20243,남성_유동인구_수,1648,0,0.0,0,0
길단위인구-상권,20243,목요일_유동인구_수,1648,0,0.0,0,0
길단위인구-상권,20243,상권_구분_코드,1648,0,0.0,0,0
길단위인구-상권,20243,상권_구분_코드_명,1648,0,0.0,0,0
길단위인구-상권,20243,상권_코드,1648,0,0.0,0,0
길단위인구-상권,20243,상권_코드_명,1648,0,0.0,0,0
길단위인구-상권,20243,수요일_유동인구_수,1648,0,0.0,0,0
길단위인구-상권,20243,시간대_00_06_유동인구_수,1648,0,0.0,1,0
길단위인구-상권,20243,시간대_06_11_유동인구_수,1648,0,0.0,0,0
길단위인구-상권,20243,시간대_11_14_유동인구_수,1648,0,0.0,0,0
길단위인구-상권,20243,시간대_14_17_유동인구_수,1648,0,0.0,0,0
길단위인구-상권,20243,시간대_17_21_유동인구_수,1648,0,0.0,1,0
길단위인구-상권,20243,시간대_21_24_유동인구_수,1648,0,0.0,1,0
길단위인구-상권,20243,여성_유동인구_수,1648,0,0.0,1,0
길단위인구-상권,20243,연령대_10_유동인구_수,1648,0,0.0,1,0
길단위인구-상권,20243,연령대_20_유동인구_수,1648,0,0.0,1,0
길단위인구-상권,20243,연령대_30_유동인구_수,1648,0,0.0,1,0
길단위인구-상권,20243,연령대_40_유동인구_수,1648,0,0.0,0,0
길단위인구-상권,20243,연령대_50_유동인구_수,1648,0,0.0,1,0
길단위인구-상권,20243,연령대_60_이상_유동인구_수,1648,0,0.0,1,0
길단위인구-상권,20243,월요일_유동인구_수,1648,0,0.0,0,0
길단위인구-상권,20243,일요일_유동인구_수,1648,0,0.0,1,0
길단위인구-상권,20243,총_유동인구_수,1648,0,0.0,0,0
길단위인구-상권,20243,토요일_유동인구_수,1648,0,0.0,1,0
길단위인구-상권,20243,화요일_유동인구_수,1648,0,0.0,0,0
길단위인구-상권,20244,금요일_유동인구_수,1649,0,0.0,0,0
길단위인구-상권,20244,기준_년분기_코드,1649,0,0.0,0,0
길단위인구-상권,20244,남성_유동인구_수,1649,0,0.0,0,0
길단위인구-상권,20244,목요일_유동인구_수,1649,0,0.0,0,0
길단위인구-상권,20244,상권_구분_코드,1649,0,0.0,0,0
길단위인구-상권,20244,상권_구분_코드_명,1649,0,0.0,0,0
길단위인구-상권,20244,상권_코드,1649,0,0.0,0,0
길단위인구-상권,20244,상권_코드_명,1649,0,0.0,0,0
길단위인구-상권,20244,수요일_유동인구_수,1649,0,0.0,0,0
길단위인구-상권,20244,시간대_00_06_유동인구_수,1649,0,0.0,2,0
길단위인구-상권,20244,시간대_06_11_유동인구_수,1649,0,0.0,0,0
길단위인구-상권,20244,시간대_11_14_유동인구_수,1649,0,0.0,1,0
길단위인구-상권,20244,시간대_14_17_유동인구_수,1649,0,0.0,0,0
길단위인구-상권,20244,시간대_17_21_유동인구_수,1649,0,0.0,2,0
길단위인구-상권,20244,시간대_21_24_유동인구_수,1649,0,0.0,2,0
길단위인구-상권,20244,여성_유동인구_수,1649,0,0.0,1,0
길단위인구-상권,20244,연령대_10_유동인구_수,1649,0,0.0,2,0
길단위인구-상권,20244,연령대_20_유동인구_수,1649,0,0.0,1,0
길단위인구-상권,20244,연령대_30_유동인구_수,1649,0,0.0,2,0
길단위인구-상권,20244,연령대_40_유동인구_수,1649,0,0.0,0,0
길단위인구-상권,20244,연령대_50_유동인구_수,1649,0,0.0,2,0
길단위인구-상권,20244,연령대_60_이상_유동인구_수,1649,0,0.0,1,0
길단위인구-상권,20244,월요일_유동인구_수,1649,0,0.0,1,0
길단위인구-상권,20244,일요일_유동인구_수,1649,0,0.0,2,0
길단위인구-상권,20244,총_유동인구_수,1649,0,0.0,0,0
길단위인구-상권,20244,토요일_유동인구_수,1649,0,0.0,2,0
길단위인구-상권,20244,화요일_유동인구_수,1649,0,0.0,0,0
길단위인구-상권,20251,금요일_유동인구_수,1650,0,0.0,1,0
길단위인구-상권,20251,기준_년분기_코드,1650,0,0.0,0,0
길단위인구-상권,20251,남성_유동인구_수,1650,0,0.0,0,0
길단위인구-상권,20251,목요일_유동인구_수,1650,0,0.0,1,0
길단위인구-상권,20251,상권_구분_코드,1650,0,0.0,0,0
길단위인구-상권,20251,상권_구분_코드_명,1650,0,0.0,0,0
길단위인구-상권,20251,상권_코드,1650,0,0.0,0,0
길단위인구-상권,20251,상권_코드_명,1650,0,0.0,0,0
길단위인구-상권,20251,수요일_유동인구_수,1650,0,0.0,1,0
길단위인구-상권,20251,시간대_00_06_유동인구_수,1650,0,0.0,3,0
길단위인구-상권,20251,시간대_06_11_유동인구_수,1650,0,0.0,1,0
길단위인구-상권,20251,시간대_11_14_유동인구_수,1650,0,0.0,0,0
길단위인구-상권,20251,시간대_14_17_유동인구_수,1650,0,0.0,1,0
길단위인구-상권,20251,시간대_17_21_유동인구_수,1650,0,0.0,3,0
길단위인구-상권,20251,시간대_21_24_유동인구_수,1650,0,0.0,3,0
길단위인구-상권,20251,여성_유동인구_수,1650,0,0.0,3,0
길단위인구-상권,20251,연령대_10_유동인구_수,1650,0,0.0,3,0
길단위인구-상권,20251,연령대_20_유동인구_수,1650,0,0.0,3,0
길단위인구-상권,20251,연령대_30_유동인구_수,1650,0,0.0,3,0
길단위인구-상권,20251,연령대_40_유동인구_수,1650,0,0.0,1,0
길단위인구-상권,20251,연령대_50_유동인구_수,1650,0,0.0,2,0
길단위인구-상권,20251,연령대_60_이상_유동인구_수,1650,0,0.0,1,0
길단위인구-상권,20251,월요일_유동인구_수,1650,0,0.0,2,0
길단위인구-상권,20251,일요일_유동인구_수,1650,0,0.0,3,0
길단위인구-상권,20251,총_유동인구_수,1650,0,0.0,0,0
길단위인구-상권,20251,토요일_유동인구_수,1650,0,0.0,2,0
길단위인구-상권,20251,화요일_유동인구_수,1650,0,0.0,2,0
길단위인구-상권,20252,금요일_유동인구_수,1649,0,0.0,0,0
길단위인구-상권,20252,기준_년분기_코드,1649,0,0.0,0,0
길단위인구-상권,20252,남성_유동인구_수,1649,0,0.0,0,0
길단위인구-상권,20252,목요일_유동인구_수,1649,0,0.0,0,0
길단위인구-상권,20252,상권_구분_코드,1649,0,0.0,0,0
길단위인구-상권,20252,상권_구분_코드_명,1649,0,0.0,0,0
길단위인구-상권,20252,상권_코드,1649,0,0.0,0,0
길단위인구-상권,20252,상권_코드_명,1649,0,0.0,0,0
길단위인구-상권,20252,수요일_유동인구_수,1649,0,0.0,0,0
길단위인구-상권,20252,시간대_00_06_유동인구_수,1649,0,0.0,2,0
길단위인구-상권,20252,시간대_06_11_유동인구_수,1649,0,0.0,0,0
길단위인구-상권,20252,시간대_11_14_유동인구_수,1649,0,0.0,0,0
길단위인구-상권,20252,시간대_14_17_유동인구_수,1649,0,0.0,0,0
길단위인구-상권,20252,시간대_17_21_유동인구_수,1649,0,0.0,2,0
길단위인구-상권,20252,시간대_21_24_유동인구_수,1649,0,0.0,2,0
길단위인구-상권,20252,여성_유동인구_수,1649,0,0.0,1,0
길단위인구-상권,20252,연령대_10_유동인구_수,1649,0,0.0,1,0
길단위인구-상권,20252,연령대_20_유동인구_수,1649,0,0.0,2,0
길단위인구-상권,20252,연령대_30_유동인구_수,1649,0,0.0,3,0
길단위인구-상권,20252,연령대_40_유동인구_수,1649,0,0.0,0,0
길단위인구-상권,20252,연령대_50_유동인구_수,1649,0,0.0,2,0
길단위인구-상권,20252,연령대_60_이상_유동인구_수,1649,0,0.0,1,0
길단위인구-상권,20252,월요일_유동인구_수,1649,0,0.0,1,0
길단위인구-상권,20252,일요일_유동인구_수,1649,0,0.0,1,0
길단위인구-상권,20252,총_유동인구_수,1649,0,0.0,0,0
길단위인구-상권,20252,토요일_유동인구_수,1649,0,0.0,2,0
길단위인구-상권,20252,화요일_유동인구_수,1649,0,0.0,0,0
길단위인구-상권,20253,금요일_유동인구_수,1648,0,0.0,0,0
길단위인구-상권,20253,기준_년분기_코드,1648,0,0.0,0,0
길단위인구-상권,20253,남성_유동인구_수,1648,0,0.0,0,0
길단위인구-상권,20253,목요일_유동인구_수,1648,0,0.0,0,0
길단위인구-상권,20253,상권_구분_코드,1648,0,0.0,0,0
길단위인구-상권,20253,상권_구분_코드_명,1648,0,0.0,0,0
길단위인구-상권,20253,상권_코드,1648,0,0.0,0,0
길단위인구-상권,20253,상권_코드_명,1648,0,0.0,0,0
길단위인구-상권,20253,수요일_유동인구_수,1648,0,0.0,0,0
길단위인구-상권,20253,시간대_00_06_유동인구_수,1648,0,0.0,1,0
길단위인구-상권,20253,시간대_06_11_유동인구_수,1648,0,0.0,0,0
길단위인구-상권,20253,시간대_11_14_유동인구_수,1648,0,0.0,0,0
길단위인구-상권,20253,시간대_14_17_유동인구_수,1648,0,0.0,0,0
길단위인구-상권,20253,시간대_17_21_유동인구_수,1648,0,0.0,0,0
길단위인구-상권,20253,시간대_21_24_유동인구_수,1648,0,0.0,1,0
길단위인구-상권,20253,여성_유동인구_수,1648,0,0.0,1,0
길단위인구-상권,20253,연령대_10_유동인구_수,1648,0,0.0,1,0
길단위인구-상권,20253,연령대_20_유동인구_수,1648,0,0.0,1,0
길단위인구-상권,20253,연령대_30_유동인구_수,1648,0,0.0,2,0
길단위인구-상권,20253,연령대_40_유동인구_수,1648,0,0.0,0,0
길단위인구-상권,20253,연령대_50_유동인구_수,1648,0,0.0,0,0
길단위인구-상권,20253,연령대_60_이상_유동인구_수,1648,0,0.0,1,0
길단위인구-상권,20253,월요일_유동인구_수,1648,0,0.0,0,0
길단위인구-상권,20253,일요일_유동인구_수,1648,0,0.0,1,0
길단위인구-상권,20253,총_유동인구_수,1648,0,0.0,0,0
길단위인구-상권,20253,토요일_유동인구_수,1648,0,0.0,1,0
길단위인구-상권,20253,화요일_유동인구_수,1648,0,0.0,0,0
길단위인구-상권,20254,금요일_유동인구_수,1648,0,0.0,0,0
길단위인구-상권,20254,기준_년분기_코드,1648,0,0.0,0,0
길단위인구-상권,20254,남성_유동인구_수,1648,0,0.0,0,0
길단위인구-상권,20254,목요일_유동인구_수,1648,0,0.0,0,0
길단위인구-상권,20254,상권_구분_코드,1648,0,0.0,0,0
길단위인구-상권,20254,상권_구분_코드_명,1648,0,0.0,0,0
길단위인구-상권,20254,상권_코드,1648,0,0.0,0,0
길단위인구-상권,20254,상권_코드_명,1648,0,0.0,0,0
길단위인구-상권,20254,수요일_유동인구_수,1648,0,0.0,0,0
길단위인구-상권,20254,시간대_00_06_유동인구_수,1648,0,0.0,1,0
길단위인구-상권,20254,시간대_06_11_유동인구_수,1648,0,0.0,0,0
길단위인구-상권,20254,시간대_11_14_유동인구_수,1648,0,0.0,0,0
길단위인구-상권,20254,시간대_14_17_유동인구_수,1648,0,0.0,0,0
길단위인구-상권,20254,시간대_17_21_유동인구_수,1648,0,0.0,1,0
길단위인구-상권,20254,시간대_21_24_유동인구_수,1648,0,0.0,1,0
길단위인구-상권,20254,여성_유동인구_수,1648,0,0.0,1,0
길단위인구-상권,20254,연령대_10_유동인구_수,1648,0,0.0,1,0
길단위인구-상권,20254,연령대_20_유동인구_수,1648,0,0.0,1,0
길단위인구-상권,20254,연령대_30_유동인구_수,1648,0,0.0,2,0
길단위인구-상권,20254,연령대_40_유동인구_수,1648,0,0.0,0,0
길단위인구-상권,20254,연령대_50_유동인구_수,1648,0,0.0,0,0
길단위인구-상권,20254,연령대_60_이상_유동인구_수,1648,0,0.0,1,0
길단위인구-상권,20254,월요일_유동인구_수,1648,0,0.0,0,0
길단위인구-상권,20254,일요일_유동인구_수,1648,0,0.0,1,0
길단위인구-상권,20254,총_유동인구_수,1648,0,0.0,0,0
길단위인구-상권,20254,토요일_유동인구_수,1648,0,0.0,1,0
길단위인구-상권,20254,화요일_유동인구_수,1648,0,0.0,0,0
길단위인구-상권,20261,금요일_유동인구_수,1649,0,0.0,0,0
길단위인구-상권,20261,기준_년분기_코드,1649,0,0.0,0,0
길단위인구-상권,20261,남성_유동인구_수,1649,0,0.0,0,0
길단위인구-상권,20261,목요일_유동인구_수,1649,0,0.0,1,0
길단위인구-상권,20261,상권_구분_코드,1649,0,0.0,0,0
길단위인구-상권,20261,상권_구분_코드_명,1649,0,0.0,0,0
길단위인구-상권,20261,상권_코드,1649,0,0.0,0,0
길단위인구-상권,20261,상권_코드_명,1649,0,0.0,0,0
길단위인구-상권,20261,수요일_유동인구_수,1649,0,0.0,1,0
길단위인구-상권,20261,시간대_00_06_유동인구_수,1649,0,0.0,2,0
길단위인구-상권,20261,시간대_06_11_유동인구_수,1649,0,0.0,0,0
길단위인구-상권,20261,시간대_11_14_유동인구_수,1649,0,0.0,0,0
길단위인구-상권,20261,시간대_14_17_유동인구_수,1649,0,0.0,0,0
길단위인구-상권,20261,시간대_17_21_유동인구_수,1649,0,0.0,2,0
길단위인구-상권,20261,시간대_21_24_유동인구_수,1649,0,0.0,2,0
길단위인구-상권,20261,여성_유동인구_수,1649,0,0.0,1,0
길단위인구-상권,20261,연령대_10_유동인구_수,1649,0,0.0,1,0
길단위인구-상권,20261,연령대_20_유동인구_수,1649,0,0.0,2,0
길단위인구-상권,20261,연령대_30_유동인구_수,1649,0,0.0,3,0
길단위인구-상권,20261,연령대_40_유동인구_수,1649,0,0.0,0,0
길단위인구-상권,20261,연령대_50_유동인구_수,1649,0,0.0,1,0
길단위인구-상권,20261,연령대_60_이상_유동인구_수,1649,0,0.0,1,0
길단위인구-상권,20261,월요일_유동인구_수,1649,0,0.0,1,0
길단위인구-상권,20261,일요일_유동인구_수,1649,0,0.0,1,0
길단위인구-상권,20261,총_유동인구_수,1649,0,0.0,0,0
길단위인구-상권,20261,토요일_유동인구_수,1649,0,0.0,2,0
길단위인구-상권,20261,화요일_유동인구_수,1649,0,0.0,0,0
상권변화지표-상권,20211,기준_년분기_코드,1650,0,0.0,0,0
상권변화지표-상권,20211,상권_구분_코드,1650,0,0.0,0,0
상권변화지표-상권,20211,상권_구분_코드_명,1650,0,0.0,0,0
상권변화지표-상권,20211,상권_변화_지표,1650,0,0.0,0,0
상권변화지표-상권,20211,상권_변화_지표_명,1650,0,0.0,0,0
상권변화지표-상권,20211,상권_코드,1650,0,0.0,0,0
상권변화지표-상권,20211,상권_코드_명,1650,0,0.0,0,0
상권변화지표-상권,20211,서울_운영_영업_개월_평균,1650,0,0.0,0,0
상권변화지표-상권,20211,서울_폐업_영업_개월_평균,1650,0,0.0,0,0
상권변화지표-상권,20211,운영_영업_개월_평균,1650,0,0.0,0,0
상권변화지표-상권,20211,폐업_영업_개월_평균,1650,0,0.0,0,0
상권변화지표-상권,20212,기준_년분기_코드,1650,0,0.0,0,0
상권변화지표-상권,20212,상권_구분_코드,1650,0,0.0,0,0
상권변화지표-상권,20212,상권_구분_코드_명,1650,0,0.0,0,0
상권변화지표-상권,20212,상권_변화_지표,1650,0,0.0,0,0
상권변화지표-상권,20212,상권_변화_지표_명,1650,0,0.0,0,0
상권변화지표-상권,20212,상권_코드,1650,0,0.0,0,0
상권변화지표-상권,20212,상권_코드_명,1650,0,0.0,0,0
상권변화지표-상권,20212,서울_운영_영업_개월_평균,1650,0,0.0,0,0
상권변화지표-상권,20212,서울_폐업_영업_개월_평균,1650,0,0.0,0,0
상권변화지표-상권,20212,운영_영업_개월_평균,1650,0,0.0,0,0
상권변화지표-상권,20212,폐업_영업_개월_평균,1650,0,0.0,0,0
상권변화지표-상권,20213,기준_년분기_코드,1650,0,0.0,0,0
상권변화지표-상권,20213,상권_구분_코드,1650,0,0.0,0,0
상권변화지표-상권,20213,상권_구분_코드_명,1650,0,0.0,0,0
상권변화지표-상권,20213,상권_변화_지표,1650,0,0.0,0,0
상권변화지표-상권,20213,상권_변화_지표_명,1650,0,0.0,0,0
상권변화지표-상권,20213,상권_코드,1650,0,0.0,0,0
상권변화지표-상권,20213,상권_코드_명,1650,0,0.0,0,0
상권변화지표-상권,20213,서울_운영_영업_개월_평균,1650,0,0.0,0,0
상권변화지표-상권,20213,서울_폐업_영업_개월_평균,1650,0,0.0,0,0
상권변화지표-상권,20213,운영_영업_개월_평균,1650,0,0.0,0,0
상권변화지표-상권,20213,폐업_영업_개월_평균,1650,0,0.0,0,0
상권변화지표-상권,20214,기준_년분기_코드,1650,0,0.0,0,0
상권변화지표-상권,20214,상권_구분_코드,1650,0,0.0,0,0
상권변화지표-상권,20214,상권_구분_코드_명,1650,0,0.0,0,0
상권변화지표-상권,20214,상권_변화_지표,1650,0,0.0,0,0
상권변화지표-상권,20214,상권_변화_지표_명,1650,0,0.0,0,0
상권변화지표-상권,20214,상권_코드,1650,0,0.0,0,0
상권변화지표-상권,20214,상권_코드_명,1650,0,0.0,0,0
상권변화지표-상권,20214,서울_운영_영업_개월_평균,1650,0,0.0,0,0
상권변화지표-상권,20214,서울_폐업_영업_개월_평균,1650,0,0.0,0,0
상권변화지표-상권,20214,운영_영업_개월_평균,1650,0,0.0,0,0
상권변화지표-상권,20214,폐업_영업_개월_평균,1650,0,0.0,0,0
상권변화지표-상권,20221,기준_년분기_코드,1650,0,0.0,0,0
상권변화지표-상권,20221,상권_구분_코드,1650,0,0.0,0,0
상권변화지표-상권,20221,상권_구분_코드_명,1650,0,0.0,0,0
상권변화지표-상권,20221,상권_변화_지표,1650,0,0.0,0,0
상권변화지표-상권,20221,상권_변화_지표_명,1650,0,0.0,0,0
상권변화지표-상권,20221,상권_코드,1650,0,0.0,0,0
상권변화지표-상권,20221,상권_코드_명,1650,0,0.0,0,0
상권변화지표-상권,20221,서울_운영_영업_개월_평균,1650,0,0.0,0,0
상권변화지표-상권,20221,서울_폐업_영업_개월_평균,1650,0,0.0,0,0
상권변화지표-상권,20221,운영_영업_개월_평균,1650,0,0.0,0,0
상권변화지표-상권,20221,폐업_영업_개월_평균,1650,0,0.0,0,0
상권변화지표-상권,20222,기준_년분기_코드,1650,0,0.0,0,0
상권변화지표-상권,20222,상권_구분_코드,1650,0,0.0,0,0
상권변화지표-상권,20222,상권_구분_코드_명,1650,0,0.0,0,0
상권변화지표-상권,20222,상권_변화_지표,1650,0,0.0,0,0
상권변화지표-상권,20222,상권_변화_지표_명,1650,0,0.0,0,0
상권변화지표-상권,20222,상권_코드,1650,0,0.0,0,0
상권변화지표-상권,20222,상권_코드_명,1650,0,0.0,0,0
상권변화지표-상권,20222,서울_운영_영업_개월_평균,1650,0,0.0,0,0
상권변화지표-상권,20222,서울_폐업_영업_개월_평균,1650,0,0.0,0,0
상권변화지표-상권,20222,운영_영업_개월_평균,1650,0,0.0,0,0
상권변화지표-상권,20222,폐업_영업_개월_평균,1650,0,0.0,0,0
상권변화지표-상권,20223,기준_년분기_코드,1650,0,0.0,0,0
상권변화지표-상권,20223,상권_구분_코드,1650,0,0.0,0,0
상권변화지표-상권,20223,상권_구분_코드_명,1650,0,0.0,0,0
상권변화지표-상권,20223,상권_변화_지표,1650,0,0.0,0,0
상권변화지표-상권,20223,상권_변화_지표_명,1650,0,0.0,0,0
상권변화지표-상권,20223,상권_코드,1650,0,0.0,0,0
상권변화지표-상권,20223,상권_코드_명,1650,0,0.0,0,0
상권변화지표-상권,20223,서울_운영_영업_개월_평균,1650,0,0.0,0,0
상권변화지표-상권,20223,서울_폐업_영업_개월_평균,1650,0,0.0,0,0
상권변화지표-상권,20223,운영_영업_개월_평균,1650,0,0.0,0,0
상권변화지표-상권,20223,폐업_영업_개월_평균,1650,0,0.0,0,0
상권변화지표-상권,20224,기준_년분기_코드,1650,0,0.0,0,0
상권변화지표-상권,20224,상권_구분_코드,1650,0,0.0,0,0
상권변화지표-상권,20224,상권_구분_코드_명,1650,0,0.0,0,0
상권변화지표-상권,20224,상권_변화_지표,1650,0,0.0,0,0
상권변화지표-상권,20224,상권_변화_지표_명,1650,0,0.0,0,0
상권변화지표-상권,20224,상권_코드,1650,0,0.0,0,0
상권변화지표-상권,20224,상권_코드_명,1650,0,0.0,0,0
상권변화지표-상권,20224,서울_운영_영업_개월_평균,1650,0,0.0,0,0
상권변화지표-상권,20224,서울_폐업_영업_개월_평균,1650,0,0.0,0,0
상권변화지표-상권,20224,운영_영업_개월_평균,1650,0,0.0,0,0
상권변화지표-상권,20224,폐업_영업_개월_평균,1650,0,0.0,0,0
상권변화지표-상권,20231,기준_년분기_코드,1650,0,0.0,0,0
상권변화지표-상권,20231,상권_구분_코드,1650,0,0.0,0,0
상권변화지표-상권,20231,상권_구분_코드_명,1650,0,0.0,0,0
상권변화지표-상권,20231,상권_변화_지표,1650,0,0.0,0,0
상권변화지표-상권,20231,상권_변화_지표_명,1650,0,0.0,0,0
상권변화지표-상권,20231,상권_코드,1650,0,0.0,0,0
상권변화지표-상권,20231,상권_코드_명,1650,0,0.0,0,0
상권변화지표-상권,20231,서울_운영_영업_개월_평균,1650,0,0.0,0,0
상권변화지표-상권,20231,서울_폐업_영업_개월_평균,1650,0,0.0,0,0
상권변화지표-상권,20231,운영_영업_개월_평균,1650,0,0.0,0,0
상권변화지표-상권,20231,폐업_영업_개월_평균,1650,0,0.0,0,0
상권변화지표-상권,20232,기준_년분기_코드,1650,0,0.0,0,0
상권변화지표-상권,20232,상권_구분_코드,1650,0,0.0,0,0
상권변화지표-상권,20232,상권_구분_코드_명,1650,0,0.0,0,0
상권변화지표-상권,20232,상권_변화_지표,1650,0,0.0,0,0
상권변화지표-상권,20232,상권_변화_지표_명,1650,0,0.0,0,0
상권변화지표-상권,20232,상권_코드,1650,0,0.0,0,0
상권변화지표-상권,20232,상권_코드_명,1650,0,0.0,0,0
상권변화지표-상권,20232,서울_운영_영업_개월_평균,1650,0,0.0,0,0
상권변화지표-상권,20232,서울_폐업_영업_개월_평균,1650,0,0.0,0,0
상권변화지표-상권,20232,운영_영업_개월_평균,1650,0,0.0,0,0
상권변화지표-상권,20232,폐업_영업_개월_평균,1650,0,0.0,0,0
상권변화지표-상권,20233,기준_년분기_코드,1650,0,0.0,0,0
상권변화지표-상권,20233,상권_구분_코드,1650,0,0.0,0,0
상권변화지표-상권,20233,상권_구분_코드_명,1650,0,0.0,0,0
상권변화지표-상권,20233,상권_변화_지표,1650,0,0.0,0,0
상권변화지표-상권,20233,상권_변화_지표_명,1650,0,0.0,0,0
상권변화지표-상권,20233,상권_코드,1650,0,0.0,0,0
상권변화지표-상권,20233,상권_코드_명,1650,0,0.0,0,0
상권변화지표-상권,20233,서울_운영_영업_개월_평균,1650,0,0.0,0,0
상권변화지표-상권,20233,서울_폐업_영업_개월_평균,1650,0,0.0,0,0
상권변화지표-상권,20233,운영_영업_개월_평균,1650,0,0.0,0,0
상권변화지표-상권,20233,폐업_영업_개월_평균,1650,0,0.0,0,0
상권변화지표-상권,20234,기준_년분기_코드,1650,0,0.0,0,0
상권변화지표-상권,20234,상권_구분_코드,1650,0,0.0,0,0
상권변화지표-상권,20234,상권_구분_코드_명,1650,0,0.0,0,0
상권변화지표-상권,20234,상권_변화_지표,1650,0,0.0,0,0
상권변화지표-상권,20234,상권_변화_지표_명,1650,0,0.0,0,0
상권변화지표-상권,20234,상권_코드,1650,0,0.0,0,0
상권변화지표-상권,20234,상권_코드_명,1650,0,0.0,0,0
상권변화지표-상권,20234,서울_운영_영업_개월_평균,1650,0,0.0,0,0
상권변화지표-상권,20234,서울_폐업_영업_개월_평균,1650,0,0.0,0,0
상권변화지표-상권,20234,운영_영업_개월_평균,1650,0,0.0,0,0
상권변화지표-상권,20234,폐업_영업_개월_평균,1650,0,0.0,0,0
상권변화지표-상권,20241,기준_년분기_코드,1650,0,0.0,0,0
상권변화지표-상권,20241,상권_구분_코드,1650,0,0.0,0,0
상권변화지표-상권,20241,상권_구분_코드_명,1650,0,0.0,0,0
상권변화지표-상권,20241,상권_변화_지표,1650,0,0.0,0,0
상권변화지표-상권,20241,상권_변화_지표_명,1650,0,0.0,0,0
상권변화지표-상권,20241,상권_코드,1650,0,0.0,0,0
상권변화지표-상권,20241,상권_코드_명,1650,0,0.0,0,0
상권변화지표-상권,20241,서울_운영_영업_개월_평균,1650,0,0.0,0,0
상권변화지표-상권,20241,서울_폐업_영업_개월_평균,1650,0,0.0,0,0
상권변화지표-상권,20241,운영_영업_개월_평균,1650,0,0.0,0,0
상권변화지표-상권,20241,폐업_영업_개월_평균,1650,0,0.0,0,0
상권변화지표-상권,20242,기준_년분기_코드,1650,0,0.0,0,0
상권변화지표-상권,20242,상권_구분_코드,1650,0,0.0,0,0
상권변화지표-상권,20242,상권_구분_코드_명,1650,0,0.0,0,0
상권변화지표-상권,20242,상권_변화_지표,1650,0,0.0,0,0
상권변화지표-상권,20242,상권_변화_지표_명,1650,0,0.0,0,0
상권변화지표-상권,20242,상권_코드,1650,0,0.0,0,0
상권변화지표-상권,20242,상권_코드_명,1650,0,0.0,0,0
상권변화지표-상권,20242,서울_운영_영업_개월_평균,1650,0,0.0,0,0
상권변화지표-상권,20242,서울_폐업_영업_개월_평균,1650,0,0.0,0,0
상권변화지표-상권,20242,운영_영업_개월_평균,1650,0,0.0,0,0
상권변화지표-상권,20242,폐업_영업_개월_평균,1650,0,0.0,0,0
상권변화지표-상권,20243,기준_년분기_코드,1650,0,0.0,0,0
상권변화지표-상권,20243,상권_구분_코드,1650,0,0.0,0,0
상권변화지표-상권,20243,상권_구분_코드_명,1650,0,0.0,0,0
상권변화지표-상권,20243,상권_변화_지표,1650,0,0.0,0,0
상권변화지표-상권,20243,상권_변화_지표_명,1650,0,0.0,0,0
상권변화지표-상권,20243,상권_코드,1650,0,0.0,0,0
상권변화지표-상권,20243,상권_코드_명,1650,0,0.0,0,0
상권변화지표-상권,20243,서울_운영_영업_개월_평균,1650,0,0.0,0,0
상권변화지표-상권,20243,서울_폐업_영업_개월_평균,1650,0,0.0,0,0
상권변화지표-상권,20243,운영_영업_개월_평균,1650,0,0.0,0,0
상권변화지표-상권,20243,폐업_영업_개월_평균,1650,0,0.0,0,0
상권변화지표-상권,20244,기준_년분기_코드,1650,0,0.0,0,0
상권변화지표-상권,20244,상권_구분_코드,1650,0,0.0,0,0
상권변화지표-상권,20244,상권_구분_코드_명,1650,0,0.0,0,0
상권변화지표-상권,20244,상권_변화_지표,1650,0,0.0,0,0
상권변화지표-상권,20244,상권_변화_지표_명,1650,0,0.0,0,0
상권변화지표-상권,20244,상권_코드,1650,0,0.0,0,0
상권변화지표-상권,20244,상권_코드_명,1650,0,0.0,0,0
상권변화지표-상권,20244,서울_운영_영업_개월_평균,1650,0,0.0,0,0
상권변화지표-상권,20244,서울_폐업_영업_개월_평균,1650,0,0.0,0,0
상권변화지표-상권,20244,운영_영업_개월_평균,1650,0,0.0,0,0
상권변화지표-상권,20244,폐업_영업_개월_평균,1650,0,0.0,0,0
상권변화지표-상권,20251,기준_년분기_코드,1650,0,0.0,0,0
상권변화지표-상권,20251,상권_구분_코드,1650,0,0.0,0,0
상권변화지표-상권,20251,상권_구분_코드_명,1650,0,0.0,0,0
상권변화지표-상권,20251,상권_변화_지표,1650,0,0.0,0,0
상권변화지표-상권,20251,상권_변화_지표_명,1650,0,0.0,0,0
상권변화지표-상권,20251,상권_코드,1650,0,0.0,0,0
상권변화지표-상권,20251,상권_코드_명,1650,0,0.0,0,0
상권변화지표-상권,20251,서울_운영_영업_개월_평균,1650,0,0.0,0,0
상권변화지표-상권,20251,서울_폐업_영업_개월_평균,1650,0,0.0,0,0
상권변화지표-상권,20251,운영_영업_개월_평균,1650,0,0.0,0,0
상권변화지표-상권,20251,폐업_영업_개월_평균,1650,0,0.0,0,0
상권변화지표-상권,20252,기준_년분기_코드,1650,0,0.0,0,0
상권변화지표-상권,20252,상권_구분_코드,1650,0,0.0,0,0
상권변화지표-상권,20252,상권_구분_코드_명,1650,0,0.0,0,0
상권변화지표-상권,20252,상권_변화_지표,1650,0,0.0,0,0
상권변화지표-상권,20252,상권_변화_지표_명,1650,0,0.0,0,0
상권변화지표-상권,20252,상권_코드,1650,0,0.0,0,0
상권변화지표-상권,20252,상권_코드_명,1650,0,0.0,0,0
상권변화지표-상권,20252,서울_운영_영업_개월_평균,1650,0,0.0,0,0
상권변화지표-상권,20252,서울_폐업_영업_개월_평균,1650,0,0.0,0,0
상권변화지표-상권,20252,운영_영업_개월_평균,1650,0,0.0,0,0
상권변화지표-상권,20252,폐업_영업_개월_평균,1650,0,0.0,0,0
상권변화지표-상권,20253,기준_년분기_코드,1650,0,0.0,0,0
상권변화지표-상권,20253,상권_구분_코드,1650,0,0.0,0,0
상권변화지표-상권,20253,상권_구분_코드_명,1650,0,0.0,0,0
상권변화지표-상권,20253,상권_변화_지표,1650,0,0.0,0,0
상권변화지표-상권,20253,상권_변화_지표_명,1650,0,0.0,0,0
상권변화지표-상권,20253,상권_코드,1650,0,0.0,0,0
상권변화지표-상권,20253,상권_코드_명,1650,0,0.0,0,0
상권변화지표-상권,20253,서울_운영_영업_개월_평균,1650,0,0.0,0,0
상권변화지표-상권,20253,서울_폐업_영업_개월_평균,1650,0,0.0,0,0
상권변화지표-상권,20253,운영_영업_개월_평균,1650,0,0.0,0,0
상권변화지표-상권,20253,폐업_영업_개월_평균,1650,0,0.0,0,0
상권변화지표-상권,20254,기준_년분기_코드,1650,0,0.0,0,0
상권변화지표-상권,20254,상권_구분_코드,1650,0,0.0,0,0
상권변화지표-상권,20254,상권_구분_코드_명,1650,0,0.0,0,0
상권변화지표-상권,20254,상권_변화_지표,1650,0,0.0,0,0
상권변화지표-상권,20254,상권_변화_지표_명,1650,0,0.0,0,0
상권변화지표-상권,20254,상권_코드,1650,0,0.0,0,0
상권변화지표-상권,20254,상권_코드_명,1650,0,0.0,0,0
상권변화지표-상권,20254,서울_운영_영업_개월_평균,1650,0,0.0,0,0
상권변화지표-상권,20254,서울_폐업_영업_개월_평균,1650,0,0.0,0,0
상권변화지표-상권,20254,운영_영업_개월_평균,1650,0,0.0,0,0
상권변화지표-상권,20254,폐업_영업_개월_평균,1650,0,0.0,0,0
상권변화지표-상권,20261,기준_년분기_코드,1650,0,0.0,0,0
상권변화지표-상권,20261,상권_구분_코드,1650,0,0.0,0,0
상권변화지표-상권,20261,상권_구분_코드_명,1650,0,0.0,0,0
상권변화지표-상권,20261,상권_변화_지표,1650,0,0.0,0,0
상권변화지표-상권,20261,상권_변화_지표_명,1650,0,0.0,0,0
상권변화지표-상권,20261,상권_코드,1650,0,0.0,0,0
상권변화지표-상권,20261,상권_코드_명,1650,0,0.0,0,0
상권변화지표-상권,20261,서울_운영_영업_개월_평균,1650,0,0.0,0,0
상권변화지표-상권,20261,서울_폐업_영업_개월_평균,1650,0,0.0,0,0
상권변화지표-상권,20261,운영_영업_개월_평균,1650,0,0.0,0,0
상권변화지표-상권,20261,폐업_영업_개월_평균,1650,0,0.0,0,0
상권변화지표-자치구,20211,기준_년분기_코드,25,0,0.0,0,0
상권변화지표-자치구,20211,상권_변화_지표,25,0,0.0,0,0
상권변화지표-자치구,20211,상권_변화_지표_명,25,0,0.0,0,0
상권변화지표-자치구,20211,서울_운영_영업_개월_평균,25,0,0.0,0,0
상권변화지표-자치구,20211,서울_폐업_영업_개월_평균,25,0,0.0,0,0
상권변화지표-자치구,20211,운영_영업_개월_평균,25,0,0.0,0,0
상권변화지표-자치구,20211,자치구_코드,25,0,0.0,0,0
상권변화지표-자치구,20211,자치구_코드_명,25,0,0.0,0,0
상권변화지표-자치구,20211,폐업_영업_개월_평균,25,0,0.0,0,0
상권변화지표-자치구,20212,기준_년분기_코드,25,0,0.0,0,0
상권변화지표-자치구,20212,상권_변화_지표,25,0,0.0,0,0
상권변화지표-자치구,20212,상권_변화_지표_명,25,0,0.0,0,0
상권변화지표-자치구,20212,서울_운영_영업_개월_평균,25,0,0.0,0,0
상권변화지표-자치구,20212,서울_폐업_영업_개월_평균,25,0,0.0,0,0
상권변화지표-자치구,20212,운영_영업_개월_평균,25,0,0.0,0,0
상권변화지표-자치구,20212,자치구_코드,25,0,0.0,0,0
상권변화지표-자치구,20212,자치구_코드_명,25,0,0.0,0,0
상권변화지표-자치구,20212,폐업_영업_개월_평균,25,0,0.0,0,0
상권변화지표-자치구,20213,기준_년분기_코드,25,0,0.0,0,0
상권변화지표-자치구,20213,상권_변화_지표,25,0,0.0,0,0
상권변화지표-자치구,20213,상권_변화_지표_명,25,0,0.0,0,0
상권변화지표-자치구,20213,서울_운영_영업_개월_평균,25,0,0.0,0,0
상권변화지표-자치구,20213,서울_폐업_영업_개월_평균,25,0,0.0,0,0
상권변화지표-자치구,20213,운영_영업_개월_평균,25,0,0.0,0,0
상권변화지표-자치구,20213,자치구_코드,25,0,0.0,0,0
상권변화지표-자치구,20213,자치구_코드_명,25,0,0.0,0,0
상권변화지표-자치구,20213,폐업_영업_개월_평균,25,0,0.0,0,0
상권변화지표-자치구,20214,기준_년분기_코드,25,0,0.0,0,0
상권변화지표-자치구,20214,상권_변화_지표,25,0,0.0,0,0
상권변화지표-자치구,20214,상권_변화_지표_명,25,0,0.0,0,0
상권변화지표-자치구,20214,서울_운영_영업_개월_평균,25,0,0.0,0,0
상권변화지표-자치구,20214,서울_폐업_영업_개월_평균,25,0,0.0,0,0
상권변화지표-자치구,20214,운영_영업_개월_평균,25,0,0.0,0,0
상권변화지표-자치구,20214,자치구_코드,25,0,0.0,0,0
상권변화지표-자치구,20214,자치구_코드_명,25,0,0.0,0,0
상권변화지표-자치구,20214,폐업_영업_개월_평균,25,0,0.0,0,0
상권변화지표-자치구,20221,기준_년분기_코드,25,0,0.0,0,0
상권변화지표-자치구,20221,상권_변화_지표,25,0,0.0,0,0
상권변화지표-자치구,20221,상권_변화_지표_명,25,0,0.0,0,0
상권변화지표-자치구,20221,서울_운영_영업_개월_평균,25,0,0.0,0,0
상권변화지표-자치구,20221,서울_폐업_영업_개월_평균,25,0,0.0,0,0
상권변화지표-자치구,20221,운영_영업_개월_평균,25,0,0.0,0,0
상권변화지표-자치구,20221,자치구_코드,25,0,0.0,0,0
상권변화지표-자치구,20221,자치구_코드_명,25,0,0.0,0,0
상권변화지표-자치구,20221,폐업_영업_개월_평균,25,0,0.0,0,0
상권변화지표-자치구,20222,기준_년분기_코드,25,0,0.0,0,0
상권변화지표-자치구,20222,상권_변화_지표,25,0,0.0,0,0
상권변화지표-자치구,20222,상권_변화_지표_명,25,0,0.0,0,0
상권변화지표-자치구,20222,서울_운영_영업_개월_평균,25,0,0.0,0,0
상권변화지표-자치구,20222,서울_폐업_영업_개월_평균,25,0,0.0,0,0
상권변화지표-자치구,20222,운영_영업_개월_평균,25,0,0.0,0,0
상권변화지표-자치구,20222,자치구_코드,25,0,0.0,0,0
상권변화지표-자치구,20222,자치구_코드_명,25,0,0.0,0,0
상권변화지표-자치구,20222,폐업_영업_개월_평균,25,0,0.0,0,0
상권변화지표-자치구,20223,기준_년분기_코드,25,0,0.0,0,0
상권변화지표-자치구,20223,상권_변화_지표,25,0,0.0,0,0
상권변화지표-자치구,20223,상권_변화_지표_명,25,0,0.0,0,0
상권변화지표-자치구,20223,서울_운영_영업_개월_평균,25,0,0.0,0,0
상권변화지표-자치구,20223,서울_폐업_영업_개월_평균,25,0,0.0,0,0
상권변화지표-자치구,20223,운영_영업_개월_평균,25,0,0.0,0,0
상권변화지표-자치구,20223,자치구_코드,25,0,0.0,0,0
상권변화지표-자치구,20223,자치구_코드_명,25,0,0.0,0,0
상권변화지표-자치구,20223,폐업_영업_개월_평균,25,0,0.0,0,0
상권변화지표-자치구,20224,기준_년분기_코드,25,0,0.0,0,0
상권변화지표-자치구,20224,상권_변화_지표,25,0,0.0,0,0
상권변화지표-자치구,20224,상권_변화_지표_명,25,0,0.0,0,0
상권변화지표-자치구,20224,서울_운영_영업_개월_평균,25,0,0.0,0,0
상권변화지표-자치구,20224,서울_폐업_영업_개월_평균,25,0,0.0,0,0
상권변화지표-자치구,20224,운영_영업_개월_평균,25,0,0.0,0,0
상권변화지표-자치구,20224,자치구_코드,25,0,0.0,0,0
상권변화지표-자치구,20224,자치구_코드_명,25,0,0.0,0,0
상권변화지표-자치구,20224,폐업_영업_개월_평균,25,0,0.0,0,0
상권변화지표-자치구,20231,기준_년분기_코드,25,0,0.0,0,0
상권변화지표-자치구,20231,상권_변화_지표,25,0,0.0,0,0
상권변화지표-자치구,20231,상권_변화_지표_명,25,0,0.0,0,0
상권변화지표-자치구,20231,서울_운영_영업_개월_평균,25,0,0.0,0,0
상권변화지표-자치구,20231,서울_폐업_영업_개월_평균,25,0,0.0,0,0
상권변화지표-자치구,20231,운영_영업_개월_평균,25,0,0.0,0,0
상권변화지표-자치구,20231,자치구_코드,25,0,0.0,0,0
상권변화지표-자치구,20231,자치구_코드_명,25,0,0.0,0,0
상권변화지표-자치구,20231,폐업_영업_개월_평균,25,0,0.0,0,0
상권변화지표-자치구,20232,기준_년분기_코드,25,0,0.0,0,0
상권변화지표-자치구,20232,상권_변화_지표,25,0,0.0,0,0
상권변화지표-자치구,20232,상권_변화_지표_명,25,0,0.0,0,0
상권변화지표-자치구,20232,서울_운영_영업_개월_평균,25,0,0.0,0,0
상권변화지표-자치구,20232,서울_폐업_영업_개월_평균,25,0,0.0,0,0
상권변화지표-자치구,20232,운영_영업_개월_평균,25,0,0.0,0,0
상권변화지표-자치구,20232,자치구_코드,25,0,0.0,0,0
상권변화지표-자치구,20232,자치구_코드_명,25,0,0.0,0,0
상권변화지표-자치구,20232,폐업_영업_개월_평균,25,0,0.0,0,0
상권변화지표-자치구,20233,기준_년분기_코드,25,0,0.0,0,0
상권변화지표-자치구,20233,상권_변화_지표,25,0,0.0,0,0
상권변화지표-자치구,20233,상권_변화_지표_명,25,0,0.0,0,0
상권변화지표-자치구,20233,서울_운영_영업_개월_평균,25,0,0.0,0,0
상권변화지표-자치구,20233,서울_폐업_영업_개월_평균,25,0,0.0,0,0
상권변화지표-자치구,20233,운영_영업_개월_평균,25,0,0.0,0,0
상권변화지표-자치구,20233,자치구_코드,25,0,0.0,0,0
상권변화지표-자치구,20233,자치구_코드_명,25,0,0.0,0,0
상권변화지표-자치구,20233,폐업_영업_개월_평균,25,0,0.0,0,0
상권변화지표-자치구,20234,기준_년분기_코드,25,0,0.0,0,0
상권변화지표-자치구,20234,상권_변화_지표,25,0,0.0,0,0
상권변화지표-자치구,20234,상권_변화_지표_명,25,0,0.0,0,0
상권변화지표-자치구,20234,서울_운영_영업_개월_평균,25,0,0.0,0,0
상권변화지표-자치구,20234,서울_폐업_영업_개월_평균,25,0,0.0,0,0
상권변화지표-자치구,20234,운영_영업_개월_평균,25,0,0.0,0,0
상권변화지표-자치구,20234,자치구_코드,25,0,0.0,0,0
상권변화지표-자치구,20234,자치구_코드_명,25,0,0.0,0,0
상권변화지표-자치구,20234,폐업_영업_개월_평균,25,0,0.0,0,0
상권변화지표-자치구,20241,기준_년분기_코드,25,0,0.0,0,0
상권변화지표-자치구,20241,상권_변화_지표,25,0,0.0,0,0
상권변화지표-자치구,20241,상권_변화_지표_명,25,0,0.0,0,0
상권변화지표-자치구,20241,서울_운영_영업_개월_평균,25,0,0.0,0,0
상권변화지표-자치구,20241,서울_폐업_영업_개월_평균,25,0,0.0,0,0
상권변화지표-자치구,20241,운영_영업_개월_평균,25,0,0.0,0,0
상권변화지표-자치구,20241,자치구_코드,25,0,0.0,0,0
상권변화지표-자치구,20241,자치구_코드_명,25,0,0.0,0,0
상권변화지표-자치구,20241,폐업_영업_개월_평균,25,0,0.0,0,0
상권변화지표-자치구,20242,기준_년분기_코드,25,0,0.0,0,0
상권변화지표-자치구,20242,상권_변화_지표,25,0,0.0,0,0
상권변화지표-자치구,20242,상권_변화_지표_명,25,0,0.0,0,0
상권변화지표-자치구,20242,서울_운영_영업_개월_평균,25,0,0.0,0,0
상권변화지표-자치구,20242,서울_폐업_영업_개월_평균,25,0,0.0,0,0
상권변화지표-자치구,20242,운영_영업_개월_평균,25,0,0.0,0,0
상권변화지표-자치구,20242,자치구_코드,25,0,0.0,0,0
상권변화지표-자치구,20242,자치구_코드_명,25,0,0.0,0,0
상권변화지표-자치구,20242,폐업_영업_개월_평균,25,0,0.0,0,0
상권변화지표-자치구,20243,기준_년분기_코드,25,0,0.0,0,0
상권변화지표-자치구,20243,상권_변화_지표,25,0,0.0,0,0
상권변화지표-자치구,20243,상권_변화_지표_명,25,0,0.0,0,0
상권변화지표-자치구,20243,서울_운영_영업_개월_평균,25,0,0.0,0,0
상권변화지표-자치구,20243,서울_폐업_영업_개월_평균,25,0,0.0,0,0
상권변화지표-자치구,20243,운영_영업_개월_평균,25,0,0.0,0,0
상권변화지표-자치구,20243,자치구_코드,25,0,0.0,0,0
상권변화지표-자치구,20243,자치구_코드_명,25,0,0.0,0,0
상권변화지표-자치구,20243,폐업_영업_개월_평균,25,0,0.0,0,0
상권변화지표-자치구,20244,기준_년분기_코드,25,0,0.0,0,0
상권변화지표-자치구,20244,상권_변화_지표,25,0,0.0,0,0
상권변화지표-자치구,20244,상권_변화_지표_명,25,0,0.0,0,0
상권변화지표-자치구,20244,서울_운영_영업_개월_평균,25,0,0.0,0,0
상권변화지표-자치구,20244,서울_폐업_영업_개월_평균,25,0,0.0,0,0
상권변화지표-자치구,20244,운영_영업_개월_평균,25,0,0.0,0,0
상권변화지표-자치구,20244,자치구_코드,25,0,0.0,0,0
상권변화지표-자치구,20244,자치구_코드_명,25,0,0.0,0,0
상권변화지표-자치구,20244,폐업_영업_개월_평균,25,0,0.0,0,0
상권변화지표-자치구,20251,기준_년분기_코드,25,0,0.0,0,0
상권변화지표-자치구,20251,상권_변화_지표,25,0,0.0,0,0
상권변화지표-자치구,20251,상권_변화_지표_명,25,0,0.0,0,0
상권변화지표-자치구,20251,서울_운영_영업_개월_평균,25,0,0.0,0,0
상권변화지표-자치구,20251,서울_폐업_영업_개월_평균,25,0,0.0,0,0
상권변화지표-자치구,20251,운영_영업_개월_평균,25,0,0.0,0,0
상권변화지표-자치구,20251,자치구_코드,25,0,0.0,0,0
상권변화지표-자치구,20251,자치구_코드_명,25,0,0.0,0,0
상권변화지표-자치구,20251,폐업_영업_개월_평균,25,0,0.0,0,0
상권변화지표-자치구,20252,기준_년분기_코드,25,0,0.0,0,0
상권변화지표-자치구,20252,상권_변화_지표,25,0,0.0,0,0
상권변화지표-자치구,20252,상권_변화_지표_명,25,0,0.0,0,0
상권변화지표-자치구,20252,서울_운영_영업_개월_평균,25,0,0.0,0,0
상권변화지표-자치구,20252,서울_폐업_영업_개월_평균,25,0,0.0,0,0
상권변화지표-자치구,20252,운영_영업_개월_평균,25,0,0.0,0,0
상권변화지표-자치구,20252,자치구_코드,25,0,0.0,0,0
상권변화지표-자치구,20252,자치구_코드_명,25,0,0.0,0,0
상권변화지표-자치구,20252,폐업_영업_개월_평균,25,0,0.0,0,0
상권변화지표-자치구,20253,기준_년분기_코드,25,0,0.0,0,0
상권변화지표-자치구,20253,상권_변화_지표,25,0,0.0,0,0
상권변화지표-자치구,20253,상권_변화_지표_명,25,0,0.0,0,0
상권변화지표-자치구,20253,서울_운영_영업_개월_평균,25,0,0.0,0,0
상권변화지표-자치구,20253,서울_폐업_영업_개월_평균,25,0,0.0,0,0
상권변화지표-자치구,20253,운영_영업_개월_평균,25,0,0.0,0,0
상권변화지표-자치구,20253,자치구_코드,25,0,0.0,0,0
상권변화지표-자치구,20253,자치구_코드_명,25,0,0.0,0,0
상권변화지표-자치구,20253,폐업_영업_개월_평균,25,0,0.0,0,0
상권변화지표-자치구,20254,기준_년분기_코드,25,0,0.0,0,0
상권변화지표-자치구,20254,상권_변화_지표,25,0,0.0,0,0
상권변화지표-자치구,20254,상권_변화_지표_명,25,0,0.0,0,0
상권변화지표-자치구,20254,서울_운영_영업_개월_평균,25,0,0.0,0,0
상권변화지표-자치구,20254,서울_폐업_영업_개월_평균,25,0,0.0,0,0
상권변화지표-자치구,20254,운영_영업_개월_평균,25,0,0.0,0,0
상권변화지표-자치구,20254,자치구_코드,25,0,0.0,0,0
상권변화지표-자치구,20254,자치구_코드_명,25,0,0.0,0,0
상권변화지표-자치구,20254,폐업_영업_개월_평균,25,0,0.0,0,0
상권변화지표-자치구,20261,기준_년분기_코드,25,0,0.0,0,0
상권변화지표-자치구,20261,상권_변화_지표,25,0,0.0,0,0
상권변화지표-자치구,20261,상권_변화_지표_명,25,0,0.0,0,0
상권변화지표-자치구,20261,서울_운영_영업_개월_평균,25,0,0.0,0,0
상권변화지표-자치구,20261,서울_폐업_영업_개월_평균,25,0,0.0,0,0
상권변화지표-자치구,20261,운영_영업_개월_평균,25,0,0.0,0,0
상권변화지표-자치구,20261,자치구_코드,25,0,0.0,0,0
상권변화지표-자치구,20261,자치구_코드_명,25,0,0.0,0,0
상권변화지표-자치구,20261,폐업_영업_개월_평균,25,0,0.0,0,0
상주인구-상권,20211,기준_년분기_코드,1634,0,0.0,0,0
상주인구-상권,20211,남성_상주인구_수,1634,0,0.0,1,0
상주인구-상권,20211,남성연령대_10_상주인구_수,1634,0,0.0,56,0
상주인구-상권,20211,남성연령대_20_상주인구_수,1634,0,0.0,28,0
상주인구-상권,20211,남성연령대_30_상주인구_수,1634,0,0.0,22,0
상주인구-상권,20211,남성연령대_40_상주인구_수,1634,0,0.0,23,0
상주인구-상권,20211,남성연령대_50_상주인구_수,1634,0,0.0,13,0
상주인구-상권,20211,남성연령대_60_이상_상주인구_수,1634,0,0.0,8,0
상주인구-상권,20211,비_아파트_가구_수,1634,0,0.0,0,0
상주인구-상권,20211,상권_구분_코드,1634,0,0.0,0,0
상주인구-상권,20211,상권_구분_코드_명,1634,0,0.0,0,0
상주인구-상권,20211,상권_코드,1634,0,0.0,0,0
상주인구-상권,20211,상권_코드_명,1634,0,0.0,0,0
상주인구-상권,20211,아파트_가구_수,1634,0,0.0,1634,0
상주인구-상권,20211,여성_상주인구_수,1634,0,0.0,9,0
상주인구-상권,20211,여성연령대_10_상주인구_수,1634,0,0.0,56,0
상주인구-상권,20211,여성연령대_20_상주인구_수,1634,0,0.0,44,0
상주인구-상권,20211,여성연령대_30_상주인구_수,1634,0,0.0,36,0
상주인구-상권,20211,여성연령대_40_상주인구_수,1634,0,0.0,31,0
상주인구-상권,20211,여성연령대_50_상주인구_수,1634,0,0.0,23,0
상주인구-상권,20211,여성연령대_60_이상_상주인구_수,1634,0,0.0,16,0
상주인구-상권,20211,연령대_10_상주인구_수,1634,0,0.0,38,0
상주인구-상권,20211,연령대_20_상주인구_수,1634,0,0.0,22,0
상주인구-상권,20211,연령대_30_상주인구_수,1634,0,0.0,16,0
상주인구-상권,20211,연령대_40_상주인구_수,1634,0,0.0,13,0
상주인구-상권,20211,연령대_50_상주인구_수,1634,0,0.0,10,0
상주인구-상권,20211,연령대_60_이상_상주인구_수,1634,0,0.0,5,0
상주인구-상권,20211,총_가구_수,1634,0,0.0,0,0
상주인구-상권,20211,총_상주인구_수,1634,0,0.0,0,0
상주인구-상권,20212,기준_년분기_코드,1634,0,0.0,0,0
상주인구-상권,20212,남성_상주인구_수,1634,0,0.0,1,0
상주인구-상권,20212,남성연령대_10_상주인구_수,1634,0,0.0,56,0
상주인구-상권,20212,남성연령대_20_상주인구_수,1634,0,0.0,28,0
상주인구-상권,20212,남성연령대_30_상주인구_수,1634,0,0.0,22,0
상주인구-상권,20212,남성연령대_40_상주인구_수,1634,0,0.0,23,0
상주인구-상권,20212,남성연령대_50_상주인구_수,1634,0,0.0,13,0
상주인구-상권,20212,남성연령대_60_이상_상주인구_수,1634,0,0.0,8,0
상주인구-상권,20212,비_아파트_가구_수,1634,0,0.0,0,0
상주인구-상권,20212,상권_구분_코드,1634,0,0.0,0,0
상주인구-상권,20212,상권_구분_코드_명,1634,0,0.0,0,0
상주인구-상권,20212,상권_코드,1634,0,0.0,0,0
상주인구-상권,20212,상권_코드_명,1634,0,0.0,0,0
상주인구-상권,20212,아파트_가구_수,1634,0,0.0,1634,0
상주인구-상권,20212,여성_상주인구_수,1634,0,0.0,9,0
상주인구-상권,20212,여성연령대_10_상주인구_수,1634,0,0.0,56,0
상주인구-상권,20212,여성연령대_20_상주인구_수,1634,0,0.0,44,0
상주인구-상권,20212,여성연령대_30_상주인구_수,1634,0,0.0,36,0
상주인구-상권,20212,여성연령대_40_상주인구_수,1634,0,0.0,31,0
상주인구-상권,20212,여성연령대_50_상주인구_수,1634,0,0.0,23,0
상주인구-상권,20212,여성연령대_60_이상_상주인구_수,1634,0,0.0,16,0
상주인구-상권,20212,연령대_10_상주인구_수,1634,0,0.0,38,0
상주인구-상권,20212,연령대_20_상주인구_수,1634,0,0.0,22,0
상주인구-상권,20212,연령대_30_상주인구_수,1634,0,0.0,16,0
상주인구-상권,20212,연령대_40_상주인구_수,1634,0,0.0,13,0
상주인구-상권,20212,연령대_50_상주인구_수,1634,0,0.0,10,0
상주인구-상권,20212,연령대_60_이상_상주인구_수,1634,0,0.0,5,0
상주인구-상권,20212,총_가구_수,1634,0,0.0,0,0
상주인구-상권,20212,총_상주인구_수,1634,0,0.0,0,0
상주인구-상권,20213,기준_년분기_코드,1634,0,0.0,0,0
상주인구-상권,20213,남성_상주인구_수,1634,0,0.0,1,0
상주인구-상권,20213,남성연령대_10_상주인구_수,1634,0,0.0,56,0
상주인구-상권,20213,남성연령대_20_상주인구_수,1634,0,0.0,28,0
상주인구-상권,20213,남성연령대_30_상주인구_수,1634,0,0.0,22,0
상주인구-상권,20213,남성연령대_40_상주인구_수,1634,0,0.0,23,0
상주인구-상권,20213,남성연령대_50_상주인구_수,1634,0,0.0,13,0
상주인구-상권,20213,남성연령대_60_이상_상주인구_수,1634,0,0.0,8,0
상주인구-상권,20213,비_아파트_가구_수,1634,0,0.0,0,0
상주인구-상권,20213,상권_구분_코드,1634,0,0.0,0,0
상주인구-상권,20213,상권_구분_코드_명,1634,0,0.0,0,0
상주인구-상권,20213,상권_코드,1634,0,0.0,0,0
상주인구-상권,20213,상권_코드_명,1634,0,0.0,0,0
상주인구-상권,20213,아파트_가구_수,1634,0,0.0,1634,0
상주인구-상권,20213,여성_상주인구_수,1634,0,0.0,9,0
상주인구-상권,20213,여성연령대_10_상주인구_수,1634,0,0.0,56,0
상주인구-상권,20213,여성연령대_20_상주인구_수,1634,0,0.0,44,0
상주인구-상권,20213,여성연령대_30_상주인구_수,1634,0,0.0,36,0
상주인구-상권,20213,여성연령대_40_상주인구_수,1634,0,0.0,31,0
상주인구-상권,20213,여성연령대_50_상주인구_수,1634,0,0.0,23,0
상주인구-상권,20213,여성연령대_60_이상_상주인구_수,1634,0,0.0,16,0
상주인구-상권,20213,연령대_10_상주인구_수,1634,0,0.0,38,0
상주인구-상권,20213,연령대_20_상주인구_수,1634,0,0.0,22,0
상주인구-상권,20213,연령대_30_상주인구_수,1634,0,0.0,16,0
상주인구-상권,20213,연령대_40_상주인구_수,1634,0,0.0,13,0
상주인구-상권,20213,연령대_50_상주인구_수,1634,0,0.0,10,0
상주인구-상권,20213,연령대_60_이상_상주인구_수,1634,0,0.0,5,0
상주인구-상권,20213,총_가구_수,1634,0,0.0,0,0
상주인구-상권,20213,총_상주인구_수,1634,0,0.0,0,0
상주인구-상권,20214,기준_년분기_코드,1634,0,0.0,0,0
상주인구-상권,20214,남성_상주인구_수,1634,0,0.0,1,0
상주인구-상권,20214,남성연령대_10_상주인구_수,1634,0,0.0,56,0
상주인구-상권,20214,남성연령대_20_상주인구_수,1634,0,0.0,28,0
상주인구-상권,20214,남성연령대_30_상주인구_수,1634,0,0.0,22,0
상주인구-상권,20214,남성연령대_40_상주인구_수,1634,0,0.0,23,0
상주인구-상권,20214,남성연령대_50_상주인구_수,1634,0,0.0,13,0
상주인구-상권,20214,남성연령대_60_이상_상주인구_수,1634,0,0.0,8,0
상주인구-상권,20214,비_아파트_가구_수,1634,0,0.0,0,0
상주인구-상권,20214,상권_구분_코드,1634,0,0.0,0,0
상주인구-상권,20214,상권_구분_코드_명,1634,0,0.0,0,0
상주인구-상권,20214,상권_코드,1634,0,0.0,0,0
상주인구-상권,20214,상권_코드_명,1634,0,0.0,0,0
상주인구-상권,20214,아파트_가구_수,1634,0,0.0,1634,0
상주인구-상권,20214,여성_상주인구_수,1634,0,0.0,9,0
상주인구-상권,20214,여성연령대_10_상주인구_수,1634,0,0.0,56,0
상주인구-상권,20214,여성연령대_20_상주인구_수,1634,0,0.0,44,0
상주인구-상권,20214,여성연령대_30_상주인구_수,1634,0,0.0,36,0
상주인구-상권,20214,여성연령대_40_상주인구_수,1634,0,0.0,31,0
상주인구-상권,20214,여성연령대_50_상주인구_수,1634,0,0.0,23,0
상주인구-상권,20214,여성연령대_60_이상_상주인구_수,1634,0,0.0,16,0
상주인구-상권,20214,연령대_10_상주인구_수,1634,0,0.0,38,0
상주인구-상권,20214,연령대_20_상주인구_수,1634,0,0.0,22,0
상주인구-상권,20214,연령대_30_상주인구_수,1634,0,0.0,16,0
상주인구-상권,20214,연령대_40_상주인구_수,1634,0,0.0,13,0
상주인구-상권,20214,연령대_50_상주인구_수,1634,0,0.0,10,0
상주인구-상권,20214,연령대_60_이상_상주인구_수,1634,0,0.0,5,0
상주인구-상권,20214,총_가구_수,1634,0,0.0,0,0
상주인구-상권,20214,총_상주인구_수,1634,0,0.0,0,0
상주인구-상권,20221,기준_년분기_코드,1634,0,0.0,0,0
상주인구-상권,20221,남성_상주인구_수,1634,0,0.0,1,0
상주인구-상권,20221,남성연령대_10_상주인구_수,1634,0,0.0,56,0
상주인구-상권,20221,남성연령대_20_상주인구_수,1634,0,0.0,28,0
상주인구-상권,20221,남성연령대_30_상주인구_수,1634,0,0.0,22,0
상주인구-상권,20221,남성연령대_40_상주인구_수,1634,0,0.0,23,0
상주인구-상권,20221,남성연령대_50_상주인구_수,1634,0,0.0,13,0
상주인구-상권,20221,남성연령대_60_이상_상주인구_수,1634,0,0.0,8,0
상주인구-상권,20221,비_아파트_가구_수,1634,0,0.0,0,0
상주인구-상권,20221,상권_구분_코드,1634,0,0.0,0,0
상주인구-상권,20221,상권_구분_코드_명,1634,0,0.0,0,0
상주인구-상권,20221,상권_코드,1634,0,0.0,0,0
상주인구-상권,20221,상권_코드_명,1634,0,0.0,0,0
상주인구-상권,20221,아파트_가구_수,1634,0,0.0,1634,0
상주인구-상권,20221,여성_상주인구_수,1634,0,0.0,9,0
상주인구-상권,20221,여성연령대_10_상주인구_수,1634,0,0.0,56,0
상주인구-상권,20221,여성연령대_20_상주인구_수,1634,0,0.0,44,0
상주인구-상권,20221,여성연령대_30_상주인구_수,1634,0,0.0,36,0
상주인구-상권,20221,여성연령대_40_상주인구_수,1634,0,0.0,31,0
상주인구-상권,20221,여성연령대_50_상주인구_수,1634,0,0.0,23,0
상주인구-상권,20221,여성연령대_60_이상_상주인구_수,1634,0,0.0,16,0
상주인구-상권,20221,연령대_10_상주인구_수,1634,0,0.0,38,0
상주인구-상권,20221,연령대_20_상주인구_수,1634,0,0.0,22,0
상주인구-상권,20221,연령대_30_상주인구_수,1634,0,0.0,16,0
상주인구-상권,20221,연령대_40_상주인구_수,1634,0,0.0,13,0
상주인구-상권,20221,연령대_50_상주인구_수,1634,0,0.0,10,0
상주인구-상권,20221,연령대_60_이상_상주인구_수,1634,0,0.0,5,0
상주인구-상권,20221,총_가구_수,1634,0,0.0,0,0
상주인구-상권,20221,총_상주인구_수,1634,0,0.0,0,0
상주인구-상권,20222,기준_년분기_코드,1634,0,0.0,0,0
상주인구-상권,20222,남성_상주인구_수,1634,0,0.0,1,0
상주인구-상권,20222,남성연령대_10_상주인구_수,1634,0,0.0,56,0
상주인구-상권,20222,남성연령대_20_상주인구_수,1634,0,0.0,28,0
상주인구-상권,20222,남성연령대_30_상주인구_수,1634,0,0.0,22,0
상주인구-상권,20222,남성연령대_40_상주인구_수,1634,0,0.0,23,0
상주인구-상권,20222,남성연령대_50_상주인구_수,1634,0,0.0,13,0
상주인구-상권,20222,남성연령대_60_이상_상주인구_수,1634,0,0.0,8,0
상주인구-상권,20222,비_아파트_가구_수,1634,0,0.0,0,0
상주인구-상권,20222,상권_구분_코드,1634,0,0.0,0,0
상주인구-상권,20222,상권_구분_코드_명,1634,0,0.0,0,0
상주인구-상권,20222,상권_코드,1634,0,0.0,0,0
상주인구-상권,20222,상권_코드_명,1634,0,0.0,0,0
상주인구-상권,20222,아파트_가구_수,1634,0,0.0,1634,0
상주인구-상권,20222,여성_상주인구_수,1634,0,0.0,9,0
상주인구-상권,20222,여성연령대_10_상주인구_수,1634,0,0.0,56,0
상주인구-상권,20222,여성연령대_20_상주인구_수,1634,0,0.0,44,0
상주인구-상권,20222,여성연령대_30_상주인구_수,1634,0,0.0,36,0
상주인구-상권,20222,여성연령대_40_상주인구_수,1634,0,0.0,31,0
상주인구-상권,20222,여성연령대_50_상주인구_수,1634,0,0.0,23,0
상주인구-상권,20222,여성연령대_60_이상_상주인구_수,1634,0,0.0,16,0
상주인구-상권,20222,연령대_10_상주인구_수,1634,0,0.0,38,0
상주인구-상권,20222,연령대_20_상주인구_수,1634,0,0.0,22,0
상주인구-상권,20222,연령대_30_상주인구_수,1634,0,0.0,16,0
상주인구-상권,20222,연령대_40_상주인구_수,1634,0,0.0,13,0
상주인구-상권,20222,연령대_50_상주인구_수,1634,0,0.0,10,0
상주인구-상권,20222,연령대_60_이상_상주인구_수,1634,0,0.0,5,0
상주인구-상권,20222,총_가구_수,1634,0,0.0,0,0
상주인구-상권,20222,총_상주인구_수,1634,0,0.0,0,0
상주인구-상권,20223,기준_년분기_코드,1634,0,0.0,0,0
상주인구-상권,20223,남성_상주인구_수,1634,0,0.0,1,0
상주인구-상권,20223,남성연령대_10_상주인구_수,1634,0,0.0,56,0
상주인구-상권,20223,남성연령대_20_상주인구_수,1634,0,0.0,28,0
상주인구-상권,20223,남성연령대_30_상주인구_수,1634,0,0.0,22,0
상주인구-상권,20223,남성연령대_40_상주인구_수,1634,0,0.0,23,0
상주인구-상권,20223,남성연령대_50_상주인구_수,1634,0,0.0,13,0
상주인구-상권,20223,남성연령대_60_이상_상주인구_수,1634,0,0.0,8,0
상주인구-상권,20223,비_아파트_가구_수,1634,0,0.0,0,0
상주인구-상권,20223,상권_구분_코드,1634,0,0.0,0,0
상주인구-상권,20223,상권_구분_코드_명,1634,0,0.0,0,0
상주인구-상권,20223,상권_코드,1634,0,0.0,0,0
상주인구-상권,20223,상권_코드_명,1634,0,0.0,0,0
상주인구-상권,20223,아파트_가구_수,1634,0,0.0,1634,0
상주인구-상권,20223,여성_상주인구_수,1634,0,0.0,9,0
상주인구-상권,20223,여성연령대_10_상주인구_수,1634,0,0.0,56,0
상주인구-상권,20223,여성연령대_20_상주인구_수,1634,0,0.0,44,0
상주인구-상권,20223,여성연령대_30_상주인구_수,1634,0,0.0,36,0
상주인구-상권,20223,여성연령대_40_상주인구_수,1634,0,0.0,31,0
상주인구-상권,20223,여성연령대_50_상주인구_수,1634,0,0.0,23,0
상주인구-상권,20223,여성연령대_60_이상_상주인구_수,1634,0,0.0,16,0
상주인구-상권,20223,연령대_10_상주인구_수,1634,0,0.0,38,0
상주인구-상권,20223,연령대_20_상주인구_수,1634,0,0.0,22,0
상주인구-상권,20223,연령대_30_상주인구_수,1634,0,0.0,16,0
상주인구-상권,20223,연령대_40_상주인구_수,1634,0,0.0,13,0
상주인구-상권,20223,연령대_50_상주인구_수,1634,0,0.0,10,0
상주인구-상권,20223,연령대_60_이상_상주인구_수,1634,0,0.0,5,0
상주인구-상권,20223,총_가구_수,1634,0,0.0,0,0
상주인구-상권,20223,총_상주인구_수,1634,0,0.0,0,0
상주인구-상권,20224,기준_년분기_코드,1625,0,0.0,0,0
상주인구-상권,20224,남성_상주인구_수,1625,0,0.0,1,0
상주인구-상권,20224,남성연령대_10_상주인구_수,1625,0,0.0,60,0
상주인구-상권,20224,남성연령대_20_상주인구_수,1625,0,0.0,45,0
상주인구-상권,20224,남성연령대_30_상주인구_수,1625,0,0.0,24,0
상주인구-상권,20224,남성연령대_40_상주인구_수,1625,0,0.0,16,0
상주인구-상권,20224,남성연령대_50_상주인구_수,1625,0,0.0,13,0
상주인구-상권,20224,남성연령대_60_이상_상주인구_수,1625,0,0.0,7,0
상주인구-상권,20224,비_아파트_가구_수,1625,0,0.0,0,0
상주인구-상권,20224,상권_구분_코드,1625,0,0.0,0,0
상주인구-상권,20224,상권_구분_코드_명,1625,0,0.0,0,0
상주인구-상권,20224,상권_코드,1625,0,0.0,0,0
상주인구-상권,20224,상권_코드_명,1625,0,0.0,0,0
상주인구-상권,20224,아파트_가구_수,1625,0,0.0,1625,0
상주인구-상권,20224,여성_상주인구_수,1625,0,0.0,4,0
상주인구-상권,20224,여성연령대_10_상주인구_수,1625,0,0.0,57,0
상주인구-상권,20224,여성연령대_20_상주인구_수,1625,0,0.0,51,0
상주인구-상권,20224,여성연령대_30_상주인구_수,1625,0,0.0,35,0
상주인구-상권,20224,여성연령대_40_상주인구_수,1625,0,0.0,32,0
상주인구-상권,20224,여성연령대_50_상주인구_수,1625,0,0.0,25,0
상주인구-상권,20224,여성연령대_60_이상_상주인구_수,1625,0,0.0,9,0
상주인구-상권,20224,연령대_10_상주인구_수,1625,0,0.0,44,0
상주인구-상권,20224,연령대_20_상주인구_수,1625,0,0.0,32,0
상주인구-상권,20224,연령대_30_상주인구_수,1625,0,0.0,18,0
상주인구-상권,20224,연령대_40_상주인구_수,1625,0,0.0,11,0
상주인구-상권,20224,연령대_50_상주인구_수,1625,0,0.0,7,0
상주인구-상권,20224,연령대_60_이상_상주인구_수,1625,0,0.0,5,0
상주인구-상권,20224,총_가구_수,1625,0,0.0,0,0
상주인구-상권,20224,총_상주인구_수,1625,0,0.0,0,0
상주인구-상권,20231,기준_년분기_코드,1628,0,0.0,0,0
상주인구-상권,20231,남성_상주인구_수,1628,0,0.0,1,0
상주인구-상권,20231,남성연령대_10_상주인구_수,1628,0,0.0,63,0
상주인구-상권,20231,남성연령대_20_상주인구_수,1628,0,0.0,48,0
상주인구-상권,20231,남성연령대_30_상주인구_수,1628,0,0.0,26,0
상주인구-상권,20231,남성연령대_40_상주인구_수,1628,0,0.0,19,0
상주인구-상권,20231,남성연령대_50_상주인구_수,1628,0,0.0,15,0
상주인구-상권,20231,남성연령대_60_이상_상주인구_수,1628,0,0.0,9,0
상주인구-상권,20231,비_아파트_가구_수,1628,0,0.0,0,0
상주인구-상권,20231,상권_구분_코드,1628,0,0.0,0,0
상주인구-상권,20231,상권_구분_코드_명,1628,0,0.0,0,0
상주인구-상권,20231,상권_코드,1628,0,0.0,0,0
상주인구-상권,20231,상권_코드_명,1628,0,0.0,0,0
상주인구-상권,20231,아파트_가구_수,1628,0,0.0,1628,0
상주인구-상권,20231,여성_상주인구_수,1628,0,0.0,6,0
상주인구-상권,20231,여성연령대_10_상주인구_수,1628,0,0.0,60,0
상주인구-상권,20231,여성연령대_20_상주인구_수,1628,0,0.0,54,0
상주인구-상권,20231,여성연령대_30_상주인구_수,1628,0,0.0,38,0
상주인구-상권,20231,여성연령대_40_상주인구_수,1628,0,0.0,35,0
상주인구-상권,20231,여성연령대_50_상주인구_수,1628,0,0.0,28,0
상주인구-상권,20231,여성연령대_60_이상_상주인구_수,1628,0,0.0,11,0
상주인구-상권,20231,연령대_10_상주인구_수,1628,0,0.0,47,0
상주인구-상권,20231,연령대_20_상주인구_수,1628,0,0.0,35,0
상주인구-상권,20231,연령대_30_상주인구_수,1628,0,0.0,20,0
상주인구-상권,20231,연령대_40_상주인구_수,1628,0,0.0,14,0
상주인구-상권,20231,연령대_50_상주인구_수,1628,0,0.0,9,0
상주인구-상권,20231,연령대_60_이상_상주인구_수,1628,0,0.0,7,0
상주인구-상권,20231,총_가구_수,1628,0,0.0,0,0
상주인구-상권,20231,총_상주인구_수,1628,0,0.0,0,0
상주인구-상권,20232,기준_년분기_코드,1625,0,0.0,0,0
상주인구-상권,20232,남성_상주인구_수,1625,0,0.0,1,0
상주인구-상권,20232,남성연령대_10_상주인구_수,1625,0,0.0,60,0
상주인구-상권,20232,남성연령대_20_상주인구_수,1625,0,0.0,45,0
상주인구-상권,20232,남성연령대_30_상주인구_수,1625,0,0.0,24,0
상주인구-상권,20232,남성연령대_40_상주인구_수,1625,0,0.0,16,0
상주인구-상권,20232,남성연령대_50_상주인구_수,1625,0,0.0,13,0
상주인구-상권,20232,남성연령대_60_이상_상주인구_수,1625,0,0.0,7,0
상주인구-상권,20232,비_아파트_가구_수,1625,0,0.0,0,0
상주인구-상권,20232,상권_구분_코드,1625,0,0.0,0,0
상주인구-상권,20232,상권_구분_코드_명,1625,0,0.0,0,0
상주인구-상권,20232,상권_코드,1625,0,0.0,0,0
상주인구-상권,20232,상권_코드_명,1625,0,0.0,0,0
상주인구-상권,20232,아파트_가구_수,1625,0,0.0,1625,0
상주인구-상권,20232,여성_상주인구_수,1625,0,0.0,4,0
상주인구-상권,20232,여성연령대_10_상주인구_수,1625,0,0.0,57,0
상주인구-상권,20232,여성연령대_20_상주인구_수,1625,0,0.0,51,0
상주인구-상권,20232,여성연령대_30_상주인구_수,1625,0,0.0,35,0
상주인구-상권,20232,여성연령대_40_상주인구_수,1625,0,0.0,32,0
상주인구-상권,20232,여성연령대_50_상주인구_수,1625,0,0.0,25,0
상주인구-상권,20232,여성연령대_60_이상_상주인구_수,1625,0,0.0,9,0
상주인구-상권,20232,연령대_10_상주인구_수,1625,0,0.0,44,0
상주인구-상권,20232,연령대_20_상주인구_수,1625,0,0.0,32,0
상주인구-상권,20232,연령대_30_상주인구_수,1625,0,0.0,18,0
상주인구-상권,20232,연령대_40_상주인구_수,1625,0,0.0,11,0
상주인구-상권,20232,연령대_50_상주인구_수,1625,0,0.0,7,0
상주인구-상권,20232,연령대_60_이상_상주인구_수,1625,0,0.0,5,0
상주인구-상권,20232,총_가구_수,1625,0,0.0,0,0
상주인구-상권,20232,총_상주인구_수,1625,0,0.0,0,0
상주인구-상권,20233,기준_년분기_코드,1625,0,0.0,0,0
상주인구-상권,20233,남성_상주인구_수,1625,0,0.0,1,0
상주인구-상권,20233,남성연령대_10_상주인구_수,1625,0,0.0,60,0
상주인구-상권,20233,남성연령대_20_상주인구_수,1625,0,0.0,45,0
상주인구-상권,20233,남성연령대_30_상주인구_수,1625,0,0.0,24,0
상주인구-상권,20233,남성연령대_40_상주인구_수,1625,0,0.0,16,0
상주인구-상권,20233,남성연령대_50_상주인구_수,1625,0,0.0,13,0
상주인구-상권,20233,남성연령대_60_이상_상주인구_수,1625,0,0.0,7,0
상주인구-상권,20233,비_아파트_가구_수,1625,0,0.0,0,0
상주인구-상권,20233,상권_구분_코드,1625,0,0.0,0,0
상주인구-상권,20233,상권_구분_코드_명,1625,0,0.0,0,0
상주인구-상권,20233,상권_코드,1625,0,0.0,0,0
상주인구-상권,20233,상권_코드_명,1625,0,0.0,0,0
상주인구-상권,20233,아파트_가구_수,1625,0,0.0,1625,0
상주인구-상권,20233,여성_상주인구_수,1625,0,0.0,4,0
상주인구-상권,20233,여성연령대_10_상주인구_수,1625,0,0.0,57,0
상주인구-상권,20233,여성연령대_20_상주인구_수,1625,0,0.0,51,0
상주인구-상권,20233,여성연령대_30_상주인구_수,1625,0,0.0,35,0
상주인구-상권,20233,여성연령대_40_상주인구_수,1625,0,0.0,32,0
상주인구-상권,20233,여성연령대_50_상주인구_수,1625,0,0.0,25,0
상주인구-상권,20233,여성연령대_60_이상_상주인구_수,1625,0,0.0,9,0
상주인구-상권,20233,연령대_10_상주인구_수,1625,0,0.0,44,0
상주인구-상권,20233,연령대_20_상주인구_수,1625,0,0.0,32,0
상주인구-상권,20233,연령대_30_상주인구_수,1625,0,0.0,18,0
상주인구-상권,20233,연령대_40_상주인구_수,1625,0,0.0,11,0
상주인구-상권,20233,연령대_50_상주인구_수,1625,0,0.0,7,0
상주인구-상권,20233,연령대_60_이상_상주인구_수,1625,0,0.0,5,0
상주인구-상권,20233,총_가구_수,1625,0,0.0,0,0
상주인구-상권,20233,총_상주인구_수,1625,0,0.0,0,0
상주인구-상권,20234,기준_년분기_코드,1635,0,0.0,0,0
상주인구-상권,20234,남성_상주인구_수,1635,0,0.0,2,0
상주인구-상권,20234,남성연령대_10_상주인구_수,1635,0,0.0,70,0
상주인구-상권,20234,남성연령대_20_상주인구_수,1635,0,0.0,41,0
상주인구-상권,20234,남성연령대_30_상주인구_수,1635,0,0.0,33,0
상주인구-상권,20234,남성연령대_40_상주인구_수,1635,0,0.0,31,0
상주인구-상권,20234,남성연령대_50_상주인구_수,1635,0,0.0,18,0
상주인구-상권,20234,남성연령대_60_이상_상주인구_수,1635,0,0.0,11,0
상주인구-상권,20234,비_아파트_가구_수,1635,0,0.0,0,0
상주인구-상권,20234,상권_구분_코드,1635,0,0.0,0,0
상주인구-상권,20234,상권_구분_코드_명,1635,0,0.0,0,0
상주인구-상권,20234,상권_코드,1635,0,0.0,0,0
상주인구-상권,20234,상권_코드_명,1635,0,0.0,0,0
상주인구-상권,20234,아파트_가구_수,1635,0,0.0,1635,0
상주인구-상권,20234,여성_상주인구_수,1635,0,0.0,9,0
상주인구-상권,20234,여성연령대_10_상주인구_수,1635,0,0.0,66,0
상주인구-상권,20234,여성연령대_20_상주인구_수,1635,0,0.0,47,0
상주인구-상권,20234,여성연령대_30_상주인구_수,1635,0,0.0,41,0
상주인구-상권,20234,여성연령대_40_상주인구_수,1635,0,0.0,38,0
상주인구-상권,20234,여성연령대_50_상주인구_수,1635,0,0.0,32,0
상주인구-상권,20234,여성연령대_60_이상_상주인구_수,1635,0,0.0,17,0
상주인구-상권,20234,연령대_10_상주인구_수,1635,0,0.0,49,0
상주인구-상권,20234,연령대_20_상주인구_수,1635,0,0.0,29,0
상주인구-상권,20234,연령대_30_상주인구_수,1635,0,0.0,26,0
상주인구-상권,20234,연령대_40_상주인구_수,1635,0,0.0,20,0
상주인구-상권,20234,연령대_50_상주인구_수,1635,0,0.0,14,0
상주인구-상권,20234,연령대_60_이상_상주인구_수,1635,0,0.0,8,0
상주인구-상권,20234,총_가구_수,1635,0,0.0,0,0
상주인구-상권,20234,총_상주인구_수,1635,0,0.0,0,0
상주인구-상권,20241,기준_년분기_코드,1635,0,0.0,0,0
상주인구-상권,20241,남성_상주인구_수,1635,0,0.0,2,0
상주인구-상권,20241,남성연령대_10_상주인구_수,1635,0,0.0,70,0
상주인구-상권,20241,남성연령대_20_상주인구_수,1635,0,0.0,41,0
상주인구-상권,20241,남성연령대_30_상주인구_수,1635,0,0.0,33,0
상주인구-상권,20241,남성연령대_40_상주인구_수,1635,0,0.0,31,0
상주인구-상권,20241,남성연령대_50_상주인구_수,1635,0,0.0,18,0
상주인구-상권,20241,남성연령대_60_이상_상주인구_수,1635,0,0.0,11,0
상주인구-상권,20241,비_아파트_가구_수,1635,0,0.0,0,0
상주인구-상권,20241,상권_구분_코드,1635,0,0.0,0,0
상주인구-상권,20241,상권_구분_코드_명,1635,0,0.0,0,0
상주인구-상권,20241,상권_코드,1635,0,0.0,0,0
상주인구-상권,20241,상권_코드_명,1635,0,0.0,0,0
상주인구-상권,20241,아파트_가구_수,1635,0,0.0,1635,0
상주인구-상권,20241,여성_상주인구_수,1635,0,0.0,9,0
상주인구-상권,20241,여성연령대_10_상주인구_수,1635,0,0.0,66,0
상주인구-상권,20241,여성연령대_20_상주인구_수,1635,0,0.0,47,0
상주인구-상권,20241,여성연령대_30_상주인구_수,1635,0,0.0,41,0
상주인구-상권,20241,여성연령대_40_상주인구_수,1635,0,0.0,38,0
상주인구-상권,20241,여성연령대_50_상주인구_수,1635,0,0.0,32,0
상주인구-상권,20241,여성연령대_60_이상_상주인구_수,1635,0,0.0,17,0
상주인구-상권,20241,연령대_10_상주인구_수,1635,0,0.0,49,0
상주인구-상권,20241,연령대_20_상주인구_수,1635,0,0.0,29,0
상주인구-상권,20241,연령대_30_상주인구_수,1635,0,0.0,26,0
상주인구-상권,20241,연령대_40_상주인구_수,1635,0,0.0,20,0
상주인구-상권,20241,연령대_50_상주인구_수,1635,0,0.0,14,0
상주인구-상권,20241,연령대_60_이상_상주인구_수,1635,0,0.0,8,0
상주인구-상권,20241,총_가구_수,1635,0,0.0,0,0
상주인구-상권,20241,총_상주인구_수,1635,0,0.0,0,0
상주인구-상권,20242,기준_년분기_코드,1633,0,0.0,0,0
상주인구-상권,20242,남성_상주인구_수,1633,0,0.0,2,0
상주인구-상권,20242,남성연령대_10_상주인구_수,1633,0,0.0,69,0
상주인구-상권,20242,남성연령대_20_상주인구_수,1633,0,0.0,40,0
상주인구-상권,20242,남성연령대_30_상주인구_수,1633,0,0.0,33,0
상주인구-상권,20242,남성연령대_40_상주인구_수,1633,0,0.0,30,0
상주인구-상권,20242,남성연령대_50_상주인구_수,1633,0,0.0,18,0
상주인구-상권,20242,남성연령대_60_이상_상주인구_수,1633,0,0.0,11,0
상주인구-상권,20242,비_아파트_가구_수,1633,0,0.0,0,0
상주인구-상권,20242,상권_구분_코드,1633,0,0.0,0,0
상주인구-상권,20242,상권_구분_코드_명,1633,0,0.0,0,0
상주인구-상권,20242,상권_코드,1633,0,0.0,0,0
상주인구-상권,20242,상권_코드_명,1633,0,0.0,0,0
상주인구-상권,20242,아파트_가구_수,1633,0,0.0,1633,0
상주인구-상권,20242,여성_상주인구_수,1633,0,0.0,9,0
상주인구-상권,20242,여성연령대_10_상주인구_수,1633,0,0.0,65,0
상주인구-상권,20242,여성연령대_20_상주인구_수,1633,0,0.0,46,0
상주인구-상권,20242,여성연령대_30_상주인구_수,1633,0,0.0,41,0
상주인구-상권,20242,여성연령대_40_상주인구_수,1633,0,0.0,37,0
상주인구-상권,20242,여성연령대_50_상주인구_수,1633,0,0.0,31,0
상주인구-상권,20242,여성연령대_60_이상_상주인구_수,1633,0,0.0,17,0
상주인구-상권,20242,연령대_10_상주인구_수,1633,0,0.0,48,0
상주인구-상권,20242,연령대_20_상주인구_수,1633,0,0.0,28,0
상주인구-상권,20242,연령대_30_상주인구_수,1633,0,0.0,26,0
상주인구-상권,20242,연령대_40_상주인구_수,1633,0,0.0,19,0
상주인구-상권,20242,연령대_50_상주인구_수,1633,0,0.0,14,0
상주인구-상권,20242,연령대_60_이상_상주인구_수,1633,0,0.0,8,0
상주인구-상권,20242,총_가구_수,1633,0,0.0,0,0
상주인구-상권,20242,총_상주인구_수,1633,0,0.0,0,0
상주인구-상권,20243,기준_년분기_코드,1633,0,0.0,0,0
상주인구-상권,20243,남성_상주인구_수,1633,0,0.0,2,0
상주인구-상권,20243,남성연령대_10_상주인구_수,1633,0,0.0,69,0
상주인구-상권,20243,남성연령대_20_상주인구_수,1633,0,0.0,40,0
상주인구-상권,20243,남성연령대_30_상주인구_수,1633,0,0.0,33,0
상주인구-상권,20243,남성연령대_40_상주인구_수,1633,0,0.0,30,0
상주인구-상권,20243,남성연령대_50_상주인구_수,1633,0,0.0,18,0
상주인구-상권,20243,남성연령대_60_이상_상주인구_수,1633,0,0.0,11,0
상주인구-상권,20243,비_아파트_가구_수,1633,0,0.0,0,0
상주인구-상권,20243,상권_구분_코드,1633,0,0.0,0,0
상주인구-상권,20243,상권_구분_코드_명,1633,0,0.0,0,0
상주인구-상권,20243,상권_코드,1633,0,0.0,0,0
상주인구-상권,20243,상권_코드_명,1633,0,0.0,0,0
상주인구-상권,20243,아파트_가구_수,1633,0,0.0,1633,0
상주인구-상권,20243,여성_상주인구_수,1633,0,0.0,9,0
상주인구-상권,20243,여성연령대_10_상주인구_수,1633,0,0.0,65,0
상주인구-상권,20243,여성연령대_20_상주인구_수,1633,0,0.0,46,0
상주인구-상권,20243,여성연령대_30_상주인구_수,1633,0,0.0,41,0
상주인구-상권,20243,여성연령대_40_상주인구_수,1633,0,0.0,37,0
상주인구-상권,20243,여성연령대_50_상주인구_수,1633,0,0.0,31,0
상주인구-상권,20243,여성연령대_60_이상_상주인구_수,1633,0,0.0,17,0
상주인구-상권,20243,연령대_10_상주인구_수,1633,0,0.0,48,0
상주인구-상권,20243,연령대_20_상주인구_수,1633,0,0.0,28,0
상주인구-상권,20243,연령대_30_상주인구_수,1633,0,0.0,26,0
상주인구-상권,20243,연령대_40_상주인구_수,1633,0,0.0,19,0
상주인구-상권,20243,연령대_50_상주인구_수,1633,0,0.0,14,0
상주인구-상권,20243,연령대_60_이상_상주인구_수,1633,0,0.0,8,0
상주인구-상권,20243,총_가구_수,1633,0,0.0,0,0
상주인구-상권,20243,총_상주인구_수,1633,0,0.0,0,0
상주인구-상권,20244,기준_년분기_코드,1633,0,0.0,0,0
상주인구-상권,20244,남성_상주인구_수,1633,0,0.0,2,0
상주인구-상권,20244,남성연령대_10_상주인구_수,1633,0,0.0,69,0
상주인구-상권,20244,남성연령대_20_상주인구_수,1633,0,0.0,40,0
상주인구-상권,20244,남성연령대_30_상주인구_수,1633,0,0.0,33,0
상주인구-상권,20244,남성연령대_40_상주인구_수,1633,0,0.0,30,0
상주인구-상권,20244,남성연령대_50_상주인구_수,1633,0,0.0,18,0
상주인구-상권,20244,남성연령대_60_이상_상주인구_수,1633,0,0.0,11,0
상주인구-상권,20244,비_아파트_가구_수,1633,0,0.0,0,0
상주인구-상권,20244,상권_구분_코드,1633,0,0.0,0,0
상주인구-상권,20244,상권_구분_코드_명,1633,0,0.0,0,0
상주인구-상권,20244,상권_코드,1633,0,0.0,0,0
상주인구-상권,20244,상권_코드_명,1633,0,0.0,0,0
상주인구-상권,20244,아파트_가구_수,1633,0,0.0,1633,0
상주인구-상권,20244,여성_상주인구_수,1633,0,0.0,9,0
상주인구-상권,20244,여성연령대_10_상주인구_수,1633,0,0.0,65,0
상주인구-상권,20244,여성연령대_20_상주인구_수,1633,0,0.0,46,0
상주인구-상권,20244,여성연령대_30_상주인구_수,1633,0,0.0,41,0
상주인구-상권,20244,여성연령대_40_상주인구_수,1633,0,0.0,37,0
상주인구-상권,20244,여성연령대_50_상주인구_수,1633,0,0.0,31,0
상주인구-상권,20244,여성연령대_60_이상_상주인구_수,1633,0,0.0,17,0
상주인구-상권,20244,연령대_10_상주인구_수,1633,0,0.0,48,0
상주인구-상권,20244,연령대_20_상주인구_수,1633,0,0.0,28,0
상주인구-상권,20244,연령대_30_상주인구_수,1633,0,0.0,26,0
상주인구-상권,20244,연령대_40_상주인구_수,1633,0,0.0,19,0
상주인구-상권,20244,연령대_50_상주인구_수,1633,0,0.0,14,0
상주인구-상권,20244,연령대_60_이상_상주인구_수,1633,0,0.0,8,0
상주인구-상권,20244,총_가구_수,1633,0,0.0,0,0
상주인구-상권,20244,총_상주인구_수,1633,0,0.0,0,0
상주인구-상권,20251,기준_년분기_코드,1633,0,0.0,0,0
상주인구-상권,20251,남성_상주인구_수,1633,0,0.0,2,0
상주인구-상권,20251,남성연령대_10_상주인구_수,1633,0,0.0,69,0
상주인구-상권,20251,남성연령대_20_상주인구_수,1633,0,0.0,40,0
상주인구-상권,20251,남성연령대_30_상주인구_수,1633,0,0.0,33,0
상주인구-상권,20251,남성연령대_40_상주인구_수,1633,0,0.0,30,0
상주인구-상권,20251,남성연령대_50_상주인구_수,1633,0,0.0,18,0
상주인구-상권,20251,남성연령대_60_이상_상주인구_수,1633,0,0.0,11,0
상주인구-상권,20251,비_아파트_가구_수,1633,0,0.0,0,0
상주인구-상권,20251,상권_구분_코드,1633,0,0.0,0,0
상주인구-상권,20251,상권_구분_코드_명,1633,0,0.0,0,0
상주인구-상권,20251,상권_코드,1633,0,0.0,0,0
상주인구-상권,20251,상권_코드_명,1633,0,0.0,0,0
상주인구-상권,20251,아파트_가구_수,1633,0,0.0,1633,0
상주인구-상권,20251,여성_상주인구_수,1633,0,0.0,9,0
상주인구-상권,20251,여성연령대_10_상주인구_수,1633,0,0.0,65,0
상주인구-상권,20251,여성연령대_20_상주인구_수,1633,0,0.0,46,0
상주인구-상권,20251,여성연령대_30_상주인구_수,1633,0,0.0,41,0
상주인구-상권,20251,여성연령대_40_상주인구_수,1633,0,0.0,37,0
상주인구-상권,20251,여성연령대_50_상주인구_수,1633,0,0.0,31,0
상주인구-상권,20251,여성연령대_60_이상_상주인구_수,1633,0,0.0,17,0
상주인구-상권,20251,연령대_10_상주인구_수,1633,0,0.0,48,0
상주인구-상권,20251,연령대_20_상주인구_수,1633,0,0.0,28,0
상주인구-상권,20251,연령대_30_상주인구_수,1633,0,0.0,26,0
상주인구-상권,20251,연령대_40_상주인구_수,1633,0,0.0,19,0
상주인구-상권,20251,연령대_50_상주인구_수,1633,0,0.0,14,0
상주인구-상권,20251,연령대_60_이상_상주인구_수,1633,0,0.0,8,0
상주인구-상권,20251,총_가구_수,1633,0,0.0,0,0
상주인구-상권,20251,총_상주인구_수,1633,0,0.0,0,0
상주인구-상권,20252,기준_년분기_코드,1633,0,0.0,0,0
상주인구-상권,20252,남성_상주인구_수,1633,0,0.0,2,0
상주인구-상권,20252,남성연령대_10_상주인구_수,1633,0,0.0,69,0
상주인구-상권,20252,남성연령대_20_상주인구_수,1633,0,0.0,40,0
상주인구-상권,20252,남성연령대_30_상주인구_수,1633,0,0.0,33,0
상주인구-상권,20252,남성연령대_40_상주인구_수,1633,0,0.0,30,0
상주인구-상권,20252,남성연령대_50_상주인구_수,1633,0,0.0,18,0
상주인구-상권,20252,남성연령대_60_이상_상주인구_수,1633,0,0.0,11,0
상주인구-상권,20252,비_아파트_가구_수,1633,0,0.0,0,0
상주인구-상권,20252,상권_구분_코드,1633,0,0.0,0,0
상주인구-상권,20252,상권_구분_코드_명,1633,0,0.0,0,0
상주인구-상권,20252,상권_코드,1633,0,0.0,0,0
상주인구-상권,20252,상권_코드_명,1633,0,0.0,0,0
상주인구-상권,20252,아파트_가구_수,1633,0,0.0,1633,0
상주인구-상권,20252,여성_상주인구_수,1633,0,0.0,9,0
상주인구-상권,20252,여성연령대_10_상주인구_수,1633,0,0.0,65,0
상주인구-상권,20252,여성연령대_20_상주인구_수,1633,0,0.0,46,0
상주인구-상권,20252,여성연령대_30_상주인구_수,1633,0,0.0,41,0
상주인구-상권,20252,여성연령대_40_상주인구_수,1633,0,0.0,37,0
상주인구-상권,20252,여성연령대_50_상주인구_수,1633,0,0.0,31,0
상주인구-상권,20252,여성연령대_60_이상_상주인구_수,1633,0,0.0,17,0
상주인구-상권,20252,연령대_10_상주인구_수,1633,0,0.0,48,0
상주인구-상권,20252,연령대_20_상주인구_수,1633,0,0.0,28,0
상주인구-상권,20252,연령대_30_상주인구_수,1633,0,0.0,26,0
상주인구-상권,20252,연령대_40_상주인구_수,1633,0,0.0,19,0
상주인구-상권,20252,연령대_50_상주인구_수,1633,0,0.0,14,0
상주인구-상권,20252,연령대_60_이상_상주인구_수,1633,0,0.0,8,0
상주인구-상권,20252,총_가구_수,1633,0,0.0,0,0
상주인구-상권,20252,총_상주인구_수,1633,0,0.0,0,0
상주인구-상권,20253,기준_년분기_코드,1633,0,0.0,0,0
상주인구-상권,20253,남성_상주인구_수,1633,0,0.0,2,0
상주인구-상권,20253,남성연령대_10_상주인구_수,1633,0,0.0,69,0
상주인구-상권,20253,남성연령대_20_상주인구_수,1633,0,0.0,40,0
상주인구-상권,20253,남성연령대_30_상주인구_수,1633,0,0.0,33,0
상주인구-상권,20253,남성연령대_40_상주인구_수,1633,0,0.0,30,0
상주인구-상권,20253,남성연령대_50_상주인구_수,1633,0,0.0,18,0
상주인구-상권,20253,남성연령대_60_이상_상주인구_수,1633,0,0.0,11,0
상주인구-상권,20253,비_아파트_가구_수,1633,0,0.0,0,0
상주인구-상권,20253,상권_구분_코드,1633,0,0.0,0,0
상주인구-상권,20253,상권_구분_코드_명,1633,0,0.0,0,0
상주인구-상권,20253,상권_코드,1633,0,0.0,0,0
상주인구-상권,20253,상권_코드_명,1633,0,0.0,0,0
상주인구-상권,20253,아파트_가구_수,1633,0,0.0,1633,0
상주인구-상권,20253,여성_상주인구_수,1633,0,0.0,9,0
상주인구-상권,20253,여성연령대_10_상주인구_수,1633,0,0.0,65,0
상주인구-상권,20253,여성연령대_20_상주인구_수,1633,0,0.0,46,0
상주인구-상권,20253,여성연령대_30_상주인구_수,1633,0,0.0,41,0
상주인구-상권,20253,여성연령대_40_상주인구_수,1633,0,0.0,37,0
상주인구-상권,20253,여성연령대_50_상주인구_수,1633,0,0.0,31,0
상주인구-상권,20253,여성연령대_60_이상_상주인구_수,1633,0,0.0,17,0
상주인구-상권,20253,연령대_10_상주인구_수,1633,0,0.0,48,0
상주인구-상권,20253,연령대_20_상주인구_수,1633,0,0.0,28,0
상주인구-상권,20253,연령대_30_상주인구_수,1633,0,0.0,26,0
상주인구-상권,20253,연령대_40_상주인구_수,1633,0,0.0,19,0
상주인구-상권,20253,연령대_50_상주인구_수,1633,0,0.0,14,0
상주인구-상권,20253,연령대_60_이상_상주인구_수,1633,0,0.0,8,0
상주인구-상권,20253,총_가구_수,1633,0,0.0,0,0
상주인구-상권,20253,총_상주인구_수,1633,0,0.0,0,0
상주인구-상권,20254,기준_년분기_코드,1633,0,0.0,0,0
상주인구-상권,20254,남성_상주인구_수,1633,0,0.0,2,0
상주인구-상권,20254,남성연령대_10_상주인구_수,1633,0,0.0,69,0
상주인구-상권,20254,남성연령대_20_상주인구_수,1633,0,0.0,40,0
상주인구-상권,20254,남성연령대_30_상주인구_수,1633,0,0.0,33,0
상주인구-상권,20254,남성연령대_40_상주인구_수,1633,0,0.0,30,0
상주인구-상권,20254,남성연령대_50_상주인구_수,1633,0,0.0,18,0
상주인구-상권,20254,남성연령대_60_이상_상주인구_수,1633,0,0.0,11,0
상주인구-상권,20254,비_아파트_가구_수,1633,0,0.0,0,0
상주인구-상권,20254,상권_구분_코드,1633,0,0.0,0,0
상주인구-상권,20254,상권_구분_코드_명,1633,0,0.0,0,0
상주인구-상권,20254,상권_코드,1633,0,0.0,0,0
상주인구-상권,20254,상권_코드_명,1633,0,0.0,0,0
상주인구-상권,20254,아파트_가구_수,1633,0,0.0,1633,0
상주인구-상권,20254,여성_상주인구_수,1633,0,0.0,9,0
상주인구-상권,20254,여성연령대_10_상주인구_수,1633,0,0.0,65,0
상주인구-상권,20254,여성연령대_20_상주인구_수,1633,0,0.0,46,0
상주인구-상권,20254,여성연령대_30_상주인구_수,1633,0,0.0,41,0
상주인구-상권,20254,여성연령대_40_상주인구_수,1633,0,0.0,37,0
상주인구-상권,20254,여성연령대_50_상주인구_수,1633,0,0.0,31,0
상주인구-상권,20254,여성연령대_60_이상_상주인구_수,1633,0,0.0,17,0
상주인구-상권,20254,연령대_10_상주인구_수,1633,0,0.0,48,0
상주인구-상권,20254,연령대_20_상주인구_수,1633,0,0.0,28,0
상주인구-상권,20254,연령대_30_상주인구_수,1633,0,0.0,26,0
상주인구-상권,20254,연령대_40_상주인구_수,1633,0,0.0,19,0
상주인구-상권,20254,연령대_50_상주인구_수,1633,0,0.0,14,0
상주인구-상권,20254,연령대_60_이상_상주인구_수,1633,0,0.0,8,0
상주인구-상권,20254,총_가구_수,1633,0,0.0,0,0
상주인구-상권,20254,총_상주인구_수,1633,0,0.0,0,0
상주인구-상권,20261,기준_년분기_코드,1633,0,0.0,0,0
상주인구-상권,20261,남성_상주인구_수,1633,0,0.0,2,0
상주인구-상권,20261,남성연령대_10_상주인구_수,1633,0,0.0,69,0
상주인구-상권,20261,남성연령대_20_상주인구_수,1633,0,0.0,40,0
상주인구-상권,20261,남성연령대_30_상주인구_수,1633,0,0.0,33,0
상주인구-상권,20261,남성연령대_40_상주인구_수,1633,0,0.0,30,0
상주인구-상권,20261,남성연령대_50_상주인구_수,1633,0,0.0,18,0
상주인구-상권,20261,남성연령대_60_이상_상주인구_수,1633,0,0.0,11,0
상주인구-상권,20261,비_아파트_가구_수,1633,0,0.0,0,0
상주인구-상권,20261,상권_구분_코드,1633,0,0.0,0,0
상주인구-상권,20261,상권_구분_코드_명,1633,0,0.0,0,0
상주인구-상권,20261,상권_코드,1633,0,0.0,0,0
상주인구-상권,20261,상권_코드_명,1633,0,0.0,0,0
상주인구-상권,20261,아파트_가구_수,1633,0,0.0,1633,0
상주인구-상권,20261,여성_상주인구_수,1633,0,0.0,9,0
상주인구-상권,20261,여성연령대_10_상주인구_수,1633,0,0.0,65,0
상주인구-상권,20261,여성연령대_20_상주인구_수,1633,0,0.0,46,0
상주인구-상권,20261,여성연령대_30_상주인구_수,1633,0,0.0,41,0
상주인구-상권,20261,여성연령대_40_상주인구_수,1633,0,0.0,37,0
상주인구-상권,20261,여성연령대_50_상주인구_수,1633,0,0.0,31,0
상주인구-상권,20261,여성연령대_60_이상_상주인구_수,1633,0,0.0,17,0
상주인구-상권,20261,연령대_10_상주인구_수,1633,0,0.0,48,0
상주인구-상권,20261,연령대_20_상주인구_수,1633,0,0.0,28,0
상주인구-상권,20261,연령대_30_상주인구_수,1633,0,0.0,26,0
상주인구-상권,20261,연령대_40_상주인구_수,1633,0,0.0,19,0
상주인구-상권,20261,연령대_50_상주인구_수,1633,0,0.0,14,0
상주인구-상권,20261,연령대_60_이상_상주인구_수,1633,0,0.0,8,0
상주인구-상권,20261,총_가구_수,1633,0,0.0,0,0
상주인구-상권,20261,총_상주인구_수,1633,0,0.0,0,0
아파트-상권,20211,기준_년분기_코드,1484,0,0.0,0,0
아파트-상권,20211,상권_구분_코드,1484,0,0.0,0,0
아파트-상권,20211,상권_구분_코드_명,1484,0,0.0,0,0
아파트-상권,20211,상권_코드,1484,0,0.0,0,0
아파트-상권,20211,상권_코드_명,1484,0,0.0,0,0
아파트-상권,20211,아파트_가격_1_억_미만_세대_수,1484,231,0.15566037735849056,0,0
아파트-상권,20211,아파트_가격_1_억_세대_수,1484,81,0.0545822102425876,0,0
아파트-상권,20211,아파트_가격_2_억_세대_수,1484,162,0.1091644204851752,0,0
아파트-상권,20211,아파트_가격_3_억_세대_수,1484,586,0.3948787061994609,0,0
아파트-상권,20211,아파트_가격_4_억_세대_수,1484,930,0.6266846361185984,0,0
아파트-상권,20211,아파트_가격_5_억_세대_수,1484,1113,0.75,0,0
아파트-상권,20211,아파트_가격_6_억_이상_세대_수,1484,1154,0.7776280323450134,0,0
아파트-상권,20211,아파트_단지_수,1484,0,0.0,0,0
아파트-상권,20211,아파트_면적_132_제곱미터_세대_수,1484,927,0.6246630727762803,0,0
아파트-상권,20211,아파트_면적_165_제곱미터_세대_수,1484,1129,0.7607816711590296,0,0
아파트-상권,20211,아파트_면적_66_제곱미터_미만_세대_수,1484,34,0.022911051212938006,0,0
아파트-상권,20211,아파트_면적_66_제곱미터_세대_수,1484,111,0.0747978436657682,0,0
아파트-상권,20211,아파트_면적_99_제곱미터_세대_수,1484,506,0.34097035040431267,0,0
아파트-상권,20211,아파트_평균_면적,1484,0,0.0,0,0
아파트-상권,20211,아파트_평균_시가,1484,0,0.0,0,0
아파트-상권,20212,기준_년분기_코드,1484,0,0.0,0,0
아파트-상권,20212,상권_구분_코드,1484,0,0.0,0,0
아파트-상권,20212,상권_구분_코드_명,1484,0,0.0,0,0
아파트-상권,20212,상권_코드,1484,0,0.0,0,0
아파트-상권,20212,상권_코드_명,1484,0,0.0,0,0
아파트-상권,20212,아파트_가격_1_억_미만_세대_수,1484,231,0.15566037735849056,0,0
아파트-상권,20212,아파트_가격_1_억_세대_수,1484,81,0.0545822102425876,0,0
아파트-상권,20212,아파트_가격_2_억_세대_수,1484,162,0.1091644204851752,0,0
아파트-상권,20212,아파트_가격_3_억_세대_수,1484,586,0.3948787061994609,0,0
아파트-상권,20212,아파트_가격_4_억_세대_수,1484,930,0.6266846361185984,0,0
아파트-상권,20212,아파트_가격_5_억_세대_수,1484,1113,0.75,0,0
아파트-상권,20212,아파트_가격_6_억_이상_세대_수,1484,1154,0.7776280323450134,0,0
아파트-상권,20212,아파트_단지_수,1484,0,0.0,0,0
아파트-상권,20212,아파트_면적_132_제곱미터_세대_수,1484,927,0.6246630727762803,0,0
아파트-상권,20212,아파트_면적_165_제곱미터_세대_수,1484,1129,0.7607816711590296,0,0
아파트-상권,20212,아파트_면적_66_제곱미터_미만_세대_수,1484,34,0.022911051212938006,0,0
아파트-상권,20212,아파트_면적_66_제곱미터_세대_수,1484,111,0.0747978436657682,0,0
아파트-상권,20212,아파트_면적_99_제곱미터_세대_수,1484,506,0.34097035040431267,0,0
아파트-상권,20212,아파트_평균_면적,1484,0,0.0,0,0
아파트-상권,20212,아파트_평균_시가,1484,0,0.0,0,0
아파트-상권,20213,기준_년분기_코드,1484,0,0.0,0,0
아파트-상권,20213,상권_구분_코드,1484,0,0.0,0,0
아파트-상권,20213,상권_구분_코드_명,1484,0,0.0,0,0
아파트-상권,20213,상권_코드,1484,0,0.0,0,0
아파트-상권,20213,상권_코드_명,1484,0,0.0,0,0
아파트-상권,20213,아파트_가격_1_억_미만_세대_수,1484,231,0.15566037735849056,0,0
아파트-상권,20213,아파트_가격_1_억_세대_수,1484,81,0.0545822102425876,0,0
아파트-상권,20213,아파트_가격_2_억_세대_수,1484,162,0.1091644204851752,0,0
아파트-상권,20213,아파트_가격_3_억_세대_수,1484,586,0.3948787061994609,0,0
아파트-상권,20213,아파트_가격_4_억_세대_수,1484,930,0.6266846361185984,0,0
아파트-상권,20213,아파트_가격_5_억_세대_수,1484,1113,0.75,0,0
아파트-상권,20213,아파트_가격_6_억_이상_세대_수,1484,1154,0.7776280323450134,0,0
아파트-상권,20213,아파트_단지_수,1484,0,0.0,0,0
아파트-상권,20213,아파트_면적_132_제곱미터_세대_수,1484,927,0.6246630727762803,0,0
아파트-상권,20213,아파트_면적_165_제곱미터_세대_수,1484,1129,0.7607816711590296,0,0
아파트-상권,20213,아파트_면적_66_제곱미터_미만_세대_수,1484,34,0.022911051212938006,0,0
아파트-상권,20213,아파트_면적_66_제곱미터_세대_수,1484,111,0.0747978436657682,0,0
아파트-상권,20213,아파트_면적_99_제곱미터_세대_수,1484,506,0.34097035040431267,0,0
아파트-상권,20213,아파트_평균_면적,1484,0,0.0,0,0
아파트-상권,20213,아파트_평균_시가,1484,0,0.0,0,0
아파트-상권,20214,기준_년분기_코드,1464,0,0.0,0,0
아파트-상권,20214,상권_구분_코드,1464,0,0.0,0,0
아파트-상권,20214,상권_구분_코드_명,1464,0,0.0,0,0
아파트-상권,20214,상권_코드,1464,0,0.0,0,0
아파트-상권,20214,상권_코드_명,1464,0,0.0,0,0
아파트-상권,20214,아파트_가격_1_억_미만_세대_수,1464,335,0.22882513661202186,0,0
아파트-상권,20214,아파트_가격_1_억_세대_수,1464,117,0.07991803278688525,0,0
아파트-상권,20214,아파트_가격_2_억_세대_수,1464,145,0.09904371584699453,0,0
아파트-상권,20214,아파트_가격_3_억_세대_수,1464,484,0.33060109289617484,0,0
아파트-상권,20214,아파트_가격_4_억_세대_수,1464,801,0.5471311475409836,0,0
아파트-상권,20214,아파트_가격_5_억_세대_수,1464,994,0.6789617486338798,0,0
아파트-상권,20214,아파트_가격_6_억_이상_세대_수,1464,1054,0.7199453551912568,0,0
아파트-상권,20214,아파트_단지_수,1464,0,0.0,0,0
아파트-상권,20214,아파트_면적_132_제곱미터_세대_수,1464,1018,0.6953551912568307,0,0
아파트-상권,20214,아파트_면적_165_제곱미터_세대_수,1464,1203,0.8217213114754098,0,0
아파트-상권,20214,아파트_면적_66_제곱미터_미만_세대_수,1464,38,0.025956284153005466,0,0
아파트-상권,20214,아파트_면적_66_제곱미터_세대_수,1464,122,0.08333333333333333,0,0
아파트-상권,20214,아파트_면적_99_제곱미터_세대_수,1464,570,0.38934426229508196,0,0
아파트-상권,20214,아파트_평균_면적,1464,0,0.0,0,0
아파트-상권,20214,아파트_평균_시가,1464,0,0.0,0,0
아파트-상권,20221,기준_년분기_코드,1464,0,0.0,0,0
아파트-상권,20221,상권_구분_코드,1464,0,0.0,0,0
아파트-상권,20221,상권_구분_코드_명,1464,0,0.0,0,0
아파트-상권,20221,상권_코드,1464,0,0.0,0,0
아파트-상권,20221,상권_코드_명,1464,0,0.0,0,0
아파트-상권,20221,아파트_가격_1_억_미만_세대_수,1464,335,0.22882513661202186,0,0
아파트-상권,20221,아파트_가격_1_억_세대_수,1464,117,0.07991803278688525,0,0
아파트-상권,20221,아파트_가격_2_억_세대_수,1464,145,0.09904371584699453,0,0
아파트-상권,20221,아파트_가격_3_억_세대_수,1464,484,0.33060109289617484,0,0
아파트-상권,20221,아파트_가격_4_억_세대_수,1464,801,0.5471311475409836,0,0
아파트-상권,20221,아파트_가격_5_억_세대_수,1464,994,0.6789617486338798,0,0
아파트-상권,20221,아파트_가격_6_억_이상_세대_수,1464,1054,0.7199453551912568,0,0
아파트-상권,20221,아파트_단지_수,1464,0,0.0,0,0
아파트-상권,20221,아파트_면적_132_제곱미터_세대_수,1464,1018,0.6953551912568307,0,0
아파트-상권,20221,아파트_면적_165_제곱미터_세대_수,1464,1203,0.8217213114754098,0,0
아파트-상권,20221,아파트_면적_66_제곱미터_미만_세대_수,1464,38,0.025956284153005466,0,0
아파트-상권,20221,아파트_면적_66_제곱미터_세대_수,1464,122,0.08333333333333333,0,0
아파트-상권,20221,아파트_면적_99_제곱미터_세대_수,1464,570,0.38934426229508196,0,0
아파트-상권,20221,아파트_평균_면적,1464,0,0.0,0,0
아파트-상권,20221,아파트_평균_시가,1464,0,0.0,0,0
아파트-상권,20222,기준_년분기_코드,1464,0,0.0,0,0
아파트-상권,20222,상권_구분_코드,1464,0,0.0,0,0
아파트-상권,20222,상권_구분_코드_명,1464,0,0.0,0,0
아파트-상권,20222,상권_코드,1464,0,0.0,0,0
아파트-상권,20222,상권_코드_명,1464,0,0.0,0,0
아파트-상권,20222,아파트_가격_1_억_미만_세대_수,1464,335,0.22882513661202186,0,0
아파트-상권,20222,아파트_가격_1_억_세대_수,1464,117,0.07991803278688525,0,0
아파트-상권,20222,아파트_가격_2_억_세대_수,1464,145,0.09904371584699453,0,0
아파트-상권,20222,아파트_가격_3_억_세대_수,1464,484,0.33060109289617484,0,0
아파트-상권,20222,아파트_가격_4_억_세대_수,1464,801,0.5471311475409836,0,0
아파트-상권,20222,아파트_가격_5_억_세대_수,1464,994,0.6789617486338798,0,0
아파트-상권,20222,아파트_가격_6_억_이상_세대_수,1464,1054,0.7199453551912568,0,0
아파트-상권,20222,아파트_단지_수,1464,0,0.0,0,0
아파트-상권,20222,아파트_면적_132_제곱미터_세대_수,1464,1018,0.6953551912568307,0,0
아파트-상권,20222,아파트_면적_165_제곱미터_세대_수,1464,1203,0.8217213114754098,0,0
아파트-상권,20222,아파트_면적_66_제곱미터_미만_세대_수,1464,38,0.025956284153005466,0,0
아파트-상권,20222,아파트_면적_66_제곱미터_세대_수,1464,122,0.08333333333333333,0,0
아파트-상권,20222,아파트_면적_99_제곱미터_세대_수,1464,570,0.38934426229508196,0,0
아파트-상권,20222,아파트_평균_면적,1464,0,0.0,0,0
아파트-상권,20222,아파트_평균_시가,1464,0,0.0,0,0
아파트-상권,20223,기준_년분기_코드,1464,0,0.0,0,0
아파트-상권,20223,상권_구분_코드,1464,0,0.0,0,0
아파트-상권,20223,상권_구분_코드_명,1464,0,0.0,0,0
아파트-상권,20223,상권_코드,1464,0,0.0,0,0
아파트-상권,20223,상권_코드_명,1464,0,0.0,0,0
아파트-상권,20223,아파트_가격_1_억_미만_세대_수,1464,335,0.22882513661202186,0,0
아파트-상권,20223,아파트_가격_1_억_세대_수,1464,117,0.07991803278688525,0,0
아파트-상권,20223,아파트_가격_2_억_세대_수,1464,145,0.09904371584699453,0,0
아파트-상권,20223,아파트_가격_3_억_세대_수,1464,484,0.33060109289617484,0,0
아파트-상권,20223,아파트_가격_4_억_세대_수,1464,801,0.5471311475409836,0,0
아파트-상권,20223,아파트_가격_5_억_세대_수,1464,994,0.6789617486338798,0,0
아파트-상권,20223,아파트_가격_6_억_이상_세대_수,1464,1054,0.7199453551912568,0,0
아파트-상권,20223,아파트_단지_수,1464,0,0.0,0,0
아파트-상권,20223,아파트_면적_132_제곱미터_세대_수,1464,1018,0.6953551912568307,0,0
아파트-상권,20223,아파트_면적_165_제곱미터_세대_수,1464,1203,0.8217213114754098,0,0
아파트-상권,20223,아파트_면적_66_제곱미터_미만_세대_수,1464,38,0.025956284153005466,0,0
아파트-상권,20223,아파트_면적_66_제곱미터_세대_수,1464,122,0.08333333333333333,0,0
아파트-상권,20223,아파트_면적_99_제곱미터_세대_수,1464,570,0.38934426229508196,0,0
아파트-상권,20223,아파트_평균_면적,1464,0,0.0,0,0
아파트-상권,20223,아파트_평균_시가,1464,0,0.0,0,0
아파트-상권,20224,기준_년분기_코드,1463,0,0.0,0,0
아파트-상권,20224,상권_구분_코드,1463,0,0.0,0,0
아파트-상권,20224,상권_구분_코드_명,1463,0,0.0,0,0
아파트-상권,20224,상권_코드,1463,0,0.0,0,0
아파트-상권,20224,상권_코드_명,1463,0,0.0,0,0
아파트-상권,20224,아파트_가격_1_억_미만_세대_수,1463,334,0.22829801777170197,0,0
아파트-상권,20224,아파트_가격_1_억_세대_수,1463,118,0.08065618591934381,0,0
아파트-상권,20224,아파트_가격_2_억_세대_수,1463,147,0.10047846889952153,0,0
아파트-상권,20224,아파트_가격_3_억_세대_수,1463,488,0.33356117566643884,0,0
아파트-상권,20224,아파트_가격_4_억_세대_수,1463,804,0.5495557074504442,0,0
아파트-상권,20224,아파트_가격_5_억_세대_수,1463,996,0.6807928913192071,0,0
아파트-상권,20224,아파트_가격_6_억_이상_세대_수,1463,1055,0.721120984278879,0,0
아파트-상권,20224,아파트_단지_수,1463,0,0.0,0,0
아파트-상권,20224,아파트_면적_132_제곱미터_세대_수,1463,1026,0.7012987012987013,0,0
아파트-상권,20224,아파트_면적_165_제곱미터_세대_수,1463,1207,0.8250170881749829,0,0
아파트-상권,20224,아파트_면적_66_제곱미터_미만_세대_수,1463,38,0.025974025974025976,0,0
아파트-상권,20224,아파트_면적_66_제곱미터_세대_수,1463,122,0.08339029391660971,0,0
아파트-상권,20224,아파트_면적_99_제곱미터_세대_수,1463,582,0.3978127136021873,0,0
아파트-상권,20224,아파트_평균_면적,1463,0,0.0,0,0
아파트-상권,20224,아파트_평균_시가,1463,0,0.0,0,0
아파트-상권,20231,기준_년분기_코드,1463,0,0.0,0,0
아파트-상권,20231,상권_구분_코드,1463,0,0.0,0,0
아파트-상권,20231,상권_구분_코드_명,1463,0,0.0,0,0
아파트-상권,20231,상권_코드,1463,0,0.0,0,0
아파트-상권,20231,상권_코드_명,1463,0,0.0,0,0
아파트-상권,20231,아파트_가격_1_억_미만_세대_수,1463,334,0.22829801777170197,0,0
아파트-상권,20231,아파트_가격_1_억_세대_수,1463,118,0.08065618591934381,0,0
아파트-상권,20231,아파트_가격_2_억_세대_수,1463,147,0.10047846889952153,0,0
아파트-상권,20231,아파트_가격_3_억_세대_수,1463,488,0.33356117566643884,0,0
아파트-상권,20231,아파트_가격_4_억_세대_수,1463,804,0.5495557074504442,0,0
아파트-상권,20231,아파트_가격_5_억_세대_수,1463,996,0.6807928913192071,0,0
아파트-상권,20231,아파트_가격_6_억_이상_세대_수,1463,1055,0.721120984278879,0,0
아파트-상권,20231,아파트_단지_수,1463,0,0.0,0,0
아파트-상권,20231,아파트_면적_132_제곱미터_세대_수,1463,1026,0.7012987012987013,0,0
아파트-상권,20231,아파트_면적_165_제곱미터_세대_수,1463,1207,0.8250170881749829,0,0
아파트-상권,20231,아파트_면적_66_제곱미터_미만_세대_수,1463,38,0.025974025974025976,0,0
아파트-상권,20231,아파트_면적_66_제곱미터_세대_수,1463,122,0.08339029391660971,0,0
아파트-상권,20231,아파트_면적_99_제곱미터_세대_수,1463,582,0.3978127136021873,0,0
아파트-상권,20231,아파트_평균_면적,1463,0,0.0,0,0
아파트-상권,20231,아파트_평균_시가,1463,0,0.0,0,0
아파트-상권,20232,기준_년분기_코드,1463,0,0.0,0,0
아파트-상권,20232,상권_구분_코드,1463,0,0.0,0,0
아파트-상권,20232,상권_구분_코드_명,1463,0,0.0,0,0
아파트-상권,20232,상권_코드,1463,0,0.0,0,0
아파트-상권,20232,상권_코드_명,1463,0,0.0,0,0
아파트-상권,20232,아파트_가격_1_억_미만_세대_수,1463,334,0.22829801777170197,0,0
아파트-상권,20232,아파트_가격_1_억_세대_수,1463,118,0.08065618591934381,0,0
아파트-상권,20232,아파트_가격_2_억_세대_수,1463,147,0.10047846889952153,0,0
아파트-상권,20232,아파트_가격_3_억_세대_수,1463,488,0.33356117566643884,0,0
아파트-상권,20232,아파트_가격_4_억_세대_수,1463,804,0.5495557074504442,0,0
아파트-상권,20232,아파트_가격_5_억_세대_수,1463,996,0.6807928913192071,0,0
아파트-상권,20232,아파트_가격_6_억_이상_세대_수,1463,1055,0.721120984278879,0,0
아파트-상권,20232,아파트_단지_수,1463,0,0.0,0,0
아파트-상권,20232,아파트_면적_132_제곱미터_세대_수,1463,1026,0.7012987012987013,0,0
아파트-상권,20232,아파트_면적_165_제곱미터_세대_수,1463,1207,0.8250170881749829,0,0
아파트-상권,20232,아파트_면적_66_제곱미터_미만_세대_수,1463,38,0.025974025974025976,0,0
아파트-상권,20232,아파트_면적_66_제곱미터_세대_수,1463,122,0.08339029391660971,0,0
아파트-상권,20232,아파트_면적_99_제곱미터_세대_수,1463,582,0.3978127136021873,0,0
아파트-상권,20232,아파트_평균_면적,1463,0,0.0,0,0
아파트-상권,20232,아파트_평균_시가,1463,0,0.0,0,0
아파트-상권,20233,기준_년분기_코드,1463,0,0.0,0,0
아파트-상권,20233,상권_구분_코드,1463,0,0.0,0,0
아파트-상권,20233,상권_구분_코드_명,1463,0,0.0,0,0
아파트-상권,20233,상권_코드,1463,0,0.0,0,0
아파트-상권,20233,상권_코드_명,1463,0,0.0,0,0
아파트-상권,20233,아파트_가격_1_억_미만_세대_수,1463,334,0.22829801777170197,0,0
아파트-상권,20233,아파트_가격_1_억_세대_수,1463,118,0.08065618591934381,0,0
아파트-상권,20233,아파트_가격_2_억_세대_수,1463,147,0.10047846889952153,0,0
아파트-상권,20233,아파트_가격_3_억_세대_수,1463,488,0.33356117566643884,0,0
아파트-상권,20233,아파트_가격_4_억_세대_수,1463,804,0.5495557074504442,0,0
아파트-상권,20233,아파트_가격_5_억_세대_수,1463,996,0.6807928913192071,0,0
아파트-상권,20233,아파트_가격_6_억_이상_세대_수,1463,1055,0.721120984278879,0,0
아파트-상권,20233,아파트_단지_수,1463,0,0.0,0,0
아파트-상권,20233,아파트_면적_132_제곱미터_세대_수,1463,1026,0.7012987012987013,0,0
아파트-상권,20233,아파트_면적_165_제곱미터_세대_수,1463,1207,0.8250170881749829,0,0
아파트-상권,20233,아파트_면적_66_제곱미터_미만_세대_수,1463,38,0.025974025974025976,0,0
아파트-상권,20233,아파트_면적_66_제곱미터_세대_수,1463,122,0.08339029391660971,0,0
아파트-상권,20233,아파트_면적_99_제곱미터_세대_수,1463,582,0.3978127136021873,0,0
아파트-상권,20233,아파트_평균_면적,1463,0,0.0,0,0
아파트-상권,20233,아파트_평균_시가,1463,0,0.0,0,0
아파트-상권,20234,기준_년분기_코드,1463,0,0.0,0,0
아파트-상권,20234,상권_구분_코드,1463,0,0.0,0,0
아파트-상권,20234,상권_구분_코드_명,1463,0,0.0,0,0
아파트-상권,20234,상권_코드,1463,0,0.0,0,0
아파트-상권,20234,상권_코드_명,1463,0,0.0,0,0
아파트-상권,20234,아파트_가격_1_억_미만_세대_수,1463,334,0.22829801777170197,0,0
아파트-상권,20234,아파트_가격_1_억_세대_수,1463,118,0.08065618591934381,0,0
아파트-상권,20234,아파트_가격_2_억_세대_수,1463,147,0.10047846889952153,0,0
아파트-상권,20234,아파트_가격_3_억_세대_수,1463,488,0.33356117566643884,0,0
아파트-상권,20234,아파트_가격_4_억_세대_수,1463,804,0.5495557074504442,0,0
아파트-상권,20234,아파트_가격_5_억_세대_수,1463,996,0.6807928913192071,0,0
아파트-상권,20234,아파트_가격_6_억_이상_세대_수,1463,1055,0.721120984278879,0,0
아파트-상권,20234,아파트_단지_수,1463,0,0.0,0,0
아파트-상권,20234,아파트_면적_132_제곱미터_세대_수,1463,1026,0.7012987012987013,0,0
아파트-상권,20234,아파트_면적_165_제곱미터_세대_수,1463,1207,0.8250170881749829,0,0
아파트-상권,20234,아파트_면적_66_제곱미터_미만_세대_수,1463,38,0.025974025974025976,0,0
아파트-상권,20234,아파트_면적_66_제곱미터_세대_수,1463,122,0.08339029391660971,0,0
아파트-상권,20234,아파트_면적_99_제곱미터_세대_수,1463,582,0.3978127136021873,0,0
아파트-상권,20234,아파트_평균_면적,1463,0,0.0,0,0
아파트-상권,20234,아파트_평균_시가,1463,0,0.0,0,0
아파트-상권,20241,기준_년분기_코드,1463,0,0.0,0,0
아파트-상권,20241,상권_구분_코드,1463,0,0.0,0,0
아파트-상권,20241,상권_구분_코드_명,1463,0,0.0,0,0
아파트-상권,20241,상권_코드,1463,0,0.0,0,0
아파트-상권,20241,상권_코드_명,1463,0,0.0,0,0
아파트-상권,20241,아파트_가격_1_억_미만_세대_수,1463,334,0.22829801777170197,0,0
아파트-상권,20241,아파트_가격_1_억_세대_수,1463,118,0.08065618591934381,0,0
아파트-상권,20241,아파트_가격_2_억_세대_수,1463,147,0.10047846889952153,0,0
아파트-상권,20241,아파트_가격_3_억_세대_수,1463,488,0.33356117566643884,0,0
아파트-상권,20241,아파트_가격_4_억_세대_수,1463,804,0.5495557074504442,0,0
아파트-상권,20241,아파트_가격_5_억_세대_수,1463,996,0.6807928913192071,0,0
아파트-상권,20241,아파트_가격_6_억_이상_세대_수,1463,1055,0.721120984278879,0,0
아파트-상권,20241,아파트_단지_수,1463,0,0.0,0,0
아파트-상권,20241,아파트_면적_132_제곱미터_세대_수,1463,1026,0.7012987012987013,0,0
아파트-상권,20241,아파트_면적_165_제곱미터_세대_수,1463,1207,0.8250170881749829,0,0
아파트-상권,20241,아파트_면적_66_제곱미터_미만_세대_수,1463,38,0.025974025974025976,0,0
아파트-상권,20241,아파트_면적_66_제곱미터_세대_수,1463,122,0.08339029391660971,0,0
아파트-상권,20241,아파트_면적_99_제곱미터_세대_수,1463,582,0.3978127136021873,0,0
아파트-상권,20241,아파트_평균_면적,1463,0,0.0,0,0
아파트-상권,20241,아파트_평균_시가,1463,0,0.0,0,0
아파트-상권,20242,기준_년분기_코드,1463,0,0.0,0,0
아파트-상권,20242,상권_구분_코드,1463,0,0.0,0,0
아파트-상권,20242,상권_구분_코드_명,1463,0,0.0,0,0
아파트-상권,20242,상권_코드,1463,0,0.0,0,0
아파트-상권,20242,상권_코드_명,1463,0,0.0,0,0
아파트-상권,20242,아파트_가격_1_억_미만_세대_수,1463,334,0.22829801777170197,0,0
아파트-상권,20242,아파트_가격_1_억_세대_수,1463,118,0.08065618591934381,0,0
아파트-상권,20242,아파트_가격_2_억_세대_수,1463,147,0.10047846889952153,0,0
아파트-상권,20242,아파트_가격_3_억_세대_수,1463,488,0.33356117566643884,0,0
아파트-상권,20242,아파트_가격_4_억_세대_수,1463,804,0.5495557074504442,0,0
아파트-상권,20242,아파트_가격_5_억_세대_수,1463,996,0.6807928913192071,0,0
아파트-상권,20242,아파트_가격_6_억_이상_세대_수,1463,1055,0.721120984278879,0,0
아파트-상권,20242,아파트_단지_수,1463,0,0.0,0,0
아파트-상권,20242,아파트_면적_132_제곱미터_세대_수,1463,1026,0.7012987012987013,0,0
아파트-상권,20242,아파트_면적_165_제곱미터_세대_수,1463,1207,0.8250170881749829,0,0
아파트-상권,20242,아파트_면적_66_제곱미터_미만_세대_수,1463,38,0.025974025974025976,0,0
아파트-상권,20242,아파트_면적_66_제곱미터_세대_수,1463,122,0.08339029391660971,0,0
아파트-상권,20242,아파트_면적_99_제곱미터_세대_수,1463,582,0.3978127136021873,0,0
아파트-상권,20242,아파트_평균_면적,1463,0,0.0,0,0
아파트-상권,20242,아파트_평균_시가,1463,0,0.0,0,0
아파트-상권,20243,기준_년분기_코드,1463,0,0.0,0,0
아파트-상권,20243,상권_구분_코드,1463,0,0.0,0,0
아파트-상권,20243,상권_구분_코드_명,1463,0,0.0,0,0
아파트-상권,20243,상권_코드,1463,0,0.0,0,0
아파트-상권,20243,상권_코드_명,1463,0,0.0,0,0
아파트-상권,20243,아파트_가격_1_억_미만_세대_수,1463,334,0.22829801777170197,0,0
아파트-상권,20243,아파트_가격_1_억_세대_수,1463,118,0.08065618591934381,0,0
아파트-상권,20243,아파트_가격_2_억_세대_수,1463,147,0.10047846889952153,0,0
아파트-상권,20243,아파트_가격_3_억_세대_수,1463,488,0.33356117566643884,0,0
아파트-상권,20243,아파트_가격_4_억_세대_수,1463,804,0.5495557074504442,0,0
아파트-상권,20243,아파트_가격_5_억_세대_수,1463,996,0.6807928913192071,0,0
아파트-상권,20243,아파트_가격_6_억_이상_세대_수,1463,1055,0.721120984278879,0,0
아파트-상권,20243,아파트_단지_수,1463,0,0.0,0,0
아파트-상권,20243,아파트_면적_132_제곱미터_세대_수,1463,1026,0.7012987012987013,0,0
아파트-상권,20243,아파트_면적_165_제곱미터_세대_수,1463,1207,0.8250170881749829,0,0
아파트-상권,20243,아파트_면적_66_제곱미터_미만_세대_수,1463,38,0.025974025974025976,0,0
아파트-상권,20243,아파트_면적_66_제곱미터_세대_수,1463,122,0.08339029391660971,0,0
아파트-상권,20243,아파트_면적_99_제곱미터_세대_수,1463,582,0.3978127136021873,0,0
아파트-상권,20243,아파트_평균_면적,1463,0,0.0,0,0
아파트-상권,20243,아파트_평균_시가,1463,0,0.0,0,0
아파트-상권,20244,기준_년분기_코드,1463,0,0.0,0,0
아파트-상권,20244,상권_구분_코드,1463,0,0.0,0,0
아파트-상권,20244,상권_구분_코드_명,1463,0,0.0,0,0
아파트-상권,20244,상권_코드,1463,0,0.0,0,0
아파트-상권,20244,상권_코드_명,1463,0,0.0,0,0
아파트-상권,20244,아파트_가격_1_억_미만_세대_수,1463,334,0.22829801777170197,0,0
아파트-상권,20244,아파트_가격_1_억_세대_수,1463,118,0.08065618591934381,0,0
아파트-상권,20244,아파트_가격_2_억_세대_수,1463,147,0.10047846889952153,0,0
아파트-상권,20244,아파트_가격_3_억_세대_수,1463,488,0.33356117566643884,0,0
아파트-상권,20244,아파트_가격_4_억_세대_수,1463,804,0.5495557074504442,0,0
아파트-상권,20244,아파트_가격_5_억_세대_수,1463,996,0.6807928913192071,0,0
아파트-상권,20244,아파트_가격_6_억_이상_세대_수,1463,1055,0.721120984278879,0,0
아파트-상권,20244,아파트_단지_수,1463,0,0.0,0,0
아파트-상권,20244,아파트_면적_132_제곱미터_세대_수,1463,1026,0.7012987012987013,0,0
아파트-상권,20244,아파트_면적_165_제곱미터_세대_수,1463,1207,0.8250170881749829,0,0
아파트-상권,20244,아파트_면적_66_제곱미터_미만_세대_수,1463,38,0.025974025974025976,0,0
아파트-상권,20244,아파트_면적_66_제곱미터_세대_수,1463,122,0.08339029391660971,0,0
아파트-상권,20244,아파트_면적_99_제곱미터_세대_수,1463,582,0.3978127136021873,0,0
아파트-상권,20244,아파트_평균_면적,1463,0,0.0,0,0
아파트-상권,20244,아파트_평균_시가,1463,0,0.0,0,0
아파트-상권,20251,기준_년분기_코드,1463,0,0.0,0,0
아파트-상권,20251,상권_구분_코드,1463,0,0.0,0,0
아파트-상권,20251,상권_구분_코드_명,1463,0,0.0,0,0
아파트-상권,20251,상권_코드,1463,0,0.0,0,0
아파트-상권,20251,상권_코드_명,1463,0,0.0,0,0
아파트-상권,20251,아파트_가격_1_억_미만_세대_수,1463,334,0.22829801777170197,0,0
아파트-상권,20251,아파트_가격_1_억_세대_수,1463,118,0.08065618591934381,0,0
아파트-상권,20251,아파트_가격_2_억_세대_수,1463,147,0.10047846889952153,0,0
아파트-상권,20251,아파트_가격_3_억_세대_수,1463,488,0.33356117566643884,0,0
아파트-상권,20251,아파트_가격_4_억_세대_수,1463,804,0.5495557074504442,0,0
아파트-상권,20251,아파트_가격_5_억_세대_수,1463,996,0.6807928913192071,0,0
아파트-상권,20251,아파트_가격_6_억_이상_세대_수,1463,1055,0.721120984278879,0,0
아파트-상권,20251,아파트_단지_수,1463,0,0.0,0,0
아파트-상권,20251,아파트_면적_132_제곱미터_세대_수,1463,1026,0.7012987012987013,0,0
아파트-상권,20251,아파트_면적_165_제곱미터_세대_수,1463,1207,0.8250170881749829,0,0
아파트-상권,20251,아파트_면적_66_제곱미터_미만_세대_수,1463,38,0.025974025974025976,0,0
아파트-상권,20251,아파트_면적_66_제곱미터_세대_수,1463,122,0.08339029391660971,0,0
아파트-상권,20251,아파트_면적_99_제곱미터_세대_수,1463,582,0.3978127136021873,0,0
아파트-상권,20251,아파트_평균_면적,1463,0,0.0,0,0
아파트-상권,20251,아파트_평균_시가,1463,0,0.0,0,0
아파트-상권,20252,기준_년분기_코드,1463,0,0.0,0,0
아파트-상권,20252,상권_구분_코드,1463,0,0.0,0,0
아파트-상권,20252,상권_구분_코드_명,1463,0,0.0,0,0
아파트-상권,20252,상권_코드,1463,0,0.0,0,0
아파트-상권,20252,상권_코드_명,1463,0,0.0,0,0
아파트-상권,20252,아파트_가격_1_억_미만_세대_수,1463,334,0.22829801777170197,0,0
아파트-상권,20252,아파트_가격_1_억_세대_수,1463,118,0.08065618591934381,0,0
아파트-상권,20252,아파트_가격_2_억_세대_수,1463,147,0.10047846889952153,0,0
아파트-상권,20252,아파트_가격_3_억_세대_수,1463,488,0.33356117566643884,0,0
아파트-상권,20252,아파트_가격_4_억_세대_수,1463,804,0.5495557074504442,0,0
아파트-상권,20252,아파트_가격_5_억_세대_수,1463,996,0.6807928913192071,0,0
아파트-상권,20252,아파트_가격_6_억_이상_세대_수,1463,1055,0.721120984278879,0,0
아파트-상권,20252,아파트_단지_수,1463,0,0.0,0,0
아파트-상권,20252,아파트_면적_132_제곱미터_세대_수,1463,1026,0.7012987012987013,0,0
아파트-상권,20252,아파트_면적_165_제곱미터_세대_수,1463,1207,0.8250170881749829,0,0
아파트-상권,20252,아파트_면적_66_제곱미터_미만_세대_수,1463,38,0.025974025974025976,0,0
아파트-상권,20252,아파트_면적_66_제곱미터_세대_수,1463,122,0.08339029391660971,0,0
아파트-상권,20252,아파트_면적_99_제곱미터_세대_수,1463,582,0.3978127136021873,0,0
아파트-상권,20252,아파트_평균_면적,1463,0,0.0,0,0
아파트-상권,20252,아파트_평균_시가,1463,0,0.0,0,0
아파트-상권,20253,기준_년분기_코드,1463,0,0.0,0,0
아파트-상권,20253,상권_구분_코드,1463,0,0.0,0,0
아파트-상권,20253,상권_구분_코드_명,1463,0,0.0,0,0
아파트-상권,20253,상권_코드,1463,0,0.0,0,0
아파트-상권,20253,상권_코드_명,1463,0,0.0,0,0
아파트-상권,20253,아파트_가격_1_억_미만_세대_수,1463,334,0.22829801777170197,0,0
아파트-상권,20253,아파트_가격_1_억_세대_수,1463,118,0.08065618591934381,0,0
아파트-상권,20253,아파트_가격_2_억_세대_수,1463,147,0.10047846889952153,0,0
아파트-상권,20253,아파트_가격_3_억_세대_수,1463,488,0.33356117566643884,0,0
아파트-상권,20253,아파트_가격_4_억_세대_수,1463,804,0.5495557074504442,0,0
아파트-상권,20253,아파트_가격_5_억_세대_수,1463,996,0.6807928913192071,0,0
아파트-상권,20253,아파트_가격_6_억_이상_세대_수,1463,1055,0.721120984278879,0,0
아파트-상권,20253,아파트_단지_수,1463,0,0.0,0,0
아파트-상권,20253,아파트_면적_132_제곱미터_세대_수,1463,1026,0.7012987012987013,0,0
아파트-상권,20253,아파트_면적_165_제곱미터_세대_수,1463,1207,0.8250170881749829,0,0
아파트-상권,20253,아파트_면적_66_제곱미터_미만_세대_수,1463,38,0.025974025974025976,0,0
아파트-상권,20253,아파트_면적_66_제곱미터_세대_수,1463,122,0.08339029391660971,0,0
아파트-상권,20253,아파트_면적_99_제곱미터_세대_수,1463,582,0.3978127136021873,0,0
아파트-상권,20253,아파트_평균_면적,1463,0,0.0,0,0
아파트-상권,20253,아파트_평균_시가,1463,0,0.0,0,0
아파트-상권,20254,기준_년분기_코드,1463,0,0.0,0,0
아파트-상권,20254,상권_구분_코드,1463,0,0.0,0,0
아파트-상권,20254,상권_구분_코드_명,1463,0,0.0,0,0
아파트-상권,20254,상권_코드,1463,0,0.0,0,0
아파트-상권,20254,상권_코드_명,1463,0,0.0,0,0
아파트-상권,20254,아파트_가격_1_억_미만_세대_수,1463,334,0.22829801777170197,0,0
아파트-상권,20254,아파트_가격_1_억_세대_수,1463,118,0.08065618591934381,0,0
아파트-상권,20254,아파트_가격_2_억_세대_수,1463,147,0.10047846889952153,0,0
아파트-상권,20254,아파트_가격_3_억_세대_수,1463,488,0.33356117566643884,0,0
아파트-상권,20254,아파트_가격_4_억_세대_수,1463,804,0.5495557074504442,0,0
아파트-상권,20254,아파트_가격_5_억_세대_수,1463,996,0.6807928913192071,0,0
아파트-상권,20254,아파트_가격_6_억_이상_세대_수,1463,1055,0.721120984278879,0,0
아파트-상권,20254,아파트_단지_수,1463,0,0.0,0,0
아파트-상권,20254,아파트_면적_132_제곱미터_세대_수,1463,1026,0.7012987012987013,0,0
아파트-상권,20254,아파트_면적_165_제곱미터_세대_수,1463,1207,0.8250170881749829,0,0
아파트-상권,20254,아파트_면적_66_제곱미터_미만_세대_수,1463,38,0.025974025974025976,0,0
아파트-상권,20254,아파트_면적_66_제곱미터_세대_수,1463,122,0.08339029391660971,0,0
아파트-상권,20254,아파트_면적_99_제곱미터_세대_수,1463,582,0.3978127136021873,0,0
아파트-상권,20254,아파트_평균_면적,1463,0,0.0,0,0
아파트-상권,20254,아파트_평균_시가,1463,0,0.0,0,0
아파트-상권,20261,기준_년분기_코드,1463,0,0.0,0,0
아파트-상권,20261,상권_구분_코드,1463,0,0.0,0,0
아파트-상권,20261,상권_구분_코드_명,1463,0,0.0,0,0
아파트-상권,20261,상권_코드,1463,0,0.0,0,0
아파트-상권,20261,상권_코드_명,1463,0,0.0,0,0
아파트-상권,20261,아파트_가격_1_억_미만_세대_수,1463,334,0.22829801777170197,0,0
아파트-상권,20261,아파트_가격_1_억_세대_수,1463,118,0.08065618591934381,0,0
아파트-상권,20261,아파트_가격_2_억_세대_수,1463,147,0.10047846889952153,0,0
아파트-상권,20261,아파트_가격_3_억_세대_수,1463,488,0.33356117566643884,0,0
아파트-상권,20261,아파트_가격_4_억_세대_수,1463,804,0.5495557074504442,0,0
아파트-상권,20261,아파트_가격_5_억_세대_수,1463,996,0.6807928913192071,0,0
아파트-상권,20261,아파트_가격_6_억_이상_세대_수,1463,1055,0.721120984278879,0,0
아파트-상권,20261,아파트_단지_수,1463,0,0.0,0,0
아파트-상권,20261,아파트_면적_132_제곱미터_세대_수,1463,1026,0.7012987012987013,0,0
아파트-상권,20261,아파트_면적_165_제곱미터_세대_수,1463,1207,0.8250170881749829,0,0
아파트-상권,20261,아파트_면적_66_제곱미터_미만_세대_수,1463,38,0.025974025974025976,0,0
아파트-상권,20261,아파트_면적_66_제곱미터_세대_수,1463,122,0.08339029391660971,0,0
아파트-상권,20261,아파트_면적_99_제곱미터_세대_수,1463,582,0.3978127136021873,0,0
아파트-상권,20261,아파트_평균_면적,1463,0,0.0,0,0
아파트-상권,20261,아파트_평균_시가,1463,0,0.0,0,0
점포-상권,20211,개업_율,75891,0,0.0,67528,0
점포-상권,20211,개업_점포_수,75891,0,0.0,67522,0
점포-상권,20211,기준_년분기_코드,75891,0,0.0,0,0
점포-상권,20211,상권_구분_코드,75891,0,0.0,0,0
점포-상권,20211,상권_구분_코드_명,75891,0,0.0,0,0
점포-상권,20211,상권_코드,75891,0,0.0,0,0
점포-상권,20211,상권_코드_명,75891,0,0.0,0,0
점포-상권,20211,서비스_업종_코드,75891,0,0.0,0,0
점포-상권,20211,서비스_업종_코드_명,75891,0,0.0,0,0
점포-상권,20211,유사_업종_점포_수,75891,0,0.0,604,0
점포-상권,20211,점포_수,75891,0,0.0,2818,0
점포-상권,20211,폐업_률,75891,0,0.0,68049,0
점포-상권,20211,폐업_점포_수,75891,0,0.0,67442,0
점포-상권,20211,프랜차이즈_점포_수,75891,0,0.0,62305,0
점포-상권,20212,개업_율,75896,0,0.0,66327,0
점포-상권,20212,개업_점포_수,75896,0,0.0,66318,0
점포-상권,20212,기준_년분기_코드,75896,0,0.0,0,0
점포-상권,20212,상권_구분_코드,75896,0,0.0,0,0
점포-상권,20212,상권_구분_코드_명,75896,0,0.0,0,0
점포-상권,20212,상권_코드,75896,0,0.0,0,0
점포-상권,20212,상권_코드_명,75896,0,0.0,0,0
점포-상권,20212,서비스_업종_코드,75896,0,0.0,0,0
점포-상권,20212,서비스_업종_코드_명,75896,0,0.0,0,0
점포-상권,20212,유사_업종_점포_수,75896,0,0.0,521,0
점포-상권,20212,점포_수,75896,0,0.0,2730,0
점포-상권,20212,폐업_률,75896,0,0.0,67785,0
점포-상권,20212,폐업_점포_수,75896,0,0.0,67258,0
점포-상권,20212,프랜차이즈_점포_수,75896,0,0.0,62221,0
점포-상권,20213,개업_율,75917,0,0.0,67465,0
점포-상권,20213,개업_점포_수,75917,0,0.0,67454,0
점포-상권,20213,기준_년분기_코드,75917,0,0.0,0,0
점포-상권,20213,상권_구분_코드,75917,0,0.0,0,0
점포-상권,20213,상권_구분_코드_명,75917,0,0.0,0,0
점포-상권,20213,상권_코드,75917,0,0.0,0,0
점포-상권,20213,상권_코드_명,75917,0,0.0,0,0
점포-상권,20213,서비스_업종_코드,75917,0,0.0,0,0
점포-상권,20213,서비스_업종_코드_명,75917,0,0.0,0,0
점포-상권,20213,유사_업종_점포_수,75917,0,0.0,447,0
점포-상권,20213,점포_수,75917,0,0.0,2639,0
점포-상권,20213,폐업_률,75917,0,0.0,68497,0
점포-상권,20213,폐업_점포_수,75917,0,0.0,68043,0
점포-상권,20213,프랜차이즈_점포_수,75917,0,0.0,62175,0
점포-상권,20214,개업_율,76176,0,0.0,66138,0
점포-상권,20214,개업_점포_수,76176,0,0.0,66129,0
점포-상권,20214,기준_년분기_코드,76176,0,0.0,0,0
점포-상권,20214,상권_구분_코드,76176,0,0.0,0,0
점포-상권,20214,상권_구분_코드_명,76176,0,0.0,0,0
점포-상권,20214,상권_코드,76176,0,0.0,0,0
점포-상권,20214,상권_코드_명,76176,0,0.0,0,0
점포-상권,20214,서비스_업종_코드,76176,0,0.0,0,0
점포-상권,20214,서비스_업종_코드_명,76176,0,0.0,0,0
점포-상권,20214,유사_업종_점포_수,76176,0,0.0,475,0
점포-상권,20214,점포_수,76176,0,0.0,2650,0
점포-상권,20214,폐업_률,76176,0,0.0,68830,0
점포-상권,20214,폐업_점포_수,76176,0,0.0,68347,0
점포-상권,20214,프랜차이즈_점포_수,76176,0,0.0,62371,0
점포-상권,20221,개업_율,76212,0,0.0,68133,0
점포-상권,20221,개업_점포_수,76212,0,0.0,68125,0
점포-상권,20221,기준_년분기_코드,76212,0,0.0,0,0
점포-상권,20221,상권_구분_코드,76212,0,0.0,0,0
점포-상권,20221,상권_구분_코드_명,76212,0,0.0,0,0
점포-상권,20221,상권_코드,76212,0,0.0,0,0
점포-상권,20221,상권_코드_명,76212,0,0.0,0,0
점포-상권,20221,서비스_업종_코드,76212,0,0.0,0,0
점포-상권,20221,서비스_업종_코드_명,76212,0,0.0,0,0
점포-상권,20221,유사_업종_점포_수,76212,0,0.0,446,0
점포-상권,20221,점포_수,76212,0,0.0,2614,0
점포-상권,20221,폐업_률,76212,0,0.0,69303,0
점포-상권,20221,폐업_점포_수,76212,0,0.0,68848,0
점포-상권,20221,프랜차이즈_점포_수,76212,0,0.0,62397,0
점포-상권,20222,개업_율,76283,0,0.0,67676,0
점포-상권,20222,개업_점포_수,76283,0,0.0,67665,0
점포-상권,20222,기준_년분기_코드,76283,0,0.0,0,0
점포-상권,20222,상권_구분_코드,76283,0,0.0,0,0
점포-상권,20222,상권_구분_코드_명,76283,0,0.0,0,0
점포-상권,20222,상권_코드,76283,0,0.0,0,0
점포-상권,20222,상권_코드_명,76283,0,0.0,0,0
점포-상권,20222,서비스_업종_코드,76283,0,0.0,0,0
점포-상권,20222,서비스_업종_코드_명,76283,0,0.0,0,0
점포-상권,20222,유사_업종_점포_수,76283,0,0.0,318,0
점포-상권,20222,점포_수,76283,0,0.0,2475,0
점포-상권,20222,폐업_률,76283,0,0.0,70319,0
점포-상권,20222,폐업_점포_수,76283,0,0.0,69991,0
점포-상권,20222,프랜차이즈_점포_수,76283,0,0.0,62392,0
점포-상권,20223,개업_율,76493,0,0.0,67905,0
점포-상권,20223,개업_점포_수,76493,0,0.0,67894,0
점포-상권,20223,기준_년분기_코드,76493,0,0.0,0,0
점포-상권,20223,상권_구분_코드,76493,0,0.0,0,0
점포-상권,20223,상권_구분_코드_명,76493,0,0.0,0,0
점포-상권,20223,상권_코드,76493,0,0.0,0,0
점포-상권,20223,상권_코드_명,76493,0,0.0,0,0
점포-상권,20223,서비스_업종_코드,76493,0,0.0,0,0
점포-상권,20223,서비스_업종_코드_명,76493,0,0.0,0,0
점포-상권,20223,유사_업종_점포_수,76493,0,0.0,597,0
점포-상권,20223,점포_수,76493,0,0.0,2747,0
점포-상권,20223,폐업_률,76493,0,0.0,67931,0
점포-상권,20223,폐업_점포_수,76493,0,0.0,67327,0
점포-상권,20223,프랜차이즈_점포_수,76493,0,0.0,62624,0
점포-상권,20224,개업_율,76599,0,0.0,66815,0
점포-상권,20224,개업_점포_수,76599,0,0.0,66809,0
점포-상권,20224,기준_년분기_코드,76599,0,0.0,0,0
점포-상권,20224,상권_구분_코드,76599,0,0.0,0,0
점포-상권,20224,상권_구분_코드_명,76599,0,0.0,0,0
점포-상권,20224,상권_코드,76599,0,0.0,0,0
점포-상권,20224,상권_코드_명,76599,0,0.0,0,0
점포-상권,20224,서비스_업종_코드,76599,0,0.0,0,0
점포-상권,20224,서비스_업종_코드_명,76599,0,0.0,0,0
점포-상권,20224,유사_업종_점포_수,76599,0,0.0,452,0
점포-상권,20224,점포_수,76599,0,0.0,2595,0
점포-상권,20224,폐업_률,76599,0,0.0,69053,0
점포-상권,20224,폐업_점포_수,76599,0,0.0,68597,0
점포-상권,20224,프랜차이즈_점포_수,76599,0,0.0,62660,0
점포-상권,20231,개업_율,76826,0,0.0,67024,0
점포-상권,20231,개업_점포_수,76826,0,0.0,67015,0
점포-상권,20231,기준_년분기_코드,76826,0,0.0,0,0
점포-상권,20231,상권_구분_코드,76826,0,0.0,0,0
점포-상권,20231,상권_구분_코드_명,76826,0,0.0,0,0
점포-상권,20231,상권_코드,76826,0,0.0,0,0
점포-상권,20231,상권_코드_명,76826,0,0.0,0,0
점포-상권,20231,서비스_업종_코드,76826,0,0.0,0,0
점포-상권,20231,서비스_업종_코드_명,76826,0,0.0,0,0
점포-상권,20231,유사_업종_점포_수,76826,0,0.0,605,0
점포-상권,20231,점포_수,76826,0,0.0,2769,0
점포-상권,20231,폐업_률,76826,0,0.0,68002,0
점포-상권,20231,폐업_점포_수,76826,0,0.0,67394,0
점포-상권,20231,프랜차이즈_점포_수,76826,0,0.0,62856,0
점포-상권,20232,개업_율,76871,0,0.0,66866,0
점포-상권,20232,개업_점포_수,76871,0,0.0,66859,0
점포-상권,20232,기준_년분기_코드,76871,0,0.0,0,0
점포-상권,20232,상권_구분_코드,76871,0,0.0,0,0
점포-상권,20232,상권_구분_코드_명,76871,0,0.0,0,0
점포-상권,20232,상권_코드,76871,0,0.0,0,0
점포-상권,20232,상권_코드_명,76871,0,0.0,0,0
점포-상권,20232,서비스_업종_코드,76871,0,0.0,0,0
점포-상권,20232,서비스_업종_코드_명,76871,0,0.0,0,0
점포-상권,20232,유사_업종_점포_수,76871,0,0.0,557,0
점포-상권,20232,점포_수,76871,0,0.0,2726,0
점포-상권,20232,폐업_률,76871,0,0.0,68614,0
점포-상권,20232,폐업_점포_수,76871,0,0.0,68054,0
점포-상권,20232,프랜차이즈_점포_수,76871,0,0.0,62889,0
점포-상권,20233,개업_율,76988,0,0.0,67215,0
점포-상권,20233,개업_점포_수,76988,0,0.0,67210,0
점포-상권,20233,기준_년분기_코드,76988,0,0.0,0,0
점포-상권,20233,상권_구분_코드,76988,0,0.0,0,0
점포-상권,20233,상권_구분_코드_명,76988,0,0.0,0,0
점포-상권,20233,상권_코드,76988,0,0.0,0,0
점포-상권,20233,상권_코드_명,76988,0,0.0,0,0
점포-상권,20233,서비스_업종_코드,76988,0,0.0,0,0
점포-상권,20233,서비스_업종_코드_명,76988,0,0.0,0,0
점포-상권,20233,유사_업종_점포_수,76988,0,0.0,551,0
점포-상권,20233,점포_수,76988,0,0.0,2679,0
점포-상권,20233,폐업_률,76988,0,0.0,68725,0
점포-상권,20233,폐업_점포_수,76988,0,0.0,68168,0
점포-상권,20233,프랜차이즈_점포_수,76988,0,0.0,63009,0
점포-상권,20234,개업_율,77056,0,0.0,67999,0
점포-상권,20234,개업_점포_수,77056,0,0.0,67979,0
점포-상권,20234,기준_년분기_코드,77056,0,0.0,0,0
점포-상권,20234,상권_구분_코드,77056,0,0.0,0,0
점포-상권,20234,상권_구분_코드_명,77056,0,0.0,0,0
점포-상권,20234,상권_코드,77056,0,0.0,0,0
점포-상권,20234,상권_코드_명,77056,0,0.0,0,0
점포-상권,20234,서비스_업종_코드,77056,0,0.0,0,0
점포-상권,20234,서비스_업종_코드_명,77056,0,0.0,0,0
점포-상권,20234,유사_업종_점포_수,77056,0,0.0,491,0
점포-상권,20234,점포_수,77056,0,0.0,2617,0
점포-상권,20234,폐업_률,77056,0,0.0,69346,0
점포-상권,20234,폐업_점포_수,77056,0,0.0,68848,0
점포-상권,20234,프랜차이즈_점포_수,77056,0,0.0,63047,0
점포-상권,20241,개업_율,77025,0,0.0,69094,0
점포-상권,20241,개업_점포_수,77025,0,0.0,69065,0
점포-상권,20241,기준_년분기_코드,77025,0,0.0,0,0
점포-상권,20241,상권_구분_코드,77025,0,0.0,0,0
점포-상권,20241,상권_구분_코드_명,77025,0,0.0,0,0
점포-상권,20241,상권_코드,77025,0,0.0,0,0
점포-상권,20241,상권_코드_명,77025,0,0.0,0,0
점포-상권,20241,서비스_업종_코드,77025,0,0.0,0,0
점포-상권,20241,서비스_업종_코드_명,77025,0,0.0,0,0
점포-상권,20241,유사_업종_점포_수,77025,0,0.0,666,0
점포-상권,20241,점포_수,77025,0,0.0,2782,0
점포-상권,20241,폐업_률,77025,0,0.0,67720,0
점포-상권,20241,폐업_점포_수,77025,0,0.0,67052,0
점포-상권,20241,프랜차이즈_점포_수,77025,0,0.0,63071,0
점포-상권,20242,개업_율,76824,0,0.0,69303,0
점포-상권,20242,개업_점포_수,76824,0,0.0,69270,0
점포-상권,20242,기준_년분기_코드,76824,0,0.0,0,0
점포-상권,20242,상권_구분_코드,76824,0,0.0,0,0
점포-상권,20242,상권_구분_코드_명,76824,0,0.0,0,0
점포-상권,20242,상권_코드,76824,0,0.0,0,0
점포-상권,20242,상권_코드_명,76824,0,0.0,0,0
점포-상권,20242,서비스_업종_코드,76824,0,0.0,0,0
점포-상권,20242,서비스_업종_코드_명,76824,0,0.0,0,0
점포-상권,20242,유사_업종_점포_수,76824,0,0.0,609,0
점포-상권,20242,점포_수,76824,0,0.0,2710,0
점포-상권,20242,폐업_률,76824,0,0.0,68516,0
점포-상권,20242,폐업_점포_수,76824,0,0.0,67900,0
점포-상권,20242,프랜차이즈_점포_수,76824,0,0.0,62911,0
점포-상권,20243,개업_율,76595,0,0.0,69648,0
점포-상권,20243,개업_점포_수,76595,0,0.0,69626,0
점포-상권,20243,기준_년분기_코드,76595,0,0.0,0,0
점포-상권,20243,상권_구분_코드,76595,0,0.0,0,0
점포-상권,20243,상권_구분_코드_명,76595,0,0.0,0,0
점포-상권,20243,상권_코드,76595,0,0.0,0,0
점포-상권,20243,상권_코드_명,76595,0,0.0,0,0
점포-상권,20243,서비스_업종_코드,76595,0,0.0,0,0
점포-상권,20243,서비스_업종_코드_명,76595,0,0.0,0,0
점포-상권,20243,유사_업종_점포_수,76595,0,0.0,567,0
점포-상권,20243,점포_수,76595,0,0.0,2675,0
점포-상권,20243,폐업_률,76595,0,0.0,68319,0
점포-상권,20243,폐업_점포_수,76595,0,0.0,67748,0
점포-상권,20243,프랜차이즈_점포_수,76595,0,0.0,62756,0
점포-상권,20244,개업_율,76445,0,0.0,69570,0
점포-상권,20244,개업_점포_수,76445,0,0.0,69542,0
점포-상권,20244,기준_년분기_코드,76445,0,0.0,0,0
점포-상권,20244,상권_구분_코드,76445,0,0.0,0,0
점포-상권,20244,상권_구분_코드_명,76445,0,0.0,0,0
점포-상권,20244,상권_코드,76445,0,0.0,0,0
점포-상권,20244,상권_코드_명,76445,0,0.0,0,0
점포-상권,20244,서비스_업종_코드,76445,0,0.0,0,0
점포-상권,20244,서비스_업종_코드_명,76445,0,0.0,0,0
점포-상권,20244,유사_업종_점포_수,76445,0,0.0,473,0
점포-상권,20244,점포_수,76445,0,0.0,2575,0
점포-상권,20244,폐업_률,76445,0,0.0,69010,0
점포-상권,20244,폐업_점포_수,76445,0,0.0,68526,0
점포-상권,20244,프랜차이즈_점포_수,76445,0,0.0,62657,0
점포-상권,20251,개업_율,76383,0,0.0,70335,0
점포-상권,20251,개업_점포_수,76383,0,0.0,70302,0
점포-상권,20251,기준_년분기_코드,76383,0,0.0,0,0
점포-상권,20251,상권_구분_코드,76383,0,0.0,0,0
점포-상권,20251,상권_구분_코드_명,76383,0,0.0,0,0
점포-상권,20251,상권_코드,76383,0,0.0,0,0
점포-상권,20251,상권_코드_명,76383,0,0.0,0,0
점포-상권,20251,서비스_업종_코드,76383,0,0.0,0,0
점포-상권,20251,서비스_업종_코드_명,76383,0,0.0,0,0
점포-상권,20251,유사_업종_점포_수,76383,0,0.0,606,0
점포-상권,20251,점포_수,76383,0,0.0,2727,0
점포-상권,20251,폐업_률,76383,0,0.0,67934,0
점포-상권,20251,폐업_점포_수,76383,0,0.0,67337,0
점포-상권,20251,프랜차이즈_점포_수,76383,0,0.0,62660,0
점포-상권,20252,개업_율,76238,0,0.0,69277,0
점포-상권,20252,개업_점포_수,76238,0,0.0,69241,0
점포-상권,20252,기준_년분기_코드,76238,0,0.0,0,0
점포-상권,20252,상권_구분_코드,76238,0,0.0,0,0
점포-상권,20252,상권_구분_코드_명,76238,0,0.0,0,0
점포-상권,20252,상권_코드,76238,0,0.0,0,0
점포-상권,20252,상권_코드_명,76238,0,0.0,0,0
점포-상권,20252,서비스_업종_코드,76238,0,0.0,0,0
점포-상권,20252,서비스_업종_코드_명,76238,0,0.0,0,0
점포-상권,20252,유사_업종_점포_수,76238,0,0.0,543,0
점포-상권,20252,점포_수,76238,0,0.0,2653,0
점포-상권,20252,폐업_률,76238,0,0.0,68774,0
점포-상권,20252,폐업_점포_수,76238,0,0.0,68257,0
점포-상권,20252,프랜차이즈_점포_수,76238,0,0.0,62604,0
점포-상권,20253,개업_율,76169,0,0.0,68879,0
점포-상권,20253,개업_점포_수,76169,0,0.0,68845,0
점포-상권,20253,기준_년분기_코드,76169,0,0.0,0,0
점포-상권,20253,상권_구분_코드,76169,0,0.0,0,0
점포-상권,20253,상권_구분_코드_명,76169,0,0.0,0,0
점포-상권,20253,상권_코드,76169,0,0.0,0,0
점포-상권,20253,상권_코드_명,76169,0,0.0,0,0
점포-상권,20253,서비스_업종_코드,76169,0,0.0,0,0
점포-상권,20253,서비스_업종_코드_명,76169,0,0.0,0,0
점포-상권,20253,유사_업종_점포_수,76169,0,0.0,596,0
점포-상권,20253,점포_수,76169,0,0.0,2700,0
점포-상권,20253,폐업_률,76169,0,0.0,68719,0
점포-상권,20253,폐업_점포_수,76169,0,0.0,68141,0
점포-상권,20253,프랜차이즈_점포_수,76169,0,0.0,62576,0
점포-상권,20254,개업_율,75985,0,0.0,69703,0
점포-상권,20254,개업_점포_수,75985,0,0.0,69671,0
점포-상권,20254,기준_년분기_코드,75985,0,0.0,0,0
점포-상권,20254,상권_구분_코드,75985,0,0.0,0,0
점포-상권,20254,상권_구분_코드_명,75985,0,0.0,0,0
점포-상권,20254,상권_코드,75985,0,0.0,0,0
점포-상권,20254,상권_코드_명,75985,0,0.0,0,0
점포-상권,20254,서비스_업종_코드,75985,0,0.0,0,0
점포-상권,20254,서비스_업종_코드_명,75985,0,0.0,0,0
점포-상권,20254,유사_업종_점포_수,75985,0,0.0,452,0
점포-상권,20254,점포_수,75985,0,0.0,2563,0
점포-상권,20254,폐업_률,75985,0,0.0,69102,0
점포-상권,20254,폐업_점포_수,75985,0,0.0,68661,0
점포-상권,20254,프랜차이즈_점포_수,75985,0,0.0,62446,0
직장인구-상권,20211,기준_년분기_코드,1636,0,0.0,0,0
직장인구-상권,20211,남성_직장_인구_수,1636,0,0.0,0,0
직장인구-상권,20211,남성연령대_10_직장_인구_수,1636,0,0.0,1337,0
직장인구-상권,20211,남성연령대_20_직장_인구_수,1636,0,0.0,58,0
직장인구-상권,20211,남성연령대_30_직장_인구_수,1636,0,0.0,9,0
직장인구-상권,20211,남성연령대_40_직장_인구_수,1636,0,0.0,2,0
직장인구-상권,20211,남성연령대_50_직장_인구_수,1636,0,0.0,1,0
직장인구-상권,20211,남성연령대_60_이상_직장_인구_수,1636,0,0.0,3,0
직장인구-상권,20211,상권_구분_코드,1636,0,0.0,0,0
직장인구-상권,20211,상권_구분_코드_명,1636,0,0.0,0,0
직장인구-상권,20211,상권_코드,1636,0,0.0,0,0
직장인구-상권,20211,상권_코드_명,1636,0,0.0,0,0
직장인구-상권,20211,여성_직장_인구_수,1636,0,0.0,2,0
직장인구-상권,20211,여성연령대_10_직장_인구_수,1636,0,0.0,1326,0
직장인구-상권,20211,여성연령대_20_직장_인구_수,1636,0,0.0,24,0
직장인구-상권,20211,여성연령대_30_직장_인구_수,1636,0,0.0,11,0
직장인구-상권,20211,여성연령대_40_직장_인구_수,1636,0,0.0,4,0
직장인구-상권,20211,여성연령대_50_직장_인구_수,1636,0,0.0,8,0
직장인구-상권,20211,여성연령대_60_이상_직장_인구_수,1636,0,0.0,50,0
직장인구-상권,20211,연령대_10_직장_인구_수,1636,0,0.0,1263,0
직장인구-상권,20211,연령대_20_직장_인구_수,1636,0,0.0,19,0
직장인구-상권,20211,연령대_30_직장_인구_수,1636,0,0.0,5,0
직장인구-상권,20211,연령대_40_직장_인구_수,1636,0,0.0,2,0
직장인구-상권,20211,연령대_50_직장_인구_수,1636,0,0.0,1,0
직장인구-상권,20211,연령대_60_이상_직장_인구_수,1636,0,0.0,3,0
직장인구-상권,20211,총_직장_인구_수,1636,0,0.0,0,0
직장인구-상권,20212,기준_년분기_코드,1636,0,0.0,0,0
직장인구-상권,20212,남성_직장_인구_수,1636,0,0.0,0,0
직장인구-상권,20212,남성연령대_10_직장_인구_수,1636,0,0.0,1337,0
직장인구-상권,20212,남성연령대_20_직장_인구_수,1636,0,0.0,58,0
직장인구-상권,20212,남성연령대_30_직장_인구_수,1636,0,0.0,9,0
직장인구-상권,20212,남성연령대_40_직장_인구_수,1636,0,0.0,2,0
직장인구-상권,20212,남성연령대_50_직장_인구_수,1636,0,0.0,1,0
직장인구-상권,20212,남성연령대_60_이상_직장_인구_수,1636,0,0.0,3,0
직장인구-상권,20212,상권_구분_코드,1636,0,0.0,0,0
직장인구-상권,20212,상권_구분_코드_명,1636,0,0.0,0,0
직장인구-상권,20212,상권_코드,1636,0,0.0,0,0
직장인구-상권,20212,상권_코드_명,1636,0,0.0,0,0
직장인구-상권,20212,여성_직장_인구_수,1636,0,0.0,2,0
직장인구-상권,20212,여성연령대_10_직장_인구_수,1636,0,0.0,1326,0
직장인구-상권,20212,여성연령대_20_직장_인구_수,1636,0,0.0,24,0
직장인구-상권,20212,여성연령대_30_직장_인구_수,1636,0,0.0,11,0
직장인구-상권,20212,여성연령대_40_직장_인구_수,1636,0,0.0,4,0
직장인구-상권,20212,여성연령대_50_직장_인구_수,1636,0,0.0,8,0
직장인구-상권,20212,여성연령대_60_이상_직장_인구_수,1636,0,0.0,50,0
직장인구-상권,20212,연령대_10_직장_인구_수,1636,0,0.0,1263,0
직장인구-상권,20212,연령대_20_직장_인구_수,1636,0,0.0,19,0
직장인구-상권,20212,연령대_30_직장_인구_수,1636,0,0.0,5,0
직장인구-상권,20212,연령대_40_직장_인구_수,1636,0,0.0,2,0
직장인구-상권,20212,연령대_50_직장_인구_수,1636,0,0.0,1,0
직장인구-상권,20212,연령대_60_이상_직장_인구_수,1636,0,0.0,3,0
직장인구-상권,20212,총_직장_인구_수,1636,0,0.0,0,0
직장인구-상권,20213,기준_년분기_코드,1636,0,0.0,0,0
직장인구-상권,20213,남성_직장_인구_수,1636,0,0.0,0,0
직장인구-상권,20213,남성연령대_10_직장_인구_수,1636,0,0.0,1337,0
직장인구-상권,20213,남성연령대_20_직장_인구_수,1636,0,0.0,58,0
직장인구-상권,20213,남성연령대_30_직장_인구_수,1636,0,0.0,9,0
직장인구-상권,20213,남성연령대_40_직장_인구_수,1636,0,0.0,2,0
직장인구-상권,20213,남성연령대_50_직장_인구_수,1636,0,0.0,1,0
직장인구-상권,20213,남성연령대_60_이상_직장_인구_수,1636,0,0.0,3,0
직장인구-상권,20213,상권_구분_코드,1636,0,0.0,0,0
직장인구-상권,20213,상권_구분_코드_명,1636,0,0.0,0,0
직장인구-상권,20213,상권_코드,1636,0,0.0,0,0
직장인구-상권,20213,상권_코드_명,1636,0,0.0,0,0
직장인구-상권,20213,여성_직장_인구_수,1636,0,0.0,2,0
직장인구-상권,20213,여성연령대_10_직장_인구_수,1636,0,0.0,1326,0
직장인구-상권,20213,여성연령대_20_직장_인구_수,1636,0,0.0,24,0
직장인구-상권,20213,여성연령대_30_직장_인구_수,1636,0,0.0,11,0
직장인구-상권,20213,여성연령대_40_직장_인구_수,1636,0,0.0,4,0
직장인구-상권,20213,여성연령대_50_직장_인구_수,1636,0,0.0,8,0
직장인구-상권,20213,여성연령대_60_이상_직장_인구_수,1636,0,0.0,50,0
직장인구-상권,20213,연령대_10_직장_인구_수,1636,0,0.0,1263,0
직장인구-상권,20213,연령대_20_직장_인구_수,1636,0,0.0,19,0
직장인구-상권,20213,연령대_30_직장_인구_수,1636,0,0.0,5,0
직장인구-상권,20213,연령대_40_직장_인구_수,1636,0,0.0,2,0
직장인구-상권,20213,연령대_50_직장_인구_수,1636,0,0.0,1,0
직장인구-상권,20213,연령대_60_이상_직장_인구_수,1636,0,0.0,3,0
직장인구-상권,20213,총_직장_인구_수,1636,0,0.0,0,0
직장인구-상권,20214,기준_년분기_코드,1635,0,0.0,0,0
직장인구-상권,20214,남성_직장_인구_수,1635,0,0.0,1,0
직장인구-상권,20214,남성연령대_10_직장_인구_수,1635,0,0.0,1405,0
직장인구-상권,20214,남성연령대_20_직장_인구_수,1635,0,0.0,77,0
직장인구-상권,20214,남성연령대_30_직장_인구_수,1635,0,0.0,9,0
직장인구-상권,20214,남성연령대_40_직장_인구_수,1635,0,0.0,1,0
직장인구-상권,20214,남성연령대_50_직장_인구_수,1635,0,0.0,3,0
직장인구-상권,20214,남성연령대_60_이상_직장_인구_수,1635,0,0.0,3,0
직장인구-상권,20214,상권_구분_코드,1635,0,0.0,0,0
직장인구-상권,20214,상권_구분_코드_명,1635,0,0.0,0,0
직장인구-상권,20214,상권_코드,1635,0,0.0,0,0
직장인구-상권,20214,상권_코드_명,1635,0,0.0,0,0
직장인구-상권,20214,여성_직장_인구_수,1635,0,0.0,2,0
직장인구-상권,20214,여성연령대_10_직장_인구_수,1635,0,0.0,1372,0
직장인구-상권,20214,여성연령대_20_직장_인구_수,1635,0,0.0,25,0
직장인구-상권,20214,여성연령대_30_직장_인구_수,1635,0,0.0,9,0
직장인구-상권,20214,여성연령대_40_직장_인구_수,1635,0,0.0,3,0
직장인구-상권,20214,여성연령대_50_직장_인구_수,1635,0,0.0,5,0
직장인구-상권,20214,여성연령대_60_이상_직장_인구_수,1635,0,0.0,63,0
직장인구-상권,20214,연령대_10_직장_인구_수,1635,0,0.0,1336,0
직장인구-상권,20214,연령대_20_직장_인구_수,1635,0,0.0,21,0
직장인구-상권,20214,연령대_30_직장_인구_수,1635,0,0.0,4,0
직장인구-상권,20214,연령대_40_직장_인구_수,1635,0,0.0,1,0
직장인구-상권,20214,연령대_50_직장_인구_수,1635,0,0.0,1,0
직장인구-상권,20214,연령대_60_이상_직장_인구_수,1635,0,0.0,3,0
직장인구-상권,20214,총_직장_인구_수,1635,0,0.0,0,0
직장인구-상권,20221,기준_년분기_코드,1635,0,0.0,0,0
직장인구-상권,20221,남성_직장_인구_수,1635,0,0.0,1,0
직장인구-상권,20221,남성연령대_10_직장_인구_수,1635,0,0.0,1405,0
직장인구-상권,20221,남성연령대_20_직장_인구_수,1635,0,0.0,77,0
직장인구-상권,20221,남성연령대_30_직장_인구_수,1635,0,0.0,9,0
직장인구-상권,20221,남성연령대_40_직장_인구_수,1635,0,0.0,1,0
직장인구-상권,20221,남성연령대_50_직장_인구_수,1635,0,0.0,3,0
직장인구-상권,20221,남성연령대_60_이상_직장_인구_수,1635,0,0.0,3,0
직장인구-상권,20221,상권_구분_코드,1635,0,0.0,0,0
직장인구-상권,20221,상권_구분_코드_명,1635,0,0.0,0,0
직장인구-상권,20221,상권_코드,1635,0,0.0,0,0
직장인구-상권,20221,상권_코드_명,1635,0,0.0,0,0
직장인구-상권,20221,여성_직장_인구_수,1635,0,0.0,2,0
직장인구-상권,20221,여성연령대_10_직장_인구_수,1635,0,0.0,1372,0
직장인구-상권,20221,여성연령대_20_직장_인구_수,1635,0,0.0,25,0
직장인구-상권,20221,여성연령대_30_직장_인구_수,1635,0,0.0,9,0
직장인구-상권,20221,여성연령대_40_직장_인구_수,1635,0,0.0,3,0
직장인구-상권,20221,여성연령대_50_직장_인구_수,1635,0,0.0,5,0
직장인구-상권,20221,여성연령대_60_이상_직장_인구_수,1635,0,0.0,63,0
직장인구-상권,20221,연령대_10_직장_인구_수,1635,0,0.0,1336,0
직장인구-상권,20221,연령대_20_직장_인구_수,1635,0,0.0,21,0
직장인구-상권,20221,연령대_30_직장_인구_수,1635,0,0.0,4,0
직장인구-상권,20221,연령대_40_직장_인구_수,1635,0,0.0,1,0
직장인구-상권,20221,연령대_50_직장_인구_수,1635,0,0.0,1,0
직장인구-상권,20221,연령대_60_이상_직장_인구_수,1635,0,0.0,3,0
직장인구-상권,20221,총_직장_인구_수,1635,0,0.0,0,0
직장인구-상권,20222,기준_년분기_코드,1635,0,0.0,0,0
직장인구-상권,20222,남성_직장_인구_수,1635,0,0.0,1,0
직장인구-상권,20222,남성연령대_10_직장_인구_수,1635,0,0.0,1405,0
직장인구-상권,20222,남성연령대_20_직장_인구_수,1635,0,0.0,77,0
직장인구-상권,20222,남성연령대_30_직장_인구_수,1635,0,0.0,9,0
직장인구-상권,20222,남성연령대_40_직장_인구_수,1635,0,0.0,1,0
직장인구-상권,20222,남성연령대_50_직장_인구_수,1635,0,0.0,3,0
직장인구-상권,20222,남성연령대_60_이상_직장_인구_수,1635,0,0.0,3,0
직장인구-상권,20222,상권_구분_코드,1635,0,0.0,0,0
직장인구-상권,20222,상권_구분_코드_명,1635,0,0.0,0,0
직장인구-상권,20222,상권_코드,1635,0,0.0,0,0
직장인구-상권,20222,상권_코드_명,1635,0,0.0,0,0
직장인구-상권,20222,여성_직장_인구_수,1635,0,0.0,2,0
직장인구-상권,20222,여성연령대_10_직장_인구_수,1635,0,0.0,1372,0
직장인구-상권,20222,여성연령대_20_직장_인구_수,1635,0,0.0,25,0
직장인구-상권,20222,여성연령대_30_직장_인구_수,1635,0,0.0,9,0
직장인구-상권,20222,여성연령대_40_직장_인구_수,1635,0,0.0,3,0
직장인구-상권,20222,여성연령대_50_직장_인구_수,1635,0,0.0,5,0
직장인구-상권,20222,여성연령대_60_이상_직장_인구_수,1635,0,0.0,63,0
직장인구-상권,20222,연령대_10_직장_인구_수,1635,0,0.0,1336,0
직장인구-상권,20222,연령대_20_직장_인구_수,1635,0,0.0,21,0
직장인구-상권,20222,연령대_30_직장_인구_수,1635,0,0.0,4,0
직장인구-상권,20222,연령대_40_직장_인구_수,1635,0,0.0,1,0
직장인구-상권,20222,연령대_50_직장_인구_수,1635,0,0.0,1,0
직장인구-상권,20222,연령대_60_이상_직장_인구_수,1635,0,0.0,3,0
직장인구-상권,20222,총_직장_인구_수,1635,0,0.0,0,0
직장인구-상권,20223,기준_년분기_코드,1635,0,0.0,0,0
직장인구-상권,20223,남성_직장_인구_수,1635,0,0.0,1,0
직장인구-상권,20223,남성연령대_10_직장_인구_수,1635,0,0.0,1405,0
직장인구-상권,20223,남성연령대_20_직장_인구_수,1635,0,0.0,77,0
직장인구-상권,20223,남성연령대_30_직장_인구_수,1635,0,0.0,9,0
직장인구-상권,20223,남성연령대_40_직장_인구_수,1635,0,0.0,1,0
직장인구-상권,20223,남성연령대_50_직장_인구_수,1635,0,0.0,3,0
직장인구-상권,20223,남성연령대_60_이상_직장_인구_수,1635,0,0.0,3,0
직장인구-상권,20223,상권_구분_코드,1635,0,0.0,0,0
직장인구-상권,20223,상권_구분_코드_명,1635,0,0.0,0,0
직장인구-상권,20223,상권_코드,1635,0,0.0,0,0
직장인구-상권,20223,상권_코드_명,1635,0,0.0,0,0
직장인구-상권,20223,여성_직장_인구_수,1635,0,0.0,2,0
직장인구-상권,20223,여성연령대_10_직장_인구_수,1635,0,0.0,1372,0
직장인구-상권,20223,여성연령대_20_직장_인구_수,1635,0,0.0,25,0
직장인구-상권,20223,여성연령대_30_직장_인구_수,1635,0,0.0,9,0
직장인구-상권,20223,여성연령대_40_직장_인구_수,1635,0,0.0,3,0
직장인구-상권,20223,여성연령대_50_직장_인구_수,1635,0,0.0,5,0
직장인구-상권,20223,여성연령대_60_이상_직장_인구_수,1635,0,0.0,63,0
직장인구-상권,20223,연령대_10_직장_인구_수,1635,0,0.0,1336,0
직장인구-상권,20223,연령대_20_직장_인구_수,1635,0,0.0,21,0
직장인구-상권,20223,연령대_30_직장_인구_수,1635,0,0.0,4,0
직장인구-상권,20223,연령대_40_직장_인구_수,1635,0,0.0,1,0
직장인구-상권,20223,연령대_50_직장_인구_수,1635,0,0.0,1,0
직장인구-상권,20223,연령대_60_이상_직장_인구_수,1635,0,0.0,3,0
직장인구-상권,20223,총_직장_인구_수,1635,0,0.0,0,0
직장인구-상권,20224,기준_년분기_코드,1637,0,0.0,0,0
직장인구-상권,20224,남성_직장_인구_수,1637,0,0.0,1,0
직장인구-상권,20224,남성연령대_10_직장_인구_수,1637,0,0.0,1445,0
직장인구-상권,20224,남성연령대_20_직장_인구_수,1637,0,0.0,108,0
직장인구-상권,20224,남성연령대_30_직장_인구_수,1637,0,0.0,14,0
직장인구-상권,20224,남성연령대_40_직장_인구_수,1637,0,0.0,3,0
직장인구-상권,20224,남성연령대_50_직장_인구_수,1637,0,0.0,2,0
직장인구-상권,20224,남성연령대_60_이상_직장_인구_수,1637,0,0.0,5,0
직장인구-상권,20224,상권_구분_코드,1637,0,0.0,0,0
직장인구-상권,20224,상권_구분_코드_명,1637,0,0.0,0,0
직장인구-상권,20224,상권_코드,1637,0,0.0,0,0
직장인구-상권,20224,상권_코드_명,1637,0,0.0,0,0
직장인구-상권,20224,여성_직장_인구_수,1637,0,0.0,5,0
직장인구-상권,20224,여성연령대_10_직장_인구_수,1637,0,0.0,1419,0
직장인구-상권,20224,여성연령대_20_직장_인구_수,1637,0,0.0,38,0
직장인구-상권,20224,여성연령대_30_직장_인구_수,1637,0,0.0,16,0
직장인구-상권,20224,여성연령대_40_직장_인구_수,1637,0,0.0,8,0
직장인구-상권,20224,여성연령대_50_직장_인구_수,1637,0,0.0,9,0
직장인구-상권,20224,여성연령대_60_이상_직장_인구_수,1637,0,0.0,96,0
직장인구-상권,20224,연령대_10_직장_인구_수,1637,0,0.0,1387,0
직장인구-상권,20224,연령대_20_직장_인구_수,1637,0,0.0,31,0
직장인구-상권,20224,연령대_30_직장_인구_수,1637,0,0.0,9,0
직장인구-상권,20224,연령대_40_직장_인구_수,1637,0,0.0,3,0
직장인구-상권,20224,연령대_50_직장_인구_수,1637,0,0.0,1,0
직장인구-상권,20224,연령대_60_이상_직장_인구_수,1637,0,0.0,5,0
직장인구-상권,20224,총_직장_인구_수,1637,0,0.0,0,0
직장인구-상권,20231,기준_년분기_코드,1637,0,0.0,0,0
직장인구-상권,20231,남성_직장_인구_수,1637,0,0.0,1,0
직장인구-상권,20231,남성연령대_10_직장_인구_수,1637,0,0.0,1445,0
직장인구-상권,20231,남성연령대_20_직장_인구_수,1637,0,0.0,108,0
직장인구-상권,20231,남성연령대_30_직장_인구_수,1637,0,0.0,14,0
직장인구-상권,20231,남성연령대_40_직장_인구_수,1637,0,0.0,3,0
직장인구-상권,20231,남성연령대_50_직장_인구_수,1637,0,0.0,2,0
직장인구-상권,20231,남성연령대_60_이상_직장_인구_수,1637,0,0.0,5,0
직장인구-상권,20231,상권_구분_코드,1637,0,0.0,0,0
직장인구-상권,20231,상권_구분_코드_명,1637,0,0.0,0,0
직장인구-상권,20231,상권_코드,1637,0,0.0,0,0
직장인구-상권,20231,상권_코드_명,1637,0,0.0,0,0
직장인구-상권,20231,여성_직장_인구_수,1637,0,0.0,5,0
직장인구-상권,20231,여성연령대_10_직장_인구_수,1637,0,0.0,1419,0
직장인구-상권,20231,여성연령대_20_직장_인구_수,1637,0,0.0,38,0
직장인구-상권,20231,여성연령대_30_직장_인구_수,1637,0,0.0,16,0
직장인구-상권,20231,여성연령대_40_직장_인구_수,1637,0,0.0,8,0
직장인구-상권,20231,여성연령대_50_직장_인구_수,1637,0,0.0,9,0
직장인구-상권,20231,여성연령대_60_이상_직장_인구_수,1637,0,0.0,96,0
직장인구-상권,20231,연령대_10_직장_인구_수,1637,0,0.0,1387,0
직장인구-상권,20231,연령대_20_직장_인구_수,1637,0,0.0,31,0
직장인구-상권,20231,연령대_30_직장_인구_수,1637,0,0.0,9,0
직장인구-상권,20231,연령대_40_직장_인구_수,1637,0,0.0,3,0
직장인구-상권,20231,연령대_50_직장_인구_수,1637,0,0.0,1,0
직장인구-상권,20231,연령대_60_이상_직장_인구_수,1637,0,0.0,5,0
직장인구-상권,20231,총_직장_인구_수,1637,0,0.0,0,0
직장인구-상권,20232,기준_년분기_코드,1637,0,0.0,0,0
직장인구-상권,20232,남성_직장_인구_수,1637,0,0.0,1,0
직장인구-상권,20232,남성연령대_10_직장_인구_수,1637,0,0.0,1445,0
직장인구-상권,20232,남성연령대_20_직장_인구_수,1637,0,0.0,108,0
직장인구-상권,20232,남성연령대_30_직장_인구_수,1637,0,0.0,14,0
직장인구-상권,20232,남성연령대_40_직장_인구_수,1637,0,0.0,3,0
직장인구-상권,20232,남성연령대_50_직장_인구_수,1637,0,0.0,2,0
직장인구-상권,20232,남성연령대_60_이상_직장_인구_수,1637,0,0.0,5,0
직장인구-상권,20232,상권_구분_코드,1637,0,0.0,0,0
직장인구-상권,20232,상권_구분_코드_명,1637,0,0.0,0,0
직장인구-상권,20232,상권_코드,1637,0,0.0,0,0
직장인구-상권,20232,상권_코드_명,1637,0,0.0,0,0
직장인구-상권,20232,여성_직장_인구_수,1637,0,0.0,5,0
직장인구-상권,20232,여성연령대_10_직장_인구_수,1637,0,0.0,1419,0
직장인구-상권,20232,여성연령대_20_직장_인구_수,1637,0,0.0,38,0
직장인구-상권,20232,여성연령대_30_직장_인구_수,1637,0,0.0,16,0
직장인구-상권,20232,여성연령대_40_직장_인구_수,1637,0,0.0,8,0
직장인구-상권,20232,여성연령대_50_직장_인구_수,1637,0,0.0,9,0
직장인구-상권,20232,여성연령대_60_이상_직장_인구_수,1637,0,0.0,96,0
직장인구-상권,20232,연령대_10_직장_인구_수,1637,0,0.0,1387,0
직장인구-상권,20232,연령대_20_직장_인구_수,1637,0,0.0,31,0
직장인구-상권,20232,연령대_30_직장_인구_수,1637,0,0.0,9,0
직장인구-상권,20232,연령대_40_직장_인구_수,1637,0,0.0,3,0
직장인구-상권,20232,연령대_50_직장_인구_수,1637,0,0.0,1,0
직장인구-상권,20232,연령대_60_이상_직장_인구_수,1637,0,0.0,5,0
직장인구-상권,20232,총_직장_인구_수,1637,0,0.0,0,0
직장인구-상권,20233,기준_년분기_코드,1637,0,0.0,0,0
직장인구-상권,20233,남성_직장_인구_수,1637,0,0.0,1,0
직장인구-상권,20233,남성연령대_10_직장_인구_수,1637,0,0.0,1445,0
직장인구-상권,20233,남성연령대_20_직장_인구_수,1637,0,0.0,108,0
직장인구-상권,20233,남성연령대_30_직장_인구_수,1637,0,0.0,14,0
직장인구-상권,20233,남성연령대_40_직장_인구_수,1637,0,0.0,3,0
직장인구-상권,20233,남성연령대_50_직장_인구_수,1637,0,0.0,2,0
직장인구-상권,20233,남성연령대_60_이상_직장_인구_수,1637,0,0.0,5,0
직장인구-상권,20233,상권_구분_코드,1637,0,0.0,0,0
직장인구-상권,20233,상권_구분_코드_명,1637,0,0.0,0,0
직장인구-상권,20233,상권_코드,1637,0,0.0,0,0
직장인구-상권,20233,상권_코드_명,1637,0,0.0,0,0
직장인구-상권,20233,여성_직장_인구_수,1637,0,0.0,5,0
직장인구-상권,20233,여성연령대_10_직장_인구_수,1637,0,0.0,1419,0
직장인구-상권,20233,여성연령대_20_직장_인구_수,1637,0,0.0,38,0
직장인구-상권,20233,여성연령대_30_직장_인구_수,1637,0,0.0,16,0
직장인구-상권,20233,여성연령대_40_직장_인구_수,1637,0,0.0,8,0
직장인구-상권,20233,여성연령대_50_직장_인구_수,1637,0,0.0,9,0
직장인구-상권,20233,여성연령대_60_이상_직장_인구_수,1637,0,0.0,96,0
직장인구-상권,20233,연령대_10_직장_인구_수,1637,0,0.0,1387,0
직장인구-상권,20233,연령대_20_직장_인구_수,1637,0,0.0,31,0
직장인구-상권,20233,연령대_30_직장_인구_수,1637,0,0.0,9,0
직장인구-상권,20233,연령대_40_직장_인구_수,1637,0,0.0,3,0
직장인구-상권,20233,연령대_50_직장_인구_수,1637,0,0.0,1,0
직장인구-상권,20233,연령대_60_이상_직장_인구_수,1637,0,0.0,5,0
직장인구-상권,20233,총_직장_인구_수,1637,0,0.0,0,0
직장인구-상권,20234,기준_년분기_코드,1636,0,0.0,0,0
직장인구-상권,20234,남성_직장_인구_수,1636,0,0.0,0,0
직장인구-상권,20234,남성연령대_10_직장_인구_수,1636,0,0.0,1467,0
직장인구-상권,20234,남성연령대_20_직장_인구_수,1636,0,0.0,154,0
직장인구-상권,20234,남성연령대_30_직장_인구_수,1636,0,0.0,25,0
직장인구-상권,20234,남성연령대_40_직장_인구_수,1636,0,0.0,5,0
직장인구-상권,20234,남성연령대_50_직장_인구_수,1636,0,0.0,2,0
직장인구-상권,20234,남성연령대_60_이상_직장_인구_수,1636,0,0.0,6,0
직장인구-상권,20234,상권_구분_코드,1636,0,0.0,0,0
직장인구-상권,20234,상권_구분_코드_명,1636,0,0.0,0,0
직장인구-상권,20234,상권_코드,1636,0,0.0,0,0
직장인구-상권,20234,상권_코드_명,1636,0,0.0,0,0
직장인구-상권,20234,여성_직장_인구_수,1636,0,0.0,9,0
직장인구-상권,20234,여성연령대_10_직장_인구_수,1636,0,0.0,1441,0
직장인구-상권,20234,여성연령대_20_직장_인구_수,1636,0,0.0,59,0
직장인구-상권,20234,여성연령대_30_직장_인구_수,1636,0,0.0,25,0
직장인구-상권,20234,여성연령대_40_직장_인구_수,1636,0,0.0,13,0
직장인구-상권,20234,여성연령대_50_직장_인구_수,1636,0,0.0,17,0
직장인구-상권,20234,여성연령대_60_이상_직장_인구_수,1636,0,0.0,135,0
직장인구-상권,20234,연령대_10_직장_인구_수,1636,0,0.0,1409,0
직장인구-상권,20234,연령대_20_직장_인구_수,1636,0,0.0,50,0
직장인구-상권,20234,연령대_30_직장_인구_수,1636,0,0.0,15,0
직장인구-상권,20234,연령대_40_직장_인구_수,1636,0,0.0,3,0
직장인구-상권,20234,연령대_50_직장_인구_수,1636,0,0.0,2,0
직장인구-상권,20234,연령대_60_이상_직장_인구_수,1636,0,0.0,6,0
직장인구-상권,20234,총_직장_인구_수,1636,0,0.0,0,0
직장인구-상권,20241,기준_년분기_코드,1636,0,0.0,0,0
직장인구-상권,20241,남성_직장_인구_수,1636,0,0.0,0,0
직장인구-상권,20241,남성연령대_10_직장_인구_수,1636,0,0.0,1467,0
직장인구-상권,20241,남성연령대_20_직장_인구_수,1636,0,0.0,154,0
직장인구-상권,20241,남성연령대_30_직장_인구_수,1636,0,0.0,25,0
직장인구-상권,20241,남성연령대_40_직장_인구_수,1636,0,0.0,5,0
직장인구-상권,20241,남성연령대_50_직장_인구_수,1636,0,0.0,2,0
직장인구-상권,20241,남성연령대_60_이상_직장_인구_수,1636,0,0.0,6,0
직장인구-상권,20241,상권_구분_코드,1636,0,0.0,0,0
직장인구-상권,20241,상권_구분_코드_명,1636,0,0.0,0,0
직장인구-상권,20241,상권_코드,1636,0,0.0,0,0
직장인구-상권,20241,상권_코드_명,1636,0,0.0,0,0
직장인구-상권,20241,여성_직장_인구_수,1636,0,0.0,9,0
직장인구-상권,20241,여성연령대_10_직장_인구_수,1636,0,0.0,1441,0
직장인구-상권,20241,여성연령대_20_직장_인구_수,1636,0,0.0,59,0
직장인구-상권,20241,여성연령대_30_직장_인구_수,1636,0,0.0,25,0
직장인구-상권,20241,여성연령대_40_직장_인구_수,1636,0,0.0,13,0
직장인구-상권,20241,여성연령대_50_직장_인구_수,1636,0,0.0,17,0
직장인구-상권,20241,여성연령대_60_이상_직장_인구_수,1636,0,0.0,135,0
직장인구-상권,20241,연령대_10_직장_인구_수,1636,0,0.0,1409,0
직장인구-상권,20241,연령대_20_직장_인구_수,1636,0,0.0,50,0
직장인구-상권,20241,연령대_30_직장_인구_수,1636,0,0.0,15,0
직장인구-상권,20241,연령대_40_직장_인구_수,1636,0,0.0,3,0
직장인구-상권,20241,연령대_50_직장_인구_수,1636,0,0.0,2,0
직장인구-상권,20241,연령대_60_이상_직장_인구_수,1636,0,0.0,6,0
직장인구-상권,20241,총_직장_인구_수,1636,0,0.0,0,0
직장인구-상권,20242,기준_년분기_코드,1636,0,0.0,0,0
직장인구-상권,20242,남성_직장_인구_수,1636,0,0.0,0,0
직장인구-상권,20242,남성연령대_10_직장_인구_수,1636,0,0.0,1467,0
직장인구-상권,20242,남성연령대_20_직장_인구_수,1636,0,0.0,154,0
직장인구-상권,20242,남성연령대_30_직장_인구_수,1636,0,0.0,25,0
직장인구-상권,20242,남성연령대_40_직장_인구_수,1636,0,0.0,5,0
직장인구-상권,20242,남성연령대_50_직장_인구_수,1636,0,0.0,2,0
직장인구-상권,20242,남성연령대_60_이상_직장_인구_수,1636,0,0.0,6,0
직장인구-상권,20242,상권_구분_코드,1636,0,0.0,0,0
직장인구-상권,20242,상권_구분_코드_명,1636,0,0.0,0,0
직장인구-상권,20242,상권_코드,1636,0,0.0,0,0
직장인구-상권,20242,상권_코드_명,1636,0,0.0,0,0
직장인구-상권,20242,여성_직장_인구_수,1636,0,0.0,9,0
직장인구-상권,20242,여성연령대_10_직장_인구_수,1636,0,0.0,1441,0
직장인구-상권,20242,여성연령대_20_직장_인구_수,1636,0,0.0,59,0
직장인구-상권,20242,여성연령대_30_직장_인구_수,1636,0,0.0,25,0
직장인구-상권,20242,여성연령대_40_직장_인구_수,1636,0,0.0,13,0
직장인구-상권,20242,여성연령대_50_직장_인구_수,1636,0,0.0,17,0
직장인구-상권,20242,여성연령대_60_이상_직장_인구_수,1636,0,0.0,135,0
직장인구-상권,20242,연령대_10_직장_인구_수,1636,0,0.0,1409,0
직장인구-상권,20242,연령대_20_직장_인구_수,1636,0,0.0,50,0
직장인구-상권,20242,연령대_30_직장_인구_수,1636,0,0.0,15,0
직장인구-상권,20242,연령대_40_직장_인구_수,1636,0,0.0,3,0
직장인구-상권,20242,연령대_50_직장_인구_수,1636,0,0.0,2,0
직장인구-상권,20242,연령대_60_이상_직장_인구_수,1636,0,0.0,6,0
직장인구-상권,20242,총_직장_인구_수,1636,0,0.0,0,0
직장인구-상권,20243,기준_년분기_코드,1636,0,0.0,0,0
직장인구-상권,20243,남성_직장_인구_수,1636,0,0.0,0,0
직장인구-상권,20243,남성연령대_10_직장_인구_수,1636,0,0.0,1467,0
직장인구-상권,20243,남성연령대_20_직장_인구_수,1636,0,0.0,154,0
직장인구-상권,20243,남성연령대_30_직장_인구_수,1636,0,0.0,25,0
직장인구-상권,20243,남성연령대_40_직장_인구_수,1636,0,0.0,5,0
직장인구-상권,20243,남성연령대_50_직장_인구_수,1636,0,0.0,2,0
직장인구-상권,20243,남성연령대_60_이상_직장_인구_수,1636,0,0.0,6,0
직장인구-상권,20243,상권_구분_코드,1636,0,0.0,0,0
직장인구-상권,20243,상권_구분_코드_명,1636,0,0.0,0,0
직장인구-상권,20243,상권_코드,1636,0,0.0,0,0
직장인구-상권,20243,상권_코드_명,1636,0,0.0,0,0
직장인구-상권,20243,여성_직장_인구_수,1636,0,0.0,9,0
직장인구-상권,20243,여성연령대_10_직장_인구_수,1636,0,0.0,1441,0
직장인구-상권,20243,여성연령대_20_직장_인구_수,1636,0,0.0,59,0
직장인구-상권,20243,여성연령대_30_직장_인구_수,1636,0,0.0,25,0
직장인구-상권,20243,여성연령대_40_직장_인구_수,1636,0,0.0,13,0
직장인구-상권,20243,여성연령대_50_직장_인구_수,1636,0,0.0,17,0
직장인구-상권,20243,여성연령대_60_이상_직장_인구_수,1636,0,0.0,135,0
직장인구-상권,20243,연령대_10_직장_인구_수,1636,0,0.0,1409,0
직장인구-상권,20243,연령대_20_직장_인구_수,1636,0,0.0,50,0
직장인구-상권,20243,연령대_30_직장_인구_수,1636,0,0.0,15,0
직장인구-상권,20243,연령대_40_직장_인구_수,1636,0,0.0,3,0
직장인구-상권,20243,연령대_50_직장_인구_수,1636,0,0.0,2,0
직장인구-상권,20243,연령대_60_이상_직장_인구_수,1636,0,0.0,6,0
직장인구-상권,20243,총_직장_인구_수,1636,0,0.0,0,0
직장인구-상권,20244,기준_년분기_코드,1641,0,0.0,0,0
직장인구-상권,20244,남성_직장_인구_수,1641,0,0.0,0,0
직장인구-상권,20244,남성연령대_10_직장_인구_수,1641,0,0.0,1486,0
직장인구-상권,20244,남성연령대_20_직장_인구_수,1641,0,0.0,193,0
직장인구-상권,20244,남성연령대_30_직장_인구_수,1641,0,0.0,30,0
직장인구-상권,20244,남성연령대_40_직장_인구_수,1641,0,0.0,1,0
직장인구-상권,20244,남성연령대_50_직장_인구_수,1641,0,0.0,0,0
직장인구-상권,20244,남성연령대_60_이상_직장_인구_수,1641,0,0.0,9,0
직장인구-상권,20244,상권_구분_코드,1641,0,0.0,0,0
직장인구-상권,20244,상권_구분_코드_명,1641,0,0.0,0,0
직장인구-상권,20244,상권_코드,1641,0,0.0,0,0
직장인구-상권,20244,상권_코드_명,1641,0,0.0,0,0
직장인구-상권,20244,여성_직장_인구_수,1641,0,0.0,8,0
직장인구-상권,20244,여성연령대_10_직장_인구_수,1641,0,0.0,1476,0
직장인구-상권,20244,여성연령대_20_직장_인구_수,1641,0,0.0,86,0
직장인구-상권,20244,여성연령대_30_직장_인구_수,1641,0,0.0,26,0
직장인구-상권,20244,여성연령대_40_직장_인구_수,1641,0,0.0,9,0
직장인구-상권,20244,여성연령대_50_직장_인구_수,1641,0,0.0,14,0
직장인구-상권,20244,여성연령대_60_이상_직장_인구_수,1641,0,0.0,174,0
직장인구-상권,20244,연령대_10_직장_인구_수,1641,0,0.0,1444,0
직장인구-상권,20244,연령대_20_직장_인구_수,1641,0,0.0,77,0
직장인구-상권,20244,연령대_30_직장_인구_수,1641,0,0.0,16,0
직장인구-상권,20244,연령대_40_직장_인구_수,1641,0,0.0,0,0
직장인구-상권,20244,연령대_50_직장_인구_수,1641,0,0.0,0,0
직장인구-상권,20244,연령대_60_이상_직장_인구_수,1641,0,0.0,9,0
직장인구-상권,20244,총_직장_인구_수,1641,0,0.0,0,0
직장인구-상권,20251,기준_년분기_코드,1641,0,0.0,0,0
직장인구-상권,20251,남성_직장_인구_수,1641,0,0.0,0,0
직장인구-상권,20251,남성연령대_10_직장_인구_수,1641,0,0.0,1486,0
직장인구-상권,20251,남성연령대_20_직장_인구_수,1641,0,0.0,193,0
직장인구-상권,20251,남성연령대_30_직장_인구_수,1641,0,0.0,30,0
직장인구-상권,20251,남성연령대_40_직장_인구_수,1641,0,0.0,1,0
직장인구-상권,20251,남성연령대_50_직장_인구_수,1641,0,0.0,0,0
직장인구-상권,20251,남성연령대_60_이상_직장_인구_수,1641,0,0.0,9,0
직장인구-상권,20251,상권_구분_코드,1641,0,0.0,0,0
직장인구-상권,20251,상권_구분_코드_명,1641,0,0.0,0,0
직장인구-상권,20251,상권_코드,1641,0,0.0,0,0
직장인구-상권,20251,상권_코드_명,1641,0,0.0,0,0
직장인구-상권,20251,여성_직장_인구_수,1641,0,0.0,8,0
직장인구-상권,20251,여성연령대_10_직장_인구_수,1641,0,0.0,1476,0
직장인구-상권,20251,여성연령대_20_직장_인구_수,1641,0,0.0,86,0
직장인구-상권,20251,여성연령대_30_직장_인구_수,1641,0,0.0,26,0
직장인구-상권,20251,여성연령대_40_직장_인구_수,1641,0,0.0,9,0
직장인구-상권,20251,여성연령대_50_직장_인구_수,1641,0,0.0,14,0
직장인구-상권,20251,여성연령대_60_이상_직장_인구_수,1641,0,0.0,174,0
직장인구-상권,20251,연령대_10_직장_인구_수,1641,0,0.0,1444,0
직장인구-상권,20251,연령대_20_직장_인구_수,1641,0,0.0,77,0
직장인구-상권,20251,연령대_30_직장_인구_수,1641,0,0.0,16,0
직장인구-상권,20251,연령대_40_직장_인구_수,1641,0,0.0,0,0
직장인구-상권,20251,연령대_50_직장_인구_수,1641,0,0.0,0,0
직장인구-상권,20251,연령대_60_이상_직장_인구_수,1641,0,0.0,9,0
직장인구-상권,20251,총_직장_인구_수,1641,0,0.0,0,0
직장인구-상권,20252,기준_년분기_코드,1641,0,0.0,0,0
직장인구-상권,20252,남성_직장_인구_수,1641,0,0.0,0,0
직장인구-상권,20252,남성연령대_10_직장_인구_수,1641,0,0.0,1486,0
직장인구-상권,20252,남성연령대_20_직장_인구_수,1641,0,0.0,193,0
직장인구-상권,20252,남성연령대_30_직장_인구_수,1641,0,0.0,30,0
직장인구-상권,20252,남성연령대_40_직장_인구_수,1641,0,0.0,1,0
직장인구-상권,20252,남성연령대_50_직장_인구_수,1641,0,0.0,0,0
직장인구-상권,20252,남성연령대_60_이상_직장_인구_수,1641,0,0.0,9,0
직장인구-상권,20252,상권_구분_코드,1641,0,0.0,0,0
직장인구-상권,20252,상권_구분_코드_명,1641,0,0.0,0,0
직장인구-상권,20252,상권_코드,1641,0,0.0,0,0
직장인구-상권,20252,상권_코드_명,1641,0,0.0,0,0
직장인구-상권,20252,여성_직장_인구_수,1641,0,0.0,8,0
직장인구-상권,20252,여성연령대_10_직장_인구_수,1641,0,0.0,1476,0
직장인구-상권,20252,여성연령대_20_직장_인구_수,1641,0,0.0,86,0
직장인구-상권,20252,여성연령대_30_직장_인구_수,1641,0,0.0,26,0
직장인구-상권,20252,여성연령대_40_직장_인구_수,1641,0,0.0,9,0
직장인구-상권,20252,여성연령대_50_직장_인구_수,1641,0,0.0,14,0
직장인구-상권,20252,여성연령대_60_이상_직장_인구_수,1641,0,0.0,174,0
직장인구-상권,20252,연령대_10_직장_인구_수,1641,0,0.0,1444,0
직장인구-상권,20252,연령대_20_직장_인구_수,1641,0,0.0,77,0
직장인구-상권,20252,연령대_30_직장_인구_수,1641,0,0.0,16,0
직장인구-상권,20252,연령대_40_직장_인구_수,1641,0,0.0,0,0
직장인구-상권,20252,연령대_50_직장_인구_수,1641,0,0.0,0,0
직장인구-상권,20252,연령대_60_이상_직장_인구_수,1641,0,0.0,9,0
직장인구-상권,20252,총_직장_인구_수,1641,0,0.0,0,0
직장인구-상권,20253,기준_년분기_코드,1641,0,0.0,0,0
직장인구-상권,20253,남성_직장_인구_수,1641,0,0.0,0,0
직장인구-상권,20253,남성연령대_10_직장_인구_수,1641,0,0.0,1486,0
직장인구-상권,20253,남성연령대_20_직장_인구_수,1641,0,0.0,193,0
직장인구-상권,20253,남성연령대_30_직장_인구_수,1641,0,0.0,30,0
직장인구-상권,20253,남성연령대_40_직장_인구_수,1641,0,0.0,1,0
직장인구-상권,20253,남성연령대_50_직장_인구_수,1641,0,0.0,0,0
직장인구-상권,20253,남성연령대_60_이상_직장_인구_수,1641,0,0.0,9,0
직장인구-상권,20253,상권_구분_코드,1641,0,0.0,0,0
직장인구-상권,20253,상권_구분_코드_명,1641,0,0.0,0,0
직장인구-상권,20253,상권_코드,1641,0,0.0,0,0
직장인구-상권,20253,상권_코드_명,1641,0,0.0,0,0
직장인구-상권,20253,여성_직장_인구_수,1641,0,0.0,8,0
직장인구-상권,20253,여성연령대_10_직장_인구_수,1641,0,0.0,1476,0
직장인구-상권,20253,여성연령대_20_직장_인구_수,1641,0,0.0,86,0
직장인구-상권,20253,여성연령대_30_직장_인구_수,1641,0,0.0,26,0
직장인구-상권,20253,여성연령대_40_직장_인구_수,1641,0,0.0,9,0
직장인구-상권,20253,여성연령대_50_직장_인구_수,1641,0,0.0,14,0
직장인구-상권,20253,여성연령대_60_이상_직장_인구_수,1641,0,0.0,174,0
직장인구-상권,20253,연령대_10_직장_인구_수,1641,0,0.0,1444,0
직장인구-상권,20253,연령대_20_직장_인구_수,1641,0,0.0,77,0
직장인구-상권,20253,연령대_30_직장_인구_수,1641,0,0.0,16,0
직장인구-상권,20253,연령대_40_직장_인구_수,1641,0,0.0,0,0
직장인구-상권,20253,연령대_50_직장_인구_수,1641,0,0.0,0,0
직장인구-상권,20253,연령대_60_이상_직장_인구_수,1641,0,0.0,9,0
직장인구-상권,20253,총_직장_인구_수,1641,0,0.0,0,0
직장인구-상권,20254,기준_년분기_코드,1641,0,0.0,0,0
직장인구-상권,20254,남성_직장_인구_수,1641,0,0.0,0,0
직장인구-상권,20254,남성연령대_10_직장_인구_수,1641,0,0.0,1486,0
직장인구-상권,20254,남성연령대_20_직장_인구_수,1641,0,0.0,193,0
직장인구-상권,20254,남성연령대_30_직장_인구_수,1641,0,0.0,30,0
직장인구-상권,20254,남성연령대_40_직장_인구_수,1641,0,0.0,1,0
직장인구-상권,20254,남성연령대_50_직장_인구_수,1641,0,0.0,0,0
직장인구-상권,20254,남성연령대_60_이상_직장_인구_수,1641,0,0.0,9,0
직장인구-상권,20254,상권_구분_코드,1641,0,0.0,0,0
직장인구-상권,20254,상권_구분_코드_명,1641,0,0.0,0,0
직장인구-상권,20254,상권_코드,1641,0,0.0,0,0
직장인구-상권,20254,상권_코드_명,1641,0,0.0,0,0
직장인구-상권,20254,여성_직장_인구_수,1641,0,0.0,8,0
직장인구-상권,20254,여성연령대_10_직장_인구_수,1641,0,0.0,1476,0
직장인구-상권,20254,여성연령대_20_직장_인구_수,1641,0,0.0,86,0
직장인구-상권,20254,여성연령대_30_직장_인구_수,1641,0,0.0,26,0
직장인구-상권,20254,여성연령대_40_직장_인구_수,1641,0,0.0,9,0
직장인구-상권,20254,여성연령대_50_직장_인구_수,1641,0,0.0,14,0
직장인구-상권,20254,여성연령대_60_이상_직장_인구_수,1641,0,0.0,174,0
직장인구-상권,20254,연령대_10_직장_인구_수,1641,0,0.0,1444,0
직장인구-상권,20254,연령대_20_직장_인구_수,1641,0,0.0,77,0
직장인구-상권,20254,연령대_30_직장_인구_수,1641,0,0.0,16,0
직장인구-상권,20254,연령대_40_직장_인구_수,1641,0,0.0,0,0
직장인구-상권,20254,연령대_50_직장_인구_수,1641,0,0.0,0,0
직장인구-상권,20254,연령대_60_이상_직장_인구_수,1641,0,0.0,9,0
직장인구-상권,20254,총_직장_인구_수,1641,0,0.0,0,0
직장인구-상권,20261,기준_년분기_코드,1641,0,0.0,0,0
직장인구-상권,20261,남성_직장_인구_수,1641,0,0.0,0,0
직장인구-상권,20261,남성연령대_10_직장_인구_수,1641,0,0.0,1486,0
직장인구-상권,20261,남성연령대_20_직장_인구_수,1641,0,0.0,193,0
직장인구-상권,20261,남성연령대_30_직장_인구_수,1641,0,0.0,30,0
직장인구-상권,20261,남성연령대_40_직장_인구_수,1641,0,0.0,1,0
직장인구-상권,20261,남성연령대_50_직장_인구_수,1641,0,0.0,0,0
직장인구-상권,20261,남성연령대_60_이상_직장_인구_수,1641,0,0.0,9,0
직장인구-상권,20261,상권_구분_코드,1641,0,0.0,0,0
직장인구-상권,20261,상권_구분_코드_명,1641,0,0.0,0,0
직장인구-상권,20261,상권_코드,1641,0,0.0,0,0
직장인구-상권,20261,상권_코드_명,1641,0,0.0,0,0
직장인구-상권,20261,여성_직장_인구_수,1641,0,0.0,8,0
직장인구-상권,20261,여성연령대_10_직장_인구_수,1641,0,0.0,1476,0
직장인구-상권,20261,여성연령대_20_직장_인구_수,1641,0,0.0,86,0
직장인구-상권,20261,여성연령대_30_직장_인구_수,1641,0,0.0,26,0
직장인구-상권,20261,여성연령대_40_직장_인구_수,1641,0,0.0,9,0
직장인구-상권,20261,여성연령대_50_직장_인구_수,1641,0,0.0,14,0
직장인구-상권,20261,여성연령대_60_이상_직장_인구_수,1641,0,0.0,174,0
직장인구-상권,20261,연령대_10_직장_인구_수,1641,0,0.0,1444,0
직장인구-상권,20261,연령대_20_직장_인구_수,1641,0,0.0,77,0
직장인구-상권,20261,연령대_30_직장_인구_수,1641,0,0.0,16,0
직장인구-상권,20261,연령대_40_직장_인구_수,1641,0,0.0,0,0
직장인구-상권,20261,연령대_50_직장_인구_수,1641,0,0.0,0,0
직장인구-상권,20261,연령대_60_이상_직장_인구_수,1641,0,0.0,9,0
직장인구-상권,20261,총_직장_인구_수,1641,0,0.0,0,0
직장인구-상권배후지,20211,기준_년분기_코드,1090,0,0.0,0,0
직장인구-상권배후지,20211,남성_직장_인구_수,1090,0,0.0,0,0
직장인구-상권배후지,20211,남성연령대_10_직장_인구_수,1090,0,0.0,791,0
직장인구-상권배후지,20211,남성연령대_20_직장_인구_수,1090,0,0.0,5,0
직장인구-상권배후지,20211,남성연령대_30_직장_인구_수,1090,0,0.0,1,0
직장인구-상권배후지,20211,남성연령대_40_직장_인구_수,1090,0,0.0,0,0
직장인구-상권배후지,20211,남성연령대_50_직장_인구_수,1090,0,0.0,0,0
직장인구-상권배후지,20211,남성연령대_60_이상_직장_인구_수,1090,0,0.0,1,0
직장인구-상권배후지,20211,상권_구분_코드,1090,0,0.0,0,0
직장인구-상권배후지,20211,상권_구분_코드_명,1090,0,0.0,0,0
직장인구-상권배후지,20211,상권배후지_코드,1090,0,0.0,0,0
직장인구-상권배후지,20211,상권배후지_코드_명,1090,0,0.0,0,0
직장인구-상권배후지,20211,여성_직장_인구_수,1090,0,0.0,0,0
직장인구-상권배후지,20211,여성연령대_10_직장_인구_수,1090,0,0.0,790,0
직장인구-상권배후지,20211,여성연령대_20_직장_인구_수,1090,0,0.0,2,0
직장인구-상권배후지,20211,여성연령대_30_직장_인구_수,1090,0,0.0,1,0
직장인구-상권배후지,20211,여성연령대_40_직장_인구_수,1090,0,0.0,0,0
직장인구-상권배후지,20211,여성연령대_50_직장_인구_수,1090,0,0.0,0,0
직장인구-상권배후지,20211,여성연령대_60_이상_직장_인구_수,1090,0,0.0,5,0
직장인구-상권배후지,20211,연령대_10_직장_인구_수,1090,0,0.0,715,0
직장인구-상권배후지,20211,연령대_20_직장_인구_수,1090,0,0.0,2,0
직장인구-상권배후지,20211,연령대_30_직장_인구_수,1090,0,0.0,1,0
직장인구-상권배후지,20211,연령대_40_직장_인구_수,1090,0,0.0,0,0
직장인구-상권배후지,20211,연령대_50_직장_인구_수,1090,0,0.0,0,0
직장인구-상권배후지,20211,연령대_60_이상_직장_인구_수,1090,0,0.0,1,0
직장인구-상권배후지,20211,총_직장_인구_수,1090,0,0.0,0,0
직장인구-상권배후지,20212,기준_년분기_코드,1090,0,0.0,0,0
직장인구-상권배후지,20212,남성_직장_인구_수,1090,0,0.0,0,0
직장인구-상권배후지,20212,남성연령대_10_직장_인구_수,1090,0,0.0,791,0
직장인구-상권배후지,20212,남성연령대_20_직장_인구_수,1090,0,0.0,5,0
직장인구-상권배후지,20212,남성연령대_30_직장_인구_수,1090,0,0.0,1,0
직장인구-상권배후지,20212,남성연령대_40_직장_인구_수,1090,0,0.0,0,0
직장인구-상권배후지,20212,남성연령대_50_직장_인구_수,1090,0,0.0,0,0
직장인구-상권배후지,20212,남성연령대_60_이상_직장_인구_수,1090,0,0.0,1,0
직장인구-상권배후지,20212,상권_구분_코드,1090,0,0.0,0,0
직장인구-상권배후지,20212,상권_구분_코드_명,1090,0,0.0,0,0
직장인구-상권배후지,20212,상권배후지_코드,1090,0,0.0,0,0
직장인구-상권배후지,20212,상권배후지_코드_명,1090,0,0.0,0,0
직장인구-상권배후지,20212,여성_직장_인구_수,1090,0,0.0,0,0
직장인구-상권배후지,20212,여성연령대_10_직장_인구_수,1090,0,0.0,790,0
직장인구-상권배후지,20212,여성연령대_20_직장_인구_수,1090,0,0.0,2,0
직장인구-상권배후지,20212,여성연령대_30_직장_인구_수,1090,0,0.0,1,0
직장인구-상권배후지,20212,여성연령대_40_직장_인구_수,1090,0,0.0,0,0
직장인구-상권배후지,20212,여성연령대_50_직장_인구_수,1090,0,0.0,0,0
직장인구-상권배후지,20212,여성연령대_60_이상_직장_인구_수,1090,0,0.0,5,0
직장인구-상권배후지,20212,연령대_10_직장_인구_수,1090,0,0.0,715,0
직장인구-상권배후지,20212,연령대_20_직장_인구_수,1090,0,0.0,2,0
직장인구-상권배후지,20212,연령대_30_직장_인구_수,1090,0,0.0,1,0
직장인구-상권배후지,20212,연령대_40_직장_인구_수,1090,0,0.0,0,0
직장인구-상권배후지,20212,연령대_50_직장_인구_수,1090,0,0.0,0,0
직장인구-상권배후지,20212,연령대_60_이상_직장_인구_수,1090,0,0.0,1,0
직장인구-상권배후지,20212,총_직장_인구_수,1090,0,0.0,0,0
직장인구-상권배후지,20213,기준_년분기_코드,1090,0,0.0,0,0
직장인구-상권배후지,20213,남성_직장_인구_수,1090,0,0.0,0,0
직장인구-상권배후지,20213,남성연령대_10_직장_인구_수,1090,0,0.0,791,0
직장인구-상권배후지,20213,남성연령대_20_직장_인구_수,1090,0,0.0,5,0
직장인구-상권배후지,20213,남성연령대_30_직장_인구_수,1090,0,0.0,1,0
직장인구-상권배후지,20213,남성연령대_40_직장_인구_수,1090,0,0.0,0,0
직장인구-상권배후지,20213,남성연령대_50_직장_인구_수,1090,0,0.0,0,0
직장인구-상권배후지,20213,남성연령대_60_이상_직장_인구_수,1090,0,0.0,1,0
직장인구-상권배후지,20213,상권_구분_코드,1090,0,0.0,0,0
직장인구-상권배후지,20213,상권_구분_코드_명,1090,0,0.0,0,0
직장인구-상권배후지,20213,상권배후지_코드,1090,0,0.0,0,0
직장인구-상권배후지,20213,상권배후지_코드_명,1090,0,0.0,0,0
직장인구-상권배후지,20213,여성_직장_인구_수,1090,0,0.0,0,0
직장인구-상권배후지,20213,여성연령대_10_직장_인구_수,1090,0,0.0,790,0
직장인구-상권배후지,20213,여성연령대_20_직장_인구_수,1090,0,0.0,2,0
직장인구-상권배후지,20213,여성연령대_30_직장_인구_수,1090,0,0.0,1,0
직장인구-상권배후지,20213,여성연령대_40_직장_인구_수,1090,0,0.0,0,0
직장인구-상권배후지,20213,여성연령대_50_직장_인구_수,1090,0,0.0,0,0
직장인구-상권배후지,20213,여성연령대_60_이상_직장_인구_수,1090,0,0.0,5,0
직장인구-상권배후지,20213,연령대_10_직장_인구_수,1090,0,0.0,715,0
직장인구-상권배후지,20213,연령대_20_직장_인구_수,1090,0,0.0,2,0
직장인구-상권배후지,20213,연령대_30_직장_인구_수,1090,0,0.0,1,0
직장인구-상권배후지,20213,연령대_40_직장_인구_수,1090,0,0.0,0,0
직장인구-상권배후지,20213,연령대_50_직장_인구_수,1090,0,0.0,0,0
직장인구-상권배후지,20213,연령대_60_이상_직장_인구_수,1090,0,0.0,1,0
직장인구-상권배후지,20213,총_직장_인구_수,1090,0,0.0,0,0
직장인구-상권배후지,20214,기준_년분기_코드,1090,0,0.0,0,0
직장인구-상권배후지,20214,남성_직장_인구_수,1090,0,0.0,1,0
직장인구-상권배후지,20214,남성연령대_10_직장_인구_수,1090,0,0.0,873,0
직장인구-상권배후지,20214,남성연령대_20_직장_인구_수,1090,0,0.0,5,0
직장인구-상권배후지,20214,남성연령대_30_직장_인구_수,1090,0,0.0,1,0
직장인구-상권배후지,20214,남성연령대_40_직장_인구_수,1090,0,0.0,1,0
직장인구-상권배후지,20214,남성연령대_50_직장_인구_수,1090,0,0.0,1,0
직장인구-상권배후지,20214,남성연령대_60_이상_직장_인구_수,1090,0,0.0,1,0
직장인구-상권배후지,20214,상권_구분_코드,1090,0,0.0,0,0
직장인구-상권배후지,20214,상권_구분_코드_명,1090,0,0.0,0,0
직장인구-상권배후지,20214,상권배후지_코드,1090,0,0.0,0,0
직장인구-상권배후지,20214,상권배후지_코드_명,1090,0,0.0,0,0
직장인구-상권배후지,20214,여성_직장_인구_수,1090,0,0.0,0,0
직장인구-상권배후지,20214,여성연령대_10_직장_인구_수,1090,0,0.0,852,0
직장인구-상권배후지,20214,여성연령대_20_직장_인구_수,1090,0,0.0,1,0
직장인구-상권배후지,20214,여성연령대_30_직장_인구_수,1090,0,0.0,1,0
직장인구-상권배후지,20214,여성연령대_40_직장_인구_수,1090,0,0.0,1,0
직장인구-상권배후지,20214,여성연령대_50_직장_인구_수,1090,0,0.0,0,0
직장인구-상권배후지,20214,여성연령대_60_이상_직장_인구_수,1090,0,0.0,9,0
직장인구-상권배후지,20214,연령대_10_직장_인구_수,1090,0,0.0,809,0
직장인구-상권배후지,20214,연령대_20_직장_인구_수,1090,0,0.0,1,0
직장인구-상권배후지,20214,연령대_30_직장_인구_수,1090,0,0.0,1,0
직장인구-상권배후지,20214,연령대_40_직장_인구_수,1090,0,0.0,1,0
직장인구-상권배후지,20214,연령대_50_직장_인구_수,1090,0,0.0,0,0
직장인구-상권배후지,20214,연령대_60_이상_직장_인구_수,1090,0,0.0,1,0
직장인구-상권배후지,20214,총_직장_인구_수,1090,0,0.0,0,0
직장인구-상권배후지,20221,기준_년분기_코드,1090,0,0.0,0,0
직장인구-상권배후지,20221,남성_직장_인구_수,1090,0,0.0,1,0
직장인구-상권배후지,20221,남성연령대_10_직장_인구_수,1090,0,0.0,873,0
직장인구-상권배후지,20221,남성연령대_20_직장_인구_수,1090,0,0.0,5,0
직장인구-상권배후지,20221,남성연령대_30_직장_인구_수,1090,0,0.0,1,0
직장인구-상권배후지,20221,남성연령대_40_직장_인구_수,1090,0,0.0,1,0
직장인구-상권배후지,20221,남성연령대_50_직장_인구_수,1090,0,0.0,1,0
직장인구-상권배후지,20221,남성연령대_60_이상_직장_인구_수,1090,0,0.0,1,0
직장인구-상권배후지,20221,상권_구분_코드,1090,0,0.0,0,0
직장인구-상권배후지,20221,상권_구분_코드_명,1090,0,0.0,0,0
직장인구-상권배후지,20221,상권배후지_코드,1090,0,0.0,0,0
직장인구-상권배후지,20221,상권배후지_코드_명,1090,0,0.0,0,0
직장인구-상권배후지,20221,여성_직장_인구_수,1090,0,0.0,0,0
직장인구-상권배후지,20221,여성연령대_10_직장_인구_수,1090,0,0.0,852,0
직장인구-상권배후지,20221,여성연령대_20_직장_인구_수,1090,0,0.0,1,0
직장인구-상권배후지,20221,여성연령대_30_직장_인구_수,1090,0,0.0,1,0
직장인구-상권배후지,20221,여성연령대_40_직장_인구_수,1090,0,0.0,1,0
직장인구-상권배후지,20221,여성연령대_50_직장_인구_수,1090,0,0.0,0,0
직장인구-상권배후지,20221,여성연령대_60_이상_직장_인구_수,1090,0,0.0,9,0
직장인구-상권배후지,20221,연령대_10_직장_인구_수,1090,0,0.0,809,0
직장인구-상권배후지,20221,연령대_20_직장_인구_수,1090,0,0.0,1,0
직장인구-상권배후지,20221,연령대_30_직장_인구_수,1090,0,0.0,1,0
직장인구-상권배후지,20221,연령대_40_직장_인구_수,1090,0,0.0,1,0
직장인구-상권배후지,20221,연령대_50_직장_인구_수,1090,0,0.0,0,0
직장인구-상권배후지,20221,연령대_60_이상_직장_인구_수,1090,0,0.0,1,0
직장인구-상권배후지,20221,총_직장_인구_수,1090,0,0.0,0,0
직장인구-상권배후지,20222,기준_년분기_코드,1090,0,0.0,0,0
직장인구-상권배후지,20222,남성_직장_인구_수,1090,0,0.0,1,0
직장인구-상권배후지,20222,남성연령대_10_직장_인구_수,1090,0,0.0,873,0
직장인구-상권배후지,20222,남성연령대_20_직장_인구_수,1090,0,0.0,5,0
직장인구-상권배후지,20222,남성연령대_30_직장_인구_수,1090,0,0.0,1,0
직장인구-상권배후지,20222,남성연령대_40_직장_인구_수,1090,0,0.0,1,0
직장인구-상권배후지,20222,남성연령대_50_직장_인구_수,1090,0,0.0,1,0
직장인구-상권배후지,20222,남성연령대_60_이상_직장_인구_수,1090,0,0.0,1,0
직장인구-상권배후지,20222,상권_구분_코드,1090,0,0.0,0,0
직장인구-상권배후지,20222,상권_구분_코드_명,1090,0,0.0,0,0
직장인구-상권배후지,20222,상권배후지_코드,1090,0,0.0,0,0
직장인구-상권배후지,20222,상권배후지_코드_명,1090,0,0.0,0,0
직장인구-상권배후지,20222,여성_직장_인구_수,1090,0,0.0,0,0
직장인구-상권배후지,20222,여성연령대_10_직장_인구_수,1090,0,0.0,852,0
직장인구-상권배후지,20222,여성연령대_20_직장_인구_수,1090,0,0.0,1,0
직장인구-상권배후지,20222,여성연령대_30_직장_인구_수,1090,0,0.0,1,0
직장인구-상권배후지,20222,여성연령대_40_직장_인구_수,1090,0,0.0,1,0
직장인구-상권배후지,20222,여성연령대_50_직장_인구_수,1090,0,0.0,0,0
직장인구-상권배후지,20222,여성연령대_60_이상_직장_인구_수,1090,0,0.0,9,0
직장인구-상권배후지,20222,연령대_10_직장_인구_수,1090,0,0.0,809,0
직장인구-상권배후지,20222,연령대_20_직장_인구_수,1090,0,0.0,1,0
직장인구-상권배후지,20222,연령대_30_직장_인구_수,1090,0,0.0,1,0
직장인구-상권배후지,20222,연령대_40_직장_인구_수,1090,0,0.0,1,0
직장인구-상권배후지,20222,연령대_50_직장_인구_수,1090,0,0.0,0,0
직장인구-상권배후지,20222,연령대_60_이상_직장_인구_수,1090,0,0.0,1,0
직장인구-상권배후지,20222,총_직장_인구_수,1090,0,0.0,0,0
직장인구-상권배후지,20223,기준_년분기_코드,1090,0,0.0,0,0
직장인구-상권배후지,20223,남성_직장_인구_수,1090,0,0.0,1,0
직장인구-상권배후지,20223,남성연령대_10_직장_인구_수,1090,0,0.0,873,0
직장인구-상권배후지,20223,남성연령대_20_직장_인구_수,1090,0,0.0,5,0
직장인구-상권배후지,20223,남성연령대_30_직장_인구_수,1090,0,0.0,1,0
직장인구-상권배후지,20223,남성연령대_40_직장_인구_수,1090,0,0.0,1,0
직장인구-상권배후지,20223,남성연령대_50_직장_인구_수,1090,0,0.0,1,0
직장인구-상권배후지,20223,남성연령대_60_이상_직장_인구_수,1090,0,0.0,1,0
직장인구-상권배후지,20223,상권_구분_코드,1090,0,0.0,0,0
직장인구-상권배후지,20223,상권_구분_코드_명,1090,0,0.0,0,0
직장인구-상권배후지,20223,상권배후지_코드,1090,0,0.0,0,0
직장인구-상권배후지,20223,상권배후지_코드_명,1090,0,0.0,0,0
직장인구-상권배후지,20223,여성_직장_인구_수,1090,0,0.0,0,0
직장인구-상권배후지,20223,여성연령대_10_직장_인구_수,1090,0,0.0,852,0
직장인구-상권배후지,20223,여성연령대_20_직장_인구_수,1090,0,0.0,1,0
직장인구-상권배후지,20223,여성연령대_30_직장_인구_수,1090,0,0.0,1,0
직장인구-상권배후지,20223,여성연령대_40_직장_인구_수,1090,0,0.0,1,0
직장인구-상권배후지,20223,여성연령대_50_직장_인구_수,1090,0,0.0,0,0
직장인구-상권배후지,20223,여성연령대_60_이상_직장_인구_수,1090,0,0.0,9,0
직장인구-상권배후지,20223,연령대_10_직장_인구_수,1090,0,0.0,809,0
직장인구-상권배후지,20223,연령대_20_직장_인구_수,1090,0,0.0,1,0
직장인구-상권배후지,20223,연령대_30_직장_인구_수,1090,0,0.0,1,0
직장인구-상권배후지,20223,연령대_40_직장_인구_수,1090,0,0.0,1,0
직장인구-상권배후지,20223,연령대_50_직장_인구_수,1090,0,0.0,0,0
직장인구-상권배후지,20223,연령대_60_이상_직장_인구_수,1090,0,0.0,1,0
직장인구-상권배후지,20223,총_직장_인구_수,1090,0,0.0,0,0
직장인구-상권배후지,20224,기준_년분기_코드,1090,0,0.0,0,0
직장인구-상권배후지,20224,남성_직장_인구_수,1090,0,0.0,1,0
직장인구-상권배후지,20224,남성연령대_10_직장_인구_수,1090,0,0.0,934,0
직장인구-상권배후지,20224,남성연령대_20_직장_인구_수,1090,0,0.0,13,0
직장인구-상권배후지,20224,남성연령대_30_직장_인구_수,1090,0,0.0,1,0
직장인구-상권배후지,20224,남성연령대_40_직장_인구_수,1090,0,0.0,1,0
직장인구-상권배후지,20224,남성연령대_50_직장_인구_수,1090,0,0.0,1,0
직장인구-상권배후지,20224,남성연령대_60_이상_직장_인구_수,1090,0,0.0,1,0
직장인구-상권배후지,20224,상권_구분_코드,1090,0,0.0,0,0
직장인구-상권배후지,20224,상권_구분_코드_명,1090,0,0.0,0,0
직장인구-상권배후지,20224,상권배후지_코드,1090,0,0.0,0,0
직장인구-상권배후지,20224,상권배후지_코드_명,1090,0,0.0,0,0
직장인구-상권배후지,20224,여성_직장_인구_수,1090,0,0.0,0,0
직장인구-상권배후지,20224,여성연령대_10_직장_인구_수,1090,0,0.0,905,0
직장인구-상권배후지,20224,여성연령대_20_직장_인구_수,1090,0,0.0,5,0
직장인구-상권배후지,20224,여성연령대_30_직장_인구_수,1090,0,0.0,1,0
직장인구-상권배후지,20224,여성연령대_40_직장_인구_수,1090,0,0.0,1,0
직장인구-상권배후지,20224,여성연령대_50_직장_인구_수,1090,0,0.0,0,0
직장인구-상권배후지,20224,여성연령대_60_이상_직장_인구_수,1090,0,0.0,12,0
직장인구-상권배후지,20224,연령대_10_직장_인구_수,1090,0,0.0,871,0
직장인구-상권배후지,20224,연령대_20_직장_인구_수,1090,0,0.0,4,0
직장인구-상권배후지,20224,연령대_30_직장_인구_수,1090,0,0.0,1,0
직장인구-상권배후지,20224,연령대_40_직장_인구_수,1090,0,0.0,1,0
직장인구-상권배후지,20224,연령대_50_직장_인구_수,1090,0,0.0,0,0
직장인구-상권배후지,20224,연령대_60_이상_직장_인구_수,1090,0,0.0,1,0
직장인구-상권배후지,20224,총_직장_인구_수,1090,0,0.0,0,0
직장인구-상권배후지,20231,기준_년분기_코드,1090,0,0.0,0,0
직장인구-상권배후지,20231,남성_직장_인구_수,1090,0,0.0,1,0
직장인구-상권배후지,20231,남성연령대_10_직장_인구_수,1090,0,0.0,934,0
직장인구-상권배후지,20231,남성연령대_20_직장_인구_수,1090,0,0.0,13,0
직장인구-상권배후지,20231,남성연령대_30_직장_인구_수,1090,0,0.0,1,0
직장인구-상권배후지,20231,남성연령대_40_직장_인구_수,1090,0,0.0,1,0
직장인구-상권배후지,20231,남성연령대_50_직장_인구_수,1090,0,0.0,1,0
직장인구-상권배후지,20231,남성연령대_60_이상_직장_인구_수,1090,0,0.0,1,0
직장인구-상권배후지,20231,상권_구분_코드,1090,0,0.0,0,0
직장인구-상권배후지,20231,상권_구분_코드_명,1090,0,0.0,0,0
직장인구-상권배후지,20231,상권배후지_코드,1090,0,0.0,0,0
직장인구-상권배후지,20231,상권배후지_코드_명,1090,0,0.0,0,0
직장인구-상권배후지,20231,여성_직장_인구_수,1090,0,0.0,0,0
직장인구-상권배후지,20231,여성연령대_10_직장_인구_수,1090,0,0.0,905,0
직장인구-상권배후지,20231,여성연령대_20_직장_인구_수,1090,0,0.0,5,0
직장인구-상권배후지,20231,여성연령대_30_직장_인구_수,1090,0,0.0,1,0
직장인구-상권배후지,20231,여성연령대_40_직장_인구_수,1090,0,0.0,1,0
직장인구-상권배후지,20231,여성연령대_50_직장_인구_수,1090,0,0.0,0,0
직장인구-상권배후지,20231,여성연령대_60_이상_직장_인구_수,1090,0,0.0,12,0
직장인구-상권배후지,20231,연령대_10_직장_인구_수,1090,0,0.0,871,0
직장인구-상권배후지,20231,연령대_20_직장_인구_수,1090,0,0.0,4,0
직장인구-상권배후지,20231,연령대_30_직장_인구_수,1090,0,0.0,1,0
직장인구-상권배후지,20231,연령대_40_직장_인구_수,1090,0,0.0,1,0
직장인구-상권배후지,20231,연령대_50_직장_인구_수,1090,0,0.0,0,0
직장인구-상권배후지,20231,연령대_60_이상_직장_인구_수,1090,0,0.0,1,0
직장인구-상권배후지,20231,총_직장_인구_수,1090,0,0.0,0,0
직장인구-상권배후지,20232,기준_년분기_코드,1090,0,0.0,0,0
직장인구-상권배후지,20232,남성_직장_인구_수,1090,0,0.0,1,0
직장인구-상권배후지,20232,남성연령대_10_직장_인구_수,1090,0,0.0,934,0
직장인구-상권배후지,20232,남성연령대_20_직장_인구_수,1090,0,0.0,13,0
직장인구-상권배후지,20232,남성연령대_30_직장_인구_수,1090,0,0.0,1,0
직장인구-상권배후지,20232,남성연령대_40_직장_인구_수,1090,0,0.0,1,0
직장인구-상권배후지,20232,남성연령대_50_직장_인구_수,1090,0,0.0,1,0
직장인구-상권배후지,20232,남성연령대_60_이상_직장_인구_수,1090,0,0.0,1,0
직장인구-상권배후지,20232,상권_구분_코드,1090,0,0.0,0,0
직장인구-상권배후지,20232,상권_구분_코드_명,1090,0,0.0,0,0
직장인구-상권배후지,20232,상권배후지_코드,1090,0,0.0,0,0
직장인구-상권배후지,20232,상권배후지_코드_명,1090,0,0.0,0,0
직장인구-상권배후지,20232,여성_직장_인구_수,1090,0,0.0,0,0
직장인구-상권배후지,20232,여성연령대_10_직장_인구_수,1090,0,0.0,905,0
직장인구-상권배후지,20232,여성연령대_20_직장_인구_수,1090,0,0.0,5,0
직장인구-상권배후지,20232,여성연령대_30_직장_인구_수,1090,0,0.0,1,0
직장인구-상권배후지,20232,여성연령대_40_직장_인구_수,1090,0,0.0,1,0
직장인구-상권배후지,20232,여성연령대_50_직장_인구_수,1090,0,0.0,0,0
직장인구-상권배후지,20232,여성연령대_60_이상_직장_인구_수,1090,0,0.0,12,0
직장인구-상권배후지,20232,연령대_10_직장_인구_수,1090,0,0.0,871,0
직장인구-상권배후지,20232,연령대_20_직장_인구_수,1090,0,0.0,4,0
직장인구-상권배후지,20232,연령대_30_직장_인구_수,1090,0,0.0,1,0
직장인구-상권배후지,20232,연령대_40_직장_인구_수,1090,0,0.0,1,0
직장인구-상권배후지,20232,연령대_50_직장_인구_수,1090,0,0.0,0,0
직장인구-상권배후지,20232,연령대_60_이상_직장_인구_수,1090,0,0.0,1,0
직장인구-상권배후지,20232,총_직장_인구_수,1090,0,0.0,0,0
직장인구-상권배후지,20233,기준_년분기_코드,1090,0,0.0,0,0
직장인구-상권배후지,20233,남성_직장_인구_수,1090,0,0.0,1,0
직장인구-상권배후지,20233,남성연령대_10_직장_인구_수,1090,0,0.0,934,0
직장인구-상권배후지,20233,남성연령대_20_직장_인구_수,1090,0,0.0,13,0
직장인구-상권배후지,20233,남성연령대_30_직장_인구_수,1090,0,0.0,1,0
직장인구-상권배후지,20233,남성연령대_40_직장_인구_수,1090,0,0.0,1,0
직장인구-상권배후지,20233,남성연령대_50_직장_인구_수,1090,0,0.0,1,0
직장인구-상권배후지,20233,남성연령대_60_이상_직장_인구_수,1090,0,0.0,1,0
직장인구-상권배후지,20233,상권_구분_코드,1090,0,0.0,0,0
직장인구-상권배후지,20233,상권_구분_코드_명,1090,0,0.0,0,0
직장인구-상권배후지,20233,상권배후지_코드,1090,0,0.0,0,0
직장인구-상권배후지,20233,상권배후지_코드_명,1090,0,0.0,0,0
직장인구-상권배후지,20233,여성_직장_인구_수,1090,0,0.0,0,0
직장인구-상권배후지,20233,여성연령대_10_직장_인구_수,1090,0,0.0,905,0
직장인구-상권배후지,20233,여성연령대_20_직장_인구_수,1090,0,0.0,5,0
직장인구-상권배후지,20233,여성연령대_30_직장_인구_수,1090,0,0.0,1,0
직장인구-상권배후지,20233,여성연령대_40_직장_인구_수,1090,0,0.0,1,0
직장인구-상권배후지,20233,여성연령대_50_직장_인구_수,1090,0,0.0,0,0
직장인구-상권배후지,20233,여성연령대_60_이상_직장_인구_수,1090,0,0.0,12,0
직장인구-상권배후지,20233,연령대_10_직장_인구_수,1090,0,0.0,871,0
직장인구-상권배후지,20233,연령대_20_직장_인구_수,1090,0,0.0,4,0
직장인구-상권배후지,20233,연령대_30_직장_인구_수,1090,0,0.0,1,0
직장인구-상권배후지,20233,연령대_40_직장_인구_수,1090,0,0.0,1,0
직장인구-상권배후지,20233,연령대_50_직장_인구_수,1090,0,0.0,0,0
직장인구-상권배후지,20233,연령대_60_이상_직장_인구_수,1090,0,0.0,1,0
직장인구-상권배후지,20233,총_직장_인구_수,1090,0,0.0,0,0
직장인구-상권배후지,20234,기준_년분기_코드,1090,0,0.0,0,0
직장인구-상권배후지,20234,남성_직장_인구_수,1090,0,0.0,0,0
직장인구-상권배후지,20234,남성연령대_10_직장_인구_수,1090,0,0.0,953,0
직장인구-상권배후지,20234,남성연령대_20_직장_인구_수,1090,0,0.0,36,0
직장인구-상권배후지,20234,남성연령대_30_직장_인구_수,1090,0,0.0,4,0
직장인구-상권배후지,20234,남성연령대_40_직장_인구_수,1090,0,0.0,0,0
직장인구-상권배후지,20234,남성연령대_50_직장_인구_수,1090,0,0.0,0,0
직장인구-상권배후지,20234,남성연령대_60_이상_직장_인구_수,1090,0,0.0,1,0
직장인구-상권배후지,20234,상권_구분_코드,1090,0,0.0,0,0
직장인구-상권배후지,20234,상권_구분_코드_명,1090,0,0.0,0,0
직장인구-상권배후지,20234,상권배후지_코드,1090,0,0.0,0,0
직장인구-상권배후지,20234,상권배후지_코드_명,1090,0,0.0,0,0
직장인구-상권배후지,20234,여성_직장_인구_수,1090,0,0.0,0,0
직장인구-상권배후지,20234,여성연령대_10_직장_인구_수,1090,0,0.0,933,0
직장인구-상권배후지,20234,여성연령대_20_직장_인구_수,1090,0,0.0,10,0
직장인구-상권배후지,20234,여성연령대_30_직장_인구_수,1090,0,0.0,2,0
직장인구-상권배후지,20234,여성연령대_40_직장_인구_수,1090,0,0.0,1,0
직장인구-상권배후지,20234,여성연령대_50_직장_인구_수,1090,0,0.0,0,0
직장인구-상권배후지,20234,여성연령대_60_이상_직장_인구_수,1090,0,0.0,26,0
직장인구-상권배후지,20234,연령대_10_직장_인구_수,1090,0,0.0,899,0
직장인구-상권배후지,20234,연령대_20_직장_인구_수,1090,0,0.0,9,0
직장인구-상권배후지,20234,연령대_30_직장_인구_수,1090,0,0.0,2,0
직장인구-상권배후지,20234,연령대_40_직장_인구_수,1090,0,0.0,0,0
직장인구-상권배후지,20234,연령대_50_직장_인구_수,1090,0,0.0,0,0
직장인구-상권배후지,20234,연령대_60_이상_직장_인구_수,1090,0,0.0,1,0
직장인구-상권배후지,20234,총_직장_인구_수,1090,0,0.0,0,0
직장인구-상권배후지,20241,기준_년분기_코드,1090,0,0.0,0,0
직장인구-상권배후지,20241,남성_직장_인구_수,1090,0,0.0,0,0
직장인구-상권배후지,20241,남성연령대_10_직장_인구_수,1090,0,0.0,953,0
직장인구-상권배후지,20241,남성연령대_20_직장_인구_수,1090,0,0.0,36,0
직장인구-상권배후지,20241,남성연령대_30_직장_인구_수,1090,0,0.0,4,0
직장인구-상권배후지,20241,남성연령대_40_직장_인구_수,1090,0,0.0,0,0
직장인구-상권배후지,20241,남성연령대_50_직장_인구_수,1090,0,0.0,0,0
직장인구-상권배후지,20241,남성연령대_60_이상_직장_인구_수,1090,0,0.0,1,0
직장인구-상권배후지,20241,상권_구분_코드,1090,0,0.0,0,0
직장인구-상권배후지,20241,상권_구분_코드_명,1090,0,0.0,0,0
직장인구-상권배후지,20241,상권배후지_코드,1090,0,0.0,0,0
직장인구-상권배후지,20241,상권배후지_코드_명,1090,0,0.0,0,0
직장인구-상권배후지,20241,여성_직장_인구_수,1090,0,0.0,0,0
직장인구-상권배후지,20241,여성연령대_10_직장_인구_수,1090,0,0.0,933,0
직장인구-상권배후지,20241,여성연령대_20_직장_인구_수,1090,0,0.0,10,0
직장인구-상권배후지,20241,여성연령대_30_직장_인구_수,1090,0,0.0,2,0
직장인구-상권배후지,20241,여성연령대_40_직장_인구_수,1090,0,0.0,1,0
직장인구-상권배후지,20241,여성연령대_50_직장_인구_수,1090,0,0.0,0,0
직장인구-상권배후지,20241,여성연령대_60_이상_직장_인구_수,1090,0,0.0,26,0
직장인구-상권배후지,20241,연령대_10_직장_인구_수,1090,0,0.0,899,0
직장인구-상권배후지,20241,연령대_20_직장_인구_수,1090,0,0.0,9,0
직장인구-상권배후지,20241,연령대_30_직장_인구_수,1090,0,0.0,2,0
직장인구-상권배후지,20241,연령대_40_직장_인구_수,1090,0,0.0,0,0
직장인구-상권배후지,20241,연령대_50_직장_인구_수,1090,0,0.0,0,0
직장인구-상권배후지,20241,연령대_60_이상_직장_인구_수,1090,0,0.0,1,0
직장인구-상권배후지,20241,총_직장_인구_수,1090,0,0.0,0,0
직장인구-상권배후지,20242,기준_년분기_코드,1090,0,0.0,0,0
직장인구-상권배후지,20242,남성_직장_인구_수,1090,0,0.0,0,0
직장인구-상권배후지,20242,남성연령대_10_직장_인구_수,1090,0,0.0,953,0
직장인구-상권배후지,20242,남성연령대_20_직장_인구_수,1090,0,0.0,36,0
직장인구-상권배후지,20242,남성연령대_30_직장_인구_수,1090,0,0.0,4,0
직장인구-상권배후지,20242,남성연령대_40_직장_인구_수,1090,0,0.0,0,0
직장인구-상권배후지,20242,남성연령대_50_직장_인구_수,1090,0,0.0,0,0
직장인구-상권배후지,20242,남성연령대_60_이상_직장_인구_수,1090,0,0.0,1,0
직장인구-상권배후지,20242,상권_구분_코드,1090,0,0.0,0,0
직장인구-상권배후지,20242,상권_구분_코드_명,1090,0,0.0,0,0
직장인구-상권배후지,20242,상권배후지_코드,1090,0,0.0,0,0
직장인구-상권배후지,20242,상권배후지_코드_명,1090,0,0.0,0,0
직장인구-상권배후지,20242,여성_직장_인구_수,1090,0,0.0,0,0
직장인구-상권배후지,20242,여성연령대_10_직장_인구_수,1090,0,0.0,933,0
직장인구-상권배후지,20242,여성연령대_20_직장_인구_수,1090,0,0.0,10,0
직장인구-상권배후지,20242,여성연령대_30_직장_인구_수,1090,0,0.0,2,0
직장인구-상권배후지,20242,여성연령대_40_직장_인구_수,1090,0,0.0,1,0
직장인구-상권배후지,20242,여성연령대_50_직장_인구_수,1090,0,0.0,0,0
직장인구-상권배후지,20242,여성연령대_60_이상_직장_인구_수,1090,0,0.0,26,0
직장인구-상권배후지,20242,연령대_10_직장_인구_수,1090,0,0.0,899,0
직장인구-상권배후지,20242,연령대_20_직장_인구_수,1090,0,0.0,9,0
직장인구-상권배후지,20242,연령대_30_직장_인구_수,1090,0,0.0,2,0
직장인구-상권배후지,20242,연령대_40_직장_인구_수,1090,0,0.0,0,0
직장인구-상권배후지,20242,연령대_50_직장_인구_수,1090,0,0.0,0,0
직장인구-상권배후지,20242,연령대_60_이상_직장_인구_수,1090,0,0.0,1,0
직장인구-상권배후지,20242,총_직장_인구_수,1090,0,0.0,0,0
직장인구-상권배후지,20243,기준_년분기_코드,1090,0,0.0,0,0
직장인구-상권배후지,20243,남성_직장_인구_수,1090,0,0.0,0,0
직장인구-상권배후지,20243,남성연령대_10_직장_인구_수,1090,0,0.0,953,0
직장인구-상권배후지,20243,남성연령대_20_직장_인구_수,1090,0,0.0,36,0
직장인구-상권배후지,20243,남성연령대_30_직장_인구_수,1090,0,0.0,4,0
직장인구-상권배후지,20243,남성연령대_40_직장_인구_수,1090,0,0.0,0,0
직장인구-상권배후지,20243,남성연령대_50_직장_인구_수,1090,0,0.0,0,0
직장인구-상권배후지,20243,남성연령대_60_이상_직장_인구_수,1090,0,0.0,1,0
직장인구-상권배후지,20243,상권_구분_코드,1090,0,0.0,0,0
직장인구-상권배후지,20243,상권_구분_코드_명,1090,0,0.0,0,0
직장인구-상권배후지,20243,상권배후지_코드,1090,0,0.0,0,0
직장인구-상권배후지,20243,상권배후지_코드_명,1090,0,0.0,0,0
직장인구-상권배후지,20243,여성_직장_인구_수,1090,0,0.0,0,0
직장인구-상권배후지,20243,여성연령대_10_직장_인구_수,1090,0,0.0,933,0
직장인구-상권배후지,20243,여성연령대_20_직장_인구_수,1090,0,0.0,10,0
직장인구-상권배후지,20243,여성연령대_30_직장_인구_수,1090,0,0.0,2,0
직장인구-상권배후지,20243,여성연령대_40_직장_인구_수,1090,0,0.0,1,0
직장인구-상권배후지,20243,여성연령대_50_직장_인구_수,1090,0,0.0,0,0
직장인구-상권배후지,20243,여성연령대_60_이상_직장_인구_수,1090,0,0.0,26,0
직장인구-상권배후지,20243,연령대_10_직장_인구_수,1090,0,0.0,899,0
직장인구-상권배후지,20243,연령대_20_직장_인구_수,1090,0,0.0,9,0
직장인구-상권배후지,20243,연령대_30_직장_인구_수,1090,0,0.0,2,0
직장인구-상권배후지,20243,연령대_40_직장_인구_수,1090,0,0.0,0,0
직장인구-상권배후지,20243,연령대_50_직장_인구_수,1090,0,0.0,0,0
직장인구-상권배후지,20243,연령대_60_이상_직장_인구_수,1090,0,0.0,1,0
직장인구-상권배후지,20243,총_직장_인구_수,1090,0,0.0,0,0
직장인구-상권배후지,20244,기준_년분기_코드,1090,0,0.0,0,0
직장인구-상권배후지,20244,남성_직장_인구_수,1090,0,0.0,0,0
직장인구-상권배후지,20244,남성연령대_10_직장_인구_수,1090,0,0.0,968,0
직장인구-상권배후지,20244,남성연령대_20_직장_인구_수,1090,0,0.0,44,0
직장인구-상권배후지,20244,남성연령대_30_직장_인구_수,1090,0,0.0,3,0
직장인구-상권배후지,20244,남성연령대_40_직장_인구_수,1090,0,0.0,1,0
직장인구-상권배후지,20244,남성연령대_50_직장_인구_수,1090,0,0.0,0,0
직장인구-상권배후지,20244,남성연령대_60_이상_직장_인구_수,1090,0,0.0,3,0
직장인구-상권배후지,20244,상권_구분_코드,1090,0,0.0,0,0
직장인구-상권배후지,20244,상권_구분_코드_명,1090,0,0.0,0,0
직장인구-상권배후지,20244,상권배후지_코드,1090,0,0.0,0,0
직장인구-상권배후지,20244,상권배후지_코드_명,1090,0,0.0,0,0
직장인구-상권배후지,20244,여성_직장_인구_수,1090,0,0.0,0,0
직장인구-상권배후지,20244,여성연령대_10_직장_인구_수,1090,0,0.0,962,0
직장인구-상권배후지,20244,여성연령대_20_직장_인구_수,1090,0,0.0,14,0
직장인구-상권배후지,20244,여성연령대_30_직장_인구_수,1090,0,0.0,4,0
직장인구-상권배후지,20244,여성연령대_40_직장_인구_수,1090,0,0.0,0,0
직장인구-상권배후지,20244,여성연령대_50_직장_인구_수,1090,0,0.0,1,0
직장인구-상권배후지,20244,여성연령대_60_이상_직장_인구_수,1090,0,0.0,30,0
직장인구-상권배후지,20244,연령대_10_직장_인구_수,1090,0,0.0,927,0
직장인구-상권배후지,20244,연령대_20_직장_인구_수,1090,0,0.0,14,0
직장인구-상권배후지,20244,연령대_30_직장_인구_수,1090,0,0.0,3,0
직장인구-상권배후지,20244,연령대_40_직장_인구_수,1090,0,0.0,0,0
직장인구-상권배후지,20244,연령대_50_직장_인구_수,1090,0,0.0,0,0
직장인구-상권배후지,20244,연령대_60_이상_직장_인구_수,1090,0,0.0,3,0
직장인구-상권배후지,20244,총_직장_인구_수,1090,0,0.0,0,0
직장인구-상권배후지,20251,기준_년분기_코드,1090,0,0.0,0,0
직장인구-상권배후지,20251,남성_직장_인구_수,1090,0,0.0,0,0
직장인구-상권배후지,20251,남성연령대_10_직장_인구_수,1090,0,0.0,968,0
직장인구-상권배후지,20251,남성연령대_20_직장_인구_수,1090,0,0.0,44,0
직장인구-상권배후지,20251,남성연령대_30_직장_인구_수,1090,0,0.0,3,0
직장인구-상권배후지,20251,남성연령대_40_직장_인구_수,1090,0,0.0,1,0
직장인구-상권배후지,20251,남성연령대_50_직장_인구_수,1090,0,0.0,0,0
직장인구-상권배후지,20251,남성연령대_60_이상_직장_인구_수,1090,0,0.0,3,0
직장인구-상권배후지,20251,상권_구분_코드,1090,0,0.0,0,0
직장인구-상권배후지,20251,상권_구분_코드_명,1090,0,0.0,0,0
직장인구-상권배후지,20251,상권배후지_코드,1090,0,0.0,0,0
직장인구-상권배후지,20251,상권배후지_코드_명,1090,0,0.0,0,0
직장인구-상권배후지,20251,여성_직장_인구_수,1090,0,0.0,0,0
직장인구-상권배후지,20251,여성연령대_10_직장_인구_수,1090,0,0.0,962,0
직장인구-상권배후지,20251,여성연령대_20_직장_인구_수,1090,0,0.0,14,0
직장인구-상권배후지,20251,여성연령대_30_직장_인구_수,1090,0,0.0,4,0
직장인구-상권배후지,20251,여성연령대_40_직장_인구_수,1090,0,0.0,0,0
직장인구-상권배후지,20251,여성연령대_50_직장_인구_수,1090,0,0.0,1,0
직장인구-상권배후지,20251,여성연령대_60_이상_직장_인구_수,1090,0,0.0,30,0
직장인구-상권배후지,20251,연령대_10_직장_인구_수,1090,0,0.0,927,0
직장인구-상권배후지,20251,연령대_20_직장_인구_수,1090,0,0.0,14,0
직장인구-상권배후지,20251,연령대_30_직장_인구_수,1090,0,0.0,3,0
직장인구-상권배후지,20251,연령대_40_직장_인구_수,1090,0,0.0,0,0
직장인구-상권배후지,20251,연령대_50_직장_인구_수,1090,0,0.0,0,0
직장인구-상권배후지,20251,연령대_60_이상_직장_인구_수,1090,0,0.0,3,0
직장인구-상권배후지,20251,총_직장_인구_수,1090,0,0.0,0,0
직장인구-상권배후지,20252,기준_년분기_코드,1090,0,0.0,0,0
직장인구-상권배후지,20252,남성_직장_인구_수,1090,0,0.0,0,0
직장인구-상권배후지,20252,남성연령대_10_직장_인구_수,1090,0,0.0,968,0
직장인구-상권배후지,20252,남성연령대_20_직장_인구_수,1090,0,0.0,44,0
직장인구-상권배후지,20252,남성연령대_30_직장_인구_수,1090,0,0.0,3,0
직장인구-상권배후지,20252,남성연령대_40_직장_인구_수,1090,0,0.0,1,0
직장인구-상권배후지,20252,남성연령대_50_직장_인구_수,1090,0,0.0,0,0
직장인구-상권배후지,20252,남성연령대_60_이상_직장_인구_수,1090,0,0.0,3,0
직장인구-상권배후지,20252,상권_구분_코드,1090,0,0.0,0,0
직장인구-상권배후지,20252,상권_구분_코드_명,1090,0,0.0,0,0
직장인구-상권배후지,20252,상권배후지_코드,1090,0,0.0,0,0
직장인구-상권배후지,20252,상권배후지_코드_명,1090,0,0.0,0,0
직장인구-상권배후지,20252,여성_직장_인구_수,1090,0,0.0,0,0
직장인구-상권배후지,20252,여성연령대_10_직장_인구_수,1090,0,0.0,962,0
직장인구-상권배후지,20252,여성연령대_20_직장_인구_수,1090,0,0.0,14,0
직장인구-상권배후지,20252,여성연령대_30_직장_인구_수,1090,0,0.0,4,0
직장인구-상권배후지,20252,여성연령대_40_직장_인구_수,1090,0,0.0,0,0
직장인구-상권배후지,20252,여성연령대_50_직장_인구_수,1090,0,0.0,1,0
직장인구-상권배후지,20252,여성연령대_60_이상_직장_인구_수,1090,0,0.0,30,0
직장인구-상권배후지,20252,연령대_10_직장_인구_수,1090,0,0.0,927,0
직장인구-상권배후지,20252,연령대_20_직장_인구_수,1090,0,0.0,14,0
직장인구-상권배후지,20252,연령대_30_직장_인구_수,1090,0,0.0,3,0
직장인구-상권배후지,20252,연령대_40_직장_인구_수,1090,0,0.0,0,0
직장인구-상권배후지,20252,연령대_50_직장_인구_수,1090,0,0.0,0,0
직장인구-상권배후지,20252,연령대_60_이상_직장_인구_수,1090,0,0.0,3,0
직장인구-상권배후지,20252,총_직장_인구_수,1090,0,0.0,0,0
직장인구-상권배후지,20253,기준_년분기_코드,1090,0,0.0,0,0
직장인구-상권배후지,20253,남성_직장_인구_수,1090,0,0.0,0,0
직장인구-상권배후지,20253,남성연령대_10_직장_인구_수,1090,0,0.0,968,0
직장인구-상권배후지,20253,남성연령대_20_직장_인구_수,1090,0,0.0,44,0
직장인구-상권배후지,20253,남성연령대_30_직장_인구_수,1090,0,0.0,3,0
직장인구-상권배후지,20253,남성연령대_40_직장_인구_수,1090,0,0.0,1,0
직장인구-상권배후지,20253,남성연령대_50_직장_인구_수,1090,0,0.0,0,0
직장인구-상권배후지,20253,남성연령대_60_이상_직장_인구_수,1090,0,0.0,3,0
직장인구-상권배후지,20253,상권_구분_코드,1090,0,0.0,0,0
직장인구-상권배후지,20253,상권_구분_코드_명,1090,0,0.0,0,0
직장인구-상권배후지,20253,상권배후지_코드,1090,0,0.0,0,0
직장인구-상권배후지,20253,상권배후지_코드_명,1090,0,0.0,0,0
직장인구-상권배후지,20253,여성_직장_인구_수,1090,0,0.0,0,0
직장인구-상권배후지,20253,여성연령대_10_직장_인구_수,1090,0,0.0,962,0
직장인구-상권배후지,20253,여성연령대_20_직장_인구_수,1090,0,0.0,14,0
직장인구-상권배후지,20253,여성연령대_30_직장_인구_수,1090,0,0.0,4,0
직장인구-상권배후지,20253,여성연령대_40_직장_인구_수,1090,0,0.0,0,0
직장인구-상권배후지,20253,여성연령대_50_직장_인구_수,1090,0,0.0,1,0
직장인구-상권배후지,20253,여성연령대_60_이상_직장_인구_수,1090,0,0.0,30,0
직장인구-상권배후지,20253,연령대_10_직장_인구_수,1090,0,0.0,927,0
직장인구-상권배후지,20253,연령대_20_직장_인구_수,1090,0,0.0,14,0
직장인구-상권배후지,20253,연령대_30_직장_인구_수,1090,0,0.0,3,0
직장인구-상권배후지,20253,연령대_40_직장_인구_수,1090,0,0.0,0,0
직장인구-상권배후지,20253,연령대_50_직장_인구_수,1090,0,0.0,0,0
직장인구-상권배후지,20253,연령대_60_이상_직장_인구_수,1090,0,0.0,3,0
직장인구-상권배후지,20253,총_직장_인구_수,1090,0,0.0,0,0
직장인구-상권배후지,20254,기준_년분기_코드,1090,0,0.0,0,0
직장인구-상권배후지,20254,남성_직장_인구_수,1090,0,0.0,0,0
직장인구-상권배후지,20254,남성연령대_10_직장_인구_수,1090,0,0.0,968,0
직장인구-상권배후지,20254,남성연령대_20_직장_인구_수,1090,0,0.0,44,0
직장인구-상권배후지,20254,남성연령대_30_직장_인구_수,1090,0,0.0,3,0
직장인구-상권배후지,20254,남성연령대_40_직장_인구_수,1090,0,0.0,1,0
직장인구-상권배후지,20254,남성연령대_50_직장_인구_수,1090,0,0.0,0,0
직장인구-상권배후지,20254,남성연령대_60_이상_직장_인구_수,1090,0,0.0,3,0
직장인구-상권배후지,20254,상권_구분_코드,1090,0,0.0,0,0
직장인구-상권배후지,20254,상권_구분_코드_명,1090,0,0.0,0,0
직장인구-상권배후지,20254,상권배후지_코드,1090,0,0.0,0,0
직장인구-상권배후지,20254,상권배후지_코드_명,1090,0,0.0,0,0
직장인구-상권배후지,20254,여성_직장_인구_수,1090,0,0.0,0,0
직장인구-상권배후지,20254,여성연령대_10_직장_인구_수,1090,0,0.0,962,0
직장인구-상권배후지,20254,여성연령대_20_직장_인구_수,1090,0,0.0,14,0
직장인구-상권배후지,20254,여성연령대_30_직장_인구_수,1090,0,0.0,4,0
직장인구-상권배후지,20254,여성연령대_40_직장_인구_수,1090,0,0.0,0,0
직장인구-상권배후지,20254,여성연령대_50_직장_인구_수,1090,0,0.0,1,0
직장인구-상권배후지,20254,여성연령대_60_이상_직장_인구_수,1090,0,0.0,30,0
직장인구-상권배후지,20254,연령대_10_직장_인구_수,1090,0,0.0,927,0
직장인구-상권배후지,20254,연령대_20_직장_인구_수,1090,0,0.0,14,0
직장인구-상권배후지,20254,연령대_30_직장_인구_수,1090,0,0.0,3,0
직장인구-상권배후지,20254,연령대_40_직장_인구_수,1090,0,0.0,0,0
직장인구-상권배후지,20254,연령대_50_직장_인구_수,1090,0,0.0,0,0
직장인구-상권배후지,20254,연령대_60_이상_직장_인구_수,1090,0,0.0,3,0
직장인구-상권배후지,20254,총_직장_인구_수,1090,0,0.0,0,0
직장인구-상권배후지,20261,기준_년분기_코드,1090,0,0.0,0,0
직장인구-상권배후지,20261,남성_직장_인구_수,1090,0,0.0,0,0
직장인구-상권배후지,20261,남성연령대_10_직장_인구_수,1090,0,0.0,968,0
직장인구-상권배후지,20261,남성연령대_20_직장_인구_수,1090,0,0.0,44,0
직장인구-상권배후지,20261,남성연령대_30_직장_인구_수,1090,0,0.0,3,0
직장인구-상권배후지,20261,남성연령대_40_직장_인구_수,1090,0,0.0,1,0
직장인구-상권배후지,20261,남성연령대_50_직장_인구_수,1090,0,0.0,0,0
직장인구-상권배후지,20261,남성연령대_60_이상_직장_인구_수,1090,0,0.0,3,0
직장인구-상권배후지,20261,상권_구분_코드,1090,0,0.0,0,0
직장인구-상권배후지,20261,상권_구분_코드_명,1090,0,0.0,0,0
직장인구-상권배후지,20261,상권배후지_코드,1090,0,0.0,0,0
직장인구-상권배후지,20261,상권배후지_코드_명,1090,0,0.0,0,0
직장인구-상권배후지,20261,여성_직장_인구_수,1090,0,0.0,0,0
직장인구-상권배후지,20261,여성연령대_10_직장_인구_수,1090,0,0.0,962,0
직장인구-상권배후지,20261,여성연령대_20_직장_인구_수,1090,0,0.0,14,0
직장인구-상권배후지,20261,여성연령대_30_직장_인구_수,1090,0,0.0,4,0
직장인구-상권배후지,20261,여성연령대_40_직장_인구_수,1090,0,0.0,0,0
직장인구-상권배후지,20261,여성연령대_50_직장_인구_수,1090,0,0.0,1,0
직장인구-상권배후지,20261,여성연령대_60_이상_직장_인구_수,1090,0,0.0,30,0
직장인구-상권배후지,20261,연령대_10_직장_인구_수,1090,0,0.0,927,0
직장인구-상권배후지,20261,연령대_20_직장_인구_수,1090,0,0.0,14,0
직장인구-상권배후지,20261,연령대_30_직장_인구_수,1090,0,0.0,3,0
직장인구-상권배후지,20261,연령대_40_직장_인구_수,1090,0,0.0,0,0
직장인구-상권배후지,20261,연령대_50_직장_인구_수,1090,0,0.0,0,0
직장인구-상권배후지,20261,연령대_60_이상_직장_인구_수,1090,0,0.0,3,0
직장인구-상권배후지,20261,총_직장_인구_수,1090,0,0.0,0,0
집객시설-상권,20211,고등학교_수,1578,1567,0.9930291508238276,0,0
집객시설-상권,20211,공항_수,1578,1577,0.9993662864385298,0,0
집객시설-상권,20211,관공서_수,1578,948,0.6007604562737643,0,0
집객시설-상권,20211,극장_수,1578,1494,0.9467680608365019,0,0
집객시설-상권,20211,기준_년분기_코드,1578,0,0.0,0,0
집객시설-상권,20211,대학교_수,1578,1494,0.9467680608365019,0,0
집객시설-상권,20211,백화점_수,1578,1567,0.9930291508238276,0,0
집객시설-상권,20211,버스_정거장_수,1578,308,0.19518377693282637,0,0
집객시설-상권,20211,버스_터미널_수,1578,1576,0.9987325728770595,0,0
집객시설-상권,20211,상권_구분_코드,1578,0,0.0,0,0
집객시설-상권,20211,상권_구분_코드_명,1578,0,0.0,0,0
집객시설-상권,20211,상권_코드,1578,0,0.0,0,0
집객시설-상권,20211,상권_코드_명,1578,0,0.0,0,0
집객시설-상권,20211,숙박_시설_수,1578,1433,0.9081115335868187,0,0
집객시설-상권,20211,슈퍼마켓_수,1578,1473,0.9334600760456274,0,0
집객시설-상권,20211,약국_수,1578,569,0.3605830164765526,0,0
집객시설-상권,20211,유치원_수,1578,1427,0.9043092522179975,0,0
집객시설-상권,20211,은행_수,1578,1091,0.6913814955640051,0,0
집객시설-상권,20211,일반_병원_수,1578,1446,0.9163498098859315,0,0
집객시설-상권,20211,종합병원_수,1578,1555,0.985424588086185,0,0
집객시설-상권,20211,중학교_수,1578,1574,0.9974651457541192,0,0
집객시설-상권,20211,지하철_역_수,1578,1383,0.876425855513308,0,0
집객시설-상권,20211,집객시설_수,1578,0,0.0,0,0
집객시설-상권,20211,철도_역_수,1578,1578,1.0,0,0
집객시설-상권,20211,초등학교_수,1578,1565,0.9917617237008872,0,0
집객시설-상권,20212,고등학교_수,1578,1567,0.9930291508238276,0,0
집객시설-상권,20212,공항_수,1578,1577,0.9993662864385298,0,0
집객시설-상권,20212,관공서_수,1578,948,0.6007604562737643,0,0
집객시설-상권,20212,극장_수,1578,1494,0.9467680608365019,0,0
집객시설-상권,20212,기준_년분기_코드,1578,0,0.0,0,0
집객시설-상권,20212,대학교_수,1578,1494,0.9467680608365019,0,0
집객시설-상권,20212,백화점_수,1578,1567,0.9930291508238276,0,0
집객시설-상권,20212,버스_정거장_수,1578,308,0.19518377693282637,0,0
집객시설-상권,20212,버스_터미널_수,1578,1576,0.9987325728770595,0,0
집객시설-상권,20212,상권_구분_코드,1578,0,0.0,0,0
집객시설-상권,20212,상권_구분_코드_명,1578,0,0.0,0,0
집객시설-상권,20212,상권_코드,1578,0,0.0,0,0
집객시설-상권,20212,상권_코드_명,1578,0,0.0,0,0
집객시설-상권,20212,숙박_시설_수,1578,1433,0.9081115335868187,0,0
집객시설-상권,20212,슈퍼마켓_수,1578,1473,0.9334600760456274,0,0
집객시설-상권,20212,약국_수,1578,569,0.3605830164765526,0,0
집객시설-상권,20212,유치원_수,1578,1427,0.9043092522179975,0,0
집객시설-상권,20212,은행_수,1578,1091,0.6913814955640051,0,0
집객시설-상권,20212,일반_병원_수,1578,1446,0.9163498098859315,0,0
집객시설-상권,20212,종합병원_수,1578,1555,0.985424588086185,0,0
집객시설-상권,20212,중학교_수,1578,1574,0.9974651457541192,0,0
집객시설-상권,20212,지하철_역_수,1578,1383,0.876425855513308,0,0
집객시설-상권,20212,집객시설_수,1578,0,0.0,0,0
집객시설-상권,20212,철도_역_수,1578,1578,1.0,0,0
집객시설-상권,20212,초등학교_수,1578,1565,0.9917617237008872,0,0
집객시설-상권,20213,고등학교_수,1578,1567,0.9930291508238276,0,0
집객시설-상권,20213,공항_수,1578,1577,0.9993662864385298,0,0
집객시설-상권,20213,관공서_수,1578,948,0.6007604562737643,0,0
집객시설-상권,20213,극장_수,1578,1494,0.9467680608365019,0,0
집객시설-상권,20213,기준_년분기_코드,1578,0,0.0,0,0
집객시설-상권,20213,대학교_수,1578,1494,0.9467680608365019,0,0
집객시설-상권,20213,백화점_수,1578,1567,0.9930291508238276,0,0
집객시설-상권,20213,버스_정거장_수,1578,308,0.19518377693282637,0,0
집객시설-상권,20213,버스_터미널_수,1578,1576,0.9987325728770595,0,0
집객시설-상권,20213,상권_구분_코드,1578,0,0.0,0,0
집객시설-상권,20213,상권_구분_코드_명,1578,0,0.0,0,0
집객시설-상권,20213,상권_코드,1578,0,0.0,0,0
집객시설-상권,20213,상권_코드_명,1578,0,0.0,0,0
집객시설-상권,20213,숙박_시설_수,1578,1433,0.9081115335868187,0,0
집객시설-상권,20213,슈퍼마켓_수,1578,1473,0.9334600760456274,0,0
집객시설-상권,20213,약국_수,1578,569,0.3605830164765526,0,0
집객시설-상권,20213,유치원_수,1578,1427,0.9043092522179975,0,0
집객시설-상권,20213,은행_수,1578,1091,0.6913814955640051,0,0
집객시설-상권,20213,일반_병원_수,1578,1446,0.9163498098859315,0,0
집객시설-상권,20213,종합병원_수,1578,1555,0.985424588086185,0,0
집객시설-상권,20213,중학교_수,1578,1574,0.9974651457541192,0,0
집객시설-상권,20213,지하철_역_수,1578,1383,0.876425855513308,0,0
집객시설-상권,20213,집객시설_수,1578,0,0.0,0,0
집객시설-상권,20213,철도_역_수,1578,1578,1.0,0,0
집객시설-상권,20213,초등학교_수,1578,1565,0.9917617237008872,0,0
집객시설-상권,20214,고등학교_수,1578,1567,0.9930291508238276,0,0
집객시설-상권,20214,공항_수,1578,1577,0.9993662864385298,0,0
집객시설-상권,20214,관공서_수,1578,948,0.6007604562737643,0,0
집객시설-상권,20214,극장_수,1578,1494,0.9467680608365019,0,0
집객시설-상권,20214,기준_년분기_코드,1578,0,0.0,0,0
집객시설-상권,20214,대학교_수,1578,1494,0.9467680608365019,0,0
집객시설-상권,20214,백화점_수,1578,1567,0.9930291508238276,0,0
집객시설-상권,20214,버스_정거장_수,1578,308,0.19518377693282637,0,0
집객시설-상권,20214,버스_터미널_수,1578,1576,0.9987325728770595,0,0
집객시설-상권,20214,상권_구분_코드,1578,0,0.0,0,0
집객시설-상권,20214,상권_구분_코드_명,1578,0,0.0,0,0
집객시설-상권,20214,상권_코드,1578,0,0.0,0,0
집객시설-상권,20214,상권_코드_명,1578,0,0.0,0,0
집객시설-상권,20214,숙박_시설_수,1578,1433,0.9081115335868187,0,0
집객시설-상권,20214,슈퍼마켓_수,1578,1473,0.9334600760456274,0,0
집객시설-상권,20214,약국_수,1578,569,0.3605830164765526,0,0
집객시설-상권,20214,유치원_수,1578,1427,0.9043092522179975,0,0
집객시설-상권,20214,은행_수,1578,1091,0.6913814955640051,0,0
집객시설-상권,20214,일반_병원_수,1578,1446,0.9163498098859315,0,0
집객시설-상권,20214,종합병원_수,1578,1555,0.985424588086185,0,0
집객시설-상권,20214,중학교_수,1578,1574,0.9974651457541192,0,0
집객시설-상권,20214,지하철_역_수,1578,1383,0.876425855513308,0,0
집객시설-상권,20214,집객시설_수,1578,0,0.0,0,0
집객시설-상권,20214,철도_역_수,1578,1578,1.0,0,0
집객시설-상권,20214,초등학교_수,1578,1565,0.9917617237008872,0,0
집객시설-상권,20221,고등학교_수,1578,1567,0.9930291508238276,0,0
집객시설-상권,20221,공항_수,1578,1577,0.9993662864385298,0,0
집객시설-상권,20221,관공서_수,1578,948,0.6007604562737643,0,0
집객시설-상권,20221,극장_수,1578,1494,0.9467680608365019,0,0
집객시설-상권,20221,기준_년분기_코드,1578,0,0.0,0,0
집객시설-상권,20221,대학교_수,1578,1494,0.9467680608365019,0,0
집객시설-상권,20221,백화점_수,1578,1567,0.9930291508238276,0,0
집객시설-상권,20221,버스_정거장_수,1578,308,0.19518377693282637,0,0
집객시설-상권,20221,버스_터미널_수,1578,1576,0.9987325728770595,0,0
집객시설-상권,20221,상권_구분_코드,1578,0,0.0,0,0
집객시설-상권,20221,상권_구분_코드_명,1578,0,0.0,0,0
집객시설-상권,20221,상권_코드,1578,0,0.0,0,0
집객시설-상권,20221,상권_코드_명,1578,0,0.0,0,0
집객시설-상권,20221,숙박_시설_수,1578,1433,0.9081115335868187,0,0
집객시설-상권,20221,슈퍼마켓_수,1578,1473,0.9334600760456274,0,0
집객시설-상권,20221,약국_수,1578,569,0.3605830164765526,0,0
집객시설-상권,20221,유치원_수,1578,1427,0.9043092522179975,0,0
집객시설-상권,20221,은행_수,1578,1091,0.6913814955640051,0,0
집객시설-상권,20221,일반_병원_수,1578,1446,0.9163498098859315,0,0
집객시설-상권,20221,종합병원_수,1578,1555,0.985424588086185,0,0
집객시설-상권,20221,중학교_수,1578,1574,0.9974651457541192,0,0
집객시설-상권,20221,지하철_역_수,1578,1383,0.876425855513308,0,0
집객시설-상권,20221,집객시설_수,1578,0,0.0,0,0
집객시설-상권,20221,철도_역_수,1578,1578,1.0,0,0
집객시설-상권,20221,초등학교_수,1578,1565,0.9917617237008872,0,0
집객시설-상권,20222,고등학교_수,1578,1567,0.9930291508238276,0,0
집객시설-상권,20222,공항_수,1578,1577,0.9993662864385298,0,0
집객시설-상권,20222,관공서_수,1578,948,0.6007604562737643,0,0
집객시설-상권,20222,극장_수,1578,1494,0.9467680608365019,0,0
집객시설-상권,20222,기준_년분기_코드,1578,0,0.0,0,0
집객시설-상권,20222,대학교_수,1578,1494,0.9467680608365019,0,0
집객시설-상권,20222,백화점_수,1578,1567,0.9930291508238276,0,0
집객시설-상권,20222,버스_정거장_수,1578,308,0.19518377693282637,0,0
집객시설-상권,20222,버스_터미널_수,1578,1576,0.9987325728770595,0,0
집객시설-상권,20222,상권_구분_코드,1578,0,0.0,0,0
집객시설-상권,20222,상권_구분_코드_명,1578,0,0.0,0,0
집객시설-상권,20222,상권_코드,1578,0,0.0,0,0
집객시설-상권,20222,상권_코드_명,1578,0,0.0,0,0
집객시설-상권,20222,숙박_시설_수,1578,1433,0.9081115335868187,0,0
집객시설-상권,20222,슈퍼마켓_수,1578,1473,0.9334600760456274,0,0
집객시설-상권,20222,약국_수,1578,569,0.3605830164765526,0,0
집객시설-상권,20222,유치원_수,1578,1427,0.9043092522179975,0,0
집객시설-상권,20222,은행_수,1578,1091,0.6913814955640051,0,0
집객시설-상권,20222,일반_병원_수,1578,1446,0.9163498098859315,0,0
집객시설-상권,20222,종합병원_수,1578,1555,0.985424588086185,0,0
집객시설-상권,20222,중학교_수,1578,1574,0.9974651457541192,0,0
집객시설-상권,20222,지하철_역_수,1578,1383,0.876425855513308,0,0
집객시설-상권,20222,집객시설_수,1578,0,0.0,0,0
집객시설-상권,20222,철도_역_수,1578,1578,1.0,0,0
집객시설-상권,20222,초등학교_수,1578,1565,0.9917617237008872,0,0
집객시설-상권,20223,고등학교_수,1578,1567,0.9930291508238276,0,0
집객시설-상권,20223,공항_수,1578,1577,0.9993662864385298,0,0
집객시설-상권,20223,관공서_수,1578,948,0.6007604562737643,0,0
집객시설-상권,20223,극장_수,1578,1494,0.9467680608365019,0,0
집객시설-상권,20223,기준_년분기_코드,1578,0,0.0,0,0
집객시설-상권,20223,대학교_수,1578,1494,0.9467680608365019,0,0
집객시설-상권,20223,백화점_수,1578,1567,0.9930291508238276,0,0
집객시설-상권,20223,버스_정거장_수,1578,308,0.19518377693282637,0,0
집객시설-상권,20223,버스_터미널_수,1578,1576,0.9987325728770595,0,0
집객시설-상권,20223,상권_구분_코드,1578,0,0.0,0,0
집객시설-상권,20223,상권_구분_코드_명,1578,0,0.0,0,0
집객시설-상권,20223,상권_코드,1578,0,0.0,0,0
집객시설-상권,20223,상권_코드_명,1578,0,0.0,0,0
집객시설-상권,20223,숙박_시설_수,1578,1433,0.9081115335868187,0,0
집객시설-상권,20223,슈퍼마켓_수,1578,1473,0.9334600760456274,0,0
집객시설-상권,20223,약국_수,1578,569,0.3605830164765526,0,0
집객시설-상권,20223,유치원_수,1578,1427,0.9043092522179975,0,0
집객시설-상권,20223,은행_수,1578,1091,0.6913814955640051,0,0
집객시설-상권,20223,일반_병원_수,1578,1446,0.9163498098859315,0,0
집객시설-상권,20223,종합병원_수,1578,1555,0.985424588086185,0,0
집객시설-상권,20223,중학교_수,1578,1574,0.9974651457541192,0,0
집객시설-상권,20223,지하철_역_수,1578,1383,0.876425855513308,0,0
집객시설-상권,20223,집객시설_수,1578,0,0.0,0,0
집객시설-상권,20223,철도_역_수,1578,1578,1.0,0,0
집객시설-상권,20223,초등학교_수,1578,1565,0.9917617237008872,0,0
집객시설-상권,20224,고등학교_수,1578,1567,0.9930291508238276,0,0
집객시설-상권,20224,공항_수,1578,1577,0.9993662864385298,0,0
집객시설-상권,20224,관공서_수,1578,948,0.6007604562737643,0,0
집객시설-상권,20224,극장_수,1578,1494,0.9467680608365019,0,0
집객시설-상권,20224,기준_년분기_코드,1578,0,0.0,0,0
집객시설-상권,20224,대학교_수,1578,1494,0.9467680608365019,0,0
집객시설-상권,20224,백화점_수,1578,1567,0.9930291508238276,0,0
집객시설-상권,20224,버스_정거장_수,1578,308,0.19518377693282637,0,0
집객시설-상권,20224,버스_터미널_수,1578,1576,0.9987325728770595,0,0
집객시설-상권,20224,상권_구분_코드,1578,0,0.0,0,0
집객시설-상권,20224,상권_구분_코드_명,1578,0,0.0,0,0
집객시설-상권,20224,상권_코드,1578,0,0.0,0,0
집객시설-상권,20224,상권_코드_명,1578,0,0.0,0,0
집객시설-상권,20224,숙박_시설_수,1578,1433,0.9081115335868187,0,0
집객시설-상권,20224,슈퍼마켓_수,1578,1473,0.9334600760456274,0,0
집객시설-상권,20224,약국_수,1578,569,0.3605830164765526,0,0
집객시설-상권,20224,유치원_수,1578,1427,0.9043092522179975,0,0
집객시설-상권,20224,은행_수,1578,1091,0.6913814955640051,0,0
집객시설-상권,20224,일반_병원_수,1578,1446,0.9163498098859315,0,0
집객시설-상권,20224,종합병원_수,1578,1555,0.985424588086185,0,0
집객시설-상권,20224,중학교_수,1578,1574,0.9974651457541192,0,0
집객시설-상권,20224,지하철_역_수,1578,1383,0.876425855513308,0,0
집객시설-상권,20224,집객시설_수,1578,0,0.0,0,0
집객시설-상권,20224,철도_역_수,1578,1578,1.0,0,0
집객시설-상권,20224,초등학교_수,1578,1565,0.9917617237008872,0,0
집객시설-상권,20231,고등학교_수,1578,1567,0.9930291508238276,0,0
집객시설-상권,20231,공항_수,1578,1577,0.9993662864385298,0,0
집객시설-상권,20231,관공서_수,1578,948,0.6007604562737643,0,0
집객시설-상권,20231,극장_수,1578,1494,0.9467680608365019,0,0
집객시설-상권,20231,기준_년분기_코드,1578,0,0.0,0,0
집객시설-상권,20231,대학교_수,1578,1494,0.9467680608365019,0,0
집객시설-상권,20231,백화점_수,1578,1567,0.9930291508238276,0,0
집객시설-상권,20231,버스_정거장_수,1578,308,0.19518377693282637,0,0
집객시설-상권,20231,버스_터미널_수,1578,1576,0.9987325728770595,0,0
집객시설-상권,20231,상권_구분_코드,1578,0,0.0,0,0
집객시설-상권,20231,상권_구분_코드_명,1578,0,0.0,0,0
집객시설-상권,20231,상권_코드,1578,0,0.0,0,0
집객시설-상권,20231,상권_코드_명,1578,0,0.0,0,0
집객시설-상권,20231,숙박_시설_수,1578,1433,0.9081115335868187,0,0
집객시설-상권,20231,슈퍼마켓_수,1578,1473,0.9334600760456274,0,0
집객시설-상권,20231,약국_수,1578,569,0.3605830164765526,0,0
집객시설-상권,20231,유치원_수,1578,1427,0.9043092522179975,0,0
집객시설-상권,20231,은행_수,1578,1091,0.6913814955640051,0,0
집객시설-상권,20231,일반_병원_수,1578,1446,0.9163498098859315,0,0
집객시설-상권,20231,종합병원_수,1578,1555,0.985424588086185,0,0
집객시설-상권,20231,중학교_수,1578,1574,0.9974651457541192,0,0
집객시설-상권,20231,지하철_역_수,1578,1383,0.876425855513308,0,0
집객시설-상권,20231,집객시설_수,1578,0,0.0,0,0
집객시설-상권,20231,철도_역_수,1578,1578,1.0,0,0
집객시설-상권,20231,초등학교_수,1578,1565,0.9917617237008872,0,0
집객시설-상권,20232,고등학교_수,1578,1567,0.9930291508238276,0,0
집객시설-상권,20232,공항_수,1578,1577,0.9993662864385298,0,0
집객시설-상권,20232,관공서_수,1578,948,0.6007604562737643,0,0
집객시설-상권,20232,극장_수,1578,1494,0.9467680608365019,0,0
집객시설-상권,20232,기준_년분기_코드,1578,0,0.0,0,0
집객시설-상권,20232,대학교_수,1578,1494,0.9467680608365019,0,0
집객시설-상권,20232,백화점_수,1578,1567,0.9930291508238276,0,0
집객시설-상권,20232,버스_정거장_수,1578,308,0.19518377693282637,0,0
집객시설-상권,20232,버스_터미널_수,1578,1576,0.9987325728770595,0,0
집객시설-상권,20232,상권_구분_코드,1578,0,0.0,0,0
집객시설-상권,20232,상권_구분_코드_명,1578,0,0.0,0,0
집객시설-상권,20232,상권_코드,1578,0,0.0,0,0
집객시설-상권,20232,상권_코드_명,1578,0,0.0,0,0
집객시설-상권,20232,숙박_시설_수,1578,1433,0.9081115335868187,0,0
집객시설-상권,20232,슈퍼마켓_수,1578,1473,0.9334600760456274,0,0
집객시설-상권,20232,약국_수,1578,569,0.3605830164765526,0,0
집객시설-상권,20232,유치원_수,1578,1427,0.9043092522179975,0,0
집객시설-상권,20232,은행_수,1578,1091,0.6913814955640051,0,0
집객시설-상권,20232,일반_병원_수,1578,1446,0.9163498098859315,0,0
집객시설-상권,20232,종합병원_수,1578,1555,0.985424588086185,0,0
집객시설-상권,20232,중학교_수,1578,1574,0.9974651457541192,0,0
집객시설-상권,20232,지하철_역_수,1578,1383,0.876425855513308,0,0
집객시설-상권,20232,집객시설_수,1578,0,0.0,0,0
집객시설-상권,20232,철도_역_수,1578,1578,1.0,0,0
집객시설-상권,20232,초등학교_수,1578,1565,0.9917617237008872,0,0
집객시설-상권,20233,고등학교_수,1578,1567,0.9930291508238276,0,0
집객시설-상권,20233,공항_수,1578,1577,0.9993662864385298,0,0
집객시설-상권,20233,관공서_수,1578,948,0.6007604562737643,0,0
집객시설-상권,20233,극장_수,1578,1494,0.9467680608365019,0,0
집객시설-상권,20233,기준_년분기_코드,1578,0,0.0,0,0
집객시설-상권,20233,대학교_수,1578,1494,0.9467680608365019,0,0
집객시설-상권,20233,백화점_수,1578,1567,0.9930291508238276,0,0
집객시설-상권,20233,버스_정거장_수,1578,308,0.19518377693282637,0,0
집객시설-상권,20233,버스_터미널_수,1578,1576,0.9987325728770595,0,0
집객시설-상권,20233,상권_구분_코드,1578,0,0.0,0,0
집객시설-상권,20233,상권_구분_코드_명,1578,0,0.0,0,0
집객시설-상권,20233,상권_코드,1578,0,0.0,0,0
집객시설-상권,20233,상권_코드_명,1578,0,0.0,0,0
집객시설-상권,20233,숙박_시설_수,1578,1433,0.9081115335868187,0,0
집객시설-상권,20233,슈퍼마켓_수,1578,1473,0.9334600760456274,0,0
집객시설-상권,20233,약국_수,1578,569,0.3605830164765526,0,0
집객시설-상권,20233,유치원_수,1578,1427,0.9043092522179975,0,0
집객시설-상권,20233,은행_수,1578,1091,0.6913814955640051,0,0
집객시설-상권,20233,일반_병원_수,1578,1446,0.9163498098859315,0,0
집객시설-상권,20233,종합병원_수,1578,1555,0.985424588086185,0,0
집객시설-상권,20233,중학교_수,1578,1574,0.9974651457541192,0,0
집객시설-상권,20233,지하철_역_수,1578,1383,0.876425855513308,0,0
집객시설-상권,20233,집객시설_수,1578,0,0.0,0,0
집객시설-상권,20233,철도_역_수,1578,1578,1.0,0,0
집객시설-상권,20233,초등학교_수,1578,1565,0.9917617237008872,0,0
집객시설-상권,20234,고등학교_수,1578,1567,0.9930291508238276,0,0
집객시설-상권,20234,공항_수,1578,1577,0.9993662864385298,0,0
집객시설-상권,20234,관공서_수,1578,948,0.6007604562737643,0,0
집객시설-상권,20234,극장_수,1578,1494,0.9467680608365019,0,0
집객시설-상권,20234,기준_년분기_코드,1578,0,0.0,0,0
집객시설-상권,20234,대학교_수,1578,1494,0.9467680608365019,0,0
집객시설-상권,20234,백화점_수,1578,1567,0.9930291508238276,0,0
집객시설-상권,20234,버스_정거장_수,1578,308,0.19518377693282637,0,0
집객시설-상권,20234,버스_터미널_수,1578,1576,0.9987325728770595,0,0
집객시설-상권,20234,상권_구분_코드,1578,0,0.0,0,0
집객시설-상권,20234,상권_구분_코드_명,1578,0,0.0,0,0
집객시설-상권,20234,상권_코드,1578,0,0.0,0,0
집객시설-상권,20234,상권_코드_명,1578,0,0.0,0,0
집객시설-상권,20234,숙박_시설_수,1578,1433,0.9081115335868187,0,0
집객시설-상권,20234,슈퍼마켓_수,1578,1473,0.9334600760456274,0,0
집객시설-상권,20234,약국_수,1578,569,0.3605830164765526,0,0
집객시설-상권,20234,유치원_수,1578,1427,0.9043092522179975,0,0
집객시설-상권,20234,은행_수,1578,1091,0.6913814955640051,0,0
집객시설-상권,20234,일반_병원_수,1578,1446,0.9163498098859315,0,0
집객시설-상권,20234,종합병원_수,1578,1555,0.985424588086185,0,0
집객시설-상권,20234,중학교_수,1578,1574,0.9974651457541192,0,0
집객시설-상권,20234,지하철_역_수,1578,1383,0.876425855513308,0,0
집객시설-상권,20234,집객시설_수,1578,0,0.0,0,0
집객시설-상권,20234,철도_역_수,1578,1578,1.0,0,0
집객시설-상권,20234,초등학교_수,1578,1565,0.9917617237008872,0,0
집객시설-상권,20241,고등학교_수,1578,1567,0.9930291508238276,0,0
집객시설-상권,20241,공항_수,1578,1577,0.9993662864385298,0,0
집객시설-상권,20241,관공서_수,1578,948,0.6007604562737643,0,0
집객시설-상권,20241,극장_수,1578,1494,0.9467680608365019,0,0
집객시설-상권,20241,기준_년분기_코드,1578,0,0.0,0,0
집객시설-상권,20241,대학교_수,1578,1494,0.9467680608365019,0,0
집객시설-상권,20241,백화점_수,1578,1567,0.9930291508238276,0,0
집객시설-상권,20241,버스_정거장_수,1578,308,0.19518377693282637,0,0
집객시설-상권,20241,버스_터미널_수,1578,1576,0.9987325728770595,0,0
집객시설-상권,20241,상권_구분_코드,1578,0,0.0,0,0
집객시설-상권,20241,상권_구분_코드_명,1578,0,0.0,0,0
집객시설-상권,20241,상권_코드,1578,0,0.0,0,0
집객시설-상권,20241,상권_코드_명,1578,0,0.0,0,0
집객시설-상권,20241,숙박_시설_수,1578,1433,0.9081115335868187,0,0
집객시설-상권,20241,슈퍼마켓_수,1578,1473,0.9334600760456274,0,0
집객시설-상권,20241,약국_수,1578,569,0.3605830164765526,0,0
집객시설-상권,20241,유치원_수,1578,1427,0.9043092522179975,0,0
집객시설-상권,20241,은행_수,1578,1091,0.6913814955640051,0,0
집객시설-상권,20241,일반_병원_수,1578,1446,0.9163498098859315,0,0
집객시설-상권,20241,종합병원_수,1578,1555,0.985424588086185,0,0
집객시설-상권,20241,중학교_수,1578,1574,0.9974651457541192,0,0
집객시설-상권,20241,지하철_역_수,1578,1383,0.876425855513308,0,0
집객시설-상권,20241,집객시설_수,1578,0,0.0,0,0
집객시설-상권,20241,철도_역_수,1578,1578,1.0,0,0
집객시설-상권,20241,초등학교_수,1578,1565,0.9917617237008872,0,0
집객시설-상권,20242,고등학교_수,1578,1567,0.9930291508238276,0,0
집객시설-상권,20242,공항_수,1578,1577,0.9993662864385298,0,0
집객시설-상권,20242,관공서_수,1578,948,0.6007604562737643,0,0
집객시설-상권,20242,극장_수,1578,1494,0.9467680608365019,0,0
집객시설-상권,20242,기준_년분기_코드,1578,0,0.0,0,0
집객시설-상권,20242,대학교_수,1578,1494,0.9467680608365019,0,0
집객시설-상권,20242,백화점_수,1578,1567,0.9930291508238276,0,0
집객시설-상권,20242,버스_정거장_수,1578,308,0.19518377693282637,0,0
집객시설-상권,20242,버스_터미널_수,1578,1576,0.9987325728770595,0,0
집객시설-상권,20242,상권_구분_코드,1578,0,0.0,0,0
집객시설-상권,20242,상권_구분_코드_명,1578,0,0.0,0,0
집객시설-상권,20242,상권_코드,1578,0,0.0,0,0
집객시설-상권,20242,상권_코드_명,1578,0,0.0,0,0
집객시설-상권,20242,숙박_시설_수,1578,1433,0.9081115335868187,0,0
집객시설-상권,20242,슈퍼마켓_수,1578,1473,0.9334600760456274,0,0
집객시설-상권,20242,약국_수,1578,569,0.3605830164765526,0,0
집객시설-상권,20242,유치원_수,1578,1427,0.9043092522179975,0,0
집객시설-상권,20242,은행_수,1578,1091,0.6913814955640051,0,0
집객시설-상권,20242,일반_병원_수,1578,1446,0.9163498098859315,0,0
집객시설-상권,20242,종합병원_수,1578,1555,0.985424588086185,0,0
집객시설-상권,20242,중학교_수,1578,1574,0.9974651457541192,0,0
집객시설-상권,20242,지하철_역_수,1578,1383,0.876425855513308,0,0
집객시설-상권,20242,집객시설_수,1578,0,0.0,0,0
집객시설-상권,20242,철도_역_수,1578,1578,1.0,0,0
집객시설-상권,20242,초등학교_수,1578,1565,0.9917617237008872,0,0
집객시설-상권,20243,고등학교_수,1578,1567,0.9930291508238276,0,0
집객시설-상권,20243,공항_수,1578,1577,0.9993662864385298,0,0
집객시설-상권,20243,관공서_수,1578,948,0.6007604562737643,0,0
집객시설-상권,20243,극장_수,1578,1494,0.9467680608365019,0,0
집객시설-상권,20243,기준_년분기_코드,1578,0,0.0,0,0
집객시설-상권,20243,대학교_수,1578,1494,0.9467680608365019,0,0
집객시설-상권,20243,백화점_수,1578,1567,0.9930291508238276,0,0
집객시설-상권,20243,버스_정거장_수,1578,308,0.19518377693282637,0,0
집객시설-상권,20243,버스_터미널_수,1578,1576,0.9987325728770595,0,0
집객시설-상권,20243,상권_구분_코드,1578,0,0.0,0,0
집객시설-상권,20243,상권_구분_코드_명,1578,0,0.0,0,0
집객시설-상권,20243,상권_코드,1578,0,0.0,0,0
집객시설-상권,20243,상권_코드_명,1578,0,0.0,0,0
집객시설-상권,20243,숙박_시설_수,1578,1433,0.9081115335868187,0,0
집객시설-상권,20243,슈퍼마켓_수,1578,1473,0.9334600760456274,0,0
집객시설-상권,20243,약국_수,1578,569,0.3605830164765526,0,0
집객시설-상권,20243,유치원_수,1578,1427,0.9043092522179975,0,0
집객시설-상권,20243,은행_수,1578,1091,0.6913814955640051,0,0
집객시설-상권,20243,일반_병원_수,1578,1446,0.9163498098859315,0,0
집객시설-상권,20243,종합병원_수,1578,1555,0.985424588086185,0,0
집객시설-상권,20243,중학교_수,1578,1574,0.9974651457541192,0,0
집객시설-상권,20243,지하철_역_수,1578,1383,0.876425855513308,0,0
집객시설-상권,20243,집객시설_수,1578,0,0.0,0,0
집객시설-상권,20243,철도_역_수,1578,1578,1.0,0,0
집객시설-상권,20243,초등학교_수,1578,1565,0.9917617237008872,0,0
집객시설-상권,20244,고등학교_수,1578,1567,0.9930291508238276,0,0
집객시설-상권,20244,공항_수,1578,1577,0.9993662864385298,0,0
집객시설-상권,20244,관공서_수,1578,948,0.6007604562737643,0,0
집객시설-상권,20244,극장_수,1578,1494,0.9467680608365019,0,0
집객시설-상권,20244,기준_년분기_코드,1578,0,0.0,0,0
집객시설-상권,20244,대학교_수,1578,1494,0.9467680608365019,0,0
집객시설-상권,20244,백화점_수,1578,1567,0.9930291508238276,0,0
집객시설-상권,20244,버스_정거장_수,1578,308,0.19518377693282637,0,0
집객시설-상권,20244,버스_터미널_수,1578,1576,0.9987325728770595,0,0
집객시설-상권,20244,상권_구분_코드,1578,0,0.0,0,0
집객시설-상권,20244,상권_구분_코드_명,1578,0,0.0,0,0
집객시설-상권,20244,상권_코드,1578,0,0.0,0,0
집객시설-상권,20244,상권_코드_명,1578,0,0.0,0,0
집객시설-상권,20244,숙박_시설_수,1578,1433,0.9081115335868187,0,0
집객시설-상권,20244,슈퍼마켓_수,1578,1473,0.9334600760456274,0,0
집객시설-상권,20244,약국_수,1578,569,0.3605830164765526,0,0
집객시설-상권,20244,유치원_수,1578,1427,0.9043092522179975,0,0
집객시설-상권,20244,은행_수,1578,1091,0.6913814955640051,0,0
집객시설-상권,20244,일반_병원_수,1578,1446,0.9163498098859315,0,0
집객시설-상권,20244,종합병원_수,1578,1555,0.985424588086185,0,0
집객시설-상권,20244,중학교_수,1578,1574,0.9974651457541192,0,0
집객시설-상권,20244,지하철_역_수,1578,1383,0.876425855513308,0,0
집객시설-상권,20244,집객시설_수,1578,0,0.0,0,0
집객시설-상권,20244,철도_역_수,1578,1578,1.0,0,0
집객시설-상권,20244,초등학교_수,1578,1565,0.9917617237008872,0,0
집객시설-상권,20251,고등학교_수,1578,1567,0.9930291508238276,0,0
집객시설-상권,20251,공항_수,1578,1577,0.9993662864385298,0,0
집객시설-상권,20251,관공서_수,1578,948,0.6007604562737643,0,0
집객시설-상권,20251,극장_수,1578,1494,0.9467680608365019,0,0
집객시설-상권,20251,기준_년분기_코드,1578,0,0.0,0,0
집객시설-상권,20251,대학교_수,1578,1494,0.9467680608365019,0,0
집객시설-상권,20251,백화점_수,1578,1567,0.9930291508238276,0,0
집객시설-상권,20251,버스_정거장_수,1578,308,0.19518377693282637,0,0
집객시설-상권,20251,버스_터미널_수,1578,1576,0.9987325728770595,0,0
집객시설-상권,20251,상권_구분_코드,1578,0,0.0,0,0
집객시설-상권,20251,상권_구분_코드_명,1578,0,0.0,0,0
집객시설-상권,20251,상권_코드,1578,0,0.0,0,0
집객시설-상권,20251,상권_코드_명,1578,0,0.0,0,0
집객시설-상권,20251,숙박_시설_수,1578,1433,0.9081115335868187,0,0
집객시설-상권,20251,슈퍼마켓_수,1578,1473,0.9334600760456274,0,0
집객시설-상권,20251,약국_수,1578,569,0.3605830164765526,0,0
집객시설-상권,20251,유치원_수,1578,1427,0.9043092522179975,0,0
집객시설-상권,20251,은행_수,1578,1091,0.6913814955640051,0,0
집객시설-상권,20251,일반_병원_수,1578,1446,0.9163498098859315,0,0
집객시설-상권,20251,종합병원_수,1578,1555,0.985424588086185,0,0
집객시설-상권,20251,중학교_수,1578,1574,0.9974651457541192,0,0
집객시설-상권,20251,지하철_역_수,1578,1383,0.876425855513308,0,0
집객시설-상권,20251,집객시설_수,1578,0,0.0,0,0
집객시설-상권,20251,철도_역_수,1578,1578,1.0,0,0
집객시설-상권,20251,초등학교_수,1578,1565,0.9917617237008872,0,0
집객시설-상권,20252,고등학교_수,1578,1567,0.9930291508238276,0,0
집객시설-상권,20252,공항_수,1578,1577,0.9993662864385298,0,0
집객시설-상권,20252,관공서_수,1578,948,0.6007604562737643,0,0
집객시설-상권,20252,극장_수,1578,1494,0.9467680608365019,0,0
집객시설-상권,20252,기준_년분기_코드,1578,0,0.0,0,0
집객시설-상권,20252,대학교_수,1578,1494,0.9467680608365019,0,0
집객시설-상권,20252,백화점_수,1578,1567,0.9930291508238276,0,0
집객시설-상권,20252,버스_정거장_수,1578,308,0.19518377693282637,0,0
집객시설-상권,20252,버스_터미널_수,1578,1576,0.9987325728770595,0,0
집객시설-상권,20252,상권_구분_코드,1578,0,0.0,0,0
집객시설-상권,20252,상권_구분_코드_명,1578,0,0.0,0,0
집객시설-상권,20252,상권_코드,1578,0,0.0,0,0
집객시설-상권,20252,상권_코드_명,1578,0,0.0,0,0
집객시설-상권,20252,숙박_시설_수,1578,1433,0.9081115335868187,0,0
집객시설-상권,20252,슈퍼마켓_수,1578,1473,0.9334600760456274,0,0
집객시설-상권,20252,약국_수,1578,569,0.3605830164765526,0,0
집객시설-상권,20252,유치원_수,1578,1427,0.9043092522179975,0,0
집객시설-상권,20252,은행_수,1578,1091,0.6913814955640051,0,0
집객시설-상권,20252,일반_병원_수,1578,1446,0.9163498098859315,0,0
집객시설-상권,20252,종합병원_수,1578,1555,0.985424588086185,0,0
집객시설-상권,20252,중학교_수,1578,1574,0.9974651457541192,0,0
집객시설-상권,20252,지하철_역_수,1578,1383,0.876425855513308,0,0
집객시설-상권,20252,집객시설_수,1578,0,0.0,0,0
집객시설-상권,20252,철도_역_수,1578,1578,1.0,0,0
집객시설-상권,20252,초등학교_수,1578,1565,0.9917617237008872,0,0
집객시설-상권,20253,고등학교_수,1578,1567,0.9930291508238276,0,0
집객시설-상권,20253,공항_수,1578,1577,0.9993662864385298,0,0
집객시설-상권,20253,관공서_수,1578,948,0.6007604562737643,0,0
집객시설-상권,20253,극장_수,1578,1494,0.9467680608365019,0,0
집객시설-상권,20253,기준_년분기_코드,1578,0,0.0,0,0
집객시설-상권,20253,대학교_수,1578,1494,0.9467680608365019,0,0
집객시설-상권,20253,백화점_수,1578,1567,0.9930291508238276,0,0
집객시설-상권,20253,버스_정거장_수,1578,308,0.19518377693282637,0,0
집객시설-상권,20253,버스_터미널_수,1578,1576,0.9987325728770595,0,0
집객시설-상권,20253,상권_구분_코드,1578,0,0.0,0,0
집객시설-상권,20253,상권_구분_코드_명,1578,0,0.0,0,0
집객시설-상권,20253,상권_코드,1578,0,0.0,0,0
집객시설-상권,20253,상권_코드_명,1578,0,0.0,0,0
집객시설-상권,20253,숙박_시설_수,1578,1433,0.9081115335868187,0,0
집객시설-상권,20253,슈퍼마켓_수,1578,1473,0.9334600760456274,0,0
집객시설-상권,20253,약국_수,1578,569,0.3605830164765526,0,0
집객시설-상권,20253,유치원_수,1578,1427,0.9043092522179975,0,0
집객시설-상권,20253,은행_수,1578,1091,0.6913814955640051,0,0
집객시설-상권,20253,일반_병원_수,1578,1446,0.9163498098859315,0,0
집객시설-상권,20253,종합병원_수,1578,1555,0.985424588086185,0,0
집객시설-상권,20253,중학교_수,1578,1574,0.9974651457541192,0,0
집객시설-상권,20253,지하철_역_수,1578,1383,0.876425855513308,0,0
집객시설-상권,20253,집객시설_수,1578,0,0.0,0,0
집객시설-상권,20253,철도_역_수,1578,1578,1.0,0,0
집객시설-상권,20253,초등학교_수,1578,1565,0.9917617237008872,0,0
집객시설-상권,20254,고등학교_수,1578,1567,0.9930291508238276,0,0
집객시설-상권,20254,공항_수,1578,1577,0.9993662864385298,0,0
집객시설-상권,20254,관공서_수,1578,948,0.6007604562737643,0,0
집객시설-상권,20254,극장_수,1578,1494,0.9467680608365019,0,0
집객시설-상권,20254,기준_년분기_코드,1578,0,0.0,0,0
집객시설-상권,20254,대학교_수,1578,1494,0.9467680608365019,0,0
집객시설-상권,20254,백화점_수,1578,1567,0.9930291508238276,0,0
집객시설-상권,20254,버스_정거장_수,1578,308,0.19518377693282637,0,0
집객시설-상권,20254,버스_터미널_수,1578,1576,0.9987325728770595,0,0
집객시설-상권,20254,상권_구분_코드,1578,0,0.0,0,0
집객시설-상권,20254,상권_구분_코드_명,1578,0,0.0,0,0
집객시설-상권,20254,상권_코드,1578,0,0.0,0,0
집객시설-상권,20254,상권_코드_명,1578,0,0.0,0,0
집객시설-상권,20254,숙박_시설_수,1578,1433,0.9081115335868187,0,0
집객시설-상권,20254,슈퍼마켓_수,1578,1473,0.9334600760456274,0,0
집객시설-상권,20254,약국_수,1578,569,0.3605830164765526,0,0
집객시설-상권,20254,유치원_수,1578,1427,0.9043092522179975,0,0
집객시설-상권,20254,은행_수,1578,1091,0.6913814955640051,0,0
집객시설-상권,20254,일반_병원_수,1578,1446,0.9163498098859315,0,0
집객시설-상권,20254,종합병원_수,1578,1555,0.985424588086185,0,0
집객시설-상권,20254,중학교_수,1578,1574,0.9974651457541192,0,0
집객시설-상권,20254,지하철_역_수,1578,1383,0.876425855513308,0,0
집객시설-상권,20254,집객시설_수,1578,0,0.0,0,0
집객시설-상권,20254,철도_역_수,1578,1578,1.0,0,0
집객시설-상권,20254,초등학교_수,1578,1565,0.9917617237008872,0,0
집객시설-상권,20261,고등학교_수,1578,1567,0.9930291508238276,0,0
집객시설-상권,20261,공항_수,1578,1577,0.9993662864385298,0,0
집객시설-상권,20261,관공서_수,1578,948,0.6007604562737643,0,0
집객시설-상권,20261,극장_수,1578,1494,0.9467680608365019,0,0
집객시설-상권,20261,기준_년분기_코드,1578,0,0.0,0,0
집객시설-상권,20261,대학교_수,1578,1494,0.9467680608365019,0,0
집객시설-상권,20261,백화점_수,1578,1567,0.9930291508238276,0,0
집객시설-상권,20261,버스_정거장_수,1578,308,0.19518377693282637,0,0
집객시설-상권,20261,버스_터미널_수,1578,1576,0.9987325728770595,0,0
집객시설-상권,20261,상권_구분_코드,1578,0,0.0,0,0
집객시설-상권,20261,상권_구분_코드_명,1578,0,0.0,0,0
집객시설-상권,20261,상권_코드,1578,0,0.0,0,0
집객시설-상권,20261,상권_코드_명,1578,0,0.0,0,0
집객시설-상권,20261,숙박_시설_수,1578,1433,0.9081115335868187,0,0
집객시설-상권,20261,슈퍼마켓_수,1578,1473,0.9334600760456274,0,0
집객시설-상권,20261,약국_수,1578,569,0.3605830164765526,0,0
집객시설-상권,20261,유치원_수,1578,1427,0.9043092522179975,0,0
집객시설-상권,20261,은행_수,1578,1091,0.6913814955640051,0,0
집객시설-상권,20261,일반_병원_수,1578,1446,0.9163498098859315,0,0
집객시설-상권,20261,종합병원_수,1578,1555,0.985424588086185,0,0
집객시설-상권,20261,중학교_수,1578,1574,0.9974651457541192,0,0
집객시설-상권,20261,지하철_역_수,1578,1383,0.876425855513308,0,0
집객시설-상권,20261,집객시설_수,1578,0,0.0,0,0
집객시설-상권,20261,철도_역_수,1578,1578,1.0,0,0
집객시설-상권,20261,초등학교_수,1578,1565,0.9917617237008872,0,0
추정매출-상권,20211,금요일_매출_건수,22239,0,0.0,1341,0
추정매출-상권,20211,금요일_매출_금액,22239,0,0.0,1343,0
추정매출-상권,20211,기준_년분기_코드,22239,0,0.0,0,0
추정매출-상권,20211,남성_매출_건수,22239,0,0.0,651,0
추정매출-상권,20211,남성_매출_금액,22239,0,0.0,652,0
추정매출-상권,20211,당월_매출_건수,22239,0,0.0,0,0
추정매출-상권,20211,당월_매출_금액,22239,0,0.0,0,0
추정매출-상권,20211,목요일_매출_건수,22239,0,0.0,1434,0
추정매출-상권,20211,목요일_매출_금액,22239,0,0.0,1439,0
추정매출-상권,20211,상권_구분_코드,22239,0,0.0,0,0
추정매출-상권,20211,상권_구분_코드_명,22239,0,0.0,0,0
추정매출-상권,20211,상권_코드,22239,0,0.0,0,0
추정매출-상권,20211,상권_코드_명,22239,0,0.0,0,0
추정매출-상권,20211,서비스_업종_코드,22239,0,0.0,0,0
추정매출-상권,20211,서비스_업종_코드_명,22239,0,0.0,0,0
추정매출-상권,20211,수요일_매출_건수,22239,0,0.0,1193,0
추정매출-상권,20211,수요일_매출_금액,22239,0,0.0,1198,0
추정매출-상권,20211,시간대_00~06_매출_금액,22239,0,0.0,16464,0
추정매출-상권,20211,시간대_06~11_매출_금액,22239,0,0.0,5916,0
추정매출-상권,20211,시간대_11~14_매출_금액,22239,0,0.0,2001,0
추정매출-상권,20211,시간대_14~17_매출_금액,22239,0,0.0,964,0
추정매출-상권,20211,시간대_17~21_매출_금액,22239,0,0.0,914,0
추정매출-상권,20211,시간대_21~24_매출_금액,22239,0,0.0,7626,0
추정매출-상권,20211,시간대_건수~06_매출_건수,22239,0,0.0,16463,0
추정매출-상권,20211,시간대_건수~11_매출_건수,22239,0,0.0,5916,0
추정매출-상권,20211,시간대_건수~14_매출_건수,22239,0,0.0,1997,0
추정매출-상권,20211,시간대_건수~17_매출_건수,22239,0,0.0,962,0
추정매출-상권,20211,시간대_건수~21_매출_건수,22239,0,0.0,911,0
추정매출-상권,20211,시간대_건수~24_매출_건수,22239,0,0.0,7620,0
추정매출-상권,20211,여성_매출_건수,22239,0,0.0,502,0
추정매출-상권,20211,여성_매출_금액,22239,0,0.0,504,0
추정매출-상권,20211,연령대_10_매출_건수,22239,0,0.0,9784,0
추정매출-상권,20211,연령대_10_매출_금액,22239,0,0.0,9781,0
추정매출-상권,20211,연령대_20_매출_건수,22239,0,0.0,3217,0
추정매출-상권,20211,연령대_20_매출_금액,22239,0,0.0,3225,0
추정매출-상권,20211,연령대_30_매출_건수,22239,0,0.0,1811,0
추정매출-상권,20211,연령대_30_매출_금액,22239,0,0.0,1820,0
추정매출-상권,20211,연령대_40_매출_건수,22239,0,0.0,1218,0
추정매출-상권,20211,연령대_40_매출_금액,22239,0,0.0,1220,0
추정매출-상권,20211,연령대_50_매출_건수,22239,0,0.0,1234,0
추정매출-상권,20211,연령대_50_매출_금액,22239,0,0.0,1235,0
추정매출-상권,20211,연령대_60_이상_매출_건수,22239,0,0.0,2122,0
추정매출-상권,20211,연령대_60_이상_매출_금액,22239,0,0.0,2126,0
추정매출-상권,20211,월요일_매출_건수,22239,0,0.0,1346,0
추정매출-상권,20211,월요일_매출_금액,22239,0,0.0,1353,0
추정매출-상권,20211,일요일_매출_건수,22239,0,0.0,5897,0
추정매출-상권,20211,일요일_매출_금액,22239,0,0.0,5903,0
추정매출-상권,20211,주말_매출_건수,22239,0,0.0,1933,0
추정매출-상권,20211,주말_매출_금액,22239,0,0.0,1933,0
추정매출-상권,20211,주중_매출_건수,22239,0,0.0,79,0
추정매출-상권,20211,주중_매출_금액,22239,0,0.0,79,0
추정매출-상권,20211,토요일_매출_건수,22239,0,0.0,2180,0
추정매출-상권,20211,토요일_매출_금액,22239,0,0.0,2188,0
추정매출-상권,20211,화요일_매출_건수,22239,0,0.0,1221,0
추정매출-상권,20211,화요일_매출_금액,22239,0,0.0,1226,0
추정매출-상권,20212,금요일_매출_건수,22325,0,0.0,1118,0
추정매출-상권,20212,금요일_매출_금액,22325,0,0.0,1116,0
추정매출-상권,20212,기준_년분기_코드,22325,0,0.0,0,0
추정매출-상권,20212,남성_매출_건수,22325,0,0.0,538,0
추정매출-상권,20212,남성_매출_금액,22325,0,0.0,539,0
추정매출-상권,20212,당월_매출_건수,22325,0,0.0,0,0
추정매출-상권,20212,당월_매출_금액,22325,0,0.0,0,0
추정매출-상권,20212,목요일_매출_건수,22325,0,0.0,1160,0
추정매출-상권,20212,목요일_매출_금액,22325,0,0.0,1164,0
추정매출-상권,20212,상권_구분_코드,22325,0,0.0,0,0
추정매출-상권,20212,상권_구분_코드_명,22325,0,0.0,0,0
추정매출-상권,20212,상권_코드,22325,0,0.0,0,0
추정매출-상권,20212,상권_코드_명,22325,0,0.0,0,0
추정매출-상권,20212,서비스_업종_코드,22325,0,0.0,0,0
추정매출-상권,20212,서비스_업종_코드_명,22325,0,0.0,0,0
추정매출-상권,20212,수요일_매출_건수,22325,0,0.0,1164,0
추정매출-상권,20212,수요일_매출_금액,22325,0,0.0,1172,0
추정매출-상권,20212,시간대_00~06_매출_금액,22325,0,0.0,16265,0
추정매출-상권,20212,시간대_06~11_매출_금액,22325,0,0.0,5484,0
추정매출-상권,20212,시간대_11~14_매출_금액,22325,0,0.0,1893,0
추정매출-상권,20212,시간대_14~17_매출_금액,22325,0,0.0,947,0
추정매출-상권,20212,시간대_17~21_매출_금액,22325,0,0.0,845,0
추정매출-상권,20212,시간대_21~24_매출_금액,22325,0,0.0,7019,0
추정매출-상권,20212,시간대_건수~06_매출_건수,22325,0,0.0,16264,0
추정매출-상권,20212,시간대_건수~11_매출_건수,22325,0,0.0,5482,0
추정매출-상권,20212,시간대_건수~14_매출_건수,22325,0,0.0,1888,0
추정매출-상권,20212,시간대_건수~17_매출_건수,22325,0,0.0,947,0
추정매출-상권,20212,시간대_건수~21_매출_건수,22325,0,0.0,844,0
추정매출-상권,20212,시간대_건수~24_매출_건수,22325,0,0.0,7001,0
추정매출-상권,20212,여성_매출_건수,22325,0,0.0,443,0
추정매출-상권,20212,여성_매출_금액,22325,0,0.0,444,0
추정매출-상권,20212,연령대_10_매출_건수,22325,0,0.0,9429,0
추정매출-상권,20212,연령대_10_매출_금액,22325,0,0.0,9427,0
추정매출-상권,20212,연령대_20_매출_건수,22325,0,0.0,2952,0
추정매출-상권,20212,연령대_20_매출_금액,22325,0,0.0,2954,0
추정매출-상권,20212,연령대_30_매출_건수,22325,0,0.0,1638,0
추정매출-상권,20212,연령대_30_매출_금액,22325,0,0.0,1639,0
추정매출-상권,20212,연령대_40_매출_건수,22325,0,0.0,1067,0
추정매출-상권,20212,연령대_40_매출_금액,22325,0,0.0,1069,0
추정매출-상권,20212,연령대_50_매출_건수,22325,0,0.0,1091,0
추정매출-상권,20212,연령대_50_매출_금액,22325,0,0.0,1093,0
추정매출-상권,20212,연령대_60_이상_매출_건수,22325,0,0.0,1982,0
추정매출-상권,20212,연령대_60_이상_매출_금액,22325,0,0.0,1984,0
추정매출-상권,20212,월요일_매출_건수,22325,0,0.0,1272,0
추정매출-상권,20212,월요일_매출_금액,22325,0,0.0,1274,0
추정매출-상권,20212,일요일_매출_건수,22325,0,0.0,5877,0
추정매출-상권,20212,일요일_매출_금액,22325,0,0.0,5884,0
추정매출-상권,20212,주말_매출_건수,22325,0,0.0,1728,0
추정매출-상권,20212,주말_매출_금액,22325,0,0.0,1729,0
추정매출-상권,20212,주중_매출_건수,22325,0,0.0,92,0
추정매출-상권,20212,주중_매출_금액,22325,0,0.0,92,0
추정매출-상권,20212,토요일_매출_건수,22325,0,0.0,1983,0
추정매출-상권,20212,토요일_매출_금액,22325,0,0.0,1988,0
추정매출-상권,20212,화요일_매출_건수,22325,0,0.0,1172,0
추정매출-상권,20212,화요일_매출_금액,22325,0,0.0,1180,0
추정매출-상권,20213,금요일_매출_건수,22232,0,0.0,1099,0
추정매출-상권,20213,금요일_매출_금액,22232,0,0.0,1107,0
추정매출-상권,20213,기준_년분기_코드,22232,0,0.0,0,0
추정매출-상권,20213,남성_매출_건수,22232,0,0.0,568,0
추정매출-상권,20213,남성_매출_금액,22232,0,0.0,569,0
추정매출-상권,20213,당월_매출_건수,22232,0,0.0,0,0
추정매출-상권,20213,당월_매출_금액,22232,0,0.0,0,0
추정매출-상권,20213,목요일_매출_건수,22232,0,0.0,1054,0
추정매출-상권,20213,목요일_매출_금액,22232,0,0.0,1056,0
추정매출-상권,20213,상권_구분_코드,22232,0,0.0,0,0
추정매출-상권,20213,상권_구분_코드_명,22232,0,0.0,0,0
추정매출-상권,20213,상권_코드,22232,0,0.0,0,0
추정매출-상권,20213,상권_코드_명,22232,0,0.0,0,0
추정매출-상권,20213,서비스_업종_코드,22232,0,0.0,0,0
추정매출-상권,20213,서비스_업종_코드_명,22232,0,0.0,0,0
추정매출-상권,20213,수요일_매출_건수,22232,0,0.0,1217,0
추정매출-상권,20213,수요일_매출_금액,22232,0,0.0,1223,0
추정매출-상권,20213,시간대_00~06_매출_금액,22232,0,0.0,16365,0
추정매출-상권,20213,시간대_06~11_매출_금액,22232,0,0.0,5330,0
추정매출-상권,20213,시간대_11~14_매출_금액,22232,0,0.0,1873,0
추정매출-상권,20213,시간대_14~17_매출_금액,22232,0,0.0,947,0
추정매출-상권,20213,시간대_17~21_매출_금액,22232,0,0.0,807,0
추정매출-상권,20213,시간대_21~24_매출_금액,22232,0,0.0,7404,0
추정매출-상권,20213,시간대_건수~06_매출_건수,22232,0,0.0,16364,0
추정매출-상권,20213,시간대_건수~11_매출_건수,22232,0,0.0,5326,0
추정매출-상권,20213,시간대_건수~14_매출_건수,22232,0,0.0,1870,0
추정매출-상권,20213,시간대_건수~17_매출_건수,22232,0,0.0,946,0
추정매출-상권,20213,시간대_건수~21_매출_건수,22232,0,0.0,807,0
추정매출-상권,20213,시간대_건수~24_매출_건수,22232,0,0.0,7394,0
추정매출-상권,20213,여성_매출_건수,22232,0,0.0,470,0
추정매출-상권,20213,여성_매출_금액,22232,0,0.0,471,0
추정매출-상권,20213,연령대_10_매출_건수,22232,0,0.0,9178,0
추정매출-상권,20213,연령대_10_매출_금액,22232,0,0.0,9180,0
추정매출-상권,20213,연령대_20_매출_건수,22232,0,0.0,2866,0
추정매출-상권,20213,연령대_20_매출_금액,22232,0,0.0,2868,0
추정매출-상권,20213,연령대_30_매출_건수,22232,0,0.0,1682,0
추정매출-상권,20213,연령대_30_매출_금액,22232,0,0.0,1682,0
추정매출-상권,20213,연령대_40_매출_건수,22232,0,0.0,1084,0
추정매출-상권,20213,연령대_40_매출_금액,22232,0,0.0,1089,0
추정매출-상권,20213,연령대_50_매출_건수,22232,0,0.0,1172,0
추정매출-상권,20213,연령대_50_매출_금액,22232,0,0.0,1173,0
추정매출-상권,20213,연령대_60_이상_매출_건수,22232,0,0.0,2062,0
추정매출-상권,20213,연령대_60_이상_매출_금액,22232,0,0.0,2063,0
추정매출-상권,20213,월요일_매출_건수,22232,0,0.0,1322,0
추정매출-상권,20213,월요일_매출_금액,22232,0,0.0,1329,0
추정매출-상권,20213,일요일_매출_건수,22232,0,0.0,5811,0
추정매출-상권,20213,일요일_매출_금액,22232,0,0.0,5814,0
추정매출-상권,20213,주말_매출_건수,22232,0,0.0,1832,0
추정매출-상권,20213,주말_매출_금액,22232,0,0.0,1835,0
추정매출-상권,20213,주중_매출_건수,22232,0,0.0,79,0
추정매출-상권,20213,주중_매출_금액,22232,0,0.0,79,0
추정매출-상권,20213,토요일_매출_건수,22232,0,0.0,2073,0
추정매출-상권,20213,토요일_매출_금액,22232,0,0.0,2079,0
추정매출-상권,20213,화요일_매출_건수,22232,0,0.0,1337,0
추정매출-상권,20213,화요일_매출_금액,22232,0,0.0,1344,0
추정매출-상권,20214,금요일_매출_건수,22354,0,0.0,1005,0
추정매출-상권,20214,금요일_매출_금액,22354,0,0.0,1012,0
추정매출-상권,20214,기준_년분기_코드,22354,0,0.0,0,0
추정매출-상권,20214,남성_매출_건수,22354,0,0.0,601,0
추정매출-상권,20214,남성_매출_금액,22354,0,0.0,603,0
추정매출-상권,20214,당월_매출_건수,22354,0,0.0,0,0
추정매출-상권,20214,당월_매출_금액,22354,0,0.0,0,0
추정매출-상권,20214,목요일_매출_건수,22354,0,0.0,1138,0
추정매출-상권,20214,목요일_매출_금액,22354,0,0.0,1143,0
추정매출-상권,20214,상권_구분_코드,22354,0,0.0,0,0
추정매출-상권,20214,상권_구분_코드_명,22354,0,0.0,0,0
추정매출-상권,20214,상권_코드,22354,0,0.0,0,0
추정매출-상권,20214,상권_코드_명,22354,0,0.0,0,0
추정매출-상권,20214,서비스_업종_코드,22354,0,0.0,0,0
추정매출-상권,20214,서비스_업종_코드_명,22354,0,0.0,0,0
추정매출-상권,20214,수요일_매출_건수,22354,0,0.0,1151,0
추정매출-상권,20214,수요일_매출_금액,22354,0,0.0,1152,0
추정매출-상권,20214,시간대_00~06_매출_금액,22354,0,0.0,14712,0
추정매출-상권,20214,시간대_06~11_매출_금액,22354,0,0.0,5473,0
추정매출-상권,20214,시간대_11~14_매출_금액,22354,0,0.0,1908,0
추정매출-상권,20214,시간대_14~17_매출_금액,22354,0,0.0,916,0
추정매출-상권,20214,시간대_17~21_매출_금액,22354,0,0.0,913,0
추정매출-상권,20214,시간대_21~24_매출_금액,22354,0,0.0,7519,0
추정매출-상권,20214,시간대_건수~06_매출_건수,22354,0,0.0,14707,0
추정매출-상권,20214,시간대_건수~11_매출_건수,22354,0,0.0,5469,0
추정매출-상권,20214,시간대_건수~14_매출_건수,22354,0,0.0,1903,0
추정매출-상권,20214,시간대_건수~17_매출_건수,22354,0,0.0,914,0
추정매출-상권,20214,시간대_건수~21_매출_건수,22354,0,0.0,910,0
추정매출-상권,20214,시간대_건수~24_매출_건수,22354,0,0.0,7506,0
추정매출-상권,20214,여성_매출_건수,22354,0,0.0,405,0
추정매출-상권,20214,여성_매출_금액,22354,0,0.0,405,0
추정매출-상권,20214,연령대_10_매출_건수,22354,0,0.0,8834,0
추정매출-상권,20214,연령대_10_매출_금액,22354,0,0.0,8831,0
추정매출-상권,20214,연령대_20_매출_건수,22354,0,0.0,2848,0
추정매출-상권,20214,연령대_20_매출_금액,22354,0,0.0,2852,0
추정매출-상권,20214,연령대_30_매출_건수,22354,0,0.0,1637,0
추정매출-상권,20214,연령대_30_매출_금액,22354,0,0.0,1645,0
추정매출-상권,20214,연령대_40_매출_건수,22354,0,0.0,1074,0
추정매출-상권,20214,연령대_40_매출_금액,22354,0,0.0,1078,0
추정매출-상권,20214,연령대_50_매출_건수,22354,0,0.0,1146,0
추정매출-상권,20214,연령대_50_매출_금액,22354,0,0.0,1150,0
추정매출-상권,20214,연령대_60_이상_매출_건수,22354,0,0.0,1986,0
추정매출-상권,20214,연령대_60_이상_매출_금액,22354,0,0.0,1987,0
추정매출-상권,20214,월요일_매출_건수,22354,0,0.0,1293,0
추정매출-상권,20214,월요일_매출_금액,22354,0,0.0,1298,0
추정매출-상권,20214,일요일_매출_건수,22354,0,0.0,5934,0
추정매출-상권,20214,일요일_매출_금액,22354,0,0.0,5939,0
추정매출-상권,20214,주말_매출_건수,22354,0,0.0,1802,0
추정매출-상권,20214,주말_매출_금액,22354,0,0.0,1806,0
추정매출-상권,20214,주중_매출_건수,22354,0,0.0,69,0
추정매출-상권,20214,주중_매출_금액,22354,0,0.0,70,0
추정매출-상권,20214,토요일_매출_건수,22354,0,0.0,2075,0
추정매출-상권,20214,토요일_매출_금액,22354,0,0.0,2076,0
추정매출-상권,20214,화요일_매출_건수,22354,0,0.0,1204,0
추정매출-상권,20214,화요일_매출_금액,22354,0,0.0,1206,0
추정매출-상권,20221,금요일_매출_건수,22255,0,0.0,1252,0
추정매출-상권,20221,금요일_매출_금액,22255,0,0.0,1257,0
추정매출-상권,20221,기준_년분기_코드,22255,0,0.0,0,0
추정매출-상권,20221,남성_매출_건수,22255,0,0.0,676,0
추정매출-상권,20221,남성_매출_금액,22255,0,0.0,677,0
추정매출-상권,20221,당월_매출_건수,22255,0,0.0,0,0
추정매출-상권,20221,당월_매출_금액,22255,0,0.0,0,0
추정매출-상권,20221,목요일_매출_건수,22255,0,0.0,1207,0
추정매출-상권,20221,목요일_매출_금액,22255,0,0.0,1215,0
추정매출-상권,20221,상권_구분_코드,22255,0,0.0,0,0
추정매출-상권,20221,상권_구분_코드_명,22255,0,0.0,0,0
추정매출-상권,20221,상권_코드,22255,0,0.0,0,0
추정매출-상권,20221,상권_코드_명,22255,0,0.0,0,0
추정매출-상권,20221,서비스_업종_코드,22255,0,0.0,0,0
추정매출-상권,20221,서비스_업종_코드_명,22255,0,0.0,0,0
추정매출-상권,20221,수요일_매출_건수,22255,0,0.0,1340,0
추정매출-상권,20221,수요일_매출_금액,22255,0,0.0,1342,0
추정매출-상권,20221,시간대_00~06_매출_금액,22255,0,0.0,16588,0
추정매출-상권,20221,시간대_06~11_매출_금액,22255,0,0.0,5788,0
추정매출-상권,20221,시간대_11~14_매출_금액,22255,0,0.0,1998,0
추정매출-상권,20221,시간대_14~17_매출_금액,22255,0,0.0,981,0
추정매출-상권,20221,시간대_17~21_매출_금액,22255,0,0.0,944,0
추정매출-상권,20221,시간대_21~24_매출_금액,22255,0,0.0,7865,0
추정매출-상권,20221,시간대_건수~06_매출_건수,22255,0,0.0,16586,0
추정매출-상권,20221,시간대_건수~11_매출_건수,22255,0,0.0,5779,0
추정매출-상권,20221,시간대_건수~14_매출_건수,22255,0,0.0,1993,0
추정매출-상권,20221,시간대_건수~17_매출_건수,22255,0,0.0,972,0
추정매출-상권,20221,시간대_건수~21_매출_건수,22255,0,0.0,943,0
추정매출-상권,20221,시간대_건수~24_매출_건수,22255,0,0.0,7858,0
추정매출-상권,20221,여성_매출_건수,22255,0,0.0,489,0
추정매출-상권,20221,여성_매출_금액,22255,0,0.0,491,0
추정매출-상권,20221,연령대_10_매출_건수,22255,0,0.0,9921,0
추정매출-상권,20221,연령대_10_매출_금액,22255,0,0.0,9923,0
추정매출-상권,20221,연령대_20_매출_건수,22255,0,0.0,3331,0
추정매출-상권,20221,연령대_20_매출_금액,22255,0,0.0,3335,0
추정매출-상권,20221,연령대_30_매출_건수,22255,0,0.0,1852,0
추정매출-상권,20221,연령대_30_매출_금액,22255,0,0.0,1853,0
추정매출-상권,20221,연령대_40_매출_건수,22255,0,0.0,1211,0
추정매출-상권,20221,연령대_40_매출_금액,22255,0,0.0,1216,0
추정매출-상권,20221,연령대_50_매출_건수,22255,0,0.0,1231,0
추정매출-상권,20221,연령대_50_매출_금액,22255,0,0.0,1233,0
추정매출-상권,20221,연령대_60_이상_매출_건수,22255,0,0.0,2058,0
추정매출-상권,20221,연령대_60_이상_매출_금액,22255,0,0.0,2060,0
추정매출-상권,20221,월요일_매출_건수,22255,0,0.0,1370,0
추정매출-상권,20221,월요일_매출_금액,22255,0,0.0,1377,0
추정매출-상권,20221,일요일_매출_건수,22255,0,0.0,5888,0
추정매출-상권,20221,일요일_매출_금액,22255,0,0.0,5890,0
추정매출-상권,20221,주말_매출_건수,22255,0,0.0,1909,0
추정매출-상권,20221,주말_매출_금액,22255,0,0.0,1912,0
추정매출-상권,20221,주중_매출_건수,22255,0,0.0,94,0
추정매출-상권,20221,주중_매출_금액,22255,0,0.0,95,0
추정매출-상권,20221,토요일_매출_건수,22255,0,0.0,2188,0
추정매출-상권,20221,토요일_매출_금액,22255,0,0.0,2193,0
추정매출-상권,20221,화요일_매출_건수,22255,0,0.0,1378,0
추정매출-상권,20221,화요일_매출_금액,22255,0,0.0,1387,0
추정매출-상권,20222,금요일_매출_건수,22250,0,0.0,1062,0
추정매출-상권,20222,금요일_매출_금액,22250,0,0.0,1064,0
추정매출-상권,20222,기준_년분기_코드,22250,0,0.0,0,0
추정매출-상권,20222,남성_매출_건수,22250,0,0.0,591,0
추정매출-상권,20222,남성_매출_금액,22250,0,0.0,594,0
추정매출-상권,20222,당월_매출_건수,22250,0,0.0,0,0
추정매출-상권,20222,당월_매출_금액,22250,0,0.0,0,0
추정매출-상권,20222,목요일_매출_건수,22250,0,0.0,1159,0
추정매출-상권,20222,목요일_매출_금액,22250,0,0.0,1159,0
추정매출-상권,20222,상권_구분_코드,22250,0,0.0,0,0
추정매출-상권,20222,상권_구분_코드_명,22250,0,0.0,0,0
추정매출-상권,20222,상권_코드,22250,0,0.0,0,0
추정매출-상권,20222,상권_코드_명,22250,0,0.0,0,0
추정매출-상권,20222,서비스_업종_코드,22250,0,0.0,0,0
추정매출-상권,20222,서비스_업종_코드_명,22250,0,0.0,0,0
추정매출-상권,20222,수요일_매출_건수,22250,0,0.0,1118,0
추정매출-상권,20222,수요일_매출_금액,22250,0,0.0,1122,0
추정매출-상권,20222,시간대_00~06_매출_금액,22250,0,0.0,14472,0
추정매출-상권,20222,시간대_06~11_매출_금액,22250,0,0.0,5205,0
추정매출-상권,20222,시간대_11~14_매출_금액,22250,0,0.0,1937,0
추정매출-상권,20222,시간대_14~17_매출_금액,22250,0,0.0,1021,0
추정매출-상권,20222,시간대_17~21_매출_금액,22250,0,0.0,852,0
추정매출-상권,20222,시간대_21~24_매출_금액,22250,0,0.0,7147,0
추정매출-상권,20222,시간대_건수~06_매출_건수,22250,0,0.0,14472,0
추정매출-상권,20222,시간대_건수~11_매출_건수,22250,0,0.0,5202,0
추정매출-상권,20222,시간대_건수~14_매출_건수,22250,0,0.0,1935,0
추정매출-상권,20222,시간대_건수~17_매출_건수,22250,0,0.0,1019,0
추정매출-상권,20222,시간대_건수~21_매출_건수,22250,0,0.0,852,0
추정매출-상권,20222,시간대_건수~24_매출_건수,22250,0,0.0,7139,0
추정매출-상권,20222,여성_매출_건수,22250,0,0.0,417,0
추정매출-상권,20222,여성_매출_금액,22250,0,0.0,418,0
추정매출-상권,20222,연령대_10_매출_건수,22250,0,0.0,9532,0
추정매출-상권,20222,연령대_10_매출_금액,22250,0,0.0,9527,0
추정매출-상권,20222,연령대_20_매출_건수,22250,0,0.0,3076,0
추정매출-상권,20222,연령대_20_매출_금액,22250,0,0.0,3079,0
추정매출-상권,20222,연령대_30_매출_건수,22250,0,0.0,1711,0
추정매출-상권,20222,연령대_30_매출_금액,22250,0,0.0,1714,0
추정매출-상권,20222,연령대_40_매출_건수,22250,0,0.0,1074,0
추정매출-상권,20222,연령대_40_매출_금액,22250,0,0.0,1079,0
추정매출-상권,20222,연령대_50_매출_건수,22250,0,0.0,1088,0
추정매출-상권,20222,연령대_50_매출_금액,22250,0,0.0,1093,0
추정매출-상권,20222,연령대_60_이상_매출_건수,22250,0,0.0,1899,0
추정매출-상권,20222,연령대_60_이상_매출_금액,22250,0,0.0,1900,0
추정매출-상권,20222,월요일_매출_건수,22250,0,0.0,1295,0
추정매출-상권,20222,월요일_매출_금액,22250,0,0.0,1296,0
추정매출-상권,20222,일요일_매출_건수,22250,0,0.0,5842,0
추정매출-상권,20222,일요일_매출_금액,22250,0,0.0,5842,0
추정매출-상권,20222,주말_매출_건수,22250,0,0.0,1690,0
추정매출-상권,20222,주말_매출_금액,22250,0,0.0,1691,0
추정매출-상권,20222,주중_매출_건수,22250,0,0.0,80,0
추정매출-상권,20222,주중_매출_금액,22250,0,0.0,79,0
추정매출-상권,20222,토요일_매출_건수,22250,0,0.0,1946,0
추정매출-상권,20222,토요일_매출_금액,22250,0,0.0,1947,0
추정매출-상권,20222,화요일_매출_건수,22250,0,0.0,1204,0
추정매출-상권,20222,화요일_매출_금액,22250,0,0.0,1209,0
추정매출-상권,20223,금요일_매출_건수,22113,0,0.0,1063,0
추정매출-상권,20223,금요일_매출_금액,22113,0,0.0,1067,0
추정매출-상권,20223,기준_년분기_코드,22113,0,0.0,0,0
추정매출-상권,20223,남성_매출_건수,22113,0,0.0,614,0
추정매출-상권,20223,남성_매출_금액,22113,0,0.0,618,0
추정매출-상권,20223,당월_매출_건수,22113,0,0.0,0,0
추정매출-상권,20223,당월_매출_금액,22113,0,0.0,0,0
추정매출-상권,20223,목요일_매출_건수,22113,0,0.0,1092,0
추정매출-상권,20223,목요일_매출_금액,22113,0,0.0,1096,0
추정매출-상권,20223,상권_구분_코드,22113,0,0.0,0,0
추정매출-상권,20223,상권_구분_코드_명,22113,0,0.0,0,0
추정매출-상권,20223,상권_코드,22113,0,0.0,0,0
추정매출-상권,20223,상권_코드_명,22113,0,0.0,0,0
추정매출-상권,20223,서비스_업종_코드,22113,0,0.0,0,0
추정매출-상권,20223,서비스_업종_코드_명,22113,0,0.0,0,0
추정매출-상권,20223,수요일_매출_건수,22113,0,0.0,1213,0
추정매출-상권,20223,수요일_매출_금액,22113,0,0.0,1217,0
추정매출-상권,20223,시간대_00~06_매출_금액,22113,0,0.0,14355,0
추정매출-상권,20223,시간대_06~11_매출_금액,22113,0,0.0,5063,0
추정매출-상권,20223,시간대_11~14_매출_금액,22113,0,0.0,1988,0
추정매출-상권,20223,시간대_14~17_매출_금액,22113,0,0.0,1073,0
추정매출-상권,20223,시간대_17~21_매출_금액,22113,0,0.0,867,0
추정매출-상권,20223,시간대_21~24_매출_금액,22113,0,0.0,7322,0
추정매출-상권,20223,시간대_건수~06_매출_건수,22113,0,0.0,14353,0
추정매출-상권,20223,시간대_건수~11_매출_건수,22113,0,0.0,5054,0
추정매출-상권,20223,시간대_건수~14_매출_건수,22113,0,0.0,1985,0
추정매출-상권,20223,시간대_건수~17_매출_건수,22113,0,0.0,1067,0
추정매출-상권,20223,시간대_건수~21_매출_건수,22113,0,0.0,863,0
추정매출-상권,20223,시간대_건수~24_매출_건수,22113,0,0.0,7313,0
추정매출-상권,20223,여성_매출_건수,22113,0,0.0,408,0
추정매출-상권,20223,여성_매출_금액,22113,0,0.0,411,0
추정매출-상권,20223,연령대_10_매출_건수,22113,0,0.0,9582,0
추정매출-상권,20223,연령대_10_매출_금액,22113,0,0.0,9578,0
추정매출-상권,20223,연령대_20_매출_건수,22113,0,0.0,3083,0
추정매출-상권,20223,연령대_20_매출_금액,22113,0,0.0,3087,0
추정매출-상권,20223,연령대_30_매출_건수,22113,0,0.0,1701,0
추정매출-상권,20223,연령대_30_매출_금액,22113,0,0.0,1704,0
추정매출-상권,20223,연령대_40_매출_건수,22113,0,0.0,1142,0
추정매출-상권,20223,연령대_40_매출_금액,22113,0,0.0,1145,0
추정매출-상권,20223,연령대_50_매출_건수,22113,0,0.0,1177,0
추정매출-상권,20223,연령대_50_매출_금액,22113,0,0.0,1183,0
추정매출-상권,20223,연령대_60_이상_매출_건수,22113,0,0.0,1964,0
추정매출-상권,20223,연령대_60_이상_매출_금액,22113,0,0.0,1966,0
추정매출-상권,20223,월요일_매출_건수,22113,0,0.0,1354,0
추정매출-상권,20223,월요일_매출_금액,22113,0,0.0,1356,0
추정매출-상권,20223,일요일_매출_건수,22113,0,0.0,5955,0
추정매출-상권,20223,일요일_매출_금액,22113,0,0.0,5962,0
추정매출-상권,20223,주말_매출_건수,22113,0,0.0,1856,0
추정매출-상권,20223,주말_매출_금액,22113,0,0.0,1863,0
추정매출-상권,20223,주중_매출_건수,22113,0,0.0,87,0
추정매출-상권,20223,주중_매출_금액,22113,0,0.0,87,0
추정매출-상권,20223,토요일_매출_건수,22113,0,0.0,2145,0
추정매출-상권,20223,토요일_매출_금액,22113,0,0.0,2151,0
추정매출-상권,20223,화요일_매출_건수,22113,0,0.0,1214,0
추정매출-상권,20223,화요일_매출_금액,22113,0,0.0,1218,0
추정매출-상권,20224,금요일_매출_건수,22216,0,0.0,1176,0
추정매출-상권,20224,금요일_매출_금액,22216,0,0.0,1177,0
추정매출-상권,20224,기준_년분기_코드,22216,0,0.0,0,0
추정매출-상권,20224,남성_매출_건수,22216,0,0.0,596,0
추정매출-상권,20224,남성_매출_금액,22216,0,0.0,600,0
추정매출-상권,20224,당월_매출_건수,22216,0,0.0,0,0
추정매출-상권,20224,당월_매출_금액,22216,0,0.0,0,0
추정매출-상권,20224,목요일_매출_건수,22216,0,0.0,1217,0
추정매출-상권,20224,목요일_매출_금액,22216,0,0.0,1224,0
추정매출-상권,20224,상권_구분_코드,22216,0,0.0,0,0
추정매출-상권,20224,상권_구분_코드_명,22216,0,0.0,0,0
추정매출-상권,20224,상권_코드,22216,0,0.0,0,0
추정매출-상권,20224,상권_코드_명,22216,0,0.0,0,0
추정매출-상권,20224,서비스_업종_코드,22216,0,0.0,0,0
추정매출-상권,20224,서비스_업종_코드_명,22216,0,0.0,0,0
추정매출-상권,20224,수요일_매출_건수,22216,0,0.0,1260,0
추정매출-상권,20224,수요일_매출_금액,22216,0,0.0,1264,0
추정매출-상권,20224,시간대_00~06_매출_금액,22216,0,0.0,14361,0
추정매출-상권,20224,시간대_06~11_매출_금액,22216,0,0.0,5315,0
추정매출-상권,20224,시간대_11~14_매출_금액,22216,0,0.0,2020,0
추정매출-상권,20224,시간대_14~17_매출_금액,22216,0,0.0,1055,0
추정매출-상권,20224,시간대_17~21_매출_금액,22216,0,0.0,964,0
추정매출-상권,20224,시간대_21~24_매출_금액,22216,0,0.0,7624,0
추정매출-상권,20224,시간대_건수~06_매출_건수,22216,0,0.0,14363,0
추정매출-상권,20224,시간대_건수~11_매출_건수,22216,0,0.0,5308,0
추정매출-상권,20224,시간대_건수~14_매출_건수,22216,0,0.0,2018,0
추정매출-상권,20224,시간대_건수~17_매출_건수,22216,0,0.0,1055,0
추정매출-상권,20224,시간대_건수~21_매출_건수,22216,0,0.0,960,0
추정매출-상권,20224,시간대_건수~24_매출_건수,22216,0,0.0,7617,0
추정매출-상권,20224,여성_매출_건수,22216,0,0.0,479,0
추정매출-상권,20224,여성_매출_금액,22216,0,0.0,478,0
추정매출-상권,20224,연령대_10_매출_건수,22216,0,0.0,9339,0
추정매출-상권,20224,연령대_10_매출_금액,22216,0,0.0,9333,0
추정매출-상권,20224,연령대_20_매출_건수,22216,0,0.0,3152,0
추정매출-상권,20224,연령대_20_매출_금액,22216,0,0.0,3152,0
추정매출-상권,20224,연령대_30_매출_건수,22216,0,0.0,1809,0
추정매출-상권,20224,연령대_30_매출_금액,22216,0,0.0,1814,0
추정매출-상권,20224,연령대_40_매출_건수,22216,0,0.0,1164,0
추정매출-상권,20224,연령대_40_매출_금액,22216,0,0.0,1165,0
추정매출-상권,20224,연령대_50_매출_건수,22216,0,0.0,1196,0
추정매출-상권,20224,연령대_50_매출_금액,22216,0,0.0,1197,0
추정매출-상권,20224,연령대_60_이상_매출_건수,22216,0,0.0,2045,0
추정매출-상권,20224,연령대_60_이상_매출_금액,22216,0,0.0,2047,0
추정매출-상권,20224,월요일_매출_건수,22216,0,0.0,1438,0
추정매출-상권,20224,월요일_매출_금액,22216,0,0.0,1438,0
추정매출-상권,20224,일요일_매출_건수,22216,0,0.0,6079,0
추정매출-상권,20224,일요일_매출_금액,22216,0,0.0,6087,0
추정매출-상권,20224,주말_매출_건수,22216,0,0.0,1819,0
추정매출-상권,20224,주말_매출_금액,22216,0,0.0,1826,0
추정매출-상권,20224,주중_매출_건수,22216,0,0.0,107,0
추정매출-상권,20224,주중_매출_금액,22216,0,0.0,107,0
추정매출-상권,20224,토요일_매출_건수,22216,0,0.0,2051,0
추정매출-상권,20224,토요일_매출_금액,22216,0,0.0,2056,0
추정매출-상권,20224,화요일_매출_건수,22216,0,0.0,1253,0
추정매출-상권,20224,화요일_매출_금액,22216,0,0.0,1258,0
추정매출-상권,20231,금요일_매출_건수,22106,0,0.0,1083,0
추정매출-상권,20231,금요일_매출_금액,22106,0,0.0,1085,0
추정매출-상권,20231,기준_년분기_코드,22106,0,0.0,0,0
추정매출-상권,20231,남성_매출_건수,22106,0,0.0,615,0
추정매출-상권,20231,남성_매출_금액,22106,0,0.0,615,0
추정매출-상권,20231,당월_매출_건수,22106,0,0.0,0,0
추정매출-상권,20231,당월_매출_금액,22106,0,0.0,0,0
추정매출-상권,20231,목요일_매출_건수,22106,0,0.0,1133,0
추정매출-상권,20231,목요일_매출_금액,22106,0,0.0,1136,0
추정매출-상권,20231,상권_구분_코드,22106,0,0.0,0,0
추정매출-상권,20231,상권_구분_코드_명,22106,0,0.0,0,0
추정매출-상권,20231,상권_코드,22106,0,0.0,0,0
추정매출-상권,20231,상권_코드_명,22106,0,0.0,0,0
추정매출-상권,20231,서비스_업종_코드,22106,0,0.0,0,0
추정매출-상권,20231,서비스_업종_코드_명,22106,0,0.0,0,0
추정매출-상권,20231,수요일_매출_건수,22106,0,0.0,1218,0
추정매출-상권,20231,수요일_매출_금액,22106,0,0.0,1221,0
추정매출-상권,20231,시간대_00~06_매출_금액,22106,0,0.0,14325,0
추정매출-상권,20231,시간대_06~11_매출_금액,22106,0,0.0,5325,0
추정매출-상권,20231,시간대_11~14_매출_금액,22106,0,0.0,2013,0
추정매출-상권,20231,시간대_14~17_매출_금액,22106,0,0.0,1029,0
추정매출-상권,20231,시간대_17~21_매출_금액,22106,0,0.0,933,0
추정매출-상권,20231,시간대_21~24_매출_금액,22106,0,0.0,7557,0
추정매출-상권,20231,시간대_건수~06_매출_건수,22106,0,0.0,14325,0
추정매출-상권,20231,시간대_건수~11_매출_건수,22106,0,0.0,5326,0
추정매출-상권,20231,시간대_건수~14_매출_건수,22106,0,0.0,2011,0
추정매출-상권,20231,시간대_건수~17_매출_건수,22106,0,0.0,1027,0
추정매출-상권,20231,시간대_건수~21_매출_건수,22106,0,0.0,927,0
추정매출-상권,20231,시간대_건수~24_매출_건수,22106,0,0.0,7550,0
추정매출-상권,20231,여성_매출_건수,22106,0,0.0,464,0
추정매출-상권,20231,여성_매출_금액,22106,0,0.0,465,0
추정매출-상권,20231,연령대_10_매출_건수,22106,0,0.0,10156,0
추정매출-상권,20231,연령대_10_매출_금액,22106,0,0.0,10153,0
추정매출-상권,20231,연령대_20_매출_건수,22106,0,0.0,3435,0
추정매출-상권,20231,연령대_20_매출_금액,22106,0,0.0,3442,0
추정매출-상권,20231,연령대_30_매출_건수,22106,0,0.0,1834,0
추정매출-상권,20231,연령대_30_매출_금액,22106,0,0.0,1837,0
추정매출-상권,20231,연령대_40_매출_건수,22106,0,0.0,1176,0
추정매출-상권,20231,연령대_40_매출_금액,22106,0,0.0,1177,0
추정매출-상권,20231,연령대_50_매출_건수,22106,0,0.0,1101,0
추정매출-상권,20231,연령대_50_매출_금액,22106,0,0.0,1107,0
추정매출-상권,20231,연령대_60_이상_매출_건수,22106,0,0.0,1860,0
추정매출-상권,20231,연령대_60_이상_매출_금액,22106,0,0.0,1862,0
추정매출-상권,20231,월요일_매출_건수,22106,0,0.0,1325,0
추정매출-상권,20231,월요일_매출_금액,22106,0,0.0,1330,0
추정매출-상권,20231,일요일_매출_건수,22106,0,0.0,6013,0
추정매출-상권,20231,일요일_매출_금액,22106,0,0.0,6019,0
추정매출-상권,20231,주말_매출_건수,22106,0,0.0,1901,0
추정매출-상권,20231,주말_매출_금액,22106,0,0.0,1908,0
추정매출-상권,20231,주중_매출_건수,22106,0,0.0,94,0
추정매출-상권,20231,주중_매출_금액,22106,0,0.0,94,0
추정매출-상권,20231,토요일_매출_건수,22106,0,0.0,2168,0
추정매출-상권,20231,토요일_매출_금액,22106,0,0.0,2172,0
추정매출-상권,20231,화요일_매출_건수,22106,0,0.0,1223,0
추정매출-상권,20231,화요일_매출_금액,22106,0,0.0,1227,0
추정매출-상권,20232,금요일_매출_건수,22083,0,0.0,1080,0
추정매출-상권,20232,금요일_매출_금액,22083,0,0.0,1088,0
추정매출-상권,20232,기준_년분기_코드,22083,0,0.0,0,0
추정매출-상권,20232,남성_매출_건수,22083,0,0.0,618,0
추정매출-상권,20232,남성_매출_금액,22083,0,0.0,618,0
추정매출-상권,20232,당월_매출_건수,22083,0,0.0,0,0
추정매출-상권,20232,당월_매출_금액,22083,0,0.0,0,0
추정매출-상권,20232,목요일_매출_건수,22083,0,0.0,1140,0
추정매출-상권,20232,목요일_매출_금액,22083,0,0.0,1146,0
추정매출-상권,20232,상권_구분_코드,22083,0,0.0,0,0
추정매출-상권,20232,상권_구분_코드_명,22083,0,0.0,0,0
추정매출-상권,20232,상권_코드,22083,0,0.0,0,0
추정매출-상권,20232,상권_코드_명,22083,0,0.0,0,0
추정매출-상권,20232,서비스_업종_코드,22083,0,0.0,0,0
추정매출-상권,20232,서비스_업종_코드_명,22083,0,0.0,0,0
추정매출-상권,20232,수요일_매출_건수,22083,0,0.0,1145,0
추정매출-상권,20232,수요일_매출_금액,22083,0,0.0,1151,0
추정매출-상권,20232,시간대_00~06_매출_금액,22083,0,0.0,14193,0
추정매출-상권,20232,시간대_06~11_매출_금액,22083,0,0.0,4942,0
추정매출-상권,20232,시간대_11~14_매출_금액,22083,0,0.0,1940,0
추정매출-상권,20232,시간대_14~17_매출_금액,22083,0,0.0,1059,0
추정매출-상권,20232,시간대_17~21_매출_금액,22083,0,0.0,873,0
추정매출-상권,20232,시간대_21~24_매출_금액,22083,0,0.0,7234,0
추정매출-상권,20232,시간대_건수~06_매출_건수,22083,0,0.0,14189,0
추정매출-상권,20232,시간대_건수~11_매출_건수,22083,0,0.0,4945,0
추정매출-상권,20232,시간대_건수~14_매출_건수,22083,0,0.0,1937,0
추정매출-상권,20232,시간대_건수~17_매출_건수,22083,0,0.0,1056,0
추정매출-상권,20232,시간대_건수~21_매출_건수,22083,0,0.0,868,0
추정매출-상권,20232,시간대_건수~24_매출_건수,22083,0,0.0,7224,0
추정매출-상권,20232,여성_매출_건수,22083,0,0.0,416,0
추정매출-상권,20232,여성_매출_금액,22083,0,0.0,420,0
추정매출-상권,20232,연령대_10_매출_건수,22083,0,0.0,9947,0
추정매출-상권,20232,연령대_10_매출_금액,22083,0,0.0,9945,0
추정매출-상권,20232,연령대_20_매출_건수,22083,0,0.0,3454,0
추정매출-상권,20232,연령대_20_매출_금액,22083,0,0.0,3457,0
추정매출-상권,20232,연령대_30_매출_건수,22083,0,0.0,1806,0
추정매출-상권,20232,연령대_30_매출_금액,22083,0,0.0,1811,0
추정매출-상권,20232,연령대_40_매출_건수,22083,0,0.0,1167,0
추정매출-상권,20232,연령대_40_매출_금액,22083,0,0.0,1168,0
추정매출-상권,20232,연령대_50_매출_건수,22083,0,0.0,1116,0
추정매출-상권,20232,연령대_50_매출_금액,22083,0,0.0,1115,0
추정매출-상권,20232,연령대_60_이상_매출_건수,22083,0,0.0,1826,0
추정매출-상권,20232,연령대_60_이상_매출_금액,22083,0,0.0,1833,0
추정매출-상권,20232,월요일_매출_건수,22083,0,0.0,1235,0
추정매출-상권,20232,월요일_매출_금액,22083,0,0.0,1240,0
추정매출-상권,20232,일요일_매출_건수,22083,0,0.0,5786,0
추정매출-상권,20232,일요일_매출_금액,22083,0,0.0,5792,0
추정매출-상권,20232,주말_매출_건수,22083,0,0.0,1786,0
추정매출-상권,20232,주말_매출_금액,22083,0,0.0,1790,0
추정매출-상권,20232,주중_매출_건수,22083,0,0.0,84,0
추정매출-상권,20232,주중_매출_금액,22083,0,0.0,84,0
추정매출-상권,20232,토요일_매출_건수,22083,0,0.0,2060,0
추정매출-상권,20232,토요일_매출_금액,22083,0,0.0,2063,0
추정매출-상권,20232,화요일_매출_건수,22083,0,0.0,1223,0
추정매출-상권,20232,화요일_매출_금액,22083,0,0.0,1227,0
추정매출-상권,20233,금요일_매출_건수,22017,0,0.0,1225,0
추정매출-상권,20233,금요일_매출_금액,22017,0,0.0,1230,0
추정매출-상권,20233,기준_년분기_코드,22017,0,0.0,0,0
추정매출-상권,20233,남성_매출_건수,22017,0,0.0,627,0
추정매출-상권,20233,남성_매출_금액,22017,0,0.0,626,0
추정매출-상권,20233,당월_매출_건수,22017,0,0.0,0,0
추정매출-상권,20233,당월_매출_금액,22017,0,0.0,0,0
추정매출-상권,20233,목요일_매출_건수,22017,0,0.0,1237,0
추정매출-상권,20233,목요일_매출_금액,22017,0,0.0,1241,0
추정매출-상권,20233,상권_구분_코드,22017,0,0.0,0,0
추정매출-상권,20233,상권_구분_코드_명,22017,0,0.0,0,0
추정매출-상권,20233,상권_코드,22017,0,0.0,0,0
추정매출-상권,20233,상권_코드_명,22017,0,0.0,0,0
추정매출-상권,20233,서비스_업종_코드,22017,0,0.0,0,0
추정매출-상권,20233,서비스_업종_코드_명,22017,0,0.0,0,0
추정매출-상권,20233,수요일_매출_건수,22017,0,0.0,1160,0
추정매출-상권,20233,수요일_매출_금액,22017,0,0.0,1166,0
추정매출-상권,20233,시간대_00~06_매출_금액,22017,0,0.0,13421,0
추정매출-상권,20233,시간대_06~11_매출_금액,22017,0,0.0,4874,0
추정매출-상권,20233,시간대_11~14_매출_금액,22017,0,0.0,1964,0
추정매출-상권,20233,시간대_14~17_매출_금액,22017,0,0.0,1107,0
추정매출-상권,20233,시간대_17~21_매출_금액,22017,0,0.0,948,0
추정매출-상권,20233,시간대_21~24_매출_금액,22017,0,0.0,7469,0
추정매출-상권,20233,시간대_건수~06_매출_건수,22017,0,0.0,13424,0
추정매출-상권,20233,시간대_건수~11_매출_건수,22017,0,0.0,4871,0
추정매출-상권,20233,시간대_건수~14_매출_건수,22017,0,0.0,1961,0
추정매출-상권,20233,시간대_건수~17_매출_건수,22017,0,0.0,1104,0
추정매출-상권,20233,시간대_건수~21_매출_건수,22017,0,0.0,945,0
추정매출-상권,20233,시간대_건수~24_매출_건수,22017,0,0.0,7462,0
추정매출-상권,20233,여성_매출_건수,22017,0,0.0,466,0
추정매출-상권,20233,여성_매출_금액,22017,0,0.0,467,0
추정매출-상권,20233,연령대_10_매출_건수,22017,0,0.0,9787,0
추정매출-상권,20233,연령대_10_매출_금액,22017,0,0.0,9783,0
추정매출-상권,20233,연령대_20_매출_건수,22017,0,0.0,3456,0
추정매출-상권,20233,연령대_20_매출_금액,22017,0,0.0,3463,0
추정매출-상권,20233,연령대_30_매출_건수,22017,0,0.0,1846,0
추정매출-상권,20233,연령대_30_매출_금액,22017,0,0.0,1848,0
추정매출-상권,20233,연령대_40_매출_건수,22017,0,0.0,1204,0
추정매출-상권,20233,연령대_40_매출_금액,22017,0,0.0,1207,0
추정매출-상권,20233,연령대_50_매출_건수,22017,0,0.0,1211,0
추정매출-상권,20233,연령대_50_매출_금액,22017,0,0.0,1214,0
추정매출-상권,20233,연령대_60_이상_매출_건수,22017,0,0.0,1906,0
추정매출-상권,20233,연령대_60_이상_매출_금액,22017,0,0.0,1908,0
추정매출-상권,20233,월요일_매출_건수,22017,0,0.0,1306,0
추정매출-상권,20233,월요일_매출_금액,22017,0,0.0,1309,0
추정매출-상권,20233,일요일_매출_건수,22017,0,0.0,5835,0
추정매출-상권,20233,일요일_매출_금액,22017,0,0.0,5838,0
추정매출-상권,20233,주말_매출_건수,22017,0,0.0,1782,0
추정매출-상권,20233,주말_매출_금액,22017,0,0.0,1787,0
추정매출-상권,20233,주중_매출_건수,22017,0,0.0,99,0
추정매출-상권,20233,주중_매출_금액,22017,0,0.0,99,0
추정매출-상권,20233,토요일_매출_건수,22017,0,0.0,2060,0
추정매출-상권,20233,토요일_매출_금액,22017,0,0.0,2064,0
추정매출-상권,20233,화요일_매출_건수,22017,0,0.0,1320,0
추정매출-상권,20233,화요일_매출_금액,22017,0,0.0,1325,0
추정매출-상권,20234,금요일_매출_건수,22040,0,0.0,1123,0
추정매출-상권,20234,금요일_매출_금액,22040,0,0.0,1129,0
추정매출-상권,20234,기준_년분기_코드,22040,0,0.0,0,0
추정매출-상권,20234,남성_매출_건수,22040,0,0.0,645,0
추정매출-상권,20234,남성_매출_금액,22040,0,0.0,648,0
추정매출-상권,20234,당월_매출_건수,22040,0,0.0,0,0
추정매출-상권,20234,당월_매출_금액,22040,0,0.0,0,0
추정매출-상권,20234,목요일_매출_건수,22040,0,0.0,1188,0
추정매출-상권,20234,목요일_매출_금액,22040,0,0.0,1190,0
추정매출-상권,20234,상권_구분_코드,22040,0,0.0,0,0
추정매출-상권,20234,상권_구분_코드_명,22040,0,0.0,0,0
추정매출-상권,20234,상권_코드,22040,0,0.0,0,0
추정매출-상권,20234,상권_코드_명,22040,0,0.0,0,0
추정매출-상권,20234,서비스_업종_코드,22040,0,0.0,0,0
추정매출-상권,20234,서비스_업종_코드_명,22040,0,0.0,0,0
추정매출-상권,20234,수요일_매출_건수,22040,0,0.0,1183,0
추정매출-상권,20234,수요일_매출_금액,22040,0,0.0,1189,0
추정매출-상권,20234,시간대_00~06_매출_금액,22040,0,0.0,14105,0
추정매출-상권,20234,시간대_06~11_매출_금액,22040,0,0.0,5039,0
추정매출-상권,20234,시간대_11~14_매출_금액,22040,0,0.0,1932,0
추정매출-상권,20234,시간대_14~17_매출_금액,22040,0,0.0,1057,0
추정매출-상권,20234,시간대_17~21_매출_금액,22040,0,0.0,966,0
추정매출-상권,20234,시간대_21~24_매출_금액,22040,0,0.0,7714,0
추정매출-상권,20234,시간대_건수~06_매출_건수,22040,0,0.0,14103,0
추정매출-상권,20234,시간대_건수~11_매출_건수,22040,0,0.0,5033,0
추정매출-상권,20234,시간대_건수~14_매출_건수,22040,0,0.0,1930,0
추정매출-상권,20234,시간대_건수~17_매출_건수,22040,0,0.0,1054,0
추정매출-상권,20234,시간대_건수~21_매출_건수,22040,0,0.0,964,0
추정매출-상권,20234,시간대_건수~24_매출_건수,22040,0,0.0,7706,0
추정매출-상권,20234,여성_매출_건수,22040,0,0.0,470,0
추정매출-상권,20234,여성_매출_금액,22040,0,0.0,472,0
추정매출-상권,20234,연령대_10_매출_건수,22040,0,0.0,9458,0
추정매출-상권,20234,연령대_10_매출_금액,22040,0,0.0,9454,0
추정매출-상권,20234,연령대_20_매출_건수,22040,0,0.0,3453,0
추정매출-상권,20234,연령대_20_매출_금액,22040,0,0.0,3453,0
추정매출-상권,20234,연령대_30_매출_건수,22040,0,0.0,1869,0
추정매출-상권,20234,연령대_30_매출_금액,22040,0,0.0,1873,0
추정매출-상권,20234,연령대_40_매출_건수,22040,0,0.0,1208,0
추정매출-상권,20234,연령대_40_매출_금액,22040,0,0.0,1208,0
추정매출-상권,20234,연령대_50_매출_건수,22040,0,0.0,1197,0
추정매출-상권,20234,연령대_50_매출_금액,22040,0,0.0,1198,0
추정매출-상권,20234,연령대_60_이상_매출_건수,22040,0,0.0,1945,0
추정매출-상권,20234,연령대_60_이상_매출_금액,22040,0,0.0,1944,0
추정매출-상권,20234,월요일_매출_건수,22040,0,0.0,1440,0
추정매출-상권,20234,월요일_매출_금액,22040,0,0.0,1445,0
추정매출-상권,20234,일요일_매출_건수,22040,0,0.0,5687,0
추정매출-상권,20234,일요일_매출_금액,22040,0,0.0,5695,0
추정매출-상권,20234,주말_매출_건수,22040,0,0.0,1756,0
추정매출-상권,20234,주말_매출_금액,22040,0,0.0,1764,0
추정매출-상권,20234,주중_매출_건수,22040,0,0.0,99,0
추정매출-상권,20234,주중_매출_금액,22040,0,0.0,100,0
추정매출-상권,20234,토요일_매출_건수,22040,0,0.0,2064,0
추정매출-상권,20234,토요일_매출_금액,22040,0,0.0,2072,0
추정매출-상권,20234,화요일_매출_건수,22040,0,0.0,1266,0
추정매출-상권,20234,화요일_매출_금액,22040,0,0.0,1270,0
추정매출-상권,20241,금요일_매출_건수,21910,0,0.0,1201,0
추정매출-상권,20241,금요일_매출_금액,21910,0,0.0,1204,0
추정매출-상권,20241,기준_년분기_코드,21910,0,0.0,0,0
추정매출-상권,20241,남성_매출_건수,21910,0,0.0,610,0
추정매출-상권,20241,남성_매출_금액,21910,0,0.0,610,0
추정매출-상권,20241,당월_매출_건수,21910,0,0.0,0,0
추정매출-상권,20241,당월_매출_금액,21910,0,0.0,0,0
추정매출-상권,20241,목요일_매출_건수,21910,0,0.0,1166,0
추정매출-상권,20241,목요일_매출_금액,21910,0,0.0,1169,0
추정매출-상권,20241,상권_구분_코드,21910,0,0.0,0,0
추정매출-상권,20241,상권_구분_코드_명,21910,0,0.0,0,0
추정매출-상권,20241,상권_코드,21910,0,0.0,0,0
추정매출-상권,20241,상권_코드_명,21910,0,0.0,0,0
추정매출-상권,20241,서비스_업종_코드,21910,0,0.0,0,0
추정매출-상권,20241,서비스_업종_코드_명,21910,0,0.0,0,0
추정매출-상권,20241,수요일_매출_건수,21910,0,0.0,1218,0
추정매출-상권,20241,수요일_매출_금액,21910,0,0.0,1221,0
추정매출-상권,20241,시간대_00~06_매출_금액,21910,0,0.0,13156,0
추정매출-상권,20241,시간대_06~11_매출_금액,21910,0,0.0,5015,0
추정매출-상권,20241,시간대_11~14_매출_금액,21910,0,0.0,1912,0
추정매출-상권,20241,시간대_14~17_매출_금액,21910,0,0.0,1091,0
추정매출-상권,20241,시간대_17~21_매출_금액,21910,0,0.0,976,0
추정매출-상권,20241,시간대_21~24_매출_금액,21910,0,0.0,7603,0
추정매출-상권,20241,시간대_건수~06_매출_건수,21910,0,0.0,13157,0
추정매출-상권,20241,시간대_건수~11_매출_건수,21910,0,0.0,5014,0
추정매출-상권,20241,시간대_건수~14_매출_건수,21910,0,0.0,1909,0
추정매출-상권,20241,시간대_건수~17_매출_건수,21910,0,0.0,1089,0
추정매출-상권,20241,시간대_건수~21_매출_건수,21910,0,0.0,974,0
추정매출-상권,20241,시간대_건수~24_매출_건수,21910,0,0.0,7597,0
추정매출-상권,20241,여성_매출_건수,21910,0,0.0,497,0
추정매출-상권,20241,여성_매출_금액,21910,0,0.0,502,0
추정매출-상권,20241,연령대_10_매출_건수,21910,0,0.0,10448,0
추정매출-상권,20241,연령대_10_매출_금액,21910,0,0.0,10451,0
추정매출-상권,20241,연령대_20_매출_건수,21910,0,0.0,3688,0
추정매출-상권,20241,연령대_20_매출_금액,21910,0,0.0,3691,0
추정매출-상권,20241,연령대_30_매출_건수,21910,0,0.0,1893,0
추정매출-상권,20241,연령대_30_매출_금액,21910,0,0.0,1895,0
추정매출-상권,20241,연령대_40_매출_건수,21910,0,0.0,1265,0
추정매출-상권,20241,연령대_40_매출_금액,21910,0,0.0,1268,0
추정매출-상권,20241,연령대_50_매출_건수,21910,0,0.0,1199,0
추정매출-상권,20241,연령대_50_매출_금액,21910,0,0.0,1204,0
추정매출-상권,20241,연령대_60_이상_매출_건수,21910,0,0.0,1799,0
추정매출-상권,20241,연령대_60_이상_매출_금액,21910,0,0.0,1802,0
추정매출-상권,20241,월요일_매출_건수,21910,0,0.0,1429,0
추정매출-상권,20241,월요일_매출_금액,21910,0,0.0,1436,0
추정매출-상권,20241,일요일_매출_건수,21910,0,0.0,5766,0
추정매출-상권,20241,일요일_매출_금액,21910,0,0.0,5770,0
추정매출-상권,20241,주말_매출_건수,21910,0,0.0,1778,0
추정매출-상권,20241,주말_매출_금액,21910,0,0.0,1784,0
추정매출-상권,20241,주중_매출_건수,21910,0,0.0,91,0
추정매출-상권,20241,주중_매출_금액,21910,0,0.0,91,0
추정매출-상권,20241,토요일_매출_건수,21910,0,0.0,2068,0
추정매출-상권,20241,토요일_매출_금액,21910,0,0.0,2075,0
추정매출-상권,20241,화요일_매출_건수,21910,0,0.0,1242,0
추정매출-상권,20241,화요일_매출_금액,21910,0,0.0,1249,0
추정매출-상권,20242,금요일_매출_건수,21887,0,0.0,1071,0
추정매출-상권,20242,금요일_매출_금액,21887,0,0.0,1076,0
추정매출-상권,20242,기준_년분기_코드,21887,0,0.0,0,0
추정매출-상권,20242,남성_매출_건수,21887,0,0.0,557,0
추정매출-상권,20242,남성_매출_금액,21887,0,0.0,556,0
추정매출-상권,20242,당월_매출_건수,21887,0,0.0,0,0
추정매출-상권,20242,당월_매출_금액,21887,0,0.0,0,0
추정매출-상권,20242,목요일_매출_건수,21887,0,0.0,1124,0
추정매출-상권,20242,목요일_매출_금액,21887,0,0.0,1127,0
추정매출-상권,20242,상권_구분_코드,21887,0,0.0,0,0
추정매출-상권,20242,상권_구분_코드_명,21887,0,0.0,0,0
추정매출-상권,20242,상권_코드,21887,0,0.0,0,0
추정매출-상권,20242,상권_코드_명,21887,0,0.0,0,0
추정매출-상권,20242,서비스_업종_코드,21887,0,0.0,0,0
추정매출-상권,20242,서비스_업종_코드_명,21887,0,0.0,0,0
추정매출-상권,20242,수요일_매출_건수,21887,0,0.0,1170,0
추정매출-상권,20242,수요일_매출_금액,21887,0,0.0,1172,0
추정매출-상권,20242,시간대_00~06_매출_금액,21887,0,0.0,13979,0
추정매출-상권,20242,시간대_06~11_매출_금액,21887,0,0.0,4737,0
추정매출-상권,20242,시간대_11~14_매출_금액,21887,0,0.0,1870,0
추정매출-상권,20242,시간대_14~17_매출_금액,21887,0,0.0,1023,0
추정매출-상권,20242,시간대_17~21_매출_금액,21887,0,0.0,838,0
추정매출-상권,20242,시간대_21~24_매출_금액,21887,0,0.0,7370,0
추정매출-상권,20242,시간대_건수~06_매출_건수,21887,0,0.0,13979,0
추정매출-상권,20242,시간대_건수~11_매출_건수,21887,0,0.0,4736,0
추정매출-상권,20242,시간대_건수~14_매출_건수,21887,0,0.0,1870,0
추정매출-상권,20242,시간대_건수~17_매출_건수,21887,0,0.0,1022,0
추정매출-상권,20242,시간대_건수~21_매출_건수,21887,0,0.0,835,0
추정매출-상권,20242,시간대_건수~24_매출_건수,21887,0,0.0,7362,0
추정매출-상권,20242,여성_매출_건수,21887,0,0.0,398,0
추정매출-상권,20242,여성_매출_금액,21887,0,0.0,401,0
추정매출-상권,20242,연령대_10_매출_건수,21887,0,0.0,10111,0
추정매출-상권,20242,연령대_10_매출_금액,21887,0,0.0,10107,0
추정매출-상권,20242,연령대_20_매출_건수,21887,0,0.0,3601,0
추정매출-상권,20242,연령대_20_매출_금액,21887,0,0.0,3606,0
추정매출-상권,20242,연령대_30_매출_건수,21887,0,0.0,1798,0
추정매출-상권,20242,연령대_30_매출_금액,21887,0,0.0,1800,0
추정매출-상권,20242,연령대_40_매출_건수,21887,0,0.0,1170,0
추정매출-상권,20242,연령대_40_매출_금액,21887,0,0.0,1175,0
추정매출-상권,20242,연령대_50_매출_건수,21887,0,0.0,1106,0
추정매출-상권,20242,연령대_50_매출_금액,21887,0,0.0,1107,0
추정매출-상권,20242,연령대_60_이상_매출_건수,21887,0,0.0,1726,0
추정매출-상권,20242,연령대_60_이상_매출_금액,21887,0,0.0,1727,0
추정매출-상권,20242,월요일_매출_건수,21887,0,0.0,1271,0
추정매출-상권,20242,월요일_매출_금액,21887,0,0.0,1278,0
추정매출-상권,20242,일요일_매출_건수,21887,0,0.0,5768,0
추정매출-상권,20242,일요일_매출_금액,21887,0,0.0,5777,0
추정매출-상권,20242,주말_매출_건수,21887,0,0.0,1734,0
추정매출-상권,20242,주말_매출_금액,21887,0,0.0,1738,0
추정매출-상권,20242,주중_매출_건수,21887,0,0.0,93,0
추정매출-상권,20242,주중_매출_금액,21887,0,0.0,93,0
추정매출-상권,20242,토요일_매출_건수,21887,0,0.0,2001,0
추정매출-상권,20242,토요일_매출_금액,21887,0,0.0,2008,0
추정매출-상권,20242,화요일_매출_건수,21887,0,0.0,1149,0
추정매출-상권,20242,화요일_매출_금액,21887,0,0.0,1156,0
추정매출-상권,20243,금요일_매출_건수,21718,0,0.0,1138,0
추정매출-상권,20243,금요일_매출_금액,21718,0,0.0,1143,0
추정매출-상권,20243,기준_년분기_코드,21718,0,0.0,0,0
추정매출-상권,20243,남성_매출_건수,21718,0,0.0,620,0
추정매출-상권,20243,남성_매출_금액,21718,0,0.0,621,0
추정매출-상권,20243,당월_매출_건수,21718,0,0.0,0,0
추정매출-상권,20243,당월_매출_금액,21718,0,0.0,0,0
추정매출-상권,20243,목요일_매출_건수,21718,0,0.0,1196,0
추정매출-상권,20243,목요일_매출_금액,21718,0,0.0,1201,0
추정매출-상권,20243,상권_구분_코드,21718,0,0.0,0,0
추정매출-상권,20243,상권_구분_코드_명,21718,0,0.0,0,0
추정매출-상권,20243,상권_코드,21718,0,0.0,0,0
추정매출-상권,20243,상권_코드_명,21718,0,0.0,0,0
추정매출-상권,20243,서비스_업종_코드,21718,0,0.0,0,0
추정매출-상권,20243,서비스_업종_코드_명,21718,0,0.0,0,0
추정매출-상권,20243,수요일_매출_건수,21718,0,0.0,1200,0
추정매출-상권,20243,수요일_매출_금액,21718,0,0.0,1208,0
추정매출-상권,20243,시간대_00~06_매출_금액,21718,0,0.0,13962,0
추정매출-상권,20243,시간대_06~11_매출_금액,21718,0,0.0,4735,0
추정매출-상권,20243,시간대_11~14_매출_금액,21718,0,0.0,1895,0
추정매출-상권,20243,시간대_14~17_매출_금액,21718,0,0.0,1037,0
추정매출-상권,20243,시간대_17~21_매출_금액,21718,0,0.0,880,0
추정매출-상권,20243,시간대_21~24_매출_금액,21718,0,0.0,7582,0
추정매출-상권,20243,시간대_건수~06_매출_건수,21718,0,0.0,13967,0
추정매출-상권,20243,시간대_건수~11_매출_건수,21718,0,0.0,4733,0
추정매출-상권,20243,시간대_건수~14_매출_건수,21718,0,0.0,1893,0
추정매출-상권,20243,시간대_건수~17_매출_건수,21718,0,0.0,1036,0
추정매출-상권,20243,시간대_건수~21_매출_건수,21718,0,0.0,878,0
추정매출-상권,20243,시간대_건수~24_매출_건수,21718,0,0.0,7569,0
추정매출-상권,20243,여성_매출_건수,21718,0,0.0,430,0
추정매출-상권,20243,여성_매출_금액,21718,0,0.0,431,0
추정매출-상권,20243,연령대_10_매출_건수,21718,0,0.0,9961,0
추정매출-상권,20243,연령대_10_매출_금액,21718,0,0.0,9958,0
추정매출-상권,20243,연령대_20_매출_건수,21718,0,0.0,3568,0
추정매출-상권,20243,연령대_20_매출_금액,21718,0,0.0,3572,0
추정매출-상권,20243,연령대_30_매출_건수,21718,0,0.0,1957,0
추정매출-상권,20243,연령대_30_매출_금액,21718,0,0.0,1957,0
추정매출-상권,20243,연령대_40_매출_건수,21718,0,0.0,1217,0
추정매출-상권,20243,연령대_40_매출_금액,21718,0,0.0,1223,0
추정매출-상권,20243,연령대_50_매출_건수,21718,0,0.0,1145,0
추정매출-상권,20243,연령대_50_매출_금액,21718,0,0.0,1149,0
추정매출-상권,20243,연령대_60_이상_매출_건수,21718,0,0.0,1803,0
추정매출-상권,20243,연령대_60_이상_매출_금액,21718,0,0.0,1808,0
추정매출-상권,20243,월요일_매출_건수,21718,0,0.0,1266,0
추정매출-상권,20243,월요일_매출_금액,21718,0,0.0,1265,0
추정매출-상권,20243,일요일_매출_건수,21718,0,0.0,5628,0
추정매출-상권,20243,일요일_매출_금액,21718,0,0.0,5633,0
추정매출-상권,20243,주말_매출_건수,21718,0,0.0,1763,0
추정매출-상권,20243,주말_매출_금액,21718,0,0.0,1768,0
추정매출-상권,20243,주중_매출_건수,21718,0,0.0,81,0
추정매출-상권,20243,주중_매출_금액,21718,0,0.0,82,0
추정매출-상권,20243,토요일_매출_건수,21718,0,0.0,2058,0
추정매출-상권,20243,토요일_매출_금액,21718,0,0.0,2059,0
추정매출-상권,20243,화요일_매출_건수,21718,0,0.0,1306,0
추정매출-상권,20243,화요일_매출_금액,21718,0,0.0,1312,0
추정매출-상권,20244,금요일_매출_건수,21664,0,0.0,1118,0
추정매출-상권,20244,금요일_매출_금액,21664,0,0.0,1121,0
추정매출-상권,20244,기준_년분기_코드,21664,0,0.0,0,0
추정매출-상권,20244,남성_매출_건수,21664,0,0.0,598,0
추정매출-상권,20244,남성_매출_금액,21664,0,0.0,601,0
추정매출-상권,20244,당월_매출_건수,21664,0,0.0,0,0
추정매출-상권,20244,당월_매출_금액,21664,0,0.0,0,0
추정매출-상권,20244,목요일_매출_건수,21664,0,0.0,1250,0
추정매출-상권,20244,목요일_매출_금액,21664,0,0.0,1259,0
추정매출-상권,20244,상권_구분_코드,21664,0,0.0,0,0
추정매출-상권,20244,상권_구분_코드_명,21664,0,0.0,0,0
추정매출-상권,20244,상권_코드,21664,0,0.0,0,0
추정매출-상권,20244,상권_코드_명,21664,0,0.0,0,0
추정매출-상권,20244,서비스_업종_코드,21664,0,0.0,0,0
추정매출-상권,20244,서비스_업종_코드_명,21664,0,0.0,0,0
추정매출-상권,20244,수요일_매출_건수,21664,0,0.0,1276,0
추정매출-상권,20244,수요일_매출_금액,21664,0,0.0,1282,0
추정매출-상권,20244,시간대_00~06_매출_금액,21664,0,0.0,13935,0
추정매출-상권,20244,시간대_06~11_매출_금액,21664,0,0.0,4813,0
추정매출-상권,20244,시간대_11~14_매출_금액,21664,0,0.0,1881,0
추정매출-상권,20244,시간대_14~17_매출_금액,21664,0,0.0,1003,0
추정매출-상권,20244,시간대_17~21_매출_금액,21664,0,0.0,960,0
추정매출-상권,20244,시간대_21~24_매출_금액,21664,0,0.0,7754,0
추정매출-상권,20244,시간대_건수~06_매출_건수,21664,0,0.0,13935,0
추정매출-상권,20244,시간대_건수~11_매출_건수,21664,0,0.0,4816,0
추정매출-상권,20244,시간대_건수~14_매출_건수,21664,0,0.0,1880,0
추정매출-상권,20244,시간대_건수~17_매출_건수,21664,0,0.0,996,0
추정매출-상권,20244,시간대_건수~21_매출_건수,21664,0,0.0,957,0
추정매출-상권,20244,시간대_건수~24_매출_건수,21664,0,0.0,7744,0
추정매출-상권,20244,여성_매출_건수,21664,0,0.0,463,0
추정매출-상권,20244,여성_매출_금액,21664,0,0.0,465,0
추정매출-상권,20244,연령대_10_매출_건수,21664,0,0.0,9722,0
추정매출-상권,20244,연령대_10_매출_금액,21664,0,0.0,9717,0
추정매출-상권,20244,연령대_20_매출_건수,21664,0,0.0,3592,0
추정매출-상권,20244,연령대_20_매출_금액,21664,0,0.0,3594,0
추정매출-상권,20244,연령대_30_매출_건수,21664,0,0.0,1889,0
추정매출-상권,20244,연령대_30_매출_금액,21664,0,0.0,1892,0
추정매출-상권,20244,연령대_40_매출_건수,21664,0,0.0,1267,0
추정매출-상권,20244,연령대_40_매출_금액,21664,0,0.0,1272,0
추정매출-상권,20244,연령대_50_매출_건수,21664,0,0.0,1189,0
추정매출-상권,20244,연령대_50_매출_금액,21664,0,0.0,1194,0
추정매출-상권,20244,연령대_60_이상_매출_건수,21664,0,0.0,1784,0
추정매출-상권,20244,연령대_60_이상_매출_금액,21664,0,0.0,1789,0
추정매출-상권,20244,월요일_매출_건수,21664,0,0.0,1347,0
추정매출-상권,20244,월요일_매출_금액,21664,0,0.0,1347,0
추정매출-상권,20244,일요일_매출_건수,21664,0,0.0,5708,0
추정매출-상권,20244,일요일_매출_금액,21664,0,0.0,5710,0
추정매출-상권,20244,주말_매출_건수,21664,0,0.0,1774,0
추정매출-상권,20244,주말_매출_금액,21664,0,0.0,1774,0
추정매출-상권,20244,주중_매출_건수,21664,0,0.0,99,0
추정매출-상권,20244,주중_매출_금액,21664,0,0.0,99,0
추정매출-상권,20244,토요일_매출_건수,21664,0,0.0,2073,0
추정매출-상권,20244,토요일_매출_금액,21664,0,0.0,2075,0
추정매출-상권,20244,화요일_매출_건수,21664,0,0.0,1183,0
추정매출-상권,20244,화요일_매출_금액,21664,0,0.0,1188,0
추정매출-상권,20251,금요일_매출_건수,21427,0,0.0,1117,0
추정매출-상권,20251,금요일_매출_금액,21427,0,0.0,1121,0
추정매출-상권,20251,기준_년분기_코드,21427,0,0.0,0,0
추정매출-상권,20251,남성_매출_건수,21427,0,0.0,621,0
추정매출-상권,20251,남성_매출_금액,21427,0,0.0,623,0
추정매출-상권,20251,당월_매출_건수,21427,0,0.0,0,0
추정매출-상권,20251,당월_매출_금액,21427,0,0.0,0,0
추정매출-상권,20251,목요일_매출_건수,21427,0,0.0,1231,0
추정매출-상권,20251,목요일_매출_금액,21427,0,0.0,1236,0
추정매출-상권,20251,상권_구분_코드,21427,0,0.0,0,0
추정매출-상권,20251,상권_구분_코드_명,21427,0,0.0,0,0
추정매출-상권,20251,상권_코드,21427,0,0.0,0,0
추정매출-상권,20251,상권_코드_명,21427,0,0.0,0,0
추정매출-상권,20251,서비스_업종_코드,21427,0,0.0,0,0
추정매출-상권,20251,서비스_업종_코드_명,21427,0,0.0,0,0
추정매출-상권,20251,수요일_매출_건수,21427,0,0.0,1328,0
추정매출-상권,20251,수요일_매출_금액,21427,0,0.0,1334,0
추정매출-상권,20251,시간대_00~06_매출_금액,21427,0,0.0,13840,0
추정매출-상권,20251,시간대_06~11_매출_금액,21427,0,0.0,4967,0
추정매출-상권,20251,시간대_11~14_매출_금액,21427,0,0.0,1855,0
추정매출-상권,20251,시간대_14~17_매출_금액,21427,0,0.0,1047,0
추정매출-상권,20251,시간대_17~21_매출_금액,21427,0,0.0,968,0
추정매출-상권,20251,시간대_21~24_매출_금액,21427,0,0.0,7786,0
추정매출-상권,20251,시간대_건수~06_매출_건수,21427,0,0.0,13837,0
추정매출-상권,20251,시간대_건수~11_매출_건수,21427,0,0.0,4961,0
추정매출-상권,20251,시간대_건수~14_매출_건수,21427,0,0.0,1852,0
추정매출-상권,20251,시간대_건수~17_매출_건수,21427,0,0.0,1045,0
추정매출-상권,20251,시간대_건수~21_매출_건수,21427,0,0.0,965,0
추정매출-상권,20251,시간대_건수~24_매출_건수,21427,0,0.0,7788,0
추정매출-상권,20251,여성_매출_건수,21427,0,0.0,447,0
추정매출-상권,20251,여성_매출_금액,21427,0,0.0,447,0
추정매출-상권,20251,연령대_10_매출_건수,21427,0,0.0,10606,0
추정매출-상권,20251,연령대_10_매출_금액,21427,0,0.0,10604,0
추정매출-상권,20251,연령대_20_매출_건수,21427,0,0.0,3936,0
추정매출-상권,20251,연령대_20_매출_금액,21427,0,0.0,3938,0
추정매출-상권,20251,연령대_30_매출_건수,21427,0,0.0,2007,0
추정매출-상권,20251,연령대_30_매출_금액,21427,0,0.0,2009,0
추정매출-상권,20251,연령대_40_매출_건수,21427,0,0.0,1349,0
추정매출-상권,20251,연령대_40_매출_금액,21427,0,0.0,1353,0
추정매출-상권,20251,연령대_50_매출_건수,21427,0,0.0,1160,0
추정매출-상권,20251,연령대_50_매출_금액,21427,0,0.0,1164,0
추정매출-상권,20251,연령대_60_이상_매출_건수,21427,0,0.0,1701,0
추정매출-상권,20251,연령대_60_이상_매출_금액,21427,0,0.0,1706,0
추정매출-상권,20251,월요일_매출_건수,21427,0,0.0,1345,0
추정매출-상권,20251,월요일_매출_금액,21427,0,0.0,1352,0
추정매출-상권,20251,일요일_매출_건수,21427,0,0.0,5520,0
추정매출-상권,20251,일요일_매출_금액,21427,0,0.0,5522,0
추정매출-상권,20251,주말_매출_건수,21427,0,0.0,1686,0
추정매출-상권,20251,주말_매출_금액,21427,0,0.0,1688,0
추정매출-상권,20251,주중_매출_건수,21427,0,0.0,94,0
추정매출-상권,20251,주중_매출_금액,21427,0,0.0,94,0
추정매출-상권,20251,토요일_매출_건수,21427,0,0.0,1970,0
추정매출-상권,20251,토요일_매출_금액,21427,0,0.0,1971,0
추정매출-상권,20251,화요일_매출_건수,21427,0,0.0,1357,0
추정매출-상권,20251,화요일_매출_금액,21427,0,0.0,1363,0
추정매출-상권,20252,금요일_매출_건수,21452,0,0.0,1181,0
추정매출-상권,20252,금요일_매출_금액,21452,0,0.0,1187,0
추정매출-상권,20252,기준_년분기_코드,21452,0,0.0,0,0
추정매출-상권,20252,남성_매출_건수,21452,0,0.0,593,0
추정매출-상권,20252,남성_매출_금액,21452,0,0.0,598,0
추정매출-상권,20252,당월_매출_건수,21452,0,0.0,0,0
추정매출-상권,20252,당월_매출_금액,21452,0,0.0,0,0
추정매출-상권,20252,목요일_매출_건수,21452,0,0.0,1131,0
추정매출-상권,20252,목요일_매출_금액,21452,0,0.0,1131,0
추정매출-상권,20252,상권_구분_코드,21452,0,0.0,0,0
추정매출-상권,20252,상권_구분_코드_명,21452,0,0.0,0,0
추정매출-상권,20252,상권_코드,21452,0,0.0,0,0
추정매출-상권,20252,상권_코드_명,21452,0,0.0,0,0
추정매출-상권,20252,서비스_업종_코드,21452,0,0.0,0,0
추정매출-상권,20252,서비스_업종_코드_명,21452,0,0.0,0,0
추정매출-상권,20252,수요일_매출_건수,21452,0,0.0,1159,0
추정매출-상권,20252,수요일_매출_금액,21452,0,0.0,1168,0
추정매출-상권,20252,시간대_00~06_매출_금액,21452,0,0.0,13774,0
추정매출-상권,20252,시간대_06~11_매출_금액,21452,0,0.0,4653,0
추정매출-상권,20252,시간대_11~14_매출_금액,21452,0,0.0,1871,0
추정매출-상권,20252,시간대_14~17_매출_금액,21452,0,0.0,985,0
추정매출-상권,20252,시간대_17~21_매출_금액,21452,0,0.0,909,0
추정매출-상권,20252,시간대_21~24_매출_금액,21452,0,0.0,7561,0
추정매출-상권,20252,시간대_건수~06_매출_건수,21452,0,0.0,13775,0
추정매출-상권,20252,시간대_건수~11_매출_건수,21452,0,0.0,4645,0
추정매출-상권,20252,시간대_건수~14_매출_건수,21452,0,0.0,1862,0
추정매출-상권,20252,시간대_건수~17_매출_건수,21452,0,0.0,983,0
추정매출-상권,20252,시간대_건수~21_매출_건수,21452,0,0.0,908,0
추정매출-상권,20252,시간대_건수~24_매출_건수,21452,0,0.0,7557,0
추정매출-상권,20252,여성_매출_건수,21452,0,0.0,461,0
추정매출-상권,20252,여성_매출_금액,21452,0,0.0,462,0
추정매출-상권,20252,연령대_10_매출_건수,21452,0,0.0,10097,0
추정매출-상권,20252,연령대_10_매출_금액,21452,0,0.0,10091,0
추정매출-상권,20252,연령대_20_매출_건수,21452,0,0.0,3732,0
추정매출-상권,20252,연령대_20_매출_금액,21452,0,0.0,3732,0
추정매출-상권,20252,연령대_30_매출_건수,21452,0,0.0,1975,0
추정매출-상권,20252,연령대_30_매출_금액,21452,0,0.0,1976,0
추정매출-상권,20252,연령대_40_매출_건수,21452,0,0.0,1302,0
추정매출-상권,20252,연령대_40_매출_금액,21452,0,0.0,1303,0
추정매출-상권,20252,연령대_50_매출_건수,21452,0,0.0,1154,0
추정매출-상권,20252,연령대_50_매출_금액,21452,0,0.0,1156,0
추정매출-상권,20252,연령대_60_이상_매출_건수,21452,0,0.0,1707,0
추정매출-상권,20252,연령대_60_이상_매출_금액,21452,0,0.0,1709,0
추정매출-상권,20252,월요일_매출_건수,21452,0,0.0,1305,0
추정매출-상권,20252,월요일_매출_금액,21452,0,0.0,1308,0
추정매출-상권,20252,일요일_매출_건수,21452,0,0.0,5569,0
추정매출-상권,20252,일요일_매출_금액,21452,0,0.0,5570,0
추정매출-상권,20252,주말_매출_건수,21452,0,0.0,1737,0
추정매출-상권,20252,주말_매출_금액,21452,0,0.0,1742,0
추정매출-상권,20252,주중_매출_건수,21452,0,0.0,92,0
추정매출-상권,20252,주중_매출_금액,21452,0,0.0,92,0
추정매출-상권,20252,토요일_매출_건수,21452,0,0.0,2039,0
추정매출-상권,20252,토요일_매출_금액,21452,0,0.0,2046,0
추정매출-상권,20252,화요일_매출_건수,21452,0,0.0,1236,0
추정매출-상권,20252,화요일_매출_금액,21452,0,0.0,1242,0
추정매출-상권,20253,금요일_매출_건수,21520,0,0.0,1182,0
추정매출-상권,20253,금요일_매출_금액,21520,0,0.0,1183,0
추정매출-상권,20253,기준_년분기_코드,21520,0,0.0,0,0
추정매출-상권,20253,남성_매출_건수,21520,0,0.0,646,0
추정매출-상권,20253,남성_매출_금액,21520,0,0.0,651,0
추정매출-상권,20253,당월_매출_건수,21520,0,0.0,0,0
추정매출-상권,20253,당월_매출_금액,21520,0,0.0,0,0
추정매출-상권,20253,목요일_매출_건수,21520,0,0.0,1227,0
추정매출-상권,20253,목요일_매출_금액,21520,0,0.0,1235,0
추정매출-상권,20253,상권_구분_코드,21520,0,0.0,0,0
추정매출-상권,20253,상권_구분_코드_명,21520,0,0.0,0,0
추정매출-상권,20253,상권_코드,21520,0,0.0,0,0
추정매출-상권,20253,상권_코드_명,21520,0,0.0,0,0
추정매출-상권,20253,서비스_업종_코드,21520,0,0.0,0,0
추정매출-상권,20253,서비스_업종_코드_명,21520,0,0.0,0,0
추정매출-상권,20253,수요일_매출_건수,21520,0,0.0,1254,0
추정매출-상권,20253,수요일_매출_금액,21520,0,0.0,1257,0
추정매출-상권,20253,시간대_00~06_매출_금액,21520,0,0.0,13790,0
추정매출-상권,20253,시간대_06~11_매출_금액,21520,0,0.0,4613,0
추정매출-상권,20253,시간대_11~14_매출_금액,21520,0,0.0,1869,0
추정매출-상권,20253,시간대_14~17_매출_금액,21520,0,0.0,1077,0
추정매출-상권,20253,시간대_17~21_매출_금액,21520,0,0.0,957,0
추정매출-상권,20253,시간대_21~24_매출_금액,21520,0,0.0,7664,0
추정매출-상권,20253,시간대_건수~06_매출_건수,21520,0,0.0,13788,0
추정매출-상권,20253,시간대_건수~11_매출_건수,21520,0,0.0,4612,0
추정매출-상권,20253,시간대_건수~14_매출_건수,21520,0,0.0,1863,0
추정매출-상권,20253,시간대_건수~17_매출_건수,21520,0,0.0,1073,0
추정매출-상권,20253,시간대_건수~21_매출_건수,21520,0,0.0,950,0
추정매출-상권,20253,시간대_건수~24_매출_건수,21520,0,0.0,7657,0
추정매출-상권,20253,여성_매출_건수,21520,0,0.0,443,0
추정매출-상권,20253,여성_매출_금액,21520,0,0.0,446,0
추정매출-상권,20253,연령대_10_매출_건수,21520,0,0.0,9970,0
추정매출-상권,20253,연령대_10_매출_금액,21520,0,0.0,9966,0
추정매출-상권,20253,연령대_20_매출_건수,21520,0,0.0,3640,0
추정매출-상권,20253,연령대_20_매출_금액,21520,0,0.0,3643,0
추정매출-상권,20253,연령대_30_매출_건수,21520,0,0.0,1961,0
추정매출-상권,20253,연령대_30_매출_금액,21520,0,0.0,1964,0
추정매출-상권,20253,연령대_40_매출_건수,21520,0,0.0,1301,0
추정매출-상권,20253,연령대_40_매출_금액,21520,0,0.0,1304,0
추정매출-상권,20253,연령대_50_매출_건수,21520,0,0.0,1186,0
추정매출-상권,20253,연령대_50_매출_금액,21520,0,0.0,1189,0
추정매출-상권,20253,연령대_60_이상_매출_건수,21520,0,0.0,1653,0
추정매출-상권,20253,연령대_60_이상_매출_금액,21520,0,0.0,1659,0
추정매출-상권,20253,월요일_매출_건수,21520,0,0.0,1342,0
추정매출-상권,20253,월요일_매출_금액,21520,0,0.0,1350,0
추정매출-상권,20253,일요일_매출_건수,21520,0,0.0,5614,0
추정매출-상권,20253,일요일_매출_금액,21520,0,0.0,5624,0
추정매출-상권,20253,주말_매출_건수,21520,0,0.0,1775,0
추정매출-상권,20253,주말_매출_금액,21520,0,0.0,1782,0
추정매출-상권,20253,주중_매출_건수,21520,0,0.0,92,0
추정매출-상권,20253,주중_매출_금액,21520,0,0.0,92,0
추정매출-상권,20253,토요일_매출_건수,21520,0,0.0,2080,0
추정매출-상권,20253,토요일_매출_금액,21520,0,0.0,2087,0
추정매출-상권,20253,화요일_매출_건수,21520,0,0.0,1163,0
추정매출-상권,20253,화요일_매출_금액,21520,0,0.0,1168,0
추정매출-상권,20254,금요일_매출_건수,21333,0,0.0,1120,0
추정매출-상권,20254,금요일_매출_금액,21333,0,0.0,1123,0
추정매출-상권,20254,기준_년분기_코드,21333,0,0.0,0,0
추정매출-상권,20254,남성_매출_건수,21333,0,0.0,636,0
추정매출-상권,20254,남성_매출_금액,21333,0,0.0,638,0
추정매출-상권,20254,당월_매출_건수,21333,0,0.0,0,0
추정매출-상권,20254,당월_매출_금액,21333,0,0.0,0,0
추정매출-상권,20254,목요일_매출_건수,21333,0,0.0,1234,0
추정매출-상권,20254,목요일_매출_금액,21333,0,0.0,1236,0
추정매출-상권,20254,상권_구분_코드,21333,0,0.0,0,0
추정매출-상권,20254,상권_구분_코드_명,21333,0,0.0,0,0
추정매출-상권,20254,상권_코드,21333,0,0.0,0,0
추정매출-상권,20254,상권_코드_명,21333,0,0.0,0,0
추정매출-상권,20254,서비스_업종_코드,21333,0,0.0,0,0
추정매출-상권,20254,서비스_업종_코드_명,21333,0,0.0,0,0
추정매출-상권,20254,수요일_매출_건수,21333,0,0.0,1077,0
추정매출-상권,20254,수요일_매출_금액,21333,0,0.0,1082,0
추정매출-상권,20254,시간대_00~06_매출_금액,21333,0,0.0,13618,0
추정매출-상권,20254,시간대_06~11_매출_금액,21333,0,0.0,4702,0
추정매출-상권,20254,시간대_11~14_매출_금액,21333,0,0.0,1842,0
추정매출-상권,20254,시간대_14~17_매출_금액,21333,0,0.0,984,0
추정매출-상권,20254,시간대_17~21_매출_금액,21333,0,0.0,959,0
추정매출-상권,20254,시간대_21~24_매출_금액,21333,0,0.0,7678,0
추정매출-상권,20254,시간대_건수~06_매출_건수,21333,0,0.0,13620,0
추정매출-상권,20254,시간대_건수~11_매출_건수,21333,0,0.0,4698,0
추정매출-상권,20254,시간대_건수~14_매출_건수,21333,0,0.0,1840,0
추정매출-상권,20254,시간대_건수~17_매출_건수,21333,0,0.0,981,0
추정매출-상권,20254,시간대_건수~21_매출_건수,21333,0,0.0,951,0
추정매출-상권,20254,시간대_건수~24_매출_건수,21333,0,0.0,7667,0
추정매출-상권,20254,여성_매출_건수,21333,0,0.0,431,0
추정매출-상권,20254,여성_매출_금액,21333,0,0.0,432,0
추정매출-상권,20254,연령대_10_매출_건수,21333,0,0.0,9739,0
추정매출-상권,20254,연령대_10_매출_금액,21333,0,0.0,9737,0
추정매출-상권,20254,연령대_20_매출_건수,21333,0,0.0,3648,0
추정매출-상권,20254,연령대_20_매출_금액,21333,0,0.0,3651,0
추정매출-상권,20254,연령대_30_매출_건수,21333,0,0.0,1937,0
추정매출-상권,20254,연령대_30_매출_금액,21333,0,0.0,1940,0
추정매출-상권,20254,연령대_40_매출_건수,21333,0,0.0,1260,0
추정매출-상권,20254,연령대_40_매출_금액,21333,0,0.0,1262,0
추정매출-상권,20254,연령대_50_매출_건수,21333,0,0.0,1141,0
추정매출-상권,20254,연령대_50_매출_금액,21333,0,0.0,1144,0
추정매출-상권,20254,연령대_60_이상_매출_건수,21333,0,0.0,1661,0
추정매출-상권,20254,연령대_60_이상_매출_금액,21333,0,0.0,1663,0
추정매출-상권,20254,월요일_매출_건수,21333,0,0.0,1277,0
추정매출-상권,20254,월요일_매출_금액,21333,0,0.0,1281,0
추정매출-상권,20254,일요일_매출_건수,21333,0,0.0,5410,0
추정매출-상권,20254,일요일_매출_금액,21333,0,0.0,5412,0
추정매출-상권,20254,주말_매출_건수,21333,0,0.0,1690,0
추정매출-상권,20254,주말_매출_금액,21333,0,0.0,1693,0
추정매출-상권,20254,주중_매출_건수,21333,0,0.0,93,0
추정매출-상권,20254,주중_매출_금액,21333,0,0.0,93,0
추정매출-상권,20254,토요일_매출_건수,21333,0,0.0,1957,0
추정매출-상권,20254,토요일_매출_금액,21333,0,0.0,1964,0
추정매출-상권,20254,화요일_매출_건수,21333,0,0.0,1275,0
추정매출-상권,20254,화요일_매출_금액,21333,0,0.0,1277,0
